set,instance,rcp_name,sgs_es,sgs_ef,sgs_ls,sgs_lf,sgs_duration,sgs_random,sgs_mts,sgs_mtp,sgs_grpw,sgs_grd,sgs_rr,sgs_avgrr,sgs_maxrr,sgs_minrr,sgs_mehh_8000_b,sgs_mehh_3375_b,sgs_mehh_1000_b,sgs_mehh_125_b,sgs_gphh_b,pgs_max_use_res_ranked_es,pgs_max_use_res_ranked_ef,pgs_max_use_res_ranked_ls,pgs_max_use_res_ranked_lf,pgs_max_use_res_ranked_duration,pgs_max_use_res_ranked_random,pgs_max_use_res_ranked_mts,pgs_max_use_res_ranked_mtp,pgs_max_use_res_ranked_grpw,pgs_max_use_res_ranked_grd,pgs_max_use_res_ranked_rr,pgs_max_use_res_ranked_avgrr,pgs_max_use_res_ranked_maxrr,pgs_max_use_res_ranked_minrr,pgs_max_use_res_ranked_mehh_8000_b,pgs_max_use_res_ranked_mehh_3375_b,pgs_max_use_res_ranked_mehh_1000_b,pgs_max_use_res_ranked_mehh_125_b,pgs_max_use_res_ranked_gphh_b,best_known,logos_best,gap_to_best_known
RG300,RG300_1,RG300_1.rcp,94.0,100.0,90.0,90.0,111.0,110.0,95.0,105.0,100.0,96.0,97.0,103.0,103.0,97.0,90.0,98.0,90.0,108.0,111.0,95.0,97.0,89.0,89.0,97.0,103.0,90.0,110.0,101.0,98.0,89.0,95.0,95.0,89.0,92.0,112.0,91.0,113.0,114.0,88,89,1
RG300,RG300_2,RG300_2.rcp,90.0,94.0,88.0,87.0,105.0,104.0,88.0,98.0,95.0,92.0,89.0,99.0,99.0,89.0,90.0,93.0,89.0,104.0,112.0,88.0,90.0,87.0,88.0,93.0,92.0,88.0,108.0,104.0,99.0,87.0,90.0,90.0,87.0,88.0,88.0,86.0,98.0,104.0,85,86,1
RG300,RG300_3,RG300_3.rcp,90.0,95.0,87.0,88.0,111.0,103.0,89.0,97.0,97.0,90.0,90.0,97.0,97.0,90.0,87.0,95.0,87.0,112.0,108.0,90.0,92.0,86.0,86.0,100.0,97.0,89.0,97.0,100.0,94.0,88.0,89.0,89.0,88.0,86.0,94.0,86.0,99.0,104.0,85,86,1
RG300,RG300_4,RG300_4.rcp,98.0,102.0,96.0,95.0,115.0,108.0,99.0,117.0,110.0,107.0,99.0,113.0,113.0,99.0,96.0,102.0,97.0,115.0,119.0,95.0,99.0,94.0,94.0,105.0,105.0,99.0,115.0,111.0,109.0,96.0,100.0,100.0,96.0,94.0,101.0,94.0,116.0,125.0,93,94,1
RG300,RG300_5,RG300_5.rcp,99.0,103.0,98.0,100.0,114.0,104.0,102.0,111.0,111.0,104.0,102.0,107.0,107.0,102.0,100.0,104.0,99.0,112.0,116.0,99.0,103.0,97.0,102.0,111.0,104.0,101.0,112.0,107.0,105.0,101.0,103.0,103.0,101.0,99.0,103.0,99.0,106.0,112.0,97,97,0
RG300,RG300_6,RG300_6.rcp,104.0,106.0,100.0,100.0,119.0,105.0,103.0,118.0,107.0,101.0,103.0,107.0,107.0,103.0,101.0,107.0,100.0,119.0,116.0,102.0,103.0,100.0,101.0,105.0,108.0,102.0,107.0,108.0,106.0,102.0,103.0,103.0,102.0,101.0,104.0,100.0,117.0,112.0,99,100,1
RG300,RG300_7,RG300_7.rcp,103.0,104.0,100.0,100.0,118.0,110.0,102.0,121.0,110.0,104.0,103.0,109.0,109.0,103.0,99.0,101.0,100.0,111.0,121.0,101.0,100.0,99.0,99.0,107.0,104.0,101.0,111.0,108.0,114.0,102.0,101.0,101.0,102.0,98.0,100.0,99.0,107.0,113.0,98,98,0
RG300,RG300_8,RG300_8.rcp,93.0,102.0,90.0,91.0,112.0,105.0,95.0,110.0,106.0,96.0,93.0,108.0,108.0,93.0,91.0,97.0,91.0,114.0,109.0,91.0,94.0,92.0,91.0,104.0,102.0,94.0,110.0,110.0,100.0,95.0,103.0,103.0,95.0,91.0,100.0,90.0,107.0,114.0,88,90,2
RG300,RG300_9,RG300_9.rcp,100.0,104.0,96.0,97.0,111.0,106.0,98.0,106.0,109.0,103.0,99.0,104.0,104.0,99.0,98.0,102.0,96.0,114.0,113.0,97.0,100.0,96.0,95.0,114.0,108.0,99.0,111.0,108.0,99.0,101.0,98.0,98.0,101.0,95.0,97.0,95.0,114.0,115.0,95,95,0
RG300,RG300_10,RG300_10.rcp,91.0,97.0,88.0,89.0,112.0,114.0,93.0,103.0,98.0,100.0,92.0,102.0,102.0,92.0,88.0,101.0,89.0,112.0,135.0,89.0,96.0,87.0,88.0,101.0,103.0,89.0,100.0,106.0,97.0,89.0,91.0,91.0,89.0,87.0,95.0,86.0,100.0,114.0,86,86,0
RG300,RG300_11,RG300_11.rcp,200.0,202.0,189.0,194.0,214.0,218.0,195.0,215.0,202.0,194.0,197.0,196.0,196.0,197.0,189.0,201.0,187.0,201.0,232.0,190.0,198.0,186.0,185.0,218.0,235.0,187.0,215.0,223.0,205.0,192.0,198.0,198.0,192.0,186.0,200.0,188.0,222.0,241.0,174,185,11
RG300,RG300_12,RG300_12.rcp,204.0,207.0,197.0,201.0,224.0,218.0,205.0,210.0,209.0,203.0,204.0,207.0,207.0,204.0,201.0,216.0,198.0,216.0,219.0,204.0,204.0,198.0,199.0,214.0,240.0,199.0,225.0,218.0,205.0,202.0,210.0,210.0,202.0,203.0,213.0,199.0,220.0,241.0,187,197,10
RG300,RG300_13,RG300_13.rcp,217.0,213.0,219.0,213.0,233.0,229.0,217.0,236.0,225.0,222.0,217.0,221.0,221.0,217.0,213.0,221.0,216.0,221.0,246.0,215.0,216.0,218.0,211.0,233.0,238.0,216.0,247.0,230.0,224.0,216.0,207.0,207.0,216.0,214.0,222.0,211.0,225.0,252.0,200,207,7
RG300,RG300_14,RG300_14.rcp,190.0,202.0,185.0,188.0,229.0,218.0,194.0,205.0,205.0,187.0,195.0,193.0,193.0,195.0,184.0,214.0,189.0,199.0,227.0,196.0,199.0,186.0,190.0,210.0,231.0,193.0,221.0,223.0,219.0,200.0,190.0,190.0,200.0,189.0,193.0,192.0,213.0,235.0,174,184,10
RG300,RG300_15,RG300_15.rcp,207.0,214.0,206.0,208.0,233.0,232.0,210.0,216.0,221.0,209.0,208.0,209.0,209.0,208.0,207.0,216.0,204.0,215.0,244.0,205.0,207.0,206.0,206.0,229.0,223.0,210.0,235.0,232.0,215.0,210.0,205.0,205.0,210.0,206.0,219.0,203.0,236.0,237.0,193,203,10
RG300,RG300_16,RG300_16.rcp,208.0,211.0,205.0,204.0,226.0,238.0,208.0,228.0,226.0,206.0,210.0,212.0,212.0,210.0,205.0,214.0,204.0,242.0,256.0,205.0,208.0,201.0,205.0,226.0,226.0,207.0,229.0,238.0,216.0,215.0,211.0,211.0,215.0,206.0,207.0,204.0,244.0,254.0,193,201,8
RG300,RG300_17,RG300_17.rcp,186.0,194.0,185.0,180.0,204.0,208.0,185.0,206.0,201.0,188.0,186.0,192.0,192.0,186.0,176.0,200.0,176.0,198.0,225.0,187.0,187.0,184.0,177.0,194.0,209.0,187.0,199.0,210.0,196.0,190.0,181.0,181.0,190.0,179.0,192.0,180.0,197.0,232.0,165,176,11
RG300,RG300_18,RG300_18.rcp,219.0,229.0,214.0,214.0,244.0,250.0,217.0,243.0,223.0,214.0,218.0,220.0,220.0,218.0,214.0,231.0,212.0,229.0,251.0,214.0,218.0,223.0,226.0,266.0,247.0,213.0,252.0,244.0,233.0,214.0,212.0,212.0,214.0,209.0,217.0,211.0,247.0,245.0,200,209,9
RG300,RG300_19,RG300_19.rcp,213.0,217.0,210.0,210.0,233.0,220.0,215.0,230.0,214.0,213.0,220.0,213.0,213.0,220.0,212.0,221.0,212.0,228.0,263.0,207.0,209.0,209.0,208.0,238.0,224.0,211.0,230.0,237.0,219.0,212.0,213.0,213.0,212.0,205.0,213.0,205.0,231.0,235.0,196,205,9
RG300,RG300_20,RG300_20.rcp,217.0,223.0,215.0,215.0,254.0,235.0,221.0,232.0,227.0,210.0,216.0,223.0,223.0,216.0,214.0,230.0,214.0,233.0,232.0,217.0,225.0,214.0,214.0,247.0,240.0,218.0,248.0,227.0,234.0,220.0,208.0,208.0,220.0,210.0,228.0,211.0,244.0,258.0,200,208,8
RG300,RG300_21,RG300_21.rcp,343.0,343.0,332.0,330.0,363.0,369.0,337.0,351.0,355.0,343.0,339.0,331.0,331.0,339.0,332.0,356.0,330.0,338.0,361.0,339.0,337.0,329.0,328.0,349.0,368.0,331.0,355.0,360.0,370.0,335.0,336.0,336.0,335.0,333.0,339.0,326.0,381.0,375.0,303,326,23
RG300,RG300_22,RG300_22.rcp,337.0,346.0,333.0,336.0,382.0,369.0,335.0,349.0,344.0,348.0,336.0,326.0,326.0,336.0,335.0,345.0,339.0,336.0,362.0,329.0,326.0,331.0,333.0,352.0,352.0,331.0,372.0,349.0,344.0,330.0,331.0,331.0,330.0,338.0,334.0,336.0,347.0,365.0,313,326,13
RG300,RG300_23,RG300_23.rcp,331.0,332.0,331.0,332.0,351.0,385.0,335.0,347.0,342.0,326.0,336.0,339.0,339.0,336.0,333.0,344.0,336.0,350.0,364.0,329.0,328.0,345.0,331.0,369.0,408.0,338.0,394.0,410.0,351.0,336.0,330.0,330.0,336.0,334.0,345.0,331.0,435.0,439.0,317,326,9
RG300,RG300_24,RG300_24.rcp,345.0,344.0,333.0,343.0,368.0,359.0,337.0,372.0,356.0,341.0,337.0,341.0,341.0,337.0,334.0,352.0,331.0,347.0,384.0,341.0,341.0,335.0,331.0,345.0,381.0,337.0,374.0,401.0,380.0,338.0,345.0,345.0,338.0,329.0,350.0,329.0,365.0,399.0,313,329,16
RG300,RG300_25,RG300_25.rcp,329.0,331.0,331.0,322.0,362.0,381.0,334.0,352.0,356.0,330.0,333.0,326.0,326.0,333.0,325.0,342.0,327.0,331.0,394.0,324.0,320.0,327.0,321.0,338.0,337.0,331.0,371.0,388.0,371.0,330.0,330.0,330.0,330.0,319.0,336.0,323.0,388.0,363.0,297,319,22
RG300,RG300_26,RG300_26.rcp,389.0,395.0,382.0,387.0,400.0,423.0,393.0,423.0,402.0,393.0,393.0,391.0,391.0,393.0,383.0,401.0,383.0,409.0,439.0,383.0,383.0,381.0,385.0,407.0,406.0,389.0,421.0,445.0,434.0,389.0,382.0,382.0,389.0,382.0,395.0,382.0,425.0,449.0,378,381,3
RG300,RG300_27,RG300_27.rcp,392.0,395.0,390.0,389.0,429.0,427.0,393.0,421.0,405.0,401.0,393.0,386.0,386.0,393.0,395.0,405.0,391.0,401.0,410.0,395.0,401.0,393.0,391.0,426.0,414.0,395.0,412.0,415.0,403.0,394.0,386.0,386.0,394.0,393.0,398.0,395.0,433.0,411.0,375,386,11
RG300,RG300_28,RG300_28.rcp,346.0,350.0,348.0,344.0,375.0,369.0,344.0,403.0,366.0,340.0,346.0,338.0,338.0,346.0,339.0,358.0,335.0,361.0,371.0,332.0,341.0,332.0,333.0,362.0,375.0,336.0,398.0,434.0,381.0,337.0,337.0,337.0,337.0,328.0,342.0,330.0,401.0,418.0,317,328,11
RG300,RG300_29,RG300_29.rcp,336.0,349.0,335.0,332.0,366.0,354.0,342.0,345.0,358.0,335.0,340.0,331.0,331.0,340.0,331.0,353.0,333.0,331.0,388.0,344.0,336.0,339.0,346.0,366.0,348.0,348.0,380.0,370.0,341.0,346.0,333.0,333.0,346.0,340.0,357.0,330.0,366.0,377.0,320,330,10
RG300,RG300_30,RG300_30.rcp,378.0,384.0,379.0,386.0,407.0,400.0,380.0,400.0,395.0,382.0,378.0,374.0,374.0,378.0,376.0,386.0,383.0,407.0,401.0,374.0,379.0,374.0,374.0,387.0,388.0,380.0,397.0,405.0,395.0,377.0,372.0,372.0,377.0,377.0,383.0,379.0,387.0,406.0,370,372,2
RG300,RG300_31,RG300_31.rcp,439.0,443.0,440.0,440.0,456.0,468.0,440.0,440.0,445.0,438.0,440.0,442.0,442.0,440.0,439.0,443.0,438.0,476.0,524.0,438.0,440.0,440.0,440.0,441.0,434.0,440.0,453.0,459.0,461.0,440.0,449.0,449.0,440.0,440.0,439.0,433.0,438.0,446.0,432,433,1
RG300,RG300_32,RG300_32.rcp,405.0,416.0,401.0,404.0,433.0,471.0,398.0,430.0,436.0,426.0,398.0,406.0,406.0,398.0,404.0,409.0,400.0,416.0,439.0,406.0,405.0,398.0,399.0,417.0,424.0,398.0,456.0,442.0,488.0,398.0,434.0,434.0,398.0,398.0,408.0,401.0,429.0,457.0,395,398,3
RG300,RG300_33,RG300_33.rcp,461.0,462.0,465.0,465.0,485.0,466.0,459.0,470.0,463.0,475.0,460.0,461.0,461.0,460.0,465.0,466.0,463.0,471.0,485.0,459.0,464.0,460.0,458.0,466.0,462.0,456.0,471.0,513.0,470.0,461.0,469.0,469.0,461.0,459.0,462.0,456.0,471.0,497.0,453,456,3
RG300,RG300_34,RG300_34.rcp,496.0,498.0,495.0,498.0,505.0,516.0,495.0,511.0,499.0,497.0,497.0,495.0,495.0,497.0,495.0,500.0,495.0,500.0,522.0,495.0,498.0,495.0,496.0,498.0,499.0,495.0,500.0,539.0,501.0,495.0,495.0,495.0,495.0,495.0,498.0,495.0,502.0,518.0,495,495,0
RG300,RG300_35,RG300_35.rcp,460.0,460.0,463.0,458.0,477.0,473.0,459.0,469.0,470.0,459.0,459.0,457.0,457.0,459.0,458.0,466.0,458.0,470.0,496.0,458.0,464.0,456.0,457.0,463.0,459.0,458.0,472.0,490.0,468.0,458.0,457.0,457.0,458.0,458.0,460.0,458.0,488.0,474.0,452,456,4
RG300,RG300_36,RG300_36.rcp,476.0,488.0,476.0,477.0,498.0,496.0,479.0,496.0,491.0,490.0,479.0,478.0,478.0,479.0,477.0,489.0,477.0,504.0,500.0,474.0,477.0,472.0,473.0,502.0,523.0,474.0,536.0,551.0,516.0,474.0,505.0,505.0,474.0,475.0,477.0,475.0,539.0,523.0,469,472,3
RG300,RG300_37,RG300_37.rcp,407.0,402.0,411.0,402.0,426.0,415.0,411.0,425.0,446.0,420.0,411.0,410.0,410.0,411.0,411.0,409.0,402.0,401.0,428.0,404.0,397.0,406.0,397.0,427.0,419.0,406.0,436.0,510.0,503.0,406.0,424.0,424.0,406.0,404.0,397.0,397.0,430.0,506.0,397,397,0
RG300,RG300_38,RG300_38.rcp,482.0,480.0,472.0,471.0,497.0,487.0,471.0,479.0,480.0,476.0,471.0,474.0,474.0,471.0,472.0,486.0,471.0,481.0,483.0,471.0,472.0,468.0,468.0,489.0,479.0,470.0,509.0,485.0,471.0,470.0,464.0,464.0,470.0,469.0,472.0,468.0,482.0,510.0,464,464,0
RG300,RG300_39,RG300_39.rcp,436.0,436.0,443.0,438.0,459.0,446.0,439.0,448.0,447.0,436.0,439.0,429.0,429.0,439.0,435.0,444.0,437.0,433.0,458.0,429.0,435.0,437.0,437.0,452.0,433.0,431.0,456.0,441.0,436.0,431.0,426.0,426.0,431.0,435.0,437.0,432.0,451.0,465.0,426,426,0
RG300,RG300_40,RG300_40.rcp,459.0,459.0,456.0,454.0,473.0,457.0,455.0,484.0,462.0,461.0,460.0,452.0,452.0,460.0,460.0,458.0,458.0,486.0,521.0,457.0,456.0,456.0,457.0,464.0,461.0,456.0,490.0,487.0,485.0,456.0,457.0,457.0,456.0,460.0,457.0,456.0,483.0,492.0,444,452,8
RG300,RG300_41,RG300_41.rcp,199.0,203.0,193.0,195.0,218.0,209.0,197.0,212.0,206.0,197.0,197.0,205.0,213.0,197.0,195.0,206.0,197.0,213.0,234.0,187.0,189.0,184.0,182.0,203.0,202.0,184.0,200.0,201.0,200.0,186.0,191.0,187.0,186.0,183.0,189.0,180.0,207.0,206.0,176,180,4
RG300,RG300_42,RG300_42.rcp,216.0,225.0,211.0,212.0,246.0,237.0,215.0,233.0,225.0,221.0,211.0,225.0,228.0,211.0,213.0,224.0,212.0,243.0,257.0,199.0,203.0,202.0,197.0,223.0,219.0,198.0,236.0,229.0,221.0,198.0,225.0,225.0,198.0,198.0,204.0,201.0,237.0,247.0,189,197,8
RG300,RG300_43,RG300_43.rcp,185.0,189.0,181.0,183.0,211.0,206.0,184.0,200.0,197.0,187.0,184.0,194.0,195.0,184.0,183.0,191.0,179.0,199.0,202.0,173.0,174.0,171.0,170.0,209.0,199.0,168.0,192.0,194.0,192.0,173.0,186.0,177.0,173.0,168.0,173.0,183.0,202.0,196.0,165,168,3
RG300,RG300_44,RG300_44.rcp,196.0,210.0,188.0,195.0,226.0,217.0,197.0,216.0,198.0,195.0,197.0,210.0,203.0,197.0,193.0,207.0,194.0,224.0,233.0,187.0,188.0,184.0,187.0,199.0,219.0,190.0,210.0,208.0,196.0,188.0,191.0,190.0,188.0,185.0,189.0,186.0,204.0,207.0,182,184,2
RG300,RG300_45,RG300_45.rcp,199.0,209.0,191.0,196.0,231.0,213.0,199.0,213.0,211.0,197.0,199.0,205.0,208.0,199.0,198.0,204.0,193.0,235.0,210.0,186.0,190.0,183.0,187.0,200.0,193.0,186.0,203.0,206.0,205.0,191.0,186.0,189.0,191.0,183.0,188.0,182.0,203.0,203.0,177,182,5
RG300,RG300_46,RG300_46.rcp,204.0,216.0,197.0,198.0,237.0,229.0,201.0,216.0,207.0,213.0,203.0,223.0,220.0,203.0,196.0,212.0,200.0,236.0,244.0,194.0,196.0,193.0,191.0,210.0,202.0,194.0,218.0,213.0,210.0,195.0,195.0,197.0,195.0,190.0,198.0,194.0,207.0,228.0,188,190,2
RG300,RG300_47,RG300_47.rcp,191.0,198.0,184.0,189.0,217.0,208.0,196.0,208.0,199.0,192.0,195.0,203.0,201.0,195.0,187.0,194.0,188.0,207.0,220.0,178.0,180.0,178.0,174.0,188.0,186.0,177.0,187.0,194.0,192.0,181.0,185.0,181.0,181.0,175.0,183.0,175.0,198.0,194.0,172,174,2
RG300,RG300_48,RG300_48.rcp,202.0,212.0,199.0,197.0,229.0,220.0,199.0,221.0,213.0,203.0,199.0,216.0,208.0,199.0,201.0,208.0,200.0,210.0,224.0,189.0,190.0,184.0,182.0,193.0,201.0,188.0,204.0,208.0,199.0,190.0,186.0,190.0,190.0,186.0,192.0,187.0,203.0,208.0,178,182,4
RG300,RG300_49,RG300_49.rcp,189.0,196.0,184.0,190.0,234.0,216.0,188.0,211.0,208.0,197.0,189.0,207.0,211.0,189.0,184.0,198.0,188.0,211.0,222.0,186.0,186.0,181.0,180.0,197.0,190.0,184.0,203.0,205.0,190.0,180.0,187.0,184.0,180.0,181.0,185.0,181.0,202.0,207.0,179,180,1
RG300,RG300_50,RG300_50.rcp,199.0,205.0,194.0,200.0,232.0,208.0,194.0,215.0,208.0,201.0,204.0,214.0,211.0,204.0,197.0,203.0,198.0,221.0,226.0,182.0,187.0,186.0,184.0,208.0,207.0,186.0,209.0,210.0,203.0,185.0,200.0,194.0,185.0,188.0,188.0,184.0,211.0,211.0,178,182,4
RG300,RG300_51,RG300_51.rcp,427.0,449.0,411.0,408.0,497.0,467.0,430.0,454.0,450.0,422.0,432.0,427.0,450.0,432.0,416.0,447.0,418.0,461.0,441.0,394.0,404.0,402.0,403.0,428.0,437.0,406.0,447.0,449.0,411.0,403.0,401.0,398.0,403.0,394.0,422.0,395.0,439.0,450.0,368,394,26
RG300,RG300_52,RG300_52.rcp,444.0,463.0,431.0,446.0,511.0,475.0,449.0,491.0,466.0,465.0,449.0,463.0,456.0,449.0,435.0,471.0,445.0,484.0,505.0,421.0,422.0,414.0,413.0,463.0,442.0,412.0,459.0,464.0,451.0,427.0,433.0,418.0,427.0,419.0,443.0,409.0,467.0,467.0,391,409,18
RG300,RG300_53,RG300_53.rcp,429.0,453.0,417.0,425.0,490.0,492.0,435.0,491.0,442.0,423.0,432.0,430.0,435.0,432.0,422.0,450.0,417.0,453.0,474.0,413.0,418.0,404.0,411.0,461.0,447.0,416.0,474.0,463.0,444.0,418.0,413.0,411.0,418.0,404.0,419.0,401.0,451.0,444.0,380,401,21
RG300,RG300_54,RG300_54.rcp,450.0,472.0,435.0,439.0,535.0,502.0,450.0,494.0,470.0,452.0,449.0,452.0,443.0,449.0,442.0,473.0,440.0,474.0,512.0,422.0,425.0,424.0,412.0,460.0,482.0,425.0,503.0,499.0,458.0,436.0,431.0,437.0,436.0,414.0,427.0,412.0,488.0,512.0,395,412,17
RG300,RG300_55,RG300_55.rcp,421.0,447.0,415.0,424.0,492.0,464.0,432.0,480.0,440.0,419.0,420.0,427.0,425.0,420.0,421.0,454.0,416.0,451.0,501.0,396.0,409.0,400.0,397.0,450.0,430.0,407.0,461.0,470.0,443.0,398.0,403.0,406.0,398.0,400.0,411.0,385.0,453.0,484.0,375,385,10
RG300,RG300_56,RG300_56.rcp,445.0,470.0,429.0,436.0,495.0,494.0,439.0,489.0,464.0,433.0,452.0,442.0,441.0,452.0,424.0,452.0,425.0,477.0,507.0,413.0,420.0,411.0,414.0,450.0,469.0,418.0,483.0,485.0,444.0,409.0,429.0,424.0,409.0,406.0,421.0,403.0,447.0,454.0,375,403,28
RG300,RG300_57,RG300_57.rcp,431.0,458.0,425.0,436.0,510.0,514.0,431.0,474.0,471.0,448.0,437.0,453.0,436.0,437.0,420.0,457.0,429.0,476.0,493.0,414.0,415.0,407.0,406.0,459.0,464.0,418.0,474.0,479.0,439.0,423.0,415.0,426.0,423.0,397.0,432.0,399.0,455.0,479.0,381,397,16
RG300,RG300_58,RG300_58.rcp,407.0,439.0,401.0,409.0,466.0,476.0,418.0,459.0,442.0,405.0,414.0,414.0,411.0,414.0,405.0,453.0,398.0,451.0,462.0,395.0,393.0,380.0,376.0,426.0,432.0,384.0,449.0,448.0,416.0,383.0,386.0,384.0,383.0,379.0,398.0,374.0,455.0,448.0,360,374,14
RG300,RG300_59,RG300_59.rcp,438.0,465.0,427.0,420.0,506.0,486.0,452.0,496.0,449.0,441.0,450.0,440.0,432.0,450.0,432.0,464.0,423.0,463.0,494.0,409.0,413.0,406.0,407.0,452.0,461.0,408.0,466.0,459.0,449.0,417.0,402.0,398.0,417.0,397.0,423.0,393.0,463.0,483.0,379,393,14
RG300,RG300_60,RG300_60.rcp,441.0,466.0,425.0,439.0,484.0,492.0,444.0,484.0,471.0,430.0,446.0,457.0,445.0,446.0,440.0,468.0,438.0,478.0,491.0,418.0,423.0,415.0,415.0,456.0,446.0,419.0,463.0,467.0,445.0,434.0,413.0,408.0,434.0,418.0,431.0,414.0,488.0,457.0,384,408,24
RG300,RG300_61,RG300_61.rcp,726.0,770.0,724.0,727.0,799.0,754.0,728.0,786.0,782.0,765.0,740.0,730.0,739.0,740.0,713.0,770.0,707.0,748.0,846.0,677.0,700.0,694.0,684.0,746.0,753.0,692.0,755.0,761.0,736.0,686.0,711.0,691.0,686.0,684.0,709.0,686.0,760.0,748.0,613,677,64
RG300,RG300_62,RG300_62.rcp,688.0,750.0,677.0,695.0,808.0,784.0,709.0,761.0,776.0,707.0,702.0,714.0,712.0,702.0,675.0,732.0,689.0,771.0,815.0,662.0,661.0,660.0,650.0,698.0,738.0,662.0,793.0,789.0,763.0,656.0,688.0,673.0,656.0,657.0,680.0,647.0,712.0,781.0,594,647,53
RG300,RG300_63,RG300_63.rcp,718.0,753.0,699.0,706.0,796.0,797.0,711.0,787.0,734.0,722.0,716.0,721.0,744.0,716.0,691.0,741.0,674.0,748.0,809.0,680.0,678.0,675.0,669.0,721.0,740.0,669.0,785.0,756.0,710.0,674.0,710.0,702.0,674.0,689.0,690.0,677.0,755.0,750.0,607,669,62
RG300,RG300_64,RG300_64.rcp,713.0,743.0,686.0,693.0,842.0,753.0,712.0,774.0,759.0,708.0,704.0,722.0,722.0,704.0,697.0,726.0,692.0,742.0,796.0,685.0,695.0,675.0,672.0,750.0,730.0,673.0,788.0,820.0,727.0,685.0,700.0,698.0,685.0,667.0,696.0,685.0,798.0,796.0,625,667,42
RG300,RG300_65,RG300_65.rcp,705.0,749.0,692.0,707.0,823.0,791.0,724.0,772.0,740.0,719.0,722.0,730.0,725.0,722.0,697.0,719.0,699.0,749.0,771.0,663.0,671.0,662.0,653.0,705.0,702.0,666.0,730.0,737.0,707.0,678.0,687.0,682.0,678.0,675.0,683.0,659.0,720.0,766.0,607,653,46
RG300,RG300_66,RG300_66.rcp,726.0,786.0,699.0,701.0,828.0,790.0,703.0,799.0,775.0,727.0,712.0,750.0,752.0,712.0,723.0,772.0,689.0,742.0,826.0,685.0,694.0,682.0,665.0,718.0,750.0,682.0,725.0,773.0,730.0,676.0,667.0,718.0,676.0,676.0,703.0,663.0,736.0,771.0,610,663,53
RG300,RG300_67,RG300_67.rcp,721.0,785.0,685.0,701.0,834.0,761.0,699.0,762.0,731.0,716.0,704.0,725.0,734.0,704.0,691.0,777.0,693.0,757.0,777.0,670.0,682.0,661.0,657.0,751.0,775.0,666.0,731.0,755.0,722.0,655.0,687.0,681.0,655.0,674.0,673.0,656.0,729.0,768.0,599,655,56
RG300,RG300_68,RG300_68.rcp,679.0,725.0,671.0,681.0,762.0,761.0,701.0,736.0,719.0,691.0,689.0,691.0,706.0,689.0,671.0,703.0,666.0,703.0,771.0,640.0,655.0,645.0,646.0,712.0,702.0,657.0,753.0,759.0,727.0,659.0,656.0,689.0,659.0,640.0,642.0,640.0,720.0,754.0,592,640,48
RG300,RG300_69,RG300_69.rcp,726.0,796.0,715.0,724.0,851.0,787.0,727.0,817.0,776.0,734.0,735.0,739.0,747.0,735.0,702.0,762.0,704.0,764.0,864.0,679.0,704.0,680.0,673.0,748.0,750.0,675.0,802.0,821.0,733.0,692.0,707.0,719.0,692.0,669.0,701.0,659.0,802.0,779.0,619,659,40
RG300,RG300_70,RG300_70.rcp,735.0,771.0,704.0,715.0,826.0,799.0,716.0,793.0,754.0,730.0,713.0,740.0,748.0,713.0,713.0,780.0,731.0,837.0,816.0,699.0,704.0,700.0,685.0,747.0,787.0,674.0,786.0,795.0,773.0,696.0,713.0,713.0,696.0,692.0,696.0,674.0,801.0,809.0,634,674,40
RG300,RG300_71,RG300_71.rcp,848.0,904.0,843.0,834.0,983.0,932.0,847.0,915.0,886.0,873.0,854.0,888.0,860.0,854.0,856.0,892.0,837.0,914.0,998.0,826.0,829.0,828.0,819.0,868.0,877.0,826.0,906.0,933.0,927.0,839.0,855.0,871.0,839.0,839.0,831.0,819.0,926.0,931.0,794,819,25
RG300,RG300_72,RG300_72.rcp,841.0,895.0,828.0,851.0,1027.0,880.0,860.0,926.0,893.0,883.0,861.0,871.0,878.0,861.0,831.0,887.0,837.0,914.0,926.0,815.0,824.0,818.0,814.0,860.0,862.0,815.0,894.0,877.0,890.0,812.0,813.0,832.0,812.0,820.0,830.0,812.0,888.0,931.0,775,812,37
RG300,RG300_73,RG300_73.rcp,885.0,960.0,875.0,876.0,1108.0,959.0,890.0,966.0,930.0,894.0,897.0,922.0,922.0,897.0,886.0,941.0,879.0,990.0,971.0,853.0,873.0,859.0,860.0,901.0,900.0,855.0,923.0,948.0,943.0,855.0,880.0,903.0,855.0,859.0,873.0,852.0,937.0,931.0,831,852,21
RG300,RG300_74,RG300_74.rcp,860.0,912.0,843.0,852.0,1002.0,980.0,855.0,935.0,899.0,866.0,862.0,902.0,910.0,862.0,847.0,881.0,850.0,952.0,1006.0,817.0,831.0,821.0,815.0,853.0,835.0,825.0,914.0,917.0,913.0,840.0,851.0,874.0,840.0,858.0,847.0,834.0,924.0,908.0,784,815,31
RG300,RG300_75,RG300_75.rcp,886.0,937.0,866.0,897.0,1059.0,991.0,910.0,960.0,909.0,881.0,920.0,926.0,949.0,920.0,873.0,920.0,886.0,950.0,1034.0,858.0,870.0,850.0,860.0,889.0,878.0,869.0,931.0,918.0,922.0,870.0,891.0,903.0,870.0,863.0,878.0,847.0,958.0,995.0,807,847,40
RG300,RG300_76,RG300_76.rcp,865.0,897.0,858.0,859.0,1008.0,911.0,870.0,953.0,932.0,865.0,866.0,871.0,916.0,866.0,865.0,875.0,856.0,914.0,995.0,832.0,830.0,828.0,826.0,863.0,849.0,828.0,886.0,911.0,900.0,833.0,856.0,878.0,833.0,853.0,827.0,816.0,932.0,951.0,795,816,21
RG300,RG300_77,RG300_77.rcp,897.0,944.0,878.0,882.0,1061.0,979.0,874.0,942.0,954.0,908.0,901.0,925.0,928.0,901.0,885.0,921.0,881.0,968.0,1043.0,866.0,880.0,862.0,862.0,894.0,891.0,871.0,912.0,943.0,952.0,859.0,895.0,931.0,859.0,870.0,876.0,860.0,950.0,998.0,812,859,47
RG300,RG300_78,RG300_78.rcp,887.0,932.0,862.0,877.0,1052.0,955.0,881.0,912.0,914.0,887.0,885.0,917.0,939.0,885.0,876.0,927.0,876.0,911.0,1002.0,855.0,864.0,851.0,850.0,862.0,873.0,855.0,911.0,918.0,909.0,852.0,863.0,899.0,852.0,866.0,850.0,843.0,953.0,957.0,814,843,29
RG300,RG300_79,RG300_79.rcp,928.0,959.0,907.0,917.0,1089.0,1037.0,925.0,991.0,946.0,913.0,931.0,997.0,980.0,931.0,916.0,987.0,918.0,984.0,1025.0,882.0,894.0,886.0,891.0,952.0,930.0,883.0,1015.0,970.0,956.0,891.0,920.0,909.0,891.0,908.0,893.0,883.0,1003.0,993.0,842,882,40
RG300,RG300_80,RG300_80.rcp,897.0,965.0,888.0,908.0,1057.0,995.0,911.0,990.0,966.0,949.0,922.0,973.0,987.0,922.0,899.0,932.0,913.0,1032.0,1070.0,870.0,887.0,889.0,863.0,912.0,949.0,875.0,1014.0,1005.0,981.0,893.0,957.0,930.0,893.0,925.0,886.0,861.0,1041.0,1031.0,828,861,33
RG300,RG300_81,RG300_81.rcp,293.0,299.0,278.0,280.0,323.0,304.0,289.0,303.0,307.0,285.0,289.0,292.0,297.0,289.0,281.0,295.0,281.0,308.0,321.0,268.0,273.0,260.0,261.0,284.0,281.0,264.0,289.0,290.0,278.0,262.0,268.0,269.0,262.0,258.0,276.0,260.0,285.0,294.0,249,258,9
RG300,RG300_82,RG300_82.rcp,284.0,292.0,276.0,280.0,326.0,305.0,284.0,295.0,290.0,275.0,278.0,294.0,294.0,278.0,278.0,290.0,277.0,308.0,325.0,266.0,266.0,258.0,259.0,287.0,272.0,262.0,282.0,280.0,273.0,265.0,271.0,265.0,265.0,262.0,262.0,260.0,289.0,293.0,249,258,9
RG300,RG300_83,RG300_83.rcp,300.0,313.0,289.0,295.0,337.0,323.0,303.0,329.0,306.0,292.0,298.0,314.0,314.0,298.0,299.0,312.0,290.0,329.0,359.0,276.0,283.0,272.0,273.0,293.0,289.0,278.0,303.0,300.0,289.0,279.0,283.0,275.0,279.0,272.0,284.0,275.0,303.0,304.0,264,272,8
RG300,RG300_84,RG300_84.rcp,328.0,341.0,307.0,324.0,367.0,341.0,323.0,342.0,323.0,321.0,324.0,335.0,343.0,324.0,322.0,334.0,309.0,333.0,357.0,294.0,304.0,292.0,291.0,316.0,325.0,293.0,328.0,316.0,318.0,294.0,307.0,297.0,294.0,291.0,302.0,290.0,312.0,333.0,281,290,9
RG300,RG300_85,RG300_85.rcp,299.0,308.0,291.0,294.0,343.0,328.0,300.0,320.0,304.0,302.0,300.0,303.0,311.0,300.0,295.0,305.0,290.0,327.0,326.0,272.0,279.0,271.0,274.0,291.0,302.0,275.0,296.0,300.0,294.0,280.0,282.0,279.0,280.0,271.0,277.0,272.0,299.0,300.0,263,271,8
RG300,RG300_86,RG300_86.rcp,318.0,329.0,305.0,309.0,355.0,326.0,313.0,361.0,327.0,314.0,319.0,322.0,316.0,319.0,301.0,330.0,307.0,335.0,351.0,297.0,296.0,288.0,286.0,314.0,309.0,296.0,329.0,325.0,313.0,290.0,295.0,289.0,290.0,285.0,296.0,288.0,312.0,326.0,276,285,9
RG300,RG300_87,RG300_87.rcp,305.0,319.0,286.0,298.0,336.0,335.0,302.0,323.0,310.0,295.0,307.0,310.0,318.0,307.0,292.0,317.0,289.0,325.0,345.0,274.0,280.0,271.0,272.0,294.0,293.0,277.0,295.0,302.0,287.0,273.0,287.0,276.0,273.0,269.0,280.0,272.0,302.0,302.0,263,269,6
RG300,RG300_88,RG300_88.rcp,298.0,314.0,292.0,293.0,347.0,319.0,299.0,317.0,310.0,307.0,301.0,313.0,313.0,301.0,297.0,315.0,299.0,320.0,334.0,280.0,282.0,279.0,278.0,296.0,300.0,278.0,304.0,299.0,291.0,278.0,281.0,279.0,278.0,276.0,287.0,275.0,298.0,310.0,264,275,11
RG300,RG300_89,RG300_89.rcp,300.0,314.0,293.0,298.0,334.0,316.0,294.0,323.0,300.0,294.0,300.0,310.0,308.0,300.0,293.0,311.0,294.0,327.0,336.0,280.0,281.0,271.0,277.0,293.0,295.0,281.0,301.0,294.0,287.0,277.0,282.0,277.0,277.0,273.0,281.0,274.0,298.0,308.0,264,271,7
RG300,RG300_90,RG300_90.rcp,307.0,312.0,294.0,305.0,342.0,323.0,308.0,332.0,312.0,302.0,311.0,318.0,315.0,311.0,306.0,310.0,296.0,314.0,338.0,278.0,285.0,278.0,279.0,298.0,304.0,282.0,297.0,305.0,293.0,284.0,277.0,280.0,284.0,276.0,288.0,275.0,302.0,300.0,266,275,9
RG300,RG300_91,RG300_91.rcp,653.0,687.0,642.0,640.0,745.0,713.0,672.0,729.0,702.0,665.0,654.0,666.0,672.0,654.0,646.0,676.0,631.0,679.0,694.0,612.0,626.0,620.0,603.0,666.0,680.0,622.0,715.0,695.0,665.0,606.0,605.0,621.0,606.0,620.0,617.0,593.0,681.0,710.0,555,593,38
RG300,RG300_92,RG300_92.rcp,697.0,734.0,689.0,692.0,786.0,759.0,705.0,772.0,725.0,694.0,709.0,705.0,718.0,709.0,693.0,723.0,686.0,726.0,750.0,662.0,659.0,652.0,645.0,691.0,708.0,655.0,737.0,714.0,712.0,662.0,637.0,644.0,662.0,655.0,653.0,635.0,714.0,705.0,588,635,47
RG300,RG300_93,RG300_93.rcp,672.0,706.0,650.0,660.0,741.0,709.0,684.0,730.0,682.0,666.0,678.0,678.0,688.0,678.0,659.0,721.0,644.0,706.0,736.0,630.0,637.0,625.0,614.0,683.0,692.0,636.0,691.0,703.0,652.0,637.0,620.0,629.0,637.0,619.0,649.0,606.0,698.0,725.0,564,606,42
RG300,RG300_94,RG300_94.rcp,652.0,691.0,639.0,651.0,759.0,709.0,655.0,705.0,671.0,646.0,660.0,655.0,664.0,660.0,649.0,681.0,651.0,693.0,700.0,615.0,620.0,604.0,622.0,668.0,668.0,622.0,719.0,694.0,647.0,626.0,604.0,623.0,626.0,605.0,634.0,607.0,684.0,700.0,557,604,47
RG300,RG300_95,RG300_95.rcp,695.0,725.0,679.0,684.0,791.0,753.0,712.0,733.0,731.0,695.0,711.0,709.0,715.0,711.0,688.0,726.0,676.0,731.0,793.0,645.0,661.0,652.0,637.0,727.0,705.0,645.0,708.0,741.0,695.0,654.0,628.0,651.0,654.0,654.0,667.0,634.0,732.0,744.0,581,628,47
RG300,RG300_96,RG300_96.rcp,654.0,686.0,635.0,635.0,705.0,700.0,662.0,680.0,679.0,635.0,658.0,658.0,644.0,658.0,640.0,707.0,622.0,696.0,740.0,610.0,615.0,615.0,600.0,641.0,665.0,607.0,696.0,693.0,640.0,606.0,586.0,590.0,606.0,628.0,626.0,592.0,669.0,684.0,544,586,42
RG300,RG300_97,RG300_97.rcp,637.0,672.0,630.0,645.0,718.0,720.0,647.0,697.0,674.0,642.0,658.0,648.0,667.0,658.0,622.0,666.0,639.0,674.0,720.0,598.0,600.0,600.0,589.0,652.0,653.0,609.0,683.0,684.0,634.0,610.0,602.0,597.0,610.0,586.0,632.0,589.0,676.0,691.0,549,586,37
RG300,RG300_98,RG300_98.rcp,686.0,727.0,683.0,694.0,766.0,755.0,690.0,741.0,726.0,677.0,687.0,713.0,691.0,687.0,679.0,711.0,670.0,714.0,773.0,643.0,643.0,643.0,630.0,717.0,703.0,646.0,744.0,726.0,686.0,637.0,631.0,649.0,637.0,642.0,659.0,622.0,707.0,695.0,588,622,34
RG300,RG300_99,RG300_99.rcp,717.0,748.0,686.0,685.0,777.0,740.0,704.0,769.0,754.0,710.0,704.0,716.0,714.0,704.0,698.0,751.0,676.0,749.0,826.0,666.0,686.0,655.0,649.0,726.0,738.0,662.0,767.0,717.0,719.0,669.0,661.0,666.0,669.0,662.0,693.0,631.0,749.0,783.0,598,631,33
RG300,RG300_100,RG300_100.rcp,654.0,678.0,635.0,646.0,715.0,688.0,657.0,704.0,667.0,641.0,640.0,666.0,651.0,640.0,640.0,661.0,623.0,701.0,695.0,595.0,604.0,618.0,597.0,637.0,671.0,598.0,680.0,680.0,659.0,588.0,598.0,595.0,588.0,600.0,602.0,584.0,682.0,686.0,544,584,40
RG300,RG300_101,RG300_101.rcp,1242.0,1298.0,1252.0,1243.0,1440.0,1370.0,1261.0,1383.0,1369.0,1280.0,1272.0,1284.0,1296.0,1272.0,1305.0,1279.0,1222.0,1328.0,1343.0,1196.0,1209.0,1227.0,1203.0,1287.0,1301.0,1199.0,1380.0,1393.0,1331.0,1216.0,1194.0,1263.0,1216.0,1320.0,1203.0,1173.0,1352.0,1348.0,1095,1173,78
RG300,RG300_102,RG300_102.rcp,1182.0,1237.0,1161.0,1141.0,1306.0,1300.0,1186.0,1272.0,1250.0,1192.0,1191.0,1184.0,1194.0,1191.0,1165.0,1263.0,1128.0,1213.0,1297.0,1139.0,1140.0,1146.0,1126.0,1221.0,1228.0,1132.0,1271.0,1289.0,1240.0,1130.0,1097.0,1139.0,1130.0,1181.0,1159.0,1094.0,1240.0,1250.0,1023,1094,71
RG300,RG300_103,RG300_103.rcp,1160.0,1213.0,1168.0,1156.0,1298.0,1241.0,1154.0,1294.0,1238.0,1175.0,1148.0,1178.0,1190.0,1148.0,1184.0,1233.0,1134.0,1232.0,1304.0,1130.0,1140.0,1140.0,1111.0,1237.0,1217.0,1119.0,1297.0,1223.0,1174.0,1118.0,1122.0,1168.0,1118.0,1165.0,1147.0,1105.0,1270.0,1254.0,1029,1105,76
RG300,RG300_104,RG300_104.rcp,1144.0,1176.0,1117.0,1107.0,1228.0,1233.0,1144.0,1236.0,1256.0,1146.0,1149.0,1122.0,1157.0,1149.0,1135.0,1168.0,1092.0,1206.0,1199.0,1070.0,1092.0,1087.0,1061.0,1184.0,1129.0,1068.0,1213.0,1233.0,1183.0,1072.0,1059.0,1118.0,1072.0,1120.0,1098.0,1047.0,1190.0,1173.0,972,1047,75
RG300,RG300_105,RG300_105.rcp,1282.0,1301.0,1231.0,1231.0,1408.0,1372.0,1251.0,1371.0,1335.0,1272.0,1260.0,1257.0,1314.0,1260.0,1272.0,1292.0,1203.0,1347.0,1365.0,1197.0,1209.0,1218.0,1191.0,1297.0,1297.0,1198.0,1355.0,1355.0,1313.0,1203.0,1199.0,1228.0,1203.0,1261.0,1236.0,1177.0,1313.0,1347.0,1095,1177,82
RG300,RG300_106,RG300_106.rcp,1156.0,1225.0,1178.0,1165.0,1290.0,1249.0,1174.0,1279.0,1262.0,1196.0,1177.0,1183.0,1217.0,1177.0,1183.0,1244.0,1146.0,1229.0,1255.0,1122.0,1140.0,1148.0,1124.0,1222.0,1228.0,1132.0,1299.0,1281.0,1217.0,1117.0,1119.0,1171.0,1117.0,1188.0,1145.0,1090.0,1240.0,1257.0,1025,1090,65
RG300,RG300_107,RG300_107.rcp,1236.0,1304.0,1223.0,1233.0,1374.0,1351.0,1213.0,1341.0,1308.0,1275.0,1228.0,1250.0,1248.0,1228.0,1234.0,1310.0,1217.0,1293.0,1351.0,1189.0,1214.0,1190.0,1192.0,1307.0,1265.0,1173.0,1340.0,1335.0,1268.0,1176.0,1191.0,1207.0,1176.0,1244.0,1205.0,1178.0,1290.0,1324.0,1082,1173,91
RG300,RG300_108,RG300_108.rcp,1238.0,1294.0,1244.0,1233.0,1400.0,1361.0,1229.0,1323.0,1313.0,1284.0,1216.0,1226.0,1245.0,1216.0,1262.0,1318.0,1186.0,1300.0,1373.0,1172.0,1208.0,1199.0,1170.0,1321.0,1286.0,1181.0,1350.0,1327.0,1265.0,1174.0,1176.0,1231.0,1174.0,1230.0,1216.0,1171.0,1285.0,1303.0,1076,1170,94
RG300,RG300_109,RG300_109.rcp,1199.0,1242.0,1207.0,1218.0,1370.0,1296.0,1229.0,1344.0,1261.0,1224.0,1231.0,1192.0,1225.0,1231.0,1213.0,1245.0,1176.0,1228.0,1304.0,1171.0,1146.0,1195.0,1179.0,1229.0,1250.0,1174.0,1301.0,1310.0,1267.0,1173.0,1125.0,1150.0,1173.0,1215.0,1160.0,1151.0,1277.0,1288.0,1055,1125,70
RG300,RG300_110,RG300_110.rcp,1189.0,1240.0,1154.0,1155.0,1326.0,1250.0,1177.0,1265.0,1271.0,1216.0,1168.0,1175.0,1195.0,1168.0,1187.0,1209.0,1128.0,1261.0,1275.0,1124.0,1140.0,1144.0,1122.0,1252.0,1182.0,1125.0,1272.0,1271.0,1236.0,1134.0,1126.0,1161.0,1134.0,1187.0,1153.0,1107.0,1264.0,1242.0,1019,1107,88
RG300,RG300_111,RG300_111.rcp,1674.0,1685.0,1673.0,1669.0,1686.0,1690.0,1669.0,1682.0,1682.0,1670.0,1669.0,1666.0,1676.0,1669.0,1687.0,1685.0,1669.0,1686.0,1690.0,1664.0,1667.0,1673.0,1669.0,1672.0,1685.0,1664.0,1674.0,1682.0,1677.0,1664.0,1668.0,1665.0,1664.0,1687.0,1672.0,1664.0,1687.0,1683.0,1653,1664,11
RG300,RG300_112,RG300_112.rcp,1589.0,1607.0,1580.0,1573.0,1624.0,1598.0,1573.0,1608.0,1604.0,1597.0,1573.0,1601.0,1601.0,1573.0,1594.0,1600.0,1580.0,1612.0,1599.0,1573.0,1582.0,1573.0,1573.0,1596.0,1580.0,1572.0,1598.0,1604.0,1581.0,1572.0,1572.0,1573.0,1572.0,1576.0,1581.0,1568.0,1603.0,1589.0,1564,1568,4
RG300,RG300_113,RG300_113.rcp,1631.0,1646.0,1629.0,1626.0,1654.0,1639.0,1630.0,1640.0,1637.0,1631.0,1630.0,1635.0,1627.0,1630.0,1627.0,1643.0,1629.0,1642.0,1649.0,1627.0,1629.0,1626.0,1626.0,1639.0,1627.0,1624.0,1635.0,1635.0,1631.0,1624.0,1628.0,1627.0,1624.0,1624.0,1631.0,1623.0,1635.0,1634.0,1623,1623,0
RG300,RG300_114,RG300_114.rcp,1674.0,1675.0,1656.0,1662.0,1685.0,1667.0,1666.0,1677.0,1675.0,1668.0,1673.0,1662.0,1662.0,1673.0,1665.0,1668.0,1662.0,1671.0,1678.0,1649.0,1661.0,1647.0,1645.0,1671.0,1671.0,1645.0,1675.0,1675.0,1670.0,1650.0,1647.0,1656.0,1650.0,1665.0,1654.0,1651.0,1652.0,1670.0,1640,1645,5
RG300,RG300_115,RG300_115.rcp,1642.0,1642.0,1653.0,1637.0,1663.0,1646.0,1648.0,1659.0,1665.0,1663.0,1653.0,1647.0,1658.0,1653.0,1646.0,1641.0,1632.0,1669.0,1657.0,1635.0,1637.0,1631.0,1631.0,1656.0,1647.0,1631.0,1653.0,1661.0,1663.0,1631.0,1637.0,1643.0,1631.0,1643.0,1637.0,1630.0,1656.0,1656.0,1621,1630,9
RG300,RG300_116,RG300_116.rcp,1666.0,1677.0,1666.0,1667.0,1685.0,1668.0,1667.0,1670.0,1674.0,1669.0,1667.0,1661.0,1664.0,1667.0,1669.0,1678.0,1667.0,1679.0,1678.0,1649.0,1651.0,1652.0,1652.0,1657.0,1665.0,1652.0,1664.0,1671.0,1667.0,1652.0,1652.0,1656.0,1652.0,1654.0,1655.0,1648.0,1660.0,1661.0,1643,1648,5
RG300,RG300_117,RG300_117.rcp,1672.0,1685.0,1683.0,1683.0,1691.0,1679.0,1682.0,1679.0,1685.0,1679.0,1678.0,1669.0,1684.0,1678.0,1680.0,1677.0,1679.0,1687.0,1682.0,1670.0,1672.0,1673.0,1664.0,1679.0,1672.0,1662.0,1674.0,1684.0,1679.0,1662.0,1665.0,1684.0,1662.0,1667.0,1672.0,1662.0,1689.0,1676.0,1646,1662,16
RG300,RG300_118,RG300_118.rcp,1634.0,1637.0,1628.0,1629.0,1638.0,1645.0,1625.0,1644.0,1636.0,1633.0,1625.0,1637.0,1638.0,1625.0,1631.0,1634.0,1628.0,1638.0,1634.0,1633.0,1634.0,1628.0,1625.0,1635.0,1634.0,1625.0,1638.0,1636.0,1633.0,1625.0,1629.0,1629.0,1625.0,1626.0,1633.0,1625.0,1638.0,1637.0,1625,1625,0
RG300,RG300_119,RG300_119.rcp,1645.0,1657.0,1637.0,1639.0,1665.0,1646.0,1641.0,1636.0,1643.0,1648.0,1641.0,1651.0,1645.0,1641.0,1642.0,1650.0,1638.0,1634.0,1655.0,1630.0,1631.0,1631.0,1631.0,1643.0,1647.0,1630.0,1634.0,1640.0,1640.0,1630.0,1630.0,1631.0,1630.0,1628.0,1631.0,1624.0,1624.0,1648.0,1619,1624,5
RG300,RG300_120,RG300_120.rcp,1630.0,1645.0,1624.0,1627.0,1666.0,1656.0,1628.0,1647.0,1644.0,1649.0,1628.0,1646.0,1649.0,1628.0,1643.0,1645.0,1631.0,1649.0,1650.0,1615.0,1626.0,1618.0,1619.0,1639.0,1650.0,1626.0,1640.0,1648.0,1649.0,1617.0,1626.0,1630.0,1617.0,1639.0,1629.0,1621.0,1647.0,1643.0,1607,1615,8
RG300,RG300_121,RG300_121.rcp,423.0,432.0,414.0,422.0,484.0,446.0,430.0,437.0,430.0,418.0,425.0,429.0,425.0,421.0,420.0,436.0,425.0,426.0,461.0,400.0,400.0,391.0,398.0,406.0,402.0,402.0,407.0,410.0,401.0,401.0,399.0,403.0,400.0,397.0,401.0,395.0,398.0,421.0,365,391,26
RG300,RG300_122,RG300_122.rcp,428.0,430.0,407.0,422.0,464.0,451.0,424.0,442.0,434.0,426.0,426.0,432.0,427.0,421.0,420.0,422.0,418.0,444.0,457.0,403.0,400.0,391.0,393.0,402.0,402.0,397.0,416.0,416.0,407.0,403.0,398.0,395.0,394.0,400.0,399.0,396.0,408.0,424.0,365,391,26
RG300,RG300_123,RG300_123.rcp,391.0,398.0,393.0,389.0,432.0,401.0,392.0,406.0,397.0,382.0,391.0,400.0,401.0,394.0,397.0,403.0,384.0,404.0,417.0,375.0,373.0,361.0,370.0,372.0,381.0,367.0,388.0,385.0,379.0,371.0,377.0,374.0,378.0,367.0,375.0,369.0,387.0,393.0,340,361,21
RG300,RG300_124,RG300_124.rcp,408.0,425.0,407.0,404.0,458.0,435.0,409.0,417.0,414.0,403.0,413.0,417.0,403.0,409.0,413.0,417.0,394.0,428.0,437.0,380.0,383.0,379.0,380.0,390.0,398.0,381.0,406.0,406.0,382.0,382.0,383.0,387.0,385.0,390.0,386.0,379.0,401.0,409.0,354,379,25
RG300,RG300_125,RG300_125.rcp,389.0,398.0,371.0,383.0,426.0,398.0,381.0,394.0,387.0,381.0,380.0,402.0,393.0,385.0,384.0,389.0,382.0,419.0,420.0,364.0,369.0,356.0,365.0,371.0,381.0,364.0,384.0,382.0,373.0,364.0,367.0,373.0,361.0,369.0,360.0,365.0,378.0,394.0,335,356,21
RG300,RG300_126,RG300_126.rcp,419.0,431.0,413.0,416.0,465.0,445.0,420.0,443.0,432.0,417.0,422.0,420.0,425.0,420.0,415.0,423.0,418.0,433.0,451.0,396.0,396.0,391.0,387.0,406.0,406.0,404.0,399.0,406.0,396.0,401.0,396.0,391.0,398.0,391.0,392.0,388.0,407.0,426.0,362,387,25
RG300,RG300_127,RG300_127.rcp,421.0,436.0,416.0,419.0,480.0,451.0,430.0,459.0,433.0,423.0,428.0,442.0,432.0,426.0,420.0,438.0,419.0,444.0,460.0,397.0,401.0,397.0,398.0,411.0,410.0,401.0,418.0,424.0,410.0,400.0,400.0,402.0,400.0,394.0,400.0,398.0,410.0,426.0,367,394,27
RG300,RG300_128,RG300_128.rcp,404.0,414.0,402.0,407.0,461.0,426.0,414.0,421.0,407.0,414.0,417.0,416.0,412.0,408.0,399.0,418.0,405.0,421.0,450.0,387.0,388.0,381.0,388.0,403.0,395.0,391.0,396.0,399.0,399.0,383.0,385.0,386.0,377.0,379.0,387.0,382.0,393.0,400.0,354,377,23
RG300,RG300_129,RG300_129.rcp,408.0,421.0,404.0,414.0,447.0,419.0,410.0,423.0,412.0,406.0,411.0,420.0,411.0,411.0,413.0,411.0,411.0,424.0,447.0,382.0,379.0,377.0,386.0,393.0,400.0,384.0,401.0,397.0,399.0,389.0,384.0,389.0,388.0,380.0,383.0,387.0,394.0,406.0,354,377,23
RG300,RG300_130,RG300_130.rcp,401.0,416.0,401.0,398.0,458.0,414.0,411.0,422.0,406.0,402.0,412.0,422.0,418.0,414.0,405.0,410.0,401.0,441.0,444.0,382.0,379.0,383.0,377.0,379.0,401.0,388.0,395.0,393.0,395.0,388.0,382.0,384.0,386.0,376.0,378.0,376.0,391.0,400.0,351,376,25
RG300,RG300_131,RG300_131.rcp,897.0,911.0,879.0,878.0,989.0,951.0,905.0,932.0,926.0,894.0,904.0,882.0,899.0,889.0,868.0,917.0,861.0,914.0,938.0,848.0,852.0,853.0,841.0,892.0,921.0,851.0,935.0,956.0,896.0,856.0,829.0,852.0,866.0,847.0,864.0,841.0,928.0,926.0,784,829,45
RG300,RG300_132,RG300_132.rcp,883.0,917.0,869.0,874.0,979.0,939.0,879.0,907.0,906.0,875.0,885.0,882.0,887.0,896.0,880.0,929.0,856.0,917.0,950.0,856.0,867.0,849.0,836.0,931.0,901.0,845.0,964.0,936.0,901.0,847.0,834.0,840.0,860.0,862.0,882.0,816.0,955.0,916.0,783,816,33
RG300,RG300_133,RG300_133.rcp,871.0,877.0,845.0,861.0,949.0,914.0,854.0,919.0,909.0,848.0,860.0,857.0,844.0,861.0,871.0,897.0,847.0,877.0,896.0,815.0,817.0,823.0,806.0,893.0,888.0,817.0,901.0,919.0,854.0,817.0,804.0,816.0,825.0,831.0,846.0,795.0,917.0,887.0,748,795,47
RG300,RG300_134,RG300_134.rcp,856.0,892.0,824.0,834.0,930.0,887.0,853.0,895.0,860.0,830.0,852.0,851.0,857.0,866.0,848.0,878.0,826.0,904.0,902.0,815.0,827.0,804.0,792.0,850.0,879.0,813.0,908.0,886.0,849.0,814.0,791.0,803.0,828.0,840.0,821.0,796.0,900.0,866.0,752,791,39
RG300,RG300_135,RG300_135.rcp,896.0,934.0,876.0,879.0,990.0,938.0,887.0,934.0,913.0,880.0,893.0,882.0,892.0,910.0,902.0,906.0,871.0,947.0,962.0,859.0,862.0,850.0,843.0,903.0,910.0,860.0,962.0,951.0,887.0,868.0,828.0,854.0,875.0,857.0,872.0,836.0,942.0,939.0,790,828,38
RG300,RG300_136,RG300_136.rcp,864.0,896.0,834.0,834.0,929.0,904.0,853.0,929.0,876.0,847.0,846.0,855.0,841.0,868.0,856.0,916.0,820.0,888.0,931.0,828.0,851.0,831.0,811.0,898.0,890.0,826.0,925.0,923.0,871.0,834.0,805.0,805.0,833.0,843.0,845.0,803.0,871.0,896.0,757,803,46
RG300,RG300_137,RG300_137.rcp,882.0,924.0,882.0,882.0,968.0,968.0,903.0,945.0,927.0,900.0,908.0,903.0,888.0,920.0,896.0,899.0,864.0,934.0,954.0,862.0,865.0,866.0,844.0,911.0,930.0,865.0,944.0,939.0,889.0,880.0,826.0,836.0,898.0,883.0,868.0,842.0,933.0,951.0,786,826,40
RG300,RG300_138,RG300_138.rcp,844.0,881.0,829.0,829.0,919.0,871.0,862.0,890.0,874.0,846.0,860.0,829.0,835.0,864.0,841.0,884.0,825.0,908.0,893.0,815.0,831.0,804.0,792.0,882.0,895.0,807.0,909.0,909.0,851.0,804.0,798.0,803.0,831.0,832.0,832.0,796.0,881.0,883.0,749,792,43
RG300,RG300_139,RG300_139.rcp,861.0,895.0,848.0,860.0,936.0,896.0,864.0,942.0,875.0,859.0,875.0,871.0,870.0,897.0,871.0,890.0,847.0,889.0,940.0,827.0,831.0,824.0,822.0,889.0,899.0,825.0,950.0,950.0,884.0,832.0,807.0,828.0,843.0,854.0,844.0,805.0,885.0,908.0,764,805,41
RG300,RG300_140,RG300_140.rcp,897.0,932.0,892.0,899.0,967.0,937.0,914.0,961.0,931.0,923.0,908.0,910.0,905.0,911.0,897.0,920.0,889.0,963.0,941.0,859.0,871.0,871.0,840.0,910.0,948.0,859.0,945.0,969.0,920.0,856.0,845.0,866.0,871.0,877.0,862.0,854.0,943.0,932.0,794,840,46
RG300,RG300_141,RG300_141.rcp,1600.0,1629.0,1595.0,1597.0,1664.0,1635.0,1590.0,1633.0,1613.0,1605.0,1593.0,1621.0,1597.0,1620.0,1619.0,1629.0,1596.0,1642.0,1638.0,1570.0,1584.0,1567.0,1571.0,1630.0,1589.0,1565.0,1609.0,1610.0,1589.0,1566.0,1575.0,1576.0,1592.0,1589.0,1594.0,1560.0,1606.0,1628.0,1548,1560,12
RG300,RG300_142,RG300_142.rcp,1554.0,1572.0,1560.0,1554.0,1620.0,1584.0,1573.0,1570.0,1584.0,1568.0,1573.0,1562.0,1561.0,1570.0,1572.0,1569.0,1551.0,1568.0,1591.0,1540.0,1548.0,1551.0,1544.0,1566.0,1572.0,1544.0,1572.0,1573.0,1563.0,1546.0,1548.0,1538.0,1555.0,1559.0,1549.0,1537.0,1559.0,1577.0,1516,1537,21
RG300,RG300_143,RG300_143.rcp,1479.0,1481.0,1478.0,1468.0,1534.0,1525.0,1472.0,1513.0,1504.0,1488.0,1478.0,1465.0,1493.0,1478.0,1495.0,1481.0,1465.0,1502.0,1524.0,1435.0,1459.0,1470.0,1455.0,1491.0,1478.0,1451.0,1510.0,1510.0,1491.0,1459.0,1462.0,1460.0,1473.0,1495.0,1448.0,1460.0,1493.0,1519.0,1416,1435,19
RG300,RG300_144,RG300_144.rcp,1576.0,1610.0,1563.0,1580.0,1631.0,1604.0,1581.0,1612.0,1607.0,1569.0,1588.0,1571.0,1564.0,1599.0,1605.0,1601.0,1568.0,1593.0,1644.0,1542.0,1549.0,1553.0,1548.0,1584.0,1579.0,1561.0,1602.0,1602.0,1582.0,1562.0,1534.0,1547.0,1578.0,1579.0,1560.0,1545.0,1574.0,1614.0,1512,1534,22
RG300,RG300_145,RG300_145.rcp,1598.0,1606.0,1609.0,1602.0,1656.0,1605.0,1602.0,1636.0,1638.0,1623.0,1602.0,1608.0,1617.0,1627.0,1612.0,1602.0,1598.0,1612.0,1646.0,1579.0,1581.0,1591.0,1569.0,1622.0,1607.0,1578.0,1631.0,1635.0,1632.0,1582.0,1584.0,1588.0,1609.0,1593.0,1583.0,1560.0,1626.0,1609.0,1551,1560,9
RG300,RG300_146,RG300_146.rcp,1517.0,1523.0,1508.0,1498.0,1562.0,1540.0,1514.0,1537.0,1548.0,1539.0,1526.0,1504.0,1514.0,1541.0,1520.0,1527.0,1494.0,1532.0,1537.0,1495.0,1480.0,1507.0,1480.0,1508.0,1517.0,1488.0,1541.0,1537.0,1520.0,1490.0,1490.0,1489.0,1515.0,1507.0,1500.0,1477.0,1510.0,1522.0,1453,1477,24
RG300,RG300_147,RG300_147.rcp,1500.0,1527.0,1497.0,1502.0,1567.0,1529.0,1496.0,1544.0,1528.0,1514.0,1504.0,1516.0,1501.0,1510.0,1524.0,1518.0,1491.0,1531.0,1537.0,1492.0,1503.0,1491.0,1484.0,1526.0,1504.0,1485.0,1535.0,1519.0,1511.0,1492.0,1480.0,1482.0,1502.0,1516.0,1501.0,1478.0,1526.0,1511.0,1465,1478,13
RG300,RG300_148,RG300_148.rcp,1479.0,1481.0,1486.0,1474.0,1510.0,1493.0,1468.0,1493.0,1492.0,1501.0,1467.0,1472.0,1464.0,1473.0,1491.0,1499.0,1465.0,1490.0,1501.0,1459.0,1464.0,1472.0,1457.0,1482.0,1480.0,1460.0,1481.0,1493.0,1493.0,1460.0,1445.0,1455.0,1462.0,1468.0,1467.0,1454.0,1453.0,1473.0,1422,1445,23
RG300,RG300_149,RG300_149.rcp,1613.0,1629.0,1604.0,1617.0,1706.0,1672.0,1611.0,1647.0,1648.0,1630.0,1619.0,1643.0,1622.0,1636.0,1631.0,1640.0,1595.0,1657.0,1676.0,1590.0,1599.0,1597.0,1584.0,1648.0,1612.0,1603.0,1625.0,1640.0,1636.0,1603.0,1594.0,1593.0,1622.0,1633.0,1606.0,1590.0,1638.0,1635.0,1556,1584,28
RG300,RG300_150,RG300_150.rcp,1533.0,1558.0,1537.0,1529.0,1590.0,1587.0,1541.0,1568.0,1574.0,1561.0,1532.0,1531.0,1539.0,1535.0,1558.0,1551.0,1525.0,1544.0,1567.0,1516.0,1533.0,1529.0,1518.0,1563.0,1551.0,1528.0,1557.0,1569.0,1562.0,1515.0,1503.0,1526.0,1531.0,1554.0,1540.0,1517.0,1564.0,1553.0,1493,1503,10
RG300,RG300_151,RG300_151.rcp,1650.0,1650.0,1650.0,1650.0,1650.0,1650.0,1650.0,1650.0,1650.0,1650.0,1650.0,1645.0,1645.0,1650.0,1650.0,1650.0,1650.0,1650.0,1650.0,1650.0,1650.0,1650.0,1650.0,1650.0,1650.0,1650.0,1650.0,1650.0,1650.0,1650.0,1645.0,1645.0,1650.0,1650.0,1650.0,1650.0,1650.0,1645.0,1645,1645,0
RG300,RG300_152,RG300_152.rcp,1650.0,1650.0,1650.0,1650.0,1650.0,1650.0,1650.0,1650.0,1650.0,1650.0,1650.0,1650.0,1650.0,1650.0,1650.0,1650.0,1650.0,1650.0,1650.0,1650.0,1650.0,1650.0,1650.0,1650.0,1650.0,1650.0,1650.0,1650.0,1650.0,1650.0,1650.0,1650.0,1650.0,1650.0,1650.0,1650.0,1650.0,1650.0,1650,1650,0
RG300,RG300_153,RG300_153.rcp,1598.0,1598.0,1598.0,1598.0,1598.0,1598.0,1598.0,1598.0,1598.0,1598.0,1598.0,1598.0,1598.0,1598.0,1598.0,1598.0,1598.0,1598.0,1598.0,1598.0,1598.0,1598.0,1598.0,1598.0,1598.0,1598.0,1598.0,1598.0,1598.0,1598.0,1598.0,1598.0,1598.0,1598.0,1598.0,1598.0,1598.0,1598.0,1598,1598,0
RG300,RG300_154,RG300_154.rcp,1681.0,1682.0,1682.0,1682.0,1682.0,1682.0,1681.0,1682.0,1682.0,1682.0,1681.0,1682.0,1681.0,1682.0,1681.0,1681.0,1681.0,1682.0,1682.0,1681.0,1681.0,1682.0,1682.0,1682.0,1682.0,1681.0,1682.0,1682.0,1682.0,1681.0,1681.0,1681.0,1681.0,1681.0,1681.0,1681.0,1682.0,1682.0,1681,1681,0
RG300,RG300_155,RG300_155.rcp,1661.0,1661.0,1661.0,1661.0,1661.0,1661.0,1661.0,1661.0,1661.0,1661.0,1661.0,1661.0,1661.0,1661.0,1661.0,1661.0,1661.0,1661.0,1661.0,1661.0,1661.0,1661.0,1661.0,1661.0,1661.0,1661.0,1661.0,1661.0,1661.0,1661.0,1661.0,1661.0,1661.0,1661.0,1661.0,1661.0,1661.0,1661.0,1661,1661,0
RG300,RG300_156,RG300_156.rcp,1699.0,1699.0,1699.0,1699.0,1699.0,1699.0,1699.0,1699.0,1699.0,1699.0,1699.0,1699.0,1699.0,1699.0,1699.0,1699.0,1699.0,1699.0,1699.0,1699.0,1699.0,1699.0,1699.0,1699.0,1699.0,1699.0,1699.0,1699.0,1699.0,1699.0,1699.0,1699.0,1699.0,1699.0,1699.0,1699.0,1699.0,1699.0,1699,1699,0
RG300,RG300_157,RG300_157.rcp,1618.0,1618.0,1618.0,1618.0,1618.0,1618.0,1618.0,1618.0,1618.0,1618.0,1618.0,1618.0,1618.0,1618.0,1618.0,1618.0,1618.0,1618.0,1618.0,1618.0,1618.0,1618.0,1618.0,1618.0,1618.0,1618.0,1618.0,1618.0,1618.0,1618.0,1618.0,1618.0,1618.0,1618.0,1618.0,1618.0,1618.0,1618.0,1618,1618,0
RG300,RG300_158,RG300_158.rcp,1513.0,1513.0,1513.0,1513.0,1513.0,1513.0,1513.0,1513.0,1513.0,1513.0,1513.0,1513.0,1513.0,1513.0,1513.0,1513.0,1513.0,1513.0,1513.0,1513.0,1513.0,1513.0,1513.0,1513.0,1513.0,1513.0,1513.0,1513.0,1513.0,1513.0,1513.0,1513.0,1513.0,1513.0,1513.0,1513.0,1513.0,1513.0,1513,1513,0
RG300,RG300_159,RG300_159.rcp,1693.0,1693.0,1691.0,1693.0,1693.0,1691.0,1691.0,1693.0,1693.0,1693.0,1691.0,1691.0,1691.0,1693.0,1693.0,1693.0,1691.0,1693.0,1693.0,1693.0,1693.0,1691.0,1693.0,1693.0,1693.0,1691.0,1693.0,1693.0,1693.0,1691.0,1691.0,1691.0,1693.0,1693.0,1693.0,1691.0,1693.0,1693.0,1691,1691,0
RG300,RG300_160,RG300_160.rcp,1734.0,1734.0,1734.0,1734.0,1734.0,1734.0,1734.0,1734.0,1734.0,1734.0,1734.0,1734.0,1734.0,1734.0,1734.0,1734.0,1734.0,1734.0,1734.0,1734.0,1734.0,1734.0,1734.0,1734.0,1734.0,1734.0,1734.0,1734.0,1734.0,1734.0,1734.0,1734.0,1734.0,1734.0,1734.0,1734.0,1734.0,1734.0,1734,1734,0
RG300,RG300_161,RG300_161.rcp,103.0,116.0,102.0,101.0,128.0,114.0,102.0,118.0,120.0,110.0,103.0,113.0,113.0,103.0,105.0,110.0,101.0,115.0,125.0,100.0,102.0,99.0,100.0,108.0,110.0,100.0,119.0,116.0,108.0,102.0,114.0,114.0,102.0,98.0,104.0,98.0,114.0,128.0,96,98,2
RG300,RG300_162,RG300_162.rcp,97.0,108.0,94.0,97.0,124.0,120.0,96.0,121.0,115.0,109.0,100.0,111.0,111.0,100.0,99.0,104.0,98.0,115.0,136.0,101.0,103.0,97.0,97.0,110.0,114.0,92.0,116.0,119.0,106.0,97.0,102.0,102.0,97.0,100.0,106.0,94.0,111.0,128.0,83,92,9
RG300,RG300_163,RG300_163.rcp,109.0,111.0,106.0,109.0,141.0,134.0,105.0,128.0,128.0,117.0,108.0,124.0,124.0,108.0,104.0,116.0,104.0,128.0,138.0,107.0,111.0,103.0,103.0,118.0,116.0,104.0,127.0,129.0,125.0,108.0,108.0,108.0,108.0,103.0,113.0,104.0,132.0,137.0,97,103,6
RG300,RG300_164,RG300_164.rcp,113.0,131.0,105.0,108.0,129.0,126.0,109.0,127.0,121.0,117.0,107.0,122.0,122.0,107.0,109.0,127.0,106.0,134.0,144.0,111.0,121.0,105.0,105.0,121.0,141.0,112.0,130.0,132.0,121.0,110.0,112.0,112.0,110.0,106.0,119.0,105.0,128.0,135.0,101,105,4
RG300,RG300_165,RG300_165.rcp,110.0,119.0,100.0,105.0,124.0,120.0,105.0,129.0,111.0,115.0,111.0,110.0,110.0,111.0,104.0,116.0,104.0,136.0,128.0,111.0,108.0,101.0,102.0,130.0,116.0,102.0,127.0,122.0,112.0,117.0,108.0,108.0,117.0,99.0,118.0,105.0,115.0,119.0,97,99,2
RG300,RG300_166,RG300_166.rcp,110.0,113.0,104.0,106.0,134.0,135.0,105.0,115.0,127.0,119.0,108.0,119.0,119.0,108.0,107.0,114.0,105.0,134.0,137.0,108.0,111.0,102.0,103.0,116.0,113.0,108.0,122.0,126.0,113.0,110.0,107.0,107.0,110.0,105.0,113.0,102.0,120.0,123.0,98,102,4
RG300,RG300_167,RG300_167.rcp,94.0,102.0,94.0,96.0,119.0,119.0,95.0,122.0,105.0,105.0,94.0,113.0,113.0,94.0,96.0,103.0,93.0,121.0,126.0,93.0,96.0,91.0,93.0,107.0,103.0,94.0,121.0,122.0,103.0,94.0,95.0,95.0,94.0,96.0,97.0,94.0,108.0,113.0,83,91,8
RG300,RG300_168,RG300_168.rcp,110.0,113.0,102.0,101.0,132.0,129.0,102.0,118.0,128.0,112.0,103.0,116.0,116.0,103.0,106.0,118.0,103.0,121.0,145.0,102.0,113.0,101.0,99.0,116.0,117.0,101.0,115.0,116.0,111.0,103.0,105.0,105.0,103.0,101.0,116.0,100.0,116.0,116.0,94,99,5
RG300,RG300_169,RG300_169.rcp,114.0,122.0,103.0,104.0,139.0,127.0,105.0,125.0,125.0,117.0,103.0,121.0,121.0,103.0,105.0,117.0,102.0,122.0,138.0,111.0,114.0,102.0,103.0,118.0,119.0,104.0,125.0,118.0,129.0,104.0,112.0,112.0,104.0,103.0,114.0,102.0,125.0,128.0,98,102,4
RG300,RG300_170,RG300_170.rcp,113.0,116.0,106.0,103.0,130.0,140.0,107.0,133.0,132.0,113.0,108.0,121.0,121.0,108.0,107.0,115.0,105.0,134.0,133.0,109.0,115.0,111.0,105.0,125.0,117.0,107.0,128.0,135.0,118.0,105.0,119.0,119.0,105.0,103.0,119.0,106.0,124.0,133.0,100,103,3
RG300,RG300_171,RG300_171.rcp,206.0,216.0,207.0,205.0,239.0,235.0,210.0,242.0,232.0,207.0,202.0,221.0,221.0,202.0,206.0,219.0,209.0,233.0,263.0,210.0,208.0,206.0,203.0,230.0,224.0,206.0,254.0,263.0,216.0,217.0,201.0,201.0,217.0,204.0,227.0,204.0,243.0,244.0,191,201,10
RG300,RG300_172,RG300_172.rcp,215.0,227.0,214.0,211.0,247.0,232.0,214.0,238.0,222.0,217.0,214.0,221.0,221.0,214.0,211.0,223.0,208.0,223.0,241.0,208.0,223.0,207.0,206.0,250.0,227.0,209.0,252.0,243.0,217.0,214.0,216.0,216.0,214.0,206.0,216.0,219.0,239.0,266.0,195,206,11
RG300,RG300_173,RG300_173.rcp,232.0,245.0,227.0,225.0,276.0,256.0,232.0,278.0,254.0,236.0,227.0,237.0,237.0,227.0,226.0,248.0,221.0,260.0,268.0,227.0,227.0,239.0,223.0,256.0,256.0,226.0,267.0,285.0,256.0,238.0,234.0,234.0,238.0,219.0,244.0,220.0,275.0,264.0,203,219,16
RG300,RG300_174,RG300_174.rcp,209.0,220.0,211.0,211.0,252.0,250.0,214.0,235.0,242.0,220.0,205.0,227.0,227.0,205.0,210.0,231.0,204.0,233.0,230.0,212.0,216.0,217.0,219.0,249.0,244.0,217.0,246.0,252.0,233.0,206.0,204.0,204.0,206.0,214.0,223.0,206.0,237.0,254.0,189,204,15
RG300,RG300_175,RG300_175.rcp,224.0,232.0,207.0,206.0,254.0,243.0,213.0,248.0,242.0,217.0,217.0,221.0,221.0,217.0,199.0,237.0,197.0,238.0,264.0,223.0,225.0,218.0,210.0,229.0,241.0,243.0,258.0,243.0,235.0,251.0,214.0,214.0,251.0,203.0,251.0,205.0,253.0,252.0,186,197,11
RG300,RG300_176,RG300_176.rcp,219.0,241.0,223.0,219.0,268.0,242.0,222.0,249.0,251.0,233.0,224.0,235.0,235.0,224.0,220.0,235.0,216.0,248.0,292.0,224.0,222.0,223.0,211.0,267.0,250.0,226.0,318.0,315.0,258.0,230.0,240.0,240.0,230.0,221.0,229.0,215.0,259.0,279.0,194,211,17
RG300,RG300_177,RG300_177.rcp,219.0,230.0,221.0,216.0,245.0,243.0,215.0,231.0,251.0,223.0,219.0,217.0,217.0,219.0,214.0,225.0,219.0,229.0,239.0,212.0,216.0,218.0,213.0,244.0,234.0,212.0,255.0,247.0,238.0,217.0,213.0,213.0,217.0,212.0,222.0,213.0,235.0,250.0,196,212,16
RG300,RG300_178,RG300_178.rcp,194.0,207.0,191.0,193.0,219.0,212.0,198.0,227.0,224.0,202.0,199.0,203.0,203.0,199.0,192.0,214.0,190.0,216.0,241.0,193.0,200.0,192.0,188.0,218.0,215.0,196.0,237.0,231.0,206.0,194.0,199.0,199.0,194.0,189.0,209.0,186.0,225.0,237.0,171,186,15
RG300,RG300_179,RG300_179.rcp,216.0,222.0,213.0,211.0,244.0,239.0,214.0,241.0,252.0,232.0,216.0,221.0,221.0,216.0,211.0,231.0,216.0,240.0,266.0,214.0,216.0,208.0,209.0,228.0,235.0,206.0,265.0,267.0,235.0,214.0,210.0,210.0,214.0,204.0,224.0,211.0,242.0,266.0,193,204,11
RG300,RG300_180,RG300_180.rcp,216.0,226.0,204.0,208.0,250.0,230.0,207.0,251.0,236.0,222.0,212.0,220.0,220.0,212.0,211.0,233.0,208.0,229.0,249.0,208.0,216.0,211.0,210.0,251.0,237.0,214.0,258.0,257.0,225.0,212.0,212.0,212.0,212.0,207.0,225.0,198.0,239.0,261.0,188,198,10
RG300,RG300_181,RG300_181.rcp,326.0,332.0,334.0,316.0,363.0,379.0,319.0,362.0,358.0,356.0,320.0,339.0,339.0,320.0,316.0,347.0,314.0,352.0,382.0,324.0,320.0,337.0,318.0,362.0,354.0,319.0,425.0,392.0,373.0,313.0,345.0,345.0,313.0,316.0,334.0,316.0,367.0,448.0,297,313,16
RG300,RG300_182,RG300_182.rcp,343.0,360.0,350.0,350.0,403.0,405.0,347.0,390.0,393.0,354.0,344.0,350.0,350.0,344.0,342.0,355.0,347.0,367.0,379.0,350.0,339.0,350.0,345.0,399.0,399.0,350.0,395.0,432.0,400.0,341.0,362.0,362.0,341.0,338.0,346.0,335.0,401.0,415.0,325,335,10
RG300,RG300_183,RG300_183.rcp,364.0,380.0,363.0,349.0,387.0,408.0,353.0,414.0,382.0,376.0,352.0,343.0,343.0,352.0,363.0,396.0,339.0,378.0,394.0,353.0,374.0,367.0,341.0,400.0,400.0,359.0,418.0,421.0,400.0,346.0,371.0,371.0,346.0,353.0,402.0,345.0,394.0,407.0,325,339,14
RG300,RG300_184,RG300_184.rcp,361.0,369.0,353.0,336.0,399.0,401.0,345.0,391.0,399.0,361.0,364.0,355.0,355.0,364.0,338.0,386.0,331.0,391.0,415.0,341.0,348.0,360.0,328.0,397.0,394.0,335.0,400.0,409.0,390.0,346.0,342.0,342.0,346.0,333.0,363.0,331.0,382.0,406.0,296,328,32
RG300,RG300_185,RG300_185.rcp,322.0,332.0,341.0,323.0,385.0,379.0,316.0,390.0,371.0,337.0,316.0,322.0,322.0,316.0,331.0,350.0,331.0,381.0,382.0,305.0,316.0,341.0,320.0,407.0,368.0,310.0,391.0,401.0,363.0,320.0,332.0,332.0,320.0,324.0,323.0,322.0,376.0,384.0,301,305,4
RG300,RG300_186,RG300_186.rcp,336.0,362.0,343.0,340.0,399.0,365.0,344.0,385.0,366.0,348.0,341.0,343.0,343.0,341.0,341.0,364.0,336.0,372.0,395.0,337.0,349.0,338.0,336.0,357.0,359.0,344.0,400.0,414.0,370.0,350.0,352.0,352.0,350.0,329.0,354.0,333.0,390.0,402.0,322,329,7
RG300,RG300_187,RG300_187.rcp,362.0,371.0,361.0,353.0,394.0,405.0,333.0,400.0,364.0,363.0,346.0,359.0,359.0,346.0,337.0,391.0,343.0,364.0,392.0,365.0,351.0,355.0,349.0,378.0,413.0,343.0,392.0,412.0,415.0,337.0,387.0,387.0,337.0,343.0,376.0,337.0,432.0,420.0,315,333,18
RG300,RG300_188,RG300_188.rcp,403.0,410.0,395.0,399.0,436.0,473.0,405.0,426.0,429.0,406.0,408.0,394.0,394.0,408.0,396.0,430.0,400.0,444.0,445.0,394.0,408.0,392.0,390.0,435.0,414.0,387.0,437.0,438.0,432.0,399.0,416.0,416.0,399.0,392.0,416.0,396.0,485.0,457.0,382,387,5
RG300,RG300_189,RG300_189.rcp,337.0,344.0,328.0,324.0,384.0,368.0,329.0,376.0,359.0,330.0,332.0,343.0,343.0,332.0,334.0,343.0,325.0,355.0,352.0,324.0,326.0,322.0,318.0,368.0,354.0,322.0,391.0,364.0,345.0,318.0,332.0,332.0,318.0,325.0,342.0,315.0,360.0,369.0,302,315,13
RG300,RG300_190,RG300_190.rcp,365.0,371.0,361.0,366.0,389.0,405.0,367.0,412.0,391.0,365.0,381.0,358.0,358.0,381.0,364.0,384.0,359.0,366.0,382.0,364.0,364.0,362.0,364.0,385.0,387.0,366.0,431.0,408.0,411.0,367.0,372.0,372.0,367.0,363.0,380.0,360.0,421.0,411.0,345,358,13
RG300,RG300_191,RG300_191.rcp,459.0,448.0,452.0,435.0,473.0,484.0,434.0,487.0,491.0,483.0,448.0,477.0,477.0,448.0,438.0,464.0,439.0,501.0,520.0,442.0,437.0,441.0,431.0,487.0,493.0,430.0,547.0,579.0,508.0,435.0,480.0,480.0,435.0,429.0,441.0,428.0,521.0,564.0,411,428,17
RG300,RG300_192,RG300_192.rcp,420.0,426.0,409.0,408.0,451.0,474.0,412.0,453.0,439.0,424.0,403.0,431.0,431.0,403.0,422.0,426.0,417.0,438.0,502.0,407.0,411.0,408.0,406.0,438.0,454.0,401.0,466.0,496.0,458.0,401.0,438.0,438.0,401.0,404.0,413.0,401.0,476.0,495.0,394,401,7
RG300,RG300_193,RG300_193.rcp,439.0,451.0,420.0,418.0,472.0,488.0,420.0,483.0,508.0,463.0,420.0,469.0,469.0,420.0,414.0,459.0,418.0,462.0,517.0,432.0,441.0,422.0,408.0,464.0,490.0,410.0,509.0,522.0,500.0,417.0,476.0,476.0,417.0,413.0,443.0,407.0,499.0,532.0,396,407,11
RG300,RG300_194,RG300_194.rcp,473.0,472.0,463.0,460.0,500.0,468.0,472.0,487.0,489.0,474.0,468.0,460.0,460.0,468.0,464.0,474.0,460.0,469.0,517.0,470.0,465.0,464.0,463.0,470.0,473.0,462.0,497.0,522.0,516.0,470.0,482.0,482.0,470.0,465.0,469.0,462.0,506.0,509.0,459,460,1
RG300,RG300_195,RG300_195.rcp,397.0,399.0,398.0,397.0,427.0,431.0,402.0,424.0,422.0,418.0,401.0,420.0,420.0,401.0,397.0,405.0,405.0,435.0,531.0,397.0,397.0,397.0,391.0,402.0,450.0,397.0,454.0,455.0,434.0,397.0,445.0,445.0,397.0,391.0,397.0,391.0,426.0,446.0,391,391,0
RG300,RG300_196,RG300_196.rcp,449.0,453.0,445.0,438.0,479.0,478.0,442.0,466.0,471.0,458.0,443.0,440.0,440.0,443.0,439.0,444.0,441.0,464.0,463.0,434.0,442.0,438.0,434.0,455.0,447.0,438.0,485.0,469.0,494.0,442.0,459.0,459.0,442.0,436.0,441.0,436.0,448.0,547.0,430,434,4
RG300,RG300_197,RG300_197.rcp,408.0,413.0,407.0,404.0,463.0,445.0,404.0,449.0,438.0,432.0,409.0,421.0,421.0,409.0,405.0,440.0,404.0,463.0,487.0,406.0,406.0,428.0,404.0,429.0,458.0,404.0,496.0,503.0,499.0,412.0,439.0,439.0,412.0,404.0,426.0,404.0,494.0,506.0,402,404,2
RG300,RG300_198,RG300_198.rcp,416.0,421.0,417.0,416.0,462.0,487.0,416.0,455.0,464.0,444.0,421.0,439.0,439.0,421.0,419.0,429.0,422.0,480.0,486.0,415.0,416.0,416.0,415.0,435.0,455.0,416.0,487.0,480.0,477.0,415.0,451.0,451.0,415.0,416.0,422.0,415.0,474.0,508.0,409,415,6
RG300,RG300_199,RG300_199.rcp,418.0,422.0,403.0,395.0,495.0,452.0,391.0,443.0,436.0,440.0,390.0,448.0,448.0,390.0,392.0,414.0,394.0,460.0,486.0,416.0,420.0,403.0,386.0,464.0,437.0,384.0,519.0,492.0,469.0,384.0,475.0,475.0,384.0,383.0,409.0,383.0,481.0,478.0,373,383,10
RG300,RG300_200,RG300_200.rcp,450.0,456.0,450.0,451.0,489.0,462.0,455.0,472.0,465.0,468.0,448.0,450.0,450.0,448.0,458.0,463.0,453.0,466.0,480.0,448.0,445.0,449.0,451.0,456.0,456.0,449.0,462.0,511.0,471.0,445.0,446.0,446.0,445.0,450.0,458.0,451.0,460.0,474.0,441,445,4
RG300,RG300_201,RG300_201.rcp,200.0,204.0,196.0,196.0,234.0,232.0,197.0,231.0,217.0,203.0,197.0,214.0,202.0,197.0,198.0,204.0,193.0,226.0,233.0,192.0,189.0,184.0,185.0,203.0,209.0,188.0,213.0,209.0,206.0,188.0,198.0,190.0,188.0,183.0,192.0,185.0,210.0,223.0,177,183,6
RG300,RG300_202,RG300_202.rcp,212.0,216.0,203.0,208.0,247.0,242.0,207.0,233.0,224.0,211.0,210.0,231.0,227.0,210.0,212.0,218.0,208.0,251.0,267.0,196.0,200.0,192.0,195.0,210.0,216.0,195.0,226.0,210.0,215.0,197.0,198.0,206.0,197.0,192.0,201.0,193.0,216.0,222.0,185,192,7
RG300,RG300_203,RG300_203.rcp,218.0,226.0,212.0,222.0,257.0,260.0,216.0,254.0,236.0,232.0,217.0,236.0,241.0,217.0,217.0,228.0,215.0,254.0,258.0,206.0,207.0,199.0,198.0,221.0,223.0,202.0,224.0,233.0,225.0,207.0,214.0,218.0,207.0,198.0,215.0,198.0,231.0,233.0,189,198,9
RG300,RG300_204,RG300_204.rcp,206.0,225.0,206.0,216.0,251.0,233.0,209.0,245.0,225.0,215.0,212.0,234.0,234.0,212.0,212.0,214.0,209.0,237.0,263.0,199.0,204.0,202.0,198.0,223.0,213.0,195.0,228.0,222.0,216.0,204.0,203.0,201.0,204.0,205.0,205.0,193.0,220.0,239.0,187,193,6
RG300,RG300_205,RG300_205.rcp,193.0,214.0,187.0,190.0,239.0,207.0,189.0,223.0,218.0,196.0,196.0,212.0,206.0,196.0,190.0,199.0,186.0,214.0,229.0,181.0,189.0,179.0,178.0,190.0,196.0,178.0,213.0,209.0,197.0,179.0,190.0,189.0,179.0,178.0,190.0,177.0,193.0,207.0,174,177,3
RG300,RG300_206,RG300_206.rcp,219.0,236.0,205.0,206.0,258.0,232.0,208.0,235.0,232.0,217.0,213.0,226.0,225.0,213.0,214.0,232.0,207.0,249.0,271.0,206.0,206.0,196.0,195.0,219.0,209.0,196.0,213.0,233.0,219.0,200.0,211.0,202.0,200.0,200.0,213.0,192.0,238.0,227.0,190,192,2
RG300,RG300_207,RG300_207.rcp,199.0,202.0,195.0,195.0,232.0,225.0,192.0,217.0,217.0,201.0,196.0,224.0,211.0,196.0,191.0,202.0,189.0,223.0,239.0,183.0,184.0,184.0,182.0,202.0,199.0,184.0,212.0,212.0,191.0,187.0,187.0,183.0,187.0,182.0,189.0,181.0,208.0,213.0,176,181,5
RG300,RG300_208,RG300_208.rcp,198.0,212.0,200.0,198.0,240.0,236.0,194.0,233.0,218.0,203.0,201.0,218.0,222.0,201.0,195.0,207.0,197.0,232.0,253.0,190.0,192.0,190.0,189.0,203.0,205.0,188.0,213.0,220.0,201.0,190.0,197.0,198.0,190.0,188.0,194.0,189.0,216.0,227.0,183,188,5
RG300,RG300_209,RG300_209.rcp,204.0,218.0,198.0,204.0,243.0,234.0,203.0,229.0,231.0,221.0,202.0,231.0,216.0,202.0,202.0,211.0,200.0,221.0,230.0,198.0,200.0,194.0,195.0,216.0,204.0,197.0,216.0,214.0,211.0,199.0,203.0,200.0,199.0,194.0,202.0,194.0,219.0,226.0,192,194,2
RG300,RG300_210,RG300_210.rcp,202.0,215.0,193.0,199.0,242.0,223.0,198.0,219.0,212.0,207.0,202.0,219.0,230.0,202.0,196.0,207.0,192.0,233.0,252.0,190.0,196.0,185.0,182.0,209.0,200.0,184.0,205.0,213.0,204.0,186.0,190.0,190.0,186.0,183.0,196.0,183.0,209.0,225.0,177,182,5
RG300,RG300_211,RG300_211.rcp,425.0,451.0,418.0,413.0,484.0,458.0,425.0,474.0,466.0,434.0,429.0,437.0,440.0,429.0,414.0,443.0,410.0,473.0,530.0,394.0,412.0,406.0,391.0,443.0,446.0,400.0,488.0,487.0,435.0,403.0,401.0,404.0,403.0,403.0,426.0,394.0,500.0,494.0,359,391,32
RG300,RG300_212,RG300_212.rcp,449.0,485.0,432.0,452.0,514.0,489.0,440.0,508.0,481.0,446.0,454.0,451.0,450.0,454.0,436.0,491.0,436.0,461.0,548.0,412.0,436.0,419.0,414.0,468.0,496.0,418.0,512.0,500.0,460.0,418.0,405.0,411.0,418.0,414.0,446.0,402.0,464.0,508.0,369,402,33
RG300,RG300_213,RG300_213.rcp,480.0,509.0,467.0,479.0,570.0,540.0,472.0,511.0,524.0,494.0,469.0,497.0,497.0,469.0,463.0,521.0,463.0,510.0,533.0,457.0,459.0,452.0,446.0,511.0,510.0,436.0,533.0,549.0,493.0,449.0,445.0,462.0,449.0,442.0,481.0,433.0,518.0,549.0,397,433,36
RG300,RG300_214,RG300_214.rcp,468.0,494.0,453.0,461.0,537.0,529.0,462.0,520.0,511.0,471.0,464.0,479.0,480.0,464.0,453.0,497.0,454.0,498.0,547.0,438.0,459.0,442.0,433.0,476.0,481.0,427.0,508.0,502.0,466.0,441.0,456.0,439.0,441.0,430.0,466.0,429.0,492.0,518.0,396,427,31
RG300,RG300_215,RG300_215.rcp,452.0,486.0,431.0,431.0,527.0,480.0,450.0,483.0,471.0,458.0,442.0,449.0,459.0,442.0,430.0,486.0,423.0,468.0,523.0,412.0,417.0,416.0,404.0,438.0,461.0,414.0,472.0,485.0,466.0,428.0,415.0,412.0,428.0,409.0,420.0,418.0,456.0,499.0,371,404,33
RG300,RG300_216,RG300_216.rcp,466.0,491.0,450.0,460.0,541.0,499.0,462.0,515.0,498.0,464.0,478.0,482.0,458.0,478.0,444.0,498.0,442.0,513.0,524.0,443.0,452.0,447.0,451.0,476.0,491.0,447.0,508.0,494.0,468.0,462.0,445.0,435.0,462.0,419.0,476.0,428.0,489.0,501.0,396,419,23
RG300,RG300_217,RG300_217.rcp,440.0,465.0,429.0,427.0,497.0,468.0,434.0,496.0,465.0,433.0,431.0,446.0,455.0,431.0,426.0,455.0,419.0,473.0,501.0,414.0,412.0,417.0,404.0,478.0,464.0,400.0,475.0,466.0,437.0,400.0,408.0,430.0,400.0,401.0,435.0,393.0,459.0,483.0,361,393,32
RG300,RG300_218,RG300_218.rcp,441.0,460.0,425.0,423.0,496.0,518.0,420.0,488.0,480.0,448.0,435.0,453.0,450.0,435.0,433.0,453.0,426.0,479.0,484.0,413.0,420.0,419.0,411.0,451.0,466.0,413.0,495.0,488.0,453.0,419.0,420.0,414.0,419.0,413.0,431.0,405.0,455.0,485.0,381,405,24
RG300,RG300_219,RG300_219.rcp,429.0,453.0,421.0,428.0,511.0,472.0,424.0,491.0,478.0,430.0,431.0,442.0,452.0,431.0,422.0,459.0,420.0,464.0,481.0,408.0,411.0,416.0,403.0,467.0,453.0,411.0,481.0,457.0,449.0,420.0,414.0,398.0,420.0,406.0,434.0,407.0,459.0,479.0,370,398,28
RG300,RG300_220,RG300_220.rcp,420.0,442.0,402.0,413.0,483.0,453.0,414.0,457.0,448.0,421.0,419.0,432.0,431.0,419.0,412.0,444.0,411.0,470.0,483.0,394.0,402.0,393.0,396.0,449.0,458.0,403.0,469.0,446.0,423.0,407.0,398.0,387.0,407.0,389.0,412.0,383.0,469.0,453.0,356,383,27
RG300,RG300_221,RG300_221.rcp,713.0,765.0,694.0,702.0,852.0,764.0,725.0,787.0,803.0,732.0,726.0,729.0,715.0,726.0,710.0,759.0,685.0,746.0,791.0,676.0,676.0,659.0,645.0,724.0,749.0,665.0,811.0,819.0,756.0,663.0,683.0,681.0,663.0,660.0,685.0,639.0,767.0,808.0,591,639,48
RG300,RG300_222,RG300_222.rcp,661.0,713.0,657.0,679.0,775.0,739.0,681.0,736.0,708.0,687.0,677.0,688.0,672.0,677.0,656.0,719.0,665.0,706.0,744.0,631.0,634.0,637.0,622.0,683.0,725.0,631.0,767.0,732.0,713.0,616.0,641.0,640.0,616.0,628.0,645.0,618.0,736.0,728.0,558,616,58
RG300,RG300_223,RG300_223.rcp,751.0,806.0,740.0,744.0,849.0,838.0,737.0,821.0,839.0,740.0,748.0,796.0,768.0,748.0,731.0,784.0,739.0,791.0,877.0,700.0,718.0,713.0,702.0,760.0,785.0,688.0,800.0,793.0,784.0,696.0,712.0,739.0,696.0,719.0,721.0,684.0,806.0,818.0,625,684,59
RG300,RG300_224,RG300_224.rcp,748.0,795.0,723.0,730.0,865.0,843.0,749.0,839.0,810.0,751.0,759.0,762.0,768.0,759.0,733.0,813.0,731.0,817.0,893.0,709.0,712.0,701.0,686.0,755.0,760.0,688.0,820.0,843.0,812.0,695.0,723.0,744.0,695.0,703.0,718.0,689.0,752.0,839.0,622,686,64
RG300,RG300_225,RG300_225.rcp,729.0,794.0,734.0,730.0,870.0,828.0,731.0,823.0,794.0,758.0,752.0,737.0,763.0,752.0,707.0,809.0,728.0,788.0,846.0,682.0,693.0,687.0,679.0,750.0,761.0,685.0,812.0,759.0,768.0,694.0,698.0,760.0,694.0,692.0,735.0,668.0,739.0,827.0,622,668,46
RG300,RG300_226,RG300_226.rcp,738.0,799.0,736.0,730.0,892.0,814.0,740.0,857.0,789.0,766.0,741.0,758.0,765.0,741.0,740.0,784.0,712.0,857.0,879.0,688.0,705.0,702.0,696.0,774.0,767.0,706.0,823.0,810.0,797.0,697.0,726.0,738.0,697.0,714.0,734.0,694.0,817.0,863.0,629,688,59
RG300,RG300_227,RG300_227.rcp,692.0,739.0,669.0,686.0,818.0,728.0,687.0,776.0,773.0,687.0,693.0,712.0,714.0,693.0,685.0,718.0,666.0,738.0,778.0,644.0,656.0,649.0,640.0,687.0,734.0,637.0,725.0,762.0,738.0,633.0,656.0,658.0,633.0,636.0,673.0,632.0,731.0,765.0,567,632,65
RG300,RG300_228,RG300_228.rcp,717.0,741.0,691.0,700.0,856.0,797.0,715.0,827.0,761.0,709.0,699.0,732.0,708.0,699.0,689.0,767.0,687.0,818.0,818.0,665.0,678.0,672.0,649.0,742.0,716.0,669.0,777.0,749.0,736.0,667.0,680.0,668.0,667.0,650.0,694.0,646.0,729.0,792.0,589,646,57
RG300,RG300_229,RG300_229.rcp,700.0,759.0,699.0,704.0,847.0,796.0,696.0,830.0,840.0,738.0,703.0,747.0,735.0,703.0,703.0,757.0,669.0,802.0,806.0,660.0,673.0,659.0,642.0,703.0,734.0,652.0,780.0,774.0,734.0,647.0,698.0,691.0,647.0,663.0,689.0,652.0,727.0,777.0,590,642,52
RG300,RG300_230,RG300_230.rcp,764.0,801.0,760.0,763.0,895.0,864.0,763.0,854.0,866.0,777.0,790.0,791.0,808.0,790.0,745.0,810.0,742.0,860.0,853.0,738.0,749.0,738.0,720.0,818.0,815.0,722.0,860.0,849.0,827.0,731.0,765.0,799.0,731.0,729.0,767.0,714.0,811.0,877.0,663,714,51
RG300,RG300_231,RG300_231.rcp,880.0,940.0,865.0,859.0,1077.0,968.0,878.0,1030.0,951.0,929.0,868.0,964.0,976.0,868.0,872.0,913.0,858.0,1000.0,1100.0,837.0,847.0,837.0,827.0,890.0,865.0,828.0,971.0,923.0,923.0,827.0,891.0,910.0,827.0,856.0,843.0,829.0,931.0,995.0,797,827,30
RG300,RG300_232,RG300_232.rcp,961.0,1024.0,933.0,956.0,1134.0,1061.0,943.0,1031.0,1027.0,984.0,961.0,1007.0,1040.0,961.0,974.0,974.0,961.0,1040.0,1111.0,923.0,923.0,908.0,904.0,978.0,936.0,906.0,1043.0,1028.0,1005.0,925.0,955.0,979.0,925.0,932.0,920.0,913.0,1002.0,1090.0,862,904,42
RG300,RG300_233,RG300_233.rcp,907.0,971.0,902.0,894.0,1098.0,931.0,892.0,984.0,985.0,917.0,909.0,948.0,945.0,909.0,898.0,941.0,899.0,979.0,1091.0,859.0,891.0,890.0,873.0,915.0,935.0,868.0,980.0,984.0,957.0,879.0,910.0,943.0,879.0,903.0,880.0,864.0,958.0,992.0,833,859,26
RG300,RG300_234,RG300_234.rcp,879.0,926.0,853.0,867.0,1064.0,921.0,854.0,967.0,947.0,906.0,864.0,905.0,964.0,864.0,899.0,888.0,869.0,987.0,1011.0,822.0,839.0,847.0,821.0,895.0,892.0,818.0,945.0,937.0,928.0,827.0,882.0,886.0,827.0,882.0,829.0,806.0,907.0,954.0,785,806,21
RG300,RG300_235,RG300_235.rcp,954.0,1030.0,944.0,951.0,1143.0,992.0,954.0,1019.0,981.0,952.0,940.0,1016.0,988.0,940.0,983.0,1001.0,980.0,1052.0,1139.0,904.0,899.0,895.0,886.0,936.0,970.0,894.0,1056.0,1055.0,1033.0,895.0,997.0,1007.0,895.0,923.0,902.0,891.0,1007.0,1085.0,854,886,32
RG300,RG300_236,RG300_236.rcp,959.0,1001.0,918.0,904.0,1106.0,1020.0,912.0,1065.0,1046.0,988.0,924.0,1036.0,1054.0,924.0,942.0,987.0,913.0,1052.0,1037.0,891.0,908.0,883.0,877.0,965.0,975.0,890.0,1050.0,1052.0,1029.0,890.0,1001.0,985.0,890.0,930.0,920.0,883.0,1034.0,1061.0,843,877,34
RG300,RG300_237,RG300_237.rcp,965.0,1045.0,973.0,978.0,1153.0,1088.0,976.0,1069.0,1093.0,1015.0,978.0,1034.0,1019.0,978.0,967.0,1001.0,953.0,1122.0,1196.0,915.0,932.0,942.0,929.0,980.0,1048.0,928.0,1060.0,1124.0,1102.0,915.0,1006.0,1069.0,915.0,972.0,949.0,919.0,1059.0,1114.0,870,915,45
RG300,RG300_238,RG300_238.rcp,982.0,1049.0,945.0,935.0,1149.0,1055.0,921.0,1034.0,1052.0,987.0,934.0,1026.0,1025.0,934.0,958.0,1014.0,942.0,1068.0,1163.0,947.0,957.0,916.0,896.0,979.0,986.0,898.0,1029.0,1066.0,1015.0,908.0,964.0,966.0,908.0,931.0,956.0,900.0,1032.0,1092.0,861,896,35
RG300,RG300_239,RG300_239.rcp,949.0,1002.0,938.0,931.0,1109.0,1043.0,929.0,1022.0,996.0,949.0,948.0,988.0,972.0,948.0,941.0,1007.0,922.0,1008.0,1131.0,905.0,924.0,908.0,883.0,961.0,966.0,873.0,1025.0,1049.0,1033.0,906.0,950.0,1004.0,906.0,952.0,929.0,874.0,1021.0,1023.0,832,873,41
RG300,RG300_240,RG300_240.rcp,1014.0,1052.0,970.0,992.0,1127.0,1070.0,1001.0,1104.0,1132.0,1029.0,1013.0,1061.0,1081.0,1013.0,1010.0,1031.0,997.0,1081.0,1090.0,952.0,966.0,954.0,962.0,1072.0,1071.0,953.0,1084.0,1141.0,1067.0,949.0,1020.0,1022.0,949.0,1017.0,983.0,953.0,1041.0,1087.0,918,949,31
RG300,RG300_241,RG300_241.rcp,333.0,345.0,328.0,331.0,385.0,354.0,334.0,371.0,349.0,336.0,340.0,340.0,348.0,340.0,330.0,350.0,328.0,363.0,397.0,307.0,317.0,308.0,309.0,332.0,335.0,305.0,341.0,336.0,322.0,307.0,313.0,317.0,307.0,302.0,319.0,305.0,340.0,356.0,289,302,13
RG300,RG300_242,RG300_242.rcp,309.0,317.0,300.0,302.0,349.0,325.0,306.0,337.0,323.0,308.0,317.0,329.0,324.0,317.0,308.0,320.0,303.0,328.0,376.0,291.0,289.0,282.0,281.0,294.0,295.0,283.0,317.0,311.0,305.0,285.0,285.0,284.0,285.0,279.0,289.0,280.0,314.0,324.0,266,279,13
RG300,RG300_243,RG300_243.rcp,289.0,303.0,286.0,292.0,344.0,320.0,293.0,320.0,308.0,295.0,291.0,304.0,311.0,291.0,299.0,304.0,287.0,331.0,354.0,269.0,274.0,268.0,268.0,286.0,286.0,270.0,301.0,296.0,283.0,275.0,277.0,273.0,275.0,265.0,271.0,265.0,300.0,306.0,254,265,11
RG300,RG300_244,RG300_244.rcp,296.0,308.0,294.0,297.0,330.0,325.0,300.0,317.0,322.0,297.0,297.0,310.0,309.0,297.0,305.0,310.0,290.0,318.0,333.0,276.0,276.0,278.0,273.0,301.0,289.0,273.0,301.0,298.0,296.0,275.0,271.0,275.0,275.0,273.0,279.0,271.0,310.0,309.0,256,271,15
RG300,RG300_245,RG300_245.rcp,316.0,320.0,302.0,311.0,344.0,338.0,311.0,352.0,337.0,312.0,314.0,330.0,331.0,314.0,310.0,322.0,306.0,348.0,375.0,288.0,299.0,290.0,289.0,317.0,305.0,288.0,325.0,326.0,303.0,294.0,296.0,290.0,294.0,288.0,295.0,287.0,318.0,334.0,274,287,13
RG300,RG300_246,RG300_246.rcp,326.0,335.0,312.0,314.0,370.0,346.0,316.0,353.0,346.0,325.0,323.0,339.0,341.0,323.0,318.0,334.0,316.0,358.0,363.0,304.0,304.0,292.0,294.0,310.0,326.0,292.0,332.0,330.0,309.0,290.0,299.0,305.0,290.0,293.0,302.0,290.0,327.0,337.0,276,290,14
RG300,RG300_247,RG300_247.rcp,296.0,308.0,289.0,299.0,339.0,316.0,294.0,330.0,315.0,297.0,301.0,314.0,317.0,301.0,296.0,310.0,293.0,328.0,341.0,276.0,282.0,274.0,269.0,298.0,290.0,275.0,300.0,297.0,289.0,273.0,279.0,276.0,273.0,271.0,290.0,269.0,305.0,307.0,259,269,10
RG300,RG300_248,RG300_248.rcp,331.0,337.0,321.0,326.0,364.0,342.0,330.0,354.0,349.0,332.0,329.0,341.0,339.0,329.0,320.0,339.0,325.0,359.0,387.0,308.0,306.0,305.0,302.0,327.0,321.0,300.0,328.0,332.0,328.0,304.0,309.0,319.0,304.0,307.0,318.0,299.0,333.0,339.0,283,299,16
RG300,RG300_249,RG300_249.rcp,325.0,341.0,313.0,318.0,370.0,351.0,317.0,352.0,331.0,327.0,326.0,336.0,334.0,326.0,321.0,338.0,312.0,355.0,375.0,298.0,307.0,297.0,297.0,322.0,311.0,297.0,325.0,321.0,312.0,298.0,306.0,316.0,298.0,296.0,308.0,292.0,322.0,330.0,283,292,9
RG300,RG300_250,RG300_250.rcp,298.0,315.0,295.0,301.0,337.0,326.0,296.0,328.0,321.0,300.0,302.0,318.0,318.0,302.0,290.0,311.0,291.0,324.0,345.0,277.0,284.0,281.0,281.0,300.0,298.0,277.0,305.0,312.0,291.0,281.0,281.0,291.0,281.0,276.0,285.0,278.0,318.0,313.0,262,276,14
RG300,RG300_251,RG300_251.rcp,692.0,715.0,672.0,679.0,782.0,736.0,692.0,720.0,742.0,680.0,676.0,708.0,699.0,676.0,698.0,711.0,665.0,732.0,760.0,627.0,648.0,649.0,637.0,711.0,717.0,632.0,744.0,721.0,683.0,645.0,640.0,652.0,645.0,654.0,658.0,620.0,707.0,734.0,568,620,52
RG300,RG300_252,RG300_252.rcp,697.0,747.0,681.0,684.0,805.0,755.0,705.0,785.0,763.0,718.0,703.0,703.0,722.0,703.0,672.0,739.0,682.0,775.0,799.0,657.0,665.0,649.0,640.0,718.0,712.0,637.0,764.0,744.0,689.0,636.0,671.0,661.0,636.0,656.0,664.0,628.0,727.0,738.0,580,628,48
RG300,RG300_253,RG300_253.rcp,687.0,724.0,668.0,675.0,795.0,759.0,680.0,774.0,716.0,687.0,687.0,708.0,697.0,687.0,667.0,723.0,673.0,737.0,746.0,651.0,653.0,634.0,615.0,710.0,704.0,632.0,750.0,735.0,681.0,634.0,632.0,645.0,634.0,627.0,680.0,612.0,688.0,718.0,565,612,47
RG300,RG300_254,RG300_254.rcp,690.0,730.0,680.0,696.0,790.0,744.0,695.0,778.0,729.0,701.0,710.0,714.0,715.0,710.0,705.0,719.0,677.0,725.0,787.0,653.0,651.0,644.0,639.0,693.0,727.0,634.0,714.0,725.0,695.0,643.0,640.0,648.0,643.0,624.0,662.0,625.0,723.0,715.0,574,624,50
RG300,RG300_255,RG300_255.rcp,680.0,731.0,690.0,705.0,785.0,752.0,697.0,759.0,777.0,700.0,703.0,700.0,720.0,703.0,697.0,728.0,671.0,726.0,754.0,646.0,658.0,646.0,637.0,708.0,709.0,651.0,751.0,744.0,701.0,644.0,652.0,651.0,644.0,644.0,673.0,633.0,733.0,746.0,578,633,55
RG300,RG300_256,RG300_256.rcp,703.0,745.0,676.0,687.0,796.0,795.0,692.0,733.0,745.0,692.0,698.0,714.0,731.0,698.0,691.0,743.0,693.0,757.0,780.0,651.0,660.0,651.0,639.0,705.0,709.0,639.0,758.0,739.0,699.0,646.0,642.0,671.0,646.0,663.0,669.0,633.0,715.0,755.0,574,633,59
RG300,RG300_257,RG300_257.rcp,654.0,673.0,632.0,628.0,763.0,716.0,636.0,733.0,699.0,647.0,636.0,664.0,675.0,636.0,629.0,674.0,629.0,722.0,734.0,597.0,599.0,602.0,585.0,652.0,700.0,600.0,711.0,704.0,647.0,600.0,598.0,593.0,600.0,588.0,631.0,571.0,664.0,702.0,530,571,41
RG300,RG300_258,RG300_258.rcp,704.0,739.0,689.0,697.0,790.0,729.0,701.0,771.0,746.0,685.0,701.0,704.0,709.0,701.0,689.0,750.0,687.0,746.0,765.0,648.0,670.0,660.0,637.0,708.0,719.0,648.0,737.0,743.0,717.0,650.0,630.0,648.0,650.0,644.0,660.0,629.0,748.0,711.0,575,629,54
RG300,RG300_259,RG300_259.rcp,690.0,713.0,676.0,692.0,744.0,750.0,678.0,732.0,748.0,685.0,674.0,708.0,693.0,674.0,675.0,724.0,676.0,793.0,763.0,638.0,648.0,633.0,625.0,703.0,696.0,625.0,733.0,734.0,689.0,626.0,629.0,645.0,626.0,625.0,662.0,619.0,706.0,713.0,563,619,56
RG300,RG300_260,RG300_260.rcp,744.0,767.0,748.0,731.0,847.0,842.0,756.0,823.0,772.0,754.0,751.0,741.0,764.0,751.0,753.0,778.0,735.0,831.0,861.0,696.0,710.0,683.0,675.0,772.0,767.0,684.0,785.0,811.0,744.0,697.0,698.0,697.0,697.0,688.0,741.0,686.0,761.0,829.0,616,675,59
RG300,RG300_261,RG300_261.rcp,1313.0,1342.0,1268.0,1291.0,1417.0,1371.0,1279.0,1439.0,1379.0,1314.0,1303.0,1341.0,1328.0,1303.0,1311.0,1351.0,1265.0,1383.0,1415.0,1227.0,1244.0,1219.0,1198.0,1314.0,1302.0,1192.0,1392.0,1387.0,1363.0,1198.0,1219.0,1240.0,1198.0,1251.0,1263.0,1180.0,1340.0,1409.0,1089,1180,91
RG300,RG300_262,RG300_262.rcp,1304.0,1354.0,1307.0,1269.0,1467.0,1418.0,1287.0,1399.0,1398.0,1327.0,1313.0,1290.0,1302.0,1313.0,1294.0,1349.0,1277.0,1348.0,1394.0,1262.0,1278.0,1272.0,1226.0,1346.0,1355.0,1244.0,1392.0,1399.0,1359.0,1260.0,1271.0,1284.0,1260.0,1263.0,1273.0,1216.0,1362.0,1392.0,1141,1216,75
RG300,RG300_263,RG300_263.rcp,1189.0,1261.0,1246.0,1214.0,1352.0,1339.0,1202.0,1298.0,1281.0,1249.0,1191.0,1241.0,1209.0,1191.0,1242.0,1251.0,1189.0,1273.0,1306.0,1163.0,1195.0,1214.0,1162.0,1270.0,1269.0,1170.0,1301.0,1312.0,1294.0,1177.0,1144.0,1210.0,1177.0,1233.0,1205.0,1151.0,1306.0,1289.0,1054,1144,90
RG300,RG300_264,RG300_264.rcp,1270.0,1285.0,1248.0,1254.0,1448.0,1373.0,1264.0,1409.0,1369.0,1305.0,1264.0,1281.0,1303.0,1264.0,1240.0,1323.0,1235.0,1332.0,1370.0,1217.0,1228.0,1230.0,1199.0,1302.0,1298.0,1201.0,1380.0,1386.0,1335.0,1226.0,1206.0,1242.0,1226.0,1218.0,1249.0,1173.0,1350.0,1329.0,1094,1173,79
RG300,RG300_265,RG300_265.rcp,1316.0,1320.0,1288.0,1267.0,1436.0,1417.0,1280.0,1426.0,1404.0,1330.0,1286.0,1307.0,1318.0,1286.0,1285.0,1361.0,1254.0,1388.0,1418.0,1240.0,1259.0,1253.0,1200.0,1330.0,1337.0,1231.0,1407.0,1387.0,1368.0,1204.0,1224.0,1244.0,1204.0,1265.0,1278.0,1190.0,1375.0,1339.0,1112,1190,78
RG300,RG300_266,RG300_266.rcp,1261.0,1298.0,1268.0,1242.0,1434.0,1332.0,1243.0,1373.0,1343.0,1318.0,1270.0,1296.0,1266.0,1270.0,1236.0,1321.0,1209.0,1305.0,1398.0,1180.0,1224.0,1219.0,1194.0,1304.0,1281.0,1187.0,1351.0,1379.0,1334.0,1207.0,1197.0,1182.0,1207.0,1259.0,1238.0,1159.0,1312.0,1328.0,1082,1159,77
RG300,RG300_267,RG300_267.rcp,1291.0,1315.0,1232.0,1215.0,1403.0,1397.0,1225.0,1351.0,1417.0,1324.0,1230.0,1234.0,1293.0,1230.0,1225.0,1302.0,1195.0,1331.0,1430.0,1183.0,1215.0,1186.0,1142.0,1284.0,1295.0,1149.0,1299.0,1367.0,1351.0,1189.0,1184.0,1233.0,1189.0,1187.0,1225.0,1151.0,1323.0,1372.0,1056,1142,86
RG300,RG300_268,RG300_268.rcp,1254.0,1311.0,1242.0,1258.0,1398.0,1371.0,1253.0,1413.0,1373.0,1306.0,1267.0,1267.0,1296.0,1267.0,1250.0,1308.0,1215.0,1328.0,1388.0,1203.0,1221.0,1216.0,1191.0,1310.0,1280.0,1205.0,1370.0,1362.0,1280.0,1203.0,1198.0,1231.0,1203.0,1218.0,1240.0,1185.0,1295.0,1367.0,1109,1185,76
RG300,RG300_269,RG300_269.rcp,1301.0,1350.0,1280.0,1283.0,1458.0,1425.0,1269.0,1411.0,1443.0,1324.0,1279.0,1298.0,1323.0,1279.0,1323.0,1316.0,1251.0,1374.0,1404.0,1237.0,1246.0,1245.0,1217.0,1331.0,1317.0,1214.0,1378.0,1386.0,1387.0,1223.0,1245.0,1271.0,1223.0,1303.0,1258.0,1196.0,1382.0,1395.0,1132,1196,64
RG300,RG300_270,RG300_270.rcp,1221.0,1263.0,1212.0,1203.0,1355.0,1307.0,1190.0,1309.0,1341.0,1275.0,1189.0,1203.0,1215.0,1189.0,1233.0,1241.0,1194.0,1290.0,1337.0,1169.0,1191.0,1190.0,1148.0,1233.0,1236.0,1143.0,1299.0,1312.0,1254.0,1143.0,1170.0,1204.0,1143.0,1235.0,1191.0,1121.0,1287.0,1286.0,1051,1121,70
RG300,RG300_271,RG300_271.rcp,1580.0,1590.0,1592.0,1598.0,1601.0,1603.0,1604.0,1603.0,1602.0,1595.0,1599.0,1585.0,1588.0,1599.0,1590.0,1594.0,1583.0,1591.0,1597.0,1571.0,1575.0,1584.0,1584.0,1579.0,1600.0,1590.0,1600.0,1599.0,1595.0,1590.0,1573.0,1573.0,1590.0,1584.0,1571.0,1571.0,1591.0,1578.0,1567,1571,4
RG300,RG300_272,RG300_272.rcp,1544.0,1547.0,1542.0,1545.0,1551.0,1573.0,1541.0,1555.0,1569.0,1555.0,1541.0,1542.0,1544.0,1541.0,1542.0,1550.0,1542.0,1559.0,1568.0,1541.0,1547.0,1541.0,1541.0,1547.0,1549.0,1548.0,1552.0,1564.0,1555.0,1541.0,1542.0,1550.0,1541.0,1540.0,1550.0,1547.0,1554.0,1568.0,1536,1540,4
RG300,RG300_273,RG300_273.rcp,1630.0,1633.0,1619.0,1619.0,1640.0,1628.0,1623.0,1634.0,1635.0,1624.0,1620.0,1628.0,1632.0,1620.0,1621.0,1630.0,1628.0,1637.0,1641.0,1625.0,1630.0,1615.0,1615.0,1628.0,1625.0,1619.0,1631.0,1634.0,1624.0,1619.0,1616.0,1615.0,1619.0,1621.0,1630.0,1615.0,1630.0,1630.0,1612,1615,3
RG300,RG300_274,RG300_274.rcp,1601.0,1602.0,1593.0,1597.0,1620.0,1606.0,1603.0,1608.0,1595.0,1590.0,1606.0,1606.0,1598.0,1606.0,1609.0,1610.0,1596.0,1599.0,1602.0,1587.0,1582.0,1588.0,1588.0,1593.0,1595.0,1582.0,1594.0,1593.0,1588.0,1582.0,1578.0,1579.0,1582.0,1591.0,1591.0,1580.0,1604.0,1601.0,1577,1578,1
RG300,RG300_275,RG300_275.rcp,1633.0,1641.0,1633.0,1626.0,1642.0,1634.0,1625.0,1635.0,1631.0,1630.0,1628.0,1630.0,1635.0,1628.0,1626.0,1637.0,1625.0,1636.0,1640.0,1625.0,1633.0,1629.0,1622.0,1632.0,1628.0,1621.0,1635.0,1631.0,1630.0,1626.0,1628.0,1630.0,1626.0,1631.0,1628.0,1621.0,1629.0,1634.0,1617,1621,4
RG300,RG300_276,RG300_276.rcp,1626.0,1627.0,1629.0,1623.0,1633.0,1636.0,1627.0,1629.0,1635.0,1640.0,1635.0,1631.0,1626.0,1635.0,1630.0,1633.0,1618.0,1640.0,1637.0,1622.0,1624.0,1627.0,1609.0,1624.0,1640.0,1617.0,1629.0,1635.0,1640.0,1629.0,1612.0,1623.0,1629.0,1622.0,1627.0,1612.0,1629.0,1631.0,1603,1609,6
RG300,RG300_277,RG300_277.rcp,1590.0,1594.0,1586.0,1574.0,1608.0,1612.0,1579.0,1601.0,1604.0,1603.0,1592.0,1585.0,1604.0,1592.0,1598.0,1583.0,1592.0,1603.0,1600.0,1575.0,1580.0,1577.0,1571.0,1586.0,1587.0,1569.0,1596.0,1604.0,1597.0,1582.0,1580.0,1589.0,1582.0,1573.0,1580.0,1561.0,1591.0,1592.0,1556,1561,5
RG300,RG300_278,RG300_278.rcp,1645.0,1656.0,1649.0,1651.0,1662.0,1660.0,1645.0,1656.0,1641.0,1646.0,1645.0,1649.0,1650.0,1645.0,1647.0,1653.0,1647.0,1653.0,1658.0,1634.0,1636.0,1643.0,1640.0,1647.0,1649.0,1634.0,1650.0,1647.0,1646.0,1634.0,1635.0,1645.0,1634.0,1639.0,1640.0,1639.0,1651.0,1652.0,1621,1634,13
RG300,RG300_279,RG300_279.rcp,1641.0,1646.0,1630.0,1640.0,1660.0,1645.0,1639.0,1659.0,1660.0,1644.0,1641.0,1631.0,1634.0,1641.0,1631.0,1649.0,1633.0,1654.0,1653.0,1636.0,1642.0,1627.0,1628.0,1652.0,1649.0,1630.0,1643.0,1657.0,1644.0,1636.0,1627.0,1633.0,1636.0,1630.0,1641.0,1627.0,1646.0,1650.0,1605,1627,22
RG300,RG300_280,RG300_280.rcp,1656.0,1663.0,1659.0,1662.0,1667.0,1656.0,1658.0,1661.0,1662.0,1664.0,1654.0,1655.0,1647.0,1654.0,1652.0,1654.0,1644.0,1644.0,1661.0,1650.0,1638.0,1631.0,1627.0,1651.0,1653.0,1631.0,1649.0,1662.0,1659.0,1638.0,1616.0,1634.0,1638.0,1631.0,1641.0,1621.0,1631.0,1660.0,1605,1616,11
RG300,RG300_281,RG300_281.rcp,392.0,406.0,387.0,390.0,449.0,416.0,389.0,421.0,416.0,391.0,393.0,408.0,406.0,390.0,392.0,392.0,395.0,426.0,449.0,371.0,371.0,365.0,370.0,384.0,386.0,369.0,389.0,391.0,379.0,373.0,377.0,374.0,375.0,367.0,381.0,365.0,391.0,393.0,340,365,25
RG300,RG300_282,RG300_282.rcp,438.0,449.0,420.0,430.0,475.0,470.0,438.0,455.0,455.0,432.0,438.0,447.0,446.0,436.0,439.0,447.0,433.0,456.0,488.0,411.0,411.0,404.0,398.0,427.0,427.0,411.0,433.0,430.0,412.0,412.0,413.0,413.0,408.0,414.0,416.0,403.0,427.0,428.0,374,398,24
RG300,RG300_283,RG300_283.rcp,409.0,417.0,400.0,411.0,445.0,429.0,405.0,428.0,422.0,412.0,412.0,413.0,414.0,410.0,412.0,419.0,407.0,440.0,458.0,377.0,390.0,379.0,381.0,391.0,396.0,380.0,409.0,419.0,384.0,386.0,384.0,383.0,377.0,381.0,385.0,382.0,411.0,423.0,349,377,28
RG300,RG300_284,RG300_284.rcp,384.0,398.0,382.0,387.0,428.0,412.0,386.0,424.0,404.0,388.0,386.0,411.0,404.0,391.0,390.0,398.0,381.0,418.0,445.0,361.0,359.0,367.0,361.0,376.0,381.0,363.0,385.0,382.0,369.0,362.0,370.0,369.0,365.0,368.0,367.0,359.0,381.0,387.0,334,359,25
RG300,RG300_285,RG300_285.rcp,430.0,439.0,423.0,430.0,472.0,447.0,428.0,462.0,452.0,431.0,436.0,447.0,445.0,435.0,431.0,435.0,426.0,473.0,480.0,397.0,407.0,397.0,397.0,416.0,428.0,400.0,425.0,425.0,409.0,404.0,398.0,405.0,398.0,397.0,403.0,405.0,436.0,441.0,369,397,28
RG300,RG300_286,RG300_286.rcp,427.0,432.0,416.0,431.0,481.0,451.0,426.0,460.0,441.0,419.0,426.0,438.0,436.0,421.0,428.0,437.0,424.0,457.0,463.0,402.0,398.0,398.0,398.0,413.0,424.0,398.0,427.0,424.0,424.0,398.0,399.0,404.0,397.0,402.0,403.0,396.0,426.0,437.0,368,396,28
RG300,RG300_287,RG300_287.rcp,439.0,450.0,427.0,434.0,482.0,464.0,431.0,462.0,464.0,435.0,442.0,453.0,453.0,441.0,446.0,438.0,430.0,462.0,467.0,402.0,409.0,404.0,402.0,427.0,421.0,412.0,437.0,434.0,432.0,411.0,415.0,406.0,415.0,408.0,412.0,403.0,436.0,443.0,373,402,29
RG300,RG300_288,RG300_288.rcp,389.0,403.0,383.0,391.0,457.0,411.0,391.0,408.0,397.0,384.0,389.0,415.0,410.0,388.0,393.0,396.0,385.0,422.0,411.0,367.0,366.0,367.0,370.0,385.0,388.0,368.0,384.0,393.0,378.0,367.0,377.0,373.0,368.0,367.0,367.0,369.0,384.0,398.0,339,366,27
RG300,RG300_289,RG300_289.rcp,420.0,433.0,411.0,410.0,453.0,447.0,422.0,439.0,439.0,414.0,421.0,436.0,433.0,414.0,422.0,429.0,411.0,446.0,465.0,398.0,402.0,387.0,399.0,410.0,415.0,395.0,423.0,412.0,407.0,404.0,389.0,395.0,392.0,393.0,398.0,392.0,433.0,423.0,360,387,27
RG300,RG300_290,RG300_290.rcp,423.0,432.0,415.0,415.0,476.0,448.0,421.0,469.0,430.0,419.0,425.0,434.0,436.0,425.0,420.0,431.0,415.0,469.0,458.0,392.0,397.0,391.0,386.0,406.0,408.0,394.0,425.0,419.0,407.0,399.0,399.0,396.0,393.0,394.0,401.0,388.0,409.0,421.0,362,386,24
RG300,RG300_291,RG300_291.rcp,944.0,974.0,921.0,928.0,1042.0,980.0,929.0,1017.0,983.0,935.0,926.0,924.0,940.0,965.0,929.0,983.0,913.0,982.0,1004.0,907.0,918.0,898.0,892.0,965.0,961.0,893.0,999.0,1004.0,947.0,899.0,896.0,895.0,947.0,915.0,929.0,876.0,958.0,1013.0,836,876,40
RG300,RG300_292,RG300_292.rcp,841.0,876.0,827.0,828.0,916.0,941.0,832.0,916.0,891.0,849.0,837.0,838.0,847.0,892.0,838.0,864.0,825.0,900.0,902.0,808.0,817.0,800.0,787.0,860.0,869.0,789.0,929.0,918.0,869.0,796.0,809.0,804.0,850.0,815.0,827.0,781.0,874.0,875.0,740,781,41
RG300,RG300_293,RG300_293.rcp,850.0,886.0,847.0,849.0,918.0,918.0,859.0,936.0,899.0,880.0,864.0,864.0,857.0,864.0,844.0,887.0,830.0,899.0,913.0,821.0,836.0,815.0,809.0,894.0,913.0,828.0,940.0,922.0,883.0,815.0,823.0,815.0,870.0,813.0,835.0,800.0,916.0,889.0,756,800,44
RG300,RG300_294,RG300_294.rcp,867.0,892.0,852.0,864.0,959.0,891.0,869.0,939.0,911.0,875.0,862.0,865.0,883.0,895.0,862.0,900.0,851.0,916.0,925.0,823.0,842.0,831.0,824.0,890.0,902.0,838.0,939.0,936.0,878.0,839.0,828.0,829.0,870.0,840.0,840.0,815.0,890.0,927.0,767,815,48
RG300,RG300_295,RG300_295.rcp,962.0,975.0,942.0,948.0,1057.0,993.0,965.0,1037.0,1029.0,981.0,955.0,966.0,982.0,973.0,958.0,990.0,940.0,1017.0,1017.0,916.0,934.0,916.0,916.0,958.0,1002.0,925.0,997.0,1003.0,973.0,923.0,902.0,911.0,951.0,921.0,935.0,897.0,995.0,1010.0,843,897,54
RG300,RG300_296,RG300_296.rcp,937.0,981.0,913.0,920.0,1017.0,989.0,924.0,1012.0,984.0,940.0,925.0,942.0,936.0,997.0,909.0,970.0,902.0,985.0,992.0,903.0,897.0,874.0,869.0,958.0,966.0,871.0,994.0,970.0,944.0,890.0,875.0,878.0,923.0,900.0,921.0,864.0,966.0,991.0,815,864,49
RG300,RG300_297,RG300_297.rcp,890.0,903.0,866.0,869.0,937.0,920.0,882.0,945.0,920.0,879.0,885.0,876.0,874.0,895.0,869.0,899.0,861.0,936.0,954.0,847.0,836.0,845.0,827.0,902.0,921.0,829.0,955.0,951.0,889.0,842.0,838.0,837.0,850.0,855.0,849.0,815.0,914.0,953.0,774,815,41
RG300,RG300_298,RG300_298.rcp,910.0,936.0,895.0,904.0,980.0,985.0,925.0,983.0,969.0,905.0,914.0,910.0,905.0,929.0,902.0,934.0,890.0,945.0,1028.0,873.0,871.0,874.0,863.0,950.0,941.0,861.0,971.0,992.0,931.0,871.0,844.0,871.0,900.0,876.0,884.0,839.0,942.0,966.0,796,839,43
RG300,RG300_299,RG300_299.rcp,892.0,915.0,892.0,888.0,979.0,965.0,897.0,925.0,941.0,894.0,900.0,898.0,902.0,914.0,893.0,919.0,873.0,928.0,936.0,859.0,865.0,859.0,844.0,901.0,938.0,848.0,986.0,972.0,906.0,859.0,824.0,849.0,896.0,854.0,872.0,836.0,934.0,947.0,788,824,36
RG300,RG300_300,RG300_300.rcp,889.0,898.0,865.0,866.0,963.0,966.0,889.0,987.0,949.0,893.0,884.0,883.0,900.0,891.0,861.0,937.0,874.0,943.0,971.0,854.0,840.0,850.0,833.0,918.0,948.0,845.0,966.0,959.0,908.0,845.0,825.0,840.0,891.0,852.0,883.0,825.0,907.0,958.0,772,825,53
RG300,RG300_301,RG300_301.rcp,1566.0,1571.0,1545.0,1548.0,1590.0,1581.0,1552.0,1581.0,1597.0,1571.0,1544.0,1566.0,1554.0,1569.0,1560.0,1595.0,1540.0,1574.0,1592.0,1538.0,1534.0,1544.0,1522.0,1545.0,1565.0,1528.0,1567.0,1578.0,1564.0,1531.0,1535.0,1534.0,1555.0,1552.0,1548.0,1517.0,1564.0,1576.0,1489,1517,28
RG300,RG300_302,RG300_302.rcp,1640.0,1660.0,1628.0,1609.0,1671.0,1654.0,1609.0,1670.0,1651.0,1649.0,1622.0,1628.0,1632.0,1648.0,1639.0,1652.0,1599.0,1649.0,1668.0,1623.0,1634.0,1617.0,1601.0,1634.0,1627.0,1604.0,1658.0,1655.0,1650.0,1608.0,1590.0,1609.0,1627.0,1627.0,1636.0,1588.0,1640.0,1664.0,1570,1588,18
RG300,RG300_303,RG300_303.rcp,1539.0,1540.0,1553.0,1543.0,1615.0,1582.0,1542.0,1589.0,1602.0,1573.0,1550.0,1555.0,1539.0,1555.0,1563.0,1573.0,1525.0,1565.0,1612.0,1532.0,1518.0,1532.0,1511.0,1554.0,1549.0,1509.0,1576.0,1596.0,1584.0,1530.0,1505.0,1530.0,1534.0,1555.0,1550.0,1495.0,1577.0,1586.0,1476,1495,19
RG300,RG300_304,RG300_304.rcp,1523.0,1543.0,1522.0,1510.0,1561.0,1571.0,1510.0,1558.0,1566.0,1547.0,1521.0,1526.0,1515.0,1545.0,1534.0,1539.0,1505.0,1533.0,1541.0,1511.0,1509.0,1513.0,1502.0,1532.0,1540.0,1509.0,1554.0,1567.0,1554.0,1516.0,1520.0,1515.0,1544.0,1523.0,1515.0,1493.0,1549.0,1548.0,1476,1493,17
RG300,RG300_305,RG300_305.rcp,1510.0,1522.0,1502.0,1509.0,1565.0,1563.0,1503.0,1552.0,1560.0,1523.0,1514.0,1509.0,1495.0,1527.0,1516.0,1550.0,1488.0,1527.0,1524.0,1497.0,1489.0,1491.0,1486.0,1519.0,1519.0,1486.0,1531.0,1525.0,1546.0,1494.0,1468.0,1482.0,1501.0,1500.0,1510.0,1473.0,1497.0,1509.0,1457,1468,11
RG300,RG300_306,RG300_306.rcp,1569.0,1579.0,1553.0,1563.0,1633.0,1596.0,1562.0,1607.0,1587.0,1570.0,1562.0,1560.0,1566.0,1601.0,1572.0,1573.0,1562.0,1579.0,1604.0,1550.0,1545.0,1548.0,1549.0,1581.0,1594.0,1549.0,1593.0,1586.0,1577.0,1556.0,1541.0,1531.0,1565.0,1556.0,1549.0,1546.0,1568.0,1570.0,1512,1531,19
RG300,RG300_307,RG300_307.rcp,1547.0,1570.0,1562.0,1545.0,1602.0,1579.0,1533.0,1602.0,1594.0,1587.0,1541.0,1550.0,1546.0,1584.0,1574.0,1565.0,1543.0,1575.0,1600.0,1520.0,1532.0,1539.0,1518.0,1552.0,1574.0,1511.0,1590.0,1571.0,1574.0,1528.0,1543.0,1537.0,1567.0,1572.0,1541.0,1517.0,1581.0,1565.0,1499,1511,12
RG300,RG300_308,RG300_308.rcp,1623.0,1637.0,1635.0,1624.0,1667.0,1634.0,1612.0,1648.0,1669.0,1636.0,1622.0,1622.0,1610.0,1641.0,1633.0,1647.0,1607.0,1643.0,1662.0,1610.0,1609.0,1615.0,1608.0,1622.0,1634.0,1598.0,1638.0,1649.0,1636.0,1610.0,1582.0,1607.0,1626.0,1610.0,1613.0,1590.0,1631.0,1632.0,1580,1582,2
RG300,RG300_309,RG300_309.rcp,1530.0,1539.0,1534.0,1528.0,1586.0,1549.0,1511.0,1563.0,1556.0,1531.0,1526.0,1525.0,1516.0,1554.0,1545.0,1561.0,1524.0,1547.0,1555.0,1521.0,1518.0,1522.0,1515.0,1535.0,1547.0,1514.0,1560.0,1558.0,1533.0,1516.0,1511.0,1506.0,1534.0,1533.0,1537.0,1511.0,1545.0,1541.0,1491,1506,15
RG300,RG300_310,RG300_310.rcp,1577.0,1597.0,1592.0,1581.0,1616.0,1597.0,1583.0,1622.0,1602.0,1600.0,1582.0,1576.0,1583.0,1605.0,1598.0,1601.0,1596.0,1598.0,1598.0,1559.0,1563.0,1581.0,1570.0,1584.0,1584.0,1571.0,1613.0,1602.0,1604.0,1565.0,1567.0,1573.0,1586.0,1596.0,1565.0,1561.0,1587.0,1597.0,1539,1559,20
RG300,RG300_311,RG300_311.rcp,1609.0,1609.0,1609.0,1609.0,1609.0,1609.0,1609.0,1609.0,1609.0,1609.0,1609.0,1609.0,1609.0,1609.0,1609.0,1609.0,1609.0,1609.0,1609.0,1609.0,1609.0,1609.0,1609.0,1609.0,1609.0,1609.0,1609.0,1609.0,1609.0,1609.0,1609.0,1609.0,1609.0,1609.0,1609.0,1609.0,1609.0,1609.0,1609,1609,0
RG300,RG300_312,RG300_312.rcp,1728.0,1728.0,1728.0,1728.0,1728.0,1728.0,1728.0,1728.0,1728.0,1728.0,1728.0,1728.0,1728.0,1728.0,1728.0,1728.0,1728.0,1728.0,1728.0,1728.0,1728.0,1728.0,1728.0,1728.0,1728.0,1728.0,1728.0,1728.0,1728.0,1728.0,1728.0,1728.0,1728.0,1728.0,1728.0,1728.0,1728.0,1728.0,1728,1728,0
RG300,RG300_313,RG300_313.rcp,1667.0,1667.0,1667.0,1667.0,1667.0,1667.0,1667.0,1667.0,1667.0,1667.0,1667.0,1667.0,1667.0,1667.0,1667.0,1667.0,1667.0,1667.0,1667.0,1667.0,1667.0,1667.0,1667.0,1667.0,1667.0,1667.0,1667.0,1667.0,1667.0,1667.0,1667.0,1667.0,1667.0,1667.0,1667.0,1667.0,1667.0,1667.0,1667,1667,0
RG300,RG300_314,RG300_314.rcp,1675.0,1675.0,1675.0,1675.0,1675.0,1675.0,1675.0,1675.0,1675.0,1675.0,1675.0,1675.0,1675.0,1675.0,1675.0,1675.0,1675.0,1675.0,1675.0,1675.0,1675.0,1675.0,1675.0,1675.0,1675.0,1675.0,1675.0,1675.0,1675.0,1675.0,1675.0,1675.0,1675.0,1675.0,1675.0,1675.0,1675.0,1675.0,1675,1675,0
RG300,RG300_315,RG300_315.rcp,1668.0,1668.0,1668.0,1668.0,1668.0,1668.0,1668.0,1668.0,1668.0,1668.0,1668.0,1668.0,1668.0,1668.0,1668.0,1668.0,1668.0,1668.0,1668.0,1668.0,1668.0,1668.0,1668.0,1668.0,1668.0,1668.0,1668.0,1668.0,1668.0,1668.0,1668.0,1668.0,1668.0,1668.0,1668.0,1668.0,1668.0,1668.0,1668,1668,0
RG300,RG300_316,RG300_316.rcp,1625.0,1625.0,1625.0,1625.0,1625.0,1625.0,1625.0,1625.0,1625.0,1625.0,1625.0,1625.0,1625.0,1625.0,1625.0,1625.0,1625.0,1625.0,1625.0,1625.0,1625.0,1625.0,1625.0,1625.0,1625.0,1625.0,1625.0,1625.0,1625.0,1625.0,1625.0,1625.0,1625.0,1625.0,1625.0,1625.0,1625.0,1625.0,1625,1625,0
RG300,RG300_317,RG300_317.rcp,1670.0,1670.0,1670.0,1670.0,1670.0,1670.0,1670.0,1670.0,1670.0,1670.0,1670.0,1670.0,1670.0,1670.0,1670.0,1670.0,1670.0,1670.0,1670.0,1670.0,1670.0,1670.0,1670.0,1670.0,1670.0,1670.0,1670.0,1670.0,1670.0,1670.0,1670.0,1670.0,1670.0,1670.0,1670.0,1670.0,1670.0,1670.0,1670,1670,0
RG300,RG300_318,RG300_318.rcp,1693.0,1693.0,1693.0,1693.0,1693.0,1693.0,1693.0,1693.0,1693.0,1693.0,1693.0,1693.0,1693.0,1693.0,1693.0,1693.0,1693.0,1693.0,1693.0,1693.0,1693.0,1693.0,1693.0,1693.0,1693.0,1693.0,1693.0,1693.0,1693.0,1693.0,1693.0,1693.0,1693.0,1693.0,1693.0,1693.0,1693.0,1693.0,1693,1693,0
RG300,RG300_319,RG300_319.rcp,1599.0,1599.0,1599.0,1599.0,1599.0,1599.0,1599.0,1599.0,1599.0,1599.0,1599.0,1599.0,1599.0,1599.0,1599.0,1599.0,1599.0,1599.0,1599.0,1599.0,1599.0,1599.0,1599.0,1599.0,1599.0,1599.0,1599.0,1599.0,1599.0,1599.0,1599.0,1599.0,1599.0,1599.0,1599.0,1599.0,1599.0,1599.0,1599,1599,0
RG300,RG300_320,RG300_320.rcp,1708.0,1708.0,1708.0,1708.0,1708.0,1708.0,1708.0,1708.0,1708.0,1708.0,1708.0,1708.0,1708.0,1708.0,1708.0,1708.0,1708.0,1708.0,1708.0,1708.0,1708.0,1708.0,1708.0,1708.0,1708.0,1708.0,1708.0,1708.0,1708.0,1708.0,1708.0,1708.0,1708.0,1708.0,1708.0,1708.0,1708.0,1708.0,1708,1708,0
RG300,RG300_321,RG300_321.rcp,136.0,152.0,131.0,127.0,153.0,147.0,135.0,165.0,146.0,142.0,136.0,151.0,151.0,136.0,130.0,142.0,129.0,151.0,155.0,135.0,142.0,129.0,130.0,140.0,139.0,133.0,147.0,155.0,133.0,136.0,135.0,135.0,136.0,133.0,134.0,131.0,140.0,159.0,122,127,5
RG300,RG300_322,RG300_322.rcp,128.0,133.0,124.0,127.0,146.0,143.0,127.0,145.0,148.0,132.0,129.0,133.0,133.0,129.0,132.0,143.0,129.0,134.0,156.0,129.0,131.0,126.0,129.0,137.0,134.0,133.0,155.0,155.0,136.0,130.0,139.0,139.0,130.0,124.0,140.0,123.0,143.0,157.0,118,123,5
RG300,RG300_323,RG300_323.rcp,126.0,142.0,119.0,119.0,165.0,156.0,123.0,149.0,148.0,134.0,132.0,145.0,145.0,132.0,121.0,141.0,123.0,141.0,160.0,125.0,135.0,120.0,120.0,143.0,132.0,120.0,152.0,144.0,140.0,127.0,135.0,135.0,127.0,126.0,137.0,119.0,138.0,151.0,112,119,7
RG300,RG300_324,RG300_324.rcp,131.0,148.0,124.0,129.0,152.0,142.0,133.0,145.0,145.0,137.0,132.0,147.0,147.0,132.0,134.0,131.0,126.0,140.0,165.0,128.0,134.0,131.0,126.0,133.0,140.0,127.0,142.0,142.0,135.0,128.0,137.0,137.0,128.0,129.0,136.0,129.0,138.0,154.0,121,124,3
RG300,RG300_325,RG300_325.rcp,133.0,155.0,131.0,132.0,158.0,154.0,134.0,159.0,147.0,144.0,131.0,154.0,154.0,131.0,130.0,146.0,131.0,143.0,168.0,132.0,140.0,131.0,130.0,140.0,143.0,132.0,145.0,142.0,136.0,133.0,133.0,133.0,133.0,132.0,137.0,131.0,141.0,151.0,123,130,7
RG300,RG300_326,RG300_326.rcp,146.0,157.0,138.0,137.0,167.0,144.0,140.0,152.0,154.0,139.0,140.0,148.0,148.0,140.0,138.0,152.0,141.0,141.0,175.0,149.0,158.0,142.0,140.0,157.0,155.0,145.0,150.0,149.0,143.0,142.0,146.0,146.0,142.0,141.0,149.0,144.0,145.0,158.0,135,137,2
RG300,RG300_327,RG300_327.rcp,143.0,161.0,133.0,136.0,175.0,162.0,136.0,166.0,179.0,156.0,137.0,156.0,156.0,137.0,139.0,149.0,135.0,157.0,182.0,139.0,142.0,135.0,133.0,157.0,149.0,133.0,160.0,144.0,148.0,138.0,149.0,149.0,138.0,132.0,141.0,133.0,151.0,164.0,125,132,7
RG300,RG300_328,RG300_328.rcp,136.0,151.0,127.0,134.0,168.0,166.0,128.0,156.0,139.0,144.0,130.0,144.0,144.0,130.0,126.0,162.0,126.0,148.0,177.0,135.0,142.0,131.0,134.0,143.0,142.0,130.0,150.0,150.0,142.0,131.0,139.0,139.0,131.0,129.0,147.0,134.0,138.0,160.0,123,126,3
RG300,RG300_329,RG300_329.rcp,131.0,142.0,121.0,128.0,170.0,147.0,124.0,163.0,156.0,151.0,131.0,151.0,151.0,131.0,126.0,138.0,124.0,146.0,166.0,129.0,131.0,121.0,125.0,134.0,143.0,126.0,150.0,151.0,142.0,129.0,129.0,129.0,129.0,123.0,136.0,121.0,138.0,153.0,118,121,3
RG300,RG300_330,RG300_330.rcp,147.0,153.0,136.0,136.0,158.0,153.0,137.0,149.0,148.0,151.0,141.0,154.0,154.0,141.0,140.0,147.0,140.0,162.0,176.0,141.0,144.0,138.0,138.0,148.0,149.0,138.0,145.0,149.0,148.0,141.0,147.0,147.0,141.0,144.0,146.0,144.0,149.0,154.0,134,136,2
RG300,RG300_331,RG300_331.rcp,259.0,279.0,243.0,241.0,297.0,323.0,240.0,287.0,292.0,257.0,240.0,265.0,265.0,240.0,239.0,278.0,246.0,272.0,284.0,249.0,252.0,246.0,241.0,274.0,251.0,239.0,279.0,279.0,261.0,259.0,248.0,248.0,259.0,237.0,261.0,237.0,254.0,299.0,216,237,21
RG300,RG300_332,RG300_332.rcp,246.0,261.0,240.0,244.0,297.0,284.0,241.0,278.0,272.0,246.0,243.0,266.0,266.0,243.0,236.0,277.0,242.0,271.0,289.0,248.0,265.0,236.0,241.0,264.0,267.0,239.0,291.0,285.0,265.0,252.0,251.0,251.0,252.0,237.0,261.0,229.0,272.0,283.0,207,229,22
RG300,RG300_333,RG300_333.rcp,233.0,244.0,228.0,226.0,269.0,282.0,225.0,271.0,252.0,249.0,234.0,243.0,243.0,234.0,233.0,275.0,236.0,245.0,298.0,230.0,241.0,232.0,222.0,253.0,284.0,224.0,281.0,277.0,249.0,235.0,239.0,239.0,235.0,243.0,257.0,233.0,259.0,286.0,193,222,29
RG300,RG300_334,RG300_334.rcp,269.0,268.0,255.0,248.0,303.0,295.0,248.0,288.0,275.0,272.0,254.0,264.0,264.0,254.0,246.0,283.0,245.0,273.0,312.0,252.0,259.0,249.0,253.0,269.0,281.0,258.0,314.0,311.0,275.0,248.0,258.0,258.0,248.0,252.0,272.0,246.0,266.0,317.0,216,245,29
RG300,RG300_335,RG300_335.rcp,228.0,251.0,228.0,223.0,271.0,284.0,219.0,278.0,300.0,251.0,227.0,255.0,255.0,227.0,226.0,250.0,229.0,265.0,280.0,226.0,237.0,232.0,220.0,254.0,237.0,222.0,288.0,276.0,260.0,226.0,234.0,234.0,226.0,225.0,242.0,213.0,233.0,284.0,192,213,21
RG300,RG300_336,RG300_336.rcp,253.0,264.0,240.0,226.0,289.0,303.0,230.0,293.0,284.0,255.0,239.0,255.0,255.0,239.0,226.0,281.0,231.0,265.0,322.0,250.0,261.0,237.0,232.0,265.0,285.0,244.0,298.0,296.0,256.0,244.0,241.0,241.0,244.0,226.0,264.0,222.0,263.0,308.0,207,222,15
RG300,RG300_337,RG300_337.rcp,231.0,244.0,233.0,230.0,299.0,283.0,218.0,282.0,270.0,263.0,227.0,252.0,252.0,227.0,234.0,252.0,228.0,269.0,288.0,236.0,236.0,233.0,227.0,277.0,266.0,229.0,280.0,295.0,262.0,223.0,240.0,240.0,223.0,220.0,245.0,220.0,260.0,282.0,199,218,19
RG300,RG300_338,RG300_338.rcp,267.0,272.0,255.0,251.0,294.0,277.0,256.0,301.0,275.0,260.0,252.0,271.0,271.0,252.0,251.0,293.0,252.0,271.0,305.0,255.0,257.0,247.0,257.0,273.0,270.0,257.0,276.0,276.0,258.0,253.0,261.0,261.0,253.0,241.0,269.0,259.0,256.0,286.0,223,241,18
RG300,RG300_339,RG300_339.rcp,260.0,269.0,253.0,257.0,302.0,277.0,248.0,301.0,290.0,267.0,249.0,260.0,260.0,249.0,266.0,291.0,258.0,276.0,334.0,248.0,261.0,258.0,245.0,293.0,270.0,254.0,325.0,325.0,278.0,254.0,251.0,251.0,254.0,250.0,281.0,248.0,284.0,353.0,217,245,28
RG300,RG300_340,RG300_340.rcp,252.0,260.0,259.0,250.0,308.0,300.0,254.0,312.0,300.0,274.0,256.0,275.0,275.0,256.0,248.0,285.0,249.0,277.0,317.0,257.0,266.0,255.0,250.0,279.0,292.0,254.0,303.0,308.0,268.0,259.0,254.0,254.0,259.0,254.0,268.0,255.0,270.0,301.0,221,248,27
RG300,RG300_341,RG300_341.rcp,402.0,407.0,401.0,388.0,460.0,446.0,378.0,440.0,434.0,402.0,395.0,420.0,420.0,395.0,387.0,431.0,390.0,430.0,464.0,386.0,393.0,380.0,368.0,420.0,447.0,367.0,460.0,451.0,456.0,386.0,407.0,407.0,386.0,378.0,410.0,374.0,402.0,437.0,337,367,30
RG300,RG300_342,RG300_342.rcp,392.0,413.0,388.0,371.0,441.0,454.0,367.0,436.0,431.0,425.0,378.0,376.0,376.0,378.0,371.0,430.0,374.0,402.0,510.0,388.0,396.0,401.0,372.0,396.0,451.0,375.0,475.0,471.0,461.0,384.0,398.0,398.0,384.0,376.0,411.0,370.0,440.0,462.0,349,367,18
RG300,RG300_343,RG300_343.rcp,419.0,426.0,407.0,395.0,462.0,456.0,393.0,479.0,478.0,425.0,393.0,434.0,434.0,393.0,408.0,436.0,389.0,440.0,467.0,390.0,414.0,399.0,376.0,441.0,436.0,387.0,468.0,505.0,493.0,394.0,421.0,421.0,394.0,379.0,416.0,383.0,410.0,476.0,354,376,22
RG300,RG300_344,RG300_344.rcp,349.0,369.0,346.0,338.0,402.0,386.0,340.0,407.0,400.0,357.0,338.0,358.0,358.0,338.0,335.0,375.0,336.0,371.0,440.0,345.0,352.0,342.0,339.0,378.0,368.0,335.0,414.0,438.0,374.0,342.0,342.0,342.0,342.0,337.0,354.0,326.0,376.0,434.0,315,326,11
RG300,RG300_345,RG300_345.rcp,428.0,454.0,409.0,404.0,496.0,481.0,415.0,495.0,498.0,460.0,416.0,438.0,438.0,416.0,412.0,472.0,403.0,455.0,549.0,412.0,437.0,403.0,401.0,492.0,494.0,407.0,489.0,514.0,485.0,405.0,417.0,417.0,405.0,400.0,439.0,406.0,475.0,530.0,364,400,36
RG300,RG300_346,RG300_346.rcp,355.0,360.0,347.0,342.0,418.0,425.0,349.0,390.0,388.0,387.0,355.0,363.0,363.0,355.0,358.0,377.0,355.0,392.0,404.0,352.0,352.0,349.0,331.0,369.0,388.0,328.0,413.0,431.0,435.0,346.0,365.0,365.0,346.0,341.0,375.0,334.0,376.0,437.0,308,328,20
RG300,RG300_347,RG300_347.rcp,377.0,385.0,385.0,379.0,433.0,440.0,363.0,431.0,429.0,396.0,370.0,383.0,383.0,370.0,375.0,404.0,378.0,399.0,454.0,376.0,390.0,370.0,362.0,418.0,392.0,355.0,443.0,429.0,416.0,361.0,395.0,395.0,361.0,363.0,391.0,360.0,413.0,451.0,332,355,23
RG300,RG300_348,RG300_348.rcp,343.0,347.0,337.0,324.0,401.0,400.0,326.0,395.0,399.0,384.0,333.0,354.0,354.0,333.0,330.0,371.0,333.0,352.0,388.0,325.0,336.0,338.0,318.0,367.0,377.0,317.0,429.0,395.0,377.0,326.0,358.0,358.0,326.0,321.0,342.0,315.0,376.0,402.0,293,315,22
RG300,RG300_349,RG300_349.rcp,324.0,333.0,352.0,323.0,383.0,397.0,323.0,405.0,410.0,364.0,325.0,364.0,364.0,325.0,323.0,376.0,320.0,360.0,410.0,322.0,318.0,335.0,310.0,370.0,374.0,317.0,397.0,410.0,374.0,320.0,323.0,323.0,320.0,312.0,339.0,319.0,351.0,389.0,293,310,17
RG300,RG300_350,RG300_350.rcp,398.0,408.0,401.0,388.0,461.0,444.0,396.0,441.0,428.0,419.0,395.0,412.0,412.0,395.0,398.0,443.0,396.0,422.0,468.0,385.0,397.0,392.0,383.0,435.0,465.0,391.0,434.0,448.0,449.0,388.0,413.0,413.0,388.0,388.0,424.0,380.0,407.0,492.0,364,380,16
RG300,RG300_351,RG300_351.rcp,450.0,458.0,462.0,468.0,536.0,495.0,449.0,518.0,565.0,467.0,457.0,508.0,508.0,457.0,458.0,495.0,463.0,501.0,568.0,443.0,439.0,456.0,451.0,474.0,489.0,439.0,542.0,526.0,509.0,442.0,492.0,492.0,442.0,455.0,461.0,452.0,540.0,567.0,423,439,16
RG300,RG300_352,RG300_352.rcp,480.0,510.0,499.0,478.0,520.0,507.0,474.0,550.0,540.0,516.0,482.0,521.0,521.0,482.0,488.0,499.0,493.0,530.0,579.0,471.0,483.0,486.0,467.0,492.0,516.0,471.0,530.0,585.0,541.0,479.0,519.0,519.0,479.0,479.0,486.0,481.0,516.0,570.0,455,467,12
RG300,RG300_353,RG300_353.rcp,526.0,546.0,505.0,516.0,569.0,606.0,505.0,583.0,551.0,535.0,524.0,544.0,544.0,524.0,511.0,527.0,518.0,554.0,607.0,516.0,535.0,498.0,497.0,568.0,569.0,499.0,581.0,576.0,559.0,506.0,541.0,541.0,506.0,502.0,525.0,511.0,543.0,570.0,473,497,24
RG300,RG300_354,RG300_354.rcp,479.0,504.0,472.0,471.0,555.0,544.0,461.0,545.0,507.0,499.0,470.0,490.0,490.0,470.0,460.0,497.0,464.0,526.0,548.0,470.0,465.0,464.0,454.0,526.0,480.0,454.0,504.0,532.0,563.0,454.0,496.0,496.0,454.0,459.0,478.0,454.0,510.0,580.0,454,454,0
RG300,RG300_355,RG300_355.rcp,480.0,486.0,482.0,476.0,528.0,497.0,476.0,527.0,561.0,527.0,474.0,507.0,507.0,474.0,485.0,492.0,481.0,523.0,561.0,472.0,467.0,483.0,472.0,502.0,500.0,471.0,565.0,582.0,540.0,471.0,521.0,521.0,471.0,470.0,479.0,469.0,532.0,533.0,458,467,9
RG300,RG300_356,RG300_356.rcp,446.0,455.0,448.0,430.0,500.0,531.0,424.0,502.0,514.0,461.0,434.0,498.0,498.0,434.0,435.0,469.0,441.0,487.0,507.0,440.0,439.0,448.0,429.0,468.0,522.0,422.0,500.0,523.0,538.0,429.0,497.0,497.0,429.0,433.0,450.0,422.0,514.0,537.0,420,422,2
RG300,RG300_357,RG300_357.rcp,487.0,505.0,489.0,483.0,538.0,549.0,488.0,531.0,513.0,517.0,482.0,499.0,499.0,482.0,487.0,524.0,482.0,531.0,523.0,471.0,475.0,474.0,468.0,515.0,492.0,469.0,553.0,582.0,521.0,471.0,502.0,502.0,471.0,474.0,489.0,469.0,512.0,590.0,464,468,4
RG300,RG300_358,RG300_358.rcp,458.0,473.0,472.0,459.0,520.0,526.0,457.0,525.0,534.0,491.0,451.0,493.0,493.0,451.0,462.0,474.0,468.0,521.0,495.0,447.0,448.0,461.0,451.0,503.0,495.0,446.0,541.0,531.0,566.0,454.0,507.0,507.0,454.0,457.0,452.0,460.0,559.0,512.0,441,446,5
RG300,RG300_359,RG300_359.rcp,465.0,469.0,472.0,463.0,547.0,538.0,458.0,524.0,515.0,493.0,458.0,486.0,486.0,458.0,466.0,484.0,468.0,492.0,515.0,465.0,462.0,463.0,456.0,519.0,512.0,454.0,574.0,581.0,573.0,454.0,497.0,497.0,454.0,460.0,479.0,464.0,481.0,577.0,437,454,17
RG300,RG300_360,RG300_360.rcp,468.0,480.0,480.0,469.0,524.0,546.0,455.0,526.0,531.0,503.0,462.0,496.0,496.0,462.0,463.0,490.0,460.0,507.0,527.0,464.0,454.0,480.0,449.0,474.0,500.0,451.0,589.0,601.0,572.0,451.0,528.0,528.0,451.0,448.0,465.0,454.0,506.0,560.0,446,448,2
RG300,RG300_361,RG300_361.rcp,228.0,260.0,220.0,228.0,299.0,253.0,223.0,256.0,273.0,240.0,230.0,247.0,254.0,230.0,239.0,242.0,228.0,272.0,279.0,217.0,235.0,216.0,218.0,247.0,236.0,214.0,250.0,247.0,227.0,214.0,231.0,227.0,214.0,217.0,229.0,227.0,249.0,255.0,194,214,20
RG300,RG300_362,RG300_362.rcp,236.0,247.0,216.0,220.0,266.0,251.0,222.0,270.0,253.0,233.0,221.0,250.0,249.0,221.0,225.0,231.0,217.0,251.0,273.0,212.0,219.0,209.0,209.0,227.0,232.0,211.0,238.0,237.0,235.0,214.0,224.0,224.0,214.0,205.0,220.0,209.0,242.0,257.0,196,205,9
RG300,RG300_363,RG300_363.rcp,227.0,253.0,218.0,219.0,265.0,249.0,216.0,259.0,262.0,240.0,219.0,240.0,239.0,219.0,227.0,235.0,219.0,260.0,302.0,218.0,225.0,214.0,209.0,226.0,229.0,210.0,241.0,243.0,226.0,209.0,232.0,224.0,209.0,208.0,221.0,208.0,245.0,240.0,193,208,15
RG300,RG300_364,RG300_364.rcp,217.0,227.0,218.0,219.0,265.0,257.0,217.0,267.0,263.0,228.0,220.0,232.0,238.0,220.0,215.0,232.0,223.0,252.0,271.0,207.0,215.0,205.0,209.0,230.0,218.0,209.0,258.0,249.0,230.0,207.0,212.0,213.0,207.0,204.0,216.0,205.0,232.0,231.0,189,204,15
RG300,RG300_365,RG300_365.rcp,209.0,227.0,203.0,206.0,253.0,238.0,203.0,243.0,243.0,223.0,206.0,226.0,225.0,206.0,213.0,231.0,209.0,228.0,267.0,204.0,216.0,199.0,198.0,230.0,226.0,204.0,228.0,234.0,218.0,200.0,213.0,211.0,200.0,197.0,223.0,197.0,223.0,242.0,187,197,10
RG300,RG300_366,RG300_366.rcp,223.0,240.0,215.0,222.0,270.0,261.0,217.0,268.0,253.0,241.0,222.0,244.0,241.0,222.0,221.0,240.0,219.0,245.0,271.0,216.0,227.0,206.0,206.0,232.0,228.0,202.0,242.0,247.0,239.0,220.0,218.0,227.0,220.0,204.0,226.0,206.0,244.0,256.0,189,202,13
RG300,RG300_367,RG300_367.rcp,227.0,238.0,211.0,215.0,267.0,274.0,211.0,247.0,250.0,228.0,219.0,242.0,251.0,219.0,222.0,239.0,215.0,251.0,270.0,217.0,223.0,203.0,208.0,232.0,222.0,204.0,234.0,243.0,221.0,209.0,214.0,234.0,209.0,205.0,225.0,202.0,237.0,248.0,183,202,19
RG300,RG300_368,RG300_368.rcp,222.0,241.0,211.0,213.0,257.0,261.0,218.0,252.0,257.0,228.0,217.0,244.0,253.0,217.0,222.0,241.0,216.0,246.0,286.0,212.0,219.0,202.0,205.0,231.0,234.0,212.0,243.0,235.0,219.0,215.0,215.0,220.0,215.0,203.0,221.0,204.0,241.0,243.0,187,202,15
RG300,RG300_369,RG300_369.rcp,227.0,237.0,212.0,216.0,266.0,261.0,217.0,268.0,254.0,232.0,221.0,238.0,241.0,221.0,216.0,244.0,214.0,265.0,279.0,214.0,219.0,211.0,210.0,231.0,229.0,208.0,236.0,241.0,227.0,216.0,214.0,211.0,216.0,207.0,220.0,208.0,231.0,252.0,193,207,14
RG300,RG300_370,RG300_370.rcp,217.0,237.0,213.0,219.0,264.0,253.0,218.0,259.0,252.0,244.0,222.0,242.0,251.0,222.0,228.0,238.0,218.0,253.0,277.0,211.0,222.0,203.0,202.0,234.0,241.0,204.0,235.0,241.0,229.0,215.0,217.0,219.0,215.0,206.0,221.0,203.0,245.0,236.0,187,202,15
RG300,RG300_371,RG300_371.rcp,509.0,559.0,493.0,495.0,589.0,549.0,494.0,562.0,539.0,501.0,499.0,500.0,515.0,499.0,489.0,558.0,493.0,547.0,613.0,492.0,489.0,488.0,476.0,535.0,506.0,467.0,560.0,535.0,507.0,483.0,462.0,490.0,483.0,472.0,518.0,474.0,490.0,560.0,403,462,59
RG300,RG300_372,RG300_372.rcp,500.0,543.0,487.0,486.0,593.0,541.0,490.0,584.0,571.0,515.0,498.0,524.0,535.0,498.0,495.0,557.0,485.0,555.0,600.0,474.0,479.0,491.0,473.0,515.0,511.0,468.0,553.0,554.0,513.0,475.0,459.0,471.0,475.0,473.0,509.0,454.0,527.0,555.0,400,454,54
RG300,RG300_373,RG300_373.rcp,474.0,522.0,462.0,457.0,534.0,514.0,469.0,529.0,513.0,489.0,479.0,493.0,497.0,479.0,474.0,526.0,473.0,517.0,559.0,452.0,460.0,456.0,454.0,500.0,506.0,454.0,533.0,555.0,488.0,447.0,466.0,449.0,447.0,434.0,502.0,439.0,476.0,531.0,384,434,50
RG300,RG300_374,RG300_374.rcp,503.0,531.0,491.0,488.0,572.0,558.0,484.0,566.0,565.0,520.0,501.0,532.0,528.0,501.0,486.0,545.0,486.0,537.0,614.0,471.0,471.0,463.0,471.0,504.0,507.0,456.0,541.0,526.0,496.0,474.0,485.0,462.0,474.0,458.0,494.0,450.0,529.0,545.0,403,450,47
RG300,RG300_375,RG300_375.rcp,479.0,519.0,465.0,485.0,570.0,548.0,471.0,539.0,534.0,506.0,487.0,491.0,511.0,487.0,478.0,533.0,474.0,530.0,550.0,451.0,456.0,449.0,459.0,515.0,488.0,444.0,552.0,527.0,493.0,451.0,476.0,457.0,451.0,444.0,481.0,441.0,514.0,508.0,389,441,52
RG300,RG300_376,RG300_376.rcp,452.0,495.0,442.0,436.0,532.0,511.0,443.0,522.0,545.0,467.0,450.0,489.0,484.0,450.0,447.0,516.0,438.0,493.0,506.0,425.0,457.0,427.0,429.0,481.0,505.0,428.0,531.0,533.0,468.0,434.0,457.0,431.0,434.0,428.0,461.0,419.0,477.0,539.0,368,419,51
RG300,RG300_377,RG300_377.rcp,463.0,493.0,459.0,454.0,526.0,503.0,457.0,568.0,536.0,480.0,463.0,492.0,512.0,463.0,456.0,530.0,466.0,514.0,553.0,445.0,451.0,452.0,443.0,502.0,474.0,446.0,544.0,521.0,502.0,457.0,441.0,448.0,457.0,441.0,487.0,433.0,491.0,516.0,381,433,52
RG300,RG300_378,RG300_378.rcp,490.0,527.0,492.0,502.0,575.0,575.0,487.0,574.0,559.0,497.0,493.0,517.0,519.0,493.0,492.0,515.0,488.0,535.0,565.0,458.0,471.0,476.0,465.0,530.0,521.0,454.0,543.0,548.0,505.0,463.0,476.0,477.0,463.0,453.0,491.0,459.0,535.0,519.0,403,453,50
RG300,RG300_379,RG300_379.rcp,477.0,509.0,466.0,469.0,541.0,520.0,471.0,580.0,538.0,512.0,477.0,514.0,503.0,477.0,485.0,523.0,460.0,500.0,527.0,459.0,451.0,454.0,455.0,494.0,514.0,454.0,541.0,545.0,489.0,457.0,459.0,481.0,457.0,447.0,500.0,446.0,483.0,545.0,386,446,60
RG300,RG300_380,RG300_380.rcp,464.0,497.0,454.0,442.0,537.0,521.0,455.0,528.0,511.0,488.0,471.0,483.0,486.0,471.0,449.0,523.0,446.0,526.0,557.0,441.0,459.0,440.0,450.0,486.0,505.0,444.0,509.0,509.0,486.0,441.0,441.0,450.0,441.0,436.0,488.0,437.0,489.0,524.0,380,436,56
RG300,RG300_381,RG300_381.rcp,862.0,900.0,832.0,828.0,1013.0,994.0,853.0,954.0,972.0,872.0,861.0,902.0,899.0,861.0,846.0,930.0,844.0,906.0,980.0,813.0,798.0,788.0,768.0,848.0,899.0,781.0,888.0,933.0,898.0,786.0,821.0,861.0,786.0,801.0,826.0,788.0,902.0,934.0,685,768,83
RG300,RG300_382,RG300_382.rcp,809.0,882.0,794.0,787.0,947.0,915.0,777.0,930.0,884.0,824.0,773.0,841.0,825.0,773.0,793.0,846.0,774.0,831.0,970.0,727.0,778.0,741.0,721.0,812.0,805.0,729.0,854.0,870.0,797.0,737.0,765.0,812.0,737.0,746.0,770.0,710.0,803.0,882.0,636,710,74
RG300,RG300_383,RG300_383.rcp,809.0,883.0,805.0,812.0,959.0,969.0,802.0,943.0,935.0,820.0,815.0,847.0,876.0,815.0,809.0,895.0,821.0,850.0,904.0,759.0,787.0,764.0,755.0,825.0,827.0,739.0,893.0,878.0,863.0,766.0,787.0,818.0,766.0,752.0,809.0,742.0,827.0,894.0,675,739,64
RG300,RG300_384,RG300_384.rcp,762.0,809.0,755.0,753.0,856.0,879.0,745.0,874.0,846.0,803.0,749.0,782.0,817.0,749.0,747.0,808.0,758.0,808.0,844.0,723.0,721.0,730.0,702.0,789.0,810.0,706.0,802.0,861.0,817.0,726.0,769.0,757.0,726.0,723.0,763.0,719.0,786.0,836.0,621,702,81
RG300,RG300_385,RG300_385.rcp,823.0,872.0,792.0,808.0,977.0,941.0,803.0,925.0,992.0,841.0,793.0,854.0,876.0,793.0,803.0,883.0,799.0,891.0,974.0,759.0,776.0,755.0,733.0,835.0,846.0,744.0,914.0,896.0,876.0,756.0,795.0,802.0,756.0,771.0,814.0,738.0,870.0,932.0,664,733,69
RG300,RG300_386,RG300_386.rcp,785.0,825.0,750.0,749.0,835.0,791.0,750.0,863.0,863.0,785.0,763.0,791.0,773.0,763.0,750.0,847.0,748.0,793.0,936.0,719.0,736.0,710.0,706.0,801.0,799.0,708.0,865.0,834.0,782.0,724.0,743.0,724.0,724.0,712.0,782.0,693.0,743.0,852.0,622,693,71
RG300,RG300_387,RG300_387.rcp,825.0,863.0,815.0,798.0,983.0,911.0,804.0,917.0,970.0,889.0,806.0,867.0,858.0,806.0,837.0,879.0,809.0,878.0,986.0,777.0,783.0,779.0,751.0,883.0,869.0,746.0,899.0,961.0,869.0,770.0,832.0,802.0,770.0,772.0,814.0,732.0,885.0,938.0,667,732,65
RG300,RG300_388,RG300_388.rcp,795.0,839.0,761.0,767.0,879.0,875.0,761.0,861.0,850.0,806.0,773.0,796.0,811.0,773.0,769.0,835.0,751.0,850.0,894.0,747.0,785.0,728.0,723.0,790.0,818.0,714.0,823.0,846.0,821.0,728.0,731.0,755.0,728.0,713.0,765.0,713.0,813.0,908.0,638,713,75
RG300,RG300_389,RG300_389.rcp,755.0,793.0,722.0,728.0,856.0,804.0,735.0,811.0,903.0,775.0,739.0,786.0,809.0,739.0,729.0,795.0,742.0,781.0,860.0,690.0,707.0,687.0,661.0,751.0,766.0,671.0,816.0,871.0,795.0,680.0,744.0,718.0,680.0,678.0,721.0,660.0,722.0,857.0,596,660,64
RG300,RG300_390,RG300_390.rcp,842.0,882.0,806.0,812.0,993.0,953.0,808.0,921.0,895.0,844.0,845.0,899.0,882.0,845.0,829.0,914.0,817.0,860.0,989.0,753.0,805.0,764.0,749.0,865.0,856.0,732.0,951.0,893.0,918.0,766.0,791.0,802.0,766.0,750.0,810.0,759.0,815.0,929.0,664,732,68
RG300,RG300_391,RG300_391.rcp,967.0,984.0,941.0,945.0,1124.0,1014.0,949.0,1062.0,1094.0,995.0,958.0,1001.0,995.0,958.0,987.0,996.0,959.0,1034.0,1121.0,894.0,918.0,900.0,892.0,947.0,958.0,884.0,999.0,1014.0,1039.0,878.0,989.0,951.0,878.0,911.0,910.0,910.0,992.0,1042.0,837,878,41
RG300,RG300_392,RG300_392.rcp,991.0,1038.0,958.0,965.0,1207.0,1071.0,974.0,1062.0,1111.0,1053.0,980.0,1008.0,1066.0,980.0,1012.0,1003.0,987.0,1087.0,1102.0,924.0,924.0,918.0,914.0,981.0,973.0,904.0,1046.0,1070.0,1049.0,912.0,966.0,984.0,912.0,942.0,926.0,932.0,1032.0,1053.0,848,904,56
RG300,RG300_393,RG300_393.rcp,961.0,1035.0,956.0,944.0,1154.0,1127.0,948.0,1062.0,1102.0,1025.0,957.0,1042.0,1021.0,957.0,961.0,993.0,965.0,1031.0,1098.0,909.0,921.0,909.0,896.0,1032.0,960.0,882.0,1067.0,1078.0,1047.0,895.0,932.0,972.0,895.0,964.0,924.0,923.0,1005.0,983.0,833,882,49
RG300,RG300_394,RG300_394.rcp,950.0,1050.0,923.0,916.0,1095.0,1056.0,921.0,1057.0,1087.0,988.0,940.0,1019.0,1005.0,940.0,957.0,965.0,950.0,1042.0,1136.0,886.0,902.0,893.0,869.0,992.0,984.0,862.0,1036.0,1101.0,1027.0,872.0,973.0,940.0,872.0,921.0,899.0,895.0,1004.0,1090.0,814,862,48
RG300,RG300_395,RG300_395.rcp,996.0,1080.0,958.0,942.0,1191.0,1049.0,962.0,1104.0,1112.0,1058.0,953.0,1033.0,1004.0,953.0,1017.0,1070.0,984.0,1070.0,1198.0,917.0,919.0,899.0,887.0,1025.0,980.0,896.0,1020.0,1050.0,1057.0,902.0,1006.0,948.0,902.0,924.0,917.0,895.0,992.0,1086.0,849,887,38
RG300,RG300_396,RG300_396.rcp,946.0,1012.0,942.0,953.0,1096.0,1084.0,943.0,1077.0,1096.0,990.0,938.0,1046.0,1001.0,938.0,980.0,1018.0,941.0,1071.0,1079.0,887.0,895.0,903.0,864.0,972.0,968.0,890.0,1049.0,1037.0,1006.0,884.0,965.0,995.0,884.0,931.0,904.0,896.0,1020.0,1045.0,836,864,28
RG300,RG300_397,RG300_397.rcp,1048.0,1083.0,990.0,1006.0,1188.0,1118.0,1004.0,1151.0,1136.0,1045.0,1044.0,1100.0,1127.0,1044.0,1033.0,1056.0,995.0,1150.0,1235.0,947.0,954.0,961.0,933.0,1027.0,1019.0,921.0,1105.0,1145.0,1111.0,941.0,1062.0,1019.0,941.0,974.0,956.0,946.0,1046.0,1106.0,865,921,56
RG300,RG300_398,RG300_398.rcp,1037.0,1130.0,997.0,1004.0,1245.0,1156.0,1017.0,1112.0,1142.0,1088.0,1036.0,1132.0,1085.0,1036.0,1042.0,1106.0,1040.0,1103.0,1211.0,983.0,983.0,953.0,956.0,1078.0,1027.0,942.0,1111.0,1161.0,1068.0,965.0,1060.0,1057.0,965.0,992.0,996.0,948.0,1070.0,1109.0,889,942,53
RG300,RG300_399,RG300_399.rcp,956.0,1012.0,948.0,935.0,1141.0,1065.0,953.0,1042.0,1070.0,1034.0,959.0,1025.0,1042.0,959.0,1011.0,994.0,980.0,1034.0,1093.0,887.0,898.0,902.0,888.0,979.0,984.0,870.0,1052.0,1043.0,1042.0,877.0,952.0,969.0,877.0,939.0,911.0,911.0,1026.0,1060.0,813,870,57
RG300,RG300_400,RG300_400.rcp,1026.0,1098.0,1010.0,1027.0,1204.0,1131.0,1035.0,1095.0,1132.0,1058.0,1042.0,1147.0,1094.0,1042.0,1028.0,1074.0,1027.0,1157.0,1189.0,959.0,965.0,964.0,944.0,1045.0,1057.0,943.0,1135.0,1142.0,1066.0,959.0,1016.0,1041.0,959.0,979.0,978.0,938.0,1121.0,1124.0,881,938,57
RG300,RG300_401,RG300_401.rcp,345.0,363.0,331.0,338.0,406.0,382.0,339.0,411.0,402.0,351.0,349.0,356.0,357.0,349.0,348.0,363.0,335.0,376.0,415.0,321.0,327.0,316.0,315.0,349.0,341.0,317.0,366.0,358.0,340.0,324.0,333.0,324.0,324.0,310.0,333.0,314.0,347.0,363.0,291,310,19
RG300,RG300_402,RG300_402.rcp,334.0,350.0,323.0,328.0,376.0,367.0,328.0,371.0,372.0,344.0,327.0,358.0,352.0,327.0,331.0,358.0,327.0,357.0,397.0,318.0,315.0,306.0,303.0,332.0,332.0,303.0,354.0,357.0,321.0,308.0,307.0,321.0,308.0,300.0,323.0,296.0,356.0,363.0,278,296,18
RG300,RG300_403,RG300_403.rcp,310.0,325.0,301.0,308.0,377.0,344.0,308.0,361.0,360.0,315.0,312.0,323.0,331.0,312.0,309.0,326.0,308.0,350.0,381.0,293.0,300.0,292.0,287.0,321.0,314.0,290.0,342.0,325.0,307.0,295.0,293.0,295.0,295.0,294.0,302.0,286.0,306.0,335.0,270,286,16
RG300,RG300_404,RG300_404.rcp,308.0,315.0,302.0,305.0,374.0,345.0,309.0,352.0,338.0,315.0,310.0,336.0,330.0,310.0,307.0,326.0,303.0,350.0,384.0,285.0,295.0,291.0,280.0,310.0,309.0,288.0,328.0,324.0,301.0,285.0,289.0,286.0,285.0,286.0,299.0,281.0,322.0,340.0,260,280,20
RG300,RG300_405,RG300_405.rcp,306.0,327.0,305.0,309.0,375.0,338.0,309.0,354.0,340.0,323.0,307.0,345.0,345.0,307.0,311.0,324.0,302.0,350.0,363.0,288.0,298.0,287.0,293.0,307.0,303.0,287.0,333.0,338.0,310.0,289.0,299.0,297.0,289.0,286.0,303.0,280.0,312.0,329.0,259,280,21
RG300,RG300_406,RG300_406.rcp,314.0,337.0,304.0,307.0,359.0,345.0,308.0,372.0,354.0,314.0,308.0,341.0,327.0,308.0,315.0,323.0,307.0,347.0,370.0,297.0,311.0,294.0,288.0,327.0,318.0,291.0,333.0,324.0,304.0,295.0,309.0,296.0,295.0,293.0,312.0,286.0,322.0,359.0,269,286,17
RG300,RG300_407,RG300_407.rcp,313.0,334.0,310.0,315.0,361.0,340.0,312.0,355.0,359.0,323.0,313.0,347.0,339.0,313.0,330.0,327.0,312.0,357.0,407.0,290.0,302.0,291.0,293.0,319.0,317.0,291.0,329.0,330.0,312.0,295.0,306.0,299.0,295.0,289.0,305.0,283.0,321.0,333.0,267,283,16
RG300,RG300_408,RG300_408.rcp,312.0,334.0,308.0,311.0,368.0,364.0,307.0,343.0,355.0,318.0,316.0,329.0,330.0,316.0,310.0,325.0,313.0,341.0,365.0,293.0,300.0,292.0,290.0,307.0,310.0,286.0,332.0,316.0,311.0,292.0,304.0,293.0,292.0,286.0,296.0,285.0,310.0,342.0,264,285,21
RG300,RG300_409,RG300_409.rcp,326.0,353.0,314.0,321.0,392.0,357.0,325.0,367.0,365.0,327.0,325.0,355.0,345.0,325.0,329.0,351.0,326.0,359.0,387.0,308.0,312.0,296.0,293.0,324.0,329.0,299.0,338.0,337.0,310.0,301.0,312.0,312.0,301.0,299.0,308.0,292.0,329.0,338.0,273,292,19
RG300,RG300_410,RG300_410.rcp,276.0,300.0,276.0,278.0,331.0,301.0,277.0,293.0,303.0,277.0,276.0,297.0,297.0,276.0,290.0,294.0,280.0,310.0,329.0,260.0,266.0,260.0,260.0,287.0,283.0,260.0,286.0,284.0,271.0,259.0,278.0,267.0,259.0,263.0,269.0,258.0,292.0,302.0,240,258,18
RG300,RG300_411,RG300_411.rcp,733.0,775.0,722.0,714.0,811.0,824.0,732.0,824.0,816.0,745.0,722.0,751.0,767.0,722.0,721.0,781.0,709.0,798.0,829.0,691.0,690.0,682.0,686.0,729.0,759.0,672.0,815.0,810.0,738.0,686.0,701.0,700.0,686.0,682.0,715.0,661.0,753.0,765.0,599,661,62
RG300,RG300_412,RG300_412.rcp,727.0,775.0,706.0,694.0,814.0,767.0,693.0,799.0,782.0,727.0,703.0,736.0,740.0,703.0,707.0,765.0,707.0,744.0,773.0,673.0,687.0,661.0,657.0,734.0,760.0,663.0,765.0,780.0,708.0,675.0,660.0,670.0,675.0,651.0,728.0,635.0,751.0,760.0,578,635,57
RG300,RG300_413,RG300_413.rcp,733.0,771.0,734.0,736.0,845.0,797.0,740.0,843.0,836.0,728.0,748.0,756.0,778.0,748.0,723.0,788.0,731.0,804.0,788.0,682.0,698.0,707.0,696.0,740.0,799.0,702.0,788.0,811.0,724.0,697.0,684.0,696.0,697.0,682.0,739.0,676.0,752.0,793.0,606,676,70
RG300,RG300_414,RG300_414.rcp,740.0,750.0,712.0,723.0,829.0,791.0,722.0,810.0,795.0,745.0,742.0,738.0,754.0,742.0,726.0,770.0,729.0,801.0,809.0,675.0,699.0,695.0,681.0,754.0,778.0,686.0,797.0,796.0,756.0,680.0,679.0,687.0,680.0,693.0,736.0,663.0,753.0,761.0,599,663,64
RG300,RG300_415,RG300_415.rcp,739.0,768.0,718.0,720.0,834.0,829.0,731.0,832.0,799.0,724.0,731.0,771.0,745.0,731.0,719.0,788.0,702.0,755.0,800.0,690.0,697.0,688.0,667.0,755.0,747.0,669.0,762.0,778.0,722.0,684.0,667.0,675.0,684.0,668.0,722.0,649.0,731.0,782.0,587,649,62
RG300,RG300_416,RG300_416.rcp,710.0,760.0,699.0,722.0,822.0,783.0,704.0,818.0,790.0,729.0,713.0,730.0,756.0,713.0,707.0,775.0,688.0,747.0,810.0,650.0,684.0,657.0,660.0,736.0,749.0,654.0,787.0,775.0,735.0,655.0,655.0,668.0,655.0,649.0,719.0,637.0,734.0,750.0,575,637,62
RG300,RG300_417,RG300_417.rcp,703.0,743.0,690.0,692.0,846.0,753.0,701.0,789.0,763.0,696.0,693.0,731.0,749.0,693.0,707.0,775.0,694.0,769.0,787.0,669.0,694.0,664.0,652.0,761.0,732.0,658.0,774.0,799.0,724.0,656.0,678.0,663.0,656.0,656.0,725.0,638.0,714.0,738.0,581,638,57
RG300,RG300_418,RG300_418.rcp,719.0,747.0,710.0,697.0,820.0,779.0,711.0,832.0,809.0,735.0,726.0,741.0,722.0,726.0,736.0,768.0,705.0,784.0,812.0,680.0,675.0,686.0,667.0,708.0,765.0,656.0,767.0,765.0,718.0,664.0,676.0,678.0,664.0,658.0,714.0,643.0,755.0,758.0,586,643,57
RG300,RG300_419,RG300_419.rcp,731.0,785.0,716.0,721.0,824.0,780.0,731.0,791.0,785.0,749.0,732.0,730.0,762.0,732.0,711.0,798.0,703.0,771.0,793.0,673.0,695.0,688.0,668.0,756.0,758.0,682.0,787.0,763.0,727.0,685.0,673.0,679.0,685.0,679.0,707.0,667.0,742.0,757.0,580,667,87
RG300,RG300_420,RG300_420.rcp,714.0,743.0,696.0,707.0,832.0,780.0,698.0,805.0,782.0,740.0,712.0,747.0,750.0,712.0,713.0,752.0,703.0,770.0,803.0,663.0,660.0,659.0,648.0,701.0,745.0,680.0,750.0,760.0,759.0,668.0,664.0,674.0,668.0,682.0,697.0,646.0,729.0,732.0,587,646,59
RG300,RG300_421,RG300_421.rcp,1343.0,1383.0,1302.0,1318.0,1456.0,1491.0,1308.0,1486.0,1472.0,1397.0,1349.0,1345.0,1350.0,1349.0,1347.0,1395.0,1309.0,1379.0,1453.0,1278.0,1303.0,1278.0,1262.0,1397.0,1361.0,1247.0,1452.0,1444.0,1386.0,1265.0,1270.0,1301.0,1265.0,1255.0,1332.0,1223.0,1365.0,1418.0,1161,1223,62
RG300,RG300_422,RG300_422.rcp,1318.0,1368.0,1346.0,1330.0,1426.0,1435.0,1321.0,1398.0,1444.0,1371.0,1340.0,1348.0,1343.0,1340.0,1334.0,1399.0,1286.0,1343.0,1395.0,1250.0,1284.0,1298.0,1270.0,1309.0,1337.0,1262.0,1420.0,1438.0,1359.0,1295.0,1262.0,1298.0,1295.0,1256.0,1297.0,1230.0,1334.0,1366.0,1153,1230,77
RG300,RG300_423,RG300_423.rcp,1361.0,1345.0,1335.0,1313.0,1478.0,1432.0,1330.0,1444.0,1480.0,1383.0,1319.0,1357.0,1380.0,1319.0,1329.0,1374.0,1295.0,1364.0,1438.0,1273.0,1294.0,1278.0,1272.0,1365.0,1361.0,1276.0,1438.0,1475.0,1397.0,1262.0,1295.0,1328.0,1262.0,1294.0,1316.0,1241.0,1359.0,1404.0,1179,1241,62
RG300,RG300_424,RG300_424.rcp,1350.0,1405.0,1356.0,1335.0,1497.0,1422.0,1369.0,1486.0,1458.0,1400.0,1356.0,1398.0,1369.0,1356.0,1359.0,1429.0,1348.0,1382.0,1428.0,1314.0,1321.0,1331.0,1301.0,1356.0,1377.0,1301.0,1449.0,1441.0,1408.0,1310.0,1309.0,1365.0,1310.0,1318.0,1367.0,1292.0,1375.0,1429.0,1196,1292,96
RG300,RG300_425,RG300_425.rcp,1352.0,1387.0,1353.0,1329.0,1441.0,1406.0,1325.0,1448.0,1416.0,1388.0,1332.0,1360.0,1380.0,1332.0,1313.0,1406.0,1319.0,1372.0,1463.0,1290.0,1300.0,1301.0,1274.0,1346.0,1383.0,1261.0,1413.0,1408.0,1379.0,1264.0,1298.0,1317.0,1264.0,1305.0,1316.0,1242.0,1361.0,1377.0,1158,1242,84
RG300,RG300_426,RG300_426.rcp,1250.0,1286.0,1250.0,1231.0,1366.0,1337.0,1236.0,1357.0,1362.0,1295.0,1252.0,1273.0,1249.0,1252.0,1276.0,1297.0,1228.0,1347.0,1395.0,1181.0,1194.0,1189.0,1162.0,1286.0,1291.0,1188.0,1319.0,1321.0,1330.0,1184.0,1223.0,1224.0,1184.0,1183.0,1244.0,1168.0,1272.0,1346.0,1094,1162,68
RG300,RG300_427,RG300_427.rcp,1261.0,1348.0,1290.0,1270.0,1445.0,1359.0,1292.0,1413.0,1407.0,1336.0,1309.0,1301.0,1301.0,1309.0,1260.0,1339.0,1266.0,1341.0,1357.0,1218.0,1247.0,1238.0,1218.0,1276.0,1304.0,1212.0,1338.0,1341.0,1342.0,1207.0,1243.0,1268.0,1207.0,1213.0,1264.0,1173.0,1312.0,1340.0,1106,1173,67
RG300,RG300_428,RG300_428.rcp,1270.0,1309.0,1255.0,1235.0,1418.0,1366.0,1255.0,1345.0,1359.0,1329.0,1269.0,1320.0,1290.0,1269.0,1265.0,1349.0,1271.0,1316.0,1333.0,1223.0,1235.0,1227.0,1173.0,1314.0,1332.0,1192.0,1317.0,1374.0,1325.0,1214.0,1234.0,1242.0,1214.0,1224.0,1263.0,1181.0,1346.0,1344.0,1102,1173,71
RG300,RG300_429,RG300_429.rcp,1344.0,1382.0,1368.0,1346.0,1470.0,1467.0,1348.0,1476.0,1450.0,1371.0,1338.0,1321.0,1348.0,1338.0,1338.0,1409.0,1309.0,1385.0,1433.0,1268.0,1306.0,1304.0,1290.0,1381.0,1345.0,1271.0,1413.0,1404.0,1407.0,1269.0,1287.0,1314.0,1269.0,1280.0,1334.0,1244.0,1328.0,1410.0,1173,1244,71
RG300,RG300_430,RG300_430.rcp,1336.0,1426.0,1337.0,1322.0,1523.0,1461.0,1333.0,1468.0,1431.0,1361.0,1338.0,1347.0,1352.0,1338.0,1324.0,1422.0,1315.0,1405.0,1447.0,1292.0,1320.0,1302.0,1275.0,1405.0,1383.0,1283.0,1400.0,1410.0,1384.0,1296.0,1336.0,1307.0,1296.0,1311.0,1336.0,1275.0,1405.0,1413.0,1187,1275,88
RG300,RG300_431,RG300_431.rcp,1568.0,1574.0,1569.0,1568.0,1572.0,1571.0,1567.0,1570.0,1570.0,1566.0,1570.0,1564.0,1569.0,1570.0,1565.0,1570.0,1565.0,1568.0,1568.0,1562.0,1566.0,1563.0,1562.0,1564.0,1568.0,1561.0,1568.0,1570.0,1566.0,1566.0,1559.0,1563.0,1566.0,1556.0,1566.0,1562.0,1565.0,1568.0,1556,1556,0
RG300,RG300_432,RG300_432.rcp,1673.0,1669.0,1674.0,1674.0,1685.0,1673.0,1674.0,1684.0,1684.0,1674.0,1684.0,1676.0,1668.0,1684.0,1681.0,1685.0,1681.0,1670.0,1668.0,1670.0,1665.0,1669.0,1669.0,1665.0,1668.0,1674.0,1677.0,1684.0,1680.0,1672.0,1662.0,1673.0,1672.0,1656.0,1676.0,1662.0,1664.0,1675.0,1652,1656,4
RG300,RG300_433,RG300_433.rcp,1648.0,1651.0,1645.0,1655.0,1657.0,1650.0,1654.0,1646.0,1651.0,1642.0,1651.0,1654.0,1643.0,1651.0,1653.0,1649.0,1655.0,1654.0,1657.0,1642.0,1643.0,1639.0,1632.0,1642.0,1648.0,1628.0,1646.0,1644.0,1642.0,1643.0,1635.0,1637.0,1643.0,1628.0,1649.0,1628.0,1641.0,1650.0,1622,1628,6
RG300,RG300_434,RG300_434.rcp,1697.0,1708.0,1698.0,1705.0,1708.0,1701.0,1704.0,1708.0,1701.0,1697.0,1704.0,1696.0,1705.0,1704.0,1698.0,1708.0,1698.0,1700.0,1701.0,1697.0,1701.0,1698.0,1696.0,1698.0,1701.0,1697.0,1701.0,1701.0,1696.0,1697.0,1696.0,1696.0,1697.0,1696.0,1701.0,1695.0,1700.0,1698.0,1695,1695,0
RG300,RG300_435,RG300_435.rcp,1545.0,1547.0,1547.0,1547.0,1561.0,1548.0,1547.0,1558.0,1556.0,1543.0,1547.0,1544.0,1547.0,1547.0,1551.0,1555.0,1548.0,1544.0,1553.0,1534.0,1544.0,1543.0,1543.0,1547.0,1556.0,1540.0,1550.0,1556.0,1542.0,1541.0,1538.0,1538.0,1541.0,1541.0,1543.0,1538.0,1541.0,1551.0,1534,1534,0
RG300,RG300_436,RG300_436.rcp,1696.0,1698.0,1687.0,1688.0,1701.0,1694.0,1694.0,1695.0,1691.0,1692.0,1693.0,1697.0,1695.0,1693.0,1694.0,1695.0,1697.0,1691.0,1696.0,1689.0,1690.0,1687.0,1686.0,1695.0,1698.0,1688.0,1694.0,1691.0,1692.0,1688.0,1686.0,1683.0,1688.0,1686.0,1693.0,1683.0,1691.0,1691.0,1678,1683,5
RG300,RG300_437,RG300_437.rcp,1690.0,1689.0,1686.0,1682.0,1701.0,1693.0,1686.0,1692.0,1692.0,1694.0,1690.0,1687.0,1691.0,1690.0,1688.0,1695.0,1687.0,1691.0,1683.0,1687.0,1679.0,1688.0,1684.0,1687.0,1691.0,1688.0,1681.0,1691.0,1690.0,1688.0,1680.0,1687.0,1688.0,1680.0,1691.0,1680.0,1688.0,1680.0,1672,1679,7
RG300,RG300_438,RG300_438.rcp,1569.0,1575.0,1571.0,1569.0,1584.0,1584.0,1571.0,1572.0,1579.0,1574.0,1572.0,1573.0,1582.0,1572.0,1567.0,1572.0,1572.0,1582.0,1582.0,1569.0,1572.0,1571.0,1568.0,1576.0,1579.0,1571.0,1572.0,1574.0,1574.0,1572.0,1570.0,1579.0,1572.0,1567.0,1572.0,1568.0,1579.0,1579.0,1566,1567,1
RG300,RG300_439,RG300_439.rcp,1622.0,1612.0,1625.0,1617.0,1617.0,1632.0,1617.0,1623.0,1622.0,1627.0,1617.0,1610.0,1612.0,1617.0,1610.0,1625.0,1610.0,1610.0,1627.0,1617.0,1612.0,1625.0,1610.0,1610.0,1625.0,1614.0,1623.0,1622.0,1627.0,1614.0,1611.0,1612.0,1614.0,1608.0,1625.0,1605.0,1613.0,1619.0,1605,1605,0
RG300,RG300_440,RG300_440.rcp,1676.0,1672.0,1664.0,1676.0,1682.0,1690.0,1674.0,1688.0,1690.0,1692.0,1673.0,1670.0,1674.0,1673.0,1677.0,1677.0,1675.0,1687.0,1684.0,1674.0,1671.0,1663.0,1663.0,1676.0,1675.0,1668.0,1686.0,1687.0,1690.0,1663.0,1672.0,1674.0,1663.0,1661.0,1671.0,1657.0,1687.0,1682.0,1655,1657,2
RG300,RG300_441,RG300_441.rcp,402.0,420.0,398.0,398.0,466.0,437.0,407.0,436.0,442.0,408.0,406.0,424.0,436.0,411.0,418.0,415.0,400.0,452.0,466.0,382.0,377.0,379.0,373.0,404.0,405.0,373.0,425.0,417.0,393.0,374.0,384.0,382.0,380.0,378.0,393.0,375.0,417.0,432.0,345,373,28
RG300,RG300_442,RG300_442.rcp,427.0,441.0,419.0,424.0,493.0,460.0,417.0,474.0,456.0,424.0,421.0,455.0,449.0,422.0,424.0,431.0,424.0,455.0,484.0,393.0,401.0,393.0,391.0,440.0,418.0,389.0,429.0,424.0,407.0,401.0,401.0,404.0,396.0,395.0,401.0,389.0,424.0,432.0,361,389,28
RG300,RG300_443,RG300_443.rcp,412.0,426.0,395.0,401.0,470.0,441.0,405.0,458.0,440.0,408.0,410.0,436.0,437.0,409.0,420.0,424.0,403.0,443.0,467.0,390.0,388.0,380.0,379.0,413.0,411.0,383.0,413.0,417.0,395.0,391.0,386.0,393.0,383.0,381.0,394.0,379.0,421.0,442.0,349,379,30
RG300,RG300_444,RG300_444.rcp,406.0,422.0,402.0,405.0,468.0,447.0,406.0,450.0,437.0,402.0,409.0,446.0,435.0,408.0,414.0,422.0,404.0,459.0,482.0,386.0,391.0,381.0,381.0,404.0,404.0,382.0,412.0,409.0,393.0,382.0,392.0,384.0,378.0,385.0,401.0,377.0,428.0,411.0,348,377,29
RG300,RG300_445,RG300_445.rcp,419.0,439.0,411.0,416.0,491.0,459.0,422.0,478.0,462.0,422.0,418.0,438.0,441.0,421.0,429.0,431.0,429.0,467.0,476.0,399.0,406.0,394.0,391.0,423.0,432.0,392.0,432.0,426.0,409.0,393.0,400.0,402.0,395.0,396.0,408.0,387.0,426.0,437.0,361,387,26
RG300,RG300_446,RG300_446.rcp,414.0,428.0,405.0,414.0,486.0,456.0,413.0,456.0,458.0,428.0,420.0,452.0,433.0,426.0,418.0,429.0,418.0,459.0,486.0,394.0,393.0,387.0,392.0,413.0,406.0,394.0,430.0,435.0,405.0,394.0,400.0,394.0,393.0,393.0,404.0,384.0,435.0,423.0,356,384,28
RG300,RG300_447,RG300_447.rcp,430.0,454.0,424.0,428.0,506.0,469.0,430.0,450.0,454.0,429.0,432.0,450.0,448.0,433.0,426.0,447.0,421.0,462.0,512.0,406.0,415.0,404.0,395.0,428.0,418.0,401.0,446.0,441.0,417.0,407.0,408.0,405.0,406.0,404.0,421.0,400.0,438.0,434.0,366,395,29
RG300,RG300_448,RG300_448.rcp,415.0,430.0,409.0,412.0,481.0,461.0,410.0,457.0,459.0,419.0,415.0,444.0,439.0,418.0,429.0,419.0,423.0,461.0,484.0,392.0,397.0,387.0,387.0,406.0,415.0,388.0,442.0,416.0,406.0,385.0,404.0,395.0,387.0,385.0,393.0,385.0,420.0,423.0,356,385,29
RG300,RG300_449,RG300_449.rcp,433.0,438.0,415.0,420.0,495.0,459.0,431.0,473.0,459.0,429.0,430.0,453.0,453.0,425.0,432.0,438.0,417.0,466.0,504.0,407.0,413.0,394.0,399.0,422.0,427.0,401.0,448.0,435.0,422.0,399.0,400.0,407.0,403.0,389.0,417.0,396.0,453.0,461.0,365,389,24
RG300,RG300_450,RG300_450.rcp,416.0,427.0,396.0,406.0,467.0,431.0,410.0,445.0,450.0,405.0,415.0,436.0,429.0,400.0,410.0,425.0,398.0,453.0,495.0,387.0,391.0,382.0,377.0,411.0,404.0,381.0,409.0,411.0,397.0,389.0,389.0,381.0,382.0,378.0,394.0,374.0,422.0,423.0,347,374,27
RG300,RG300_451,RG300_451.rcp,885.0,935.0,889.0,887.0,1002.0,965.0,888.0,982.0,1008.0,892.0,885.0,900.0,908.0,926.0,884.0,959.0,885.0,970.0,950.0,852.0,867.0,864.0,845.0,956.0,950.0,853.0,992.0,977.0,925.0,845.0,857.0,857.0,930.0,853.0,911.0,824.0,919.0,929.0,778,824,46
RG300,RG300_452,RG300_452.rcp,963.0,1016.0,947.0,964.0,1084.0,1047.0,958.0,1038.0,1044.0,979.0,960.0,963.0,954.0,983.0,973.0,1014.0,939.0,1019.0,1008.0,912.0,925.0,922.0,896.0,986.0,1007.0,903.0,1041.0,1035.0,984.0,904.0,911.0,890.0,939.0,912.0,955.0,891.0,1010.0,1019.0,829,890,61
RG300,RG300_453,RG300_453.rcp,877.0,874.0,860.0,872.0,981.0,931.0,861.0,955.0,946.0,892.0,863.0,882.0,888.0,908.0,874.0,912.0,867.0,963.0,954.0,838.0,832.0,829.0,814.0,900.0,916.0,820.0,972.0,947.0,887.0,825.0,834.0,840.0,879.0,825.0,872.0,824.0,883.0,910.0,755,814,59
RG300,RG300_454,RG300_454.rcp,971.0,985.0,957.0,949.0,1062.0,1064.0,964.0,1067.0,1059.0,979.0,956.0,973.0,991.0,992.0,963.0,1006.0,958.0,1026.0,1041.0,919.0,932.0,934.0,912.0,1009.0,1025.0,922.0,1054.0,1047.0,986.0,929.0,905.0,935.0,976.0,924.0,946.0,917.0,1005.0,1052.0,851,905,54
RG300,RG300_455,RG300_455.rcp,958.0,987.0,925.0,940.0,1041.0,1039.0,943.0,1011.0,1047.0,983.0,951.0,946.0,975.0,1029.0,945.0,1007.0,922.0,1003.0,1015.0,909.0,900.0,903.0,890.0,955.0,993.0,894.0,1026.0,1040.0,980.0,892.0,894.0,880.0,955.0,905.0,930.0,879.0,978.0,1014.0,824,879,55
RG300,RG300_456,RG300_456.rcp,957.0,983.0,928.0,937.0,1046.0,1025.0,942.0,1013.0,1079.0,943.0,945.0,969.0,950.0,982.0,940.0,1016.0,932.0,996.0,1016.0,909.0,913.0,909.0,889.0,974.0,1011.0,900.0,1008.0,1027.0,975.0,917.0,891.0,908.0,943.0,904.0,950.0,872.0,966.0,976.0,826,872,46
RG300,RG300_457,RG300_457.rcp,959.0,1008.0,948.0,951.0,1026.0,1032.0,941.0,1096.0,1070.0,960.0,964.0,969.0,947.0,1010.0,947.0,1013.0,927.0,1016.0,1029.0,919.0,942.0,919.0,888.0,986.0,1009.0,901.0,1022.0,1029.0,1002.0,913.0,918.0,892.0,969.0,911.0,975.0,881.0,987.0,983.0,830,881,51
RG300,RG300_458,RG300_458.rcp,884.0,918.0,872.0,867.0,975.0,938.0,872.0,971.0,949.0,901.0,889.0,891.0,891.0,900.0,884.0,938.0,862.0,957.0,953.0,845.0,860.0,849.0,823.0,930.0,928.0,830.0,996.0,968.0,901.0,841.0,841.0,832.0,873.0,835.0,896.0,827.0,919.0,945.0,774,823,49
RG300,RG300_459,RG300_459.rcp,896.0,937.0,902.0,894.0,989.0,977.0,896.0,974.0,980.0,899.0,937.0,931.0,922.0,931.0,905.0,952.0,912.0,931.0,984.0,855.0,872.0,876.0,865.0,922.0,964.0,863.0,947.0,1011.0,935.0,869.0,855.0,867.0,896.0,868.0,887.0,855.0,932.0,928.0,796,855,59
RG300,RG300_460,RG300_460.rcp,907.0,941.0,901.0,900.0,971.0,991.0,904.0,966.0,967.0,901.0,903.0,930.0,917.0,951.0,891.0,980.0,884.0,980.0,1007.0,862.0,870.0,873.0,857.0,916.0,957.0,857.0,993.0,1006.0,952.0,869.0,850.0,873.0,905.0,848.0,918.0,841.0,945.0,958.0,796,841,45
RG300,RG300_461,RG300_461.rcp,1681.0,1714.0,1700.0,1690.0,1745.0,1732.0,1707.0,1738.0,1742.0,1720.0,1705.0,1678.0,1702.0,1706.0,1694.0,1737.0,1685.0,1718.0,1703.0,1682.0,1688.0,1681.0,1686.0,1725.0,1711.0,1682.0,1729.0,1731.0,1715.0,1682.0,1670.0,1667.0,1701.0,1676.0,1729.0,1657.0,1713.0,1707.0,1649,1657,8
RG300,RG300_462,RG300_462.rcp,1653.0,1658.0,1660.0,1652.0,1678.0,1687.0,1637.0,1683.0,1671.0,1677.0,1636.0,1655.0,1644.0,1679.0,1652.0,1678.0,1646.0,1673.0,1679.0,1641.0,1648.0,1635.0,1623.0,1652.0,1664.0,1618.0,1654.0,1663.0,1674.0,1626.0,1635.0,1632.0,1658.0,1626.0,1674.0,1621.0,1657.0,1696.0,1605,1618,13
RG300,RG300_463,RG300_463.rcp,1620.0,1622.0,1618.0,1606.0,1638.0,1644.0,1599.0,1638.0,1646.0,1624.0,1605.0,1599.0,1610.0,1630.0,1612.0,1639.0,1593.0,1642.0,1644.0,1598.0,1602.0,1608.0,1591.0,1612.0,1631.0,1590.0,1633.0,1645.0,1623.0,1593.0,1591.0,1593.0,1601.0,1591.0,1617.0,1580.0,1616.0,1630.0,1575,1580,5
RG300,RG300_464,RG300_464.rcp,1566.0,1592.0,1574.0,1565.0,1626.0,1598.0,1552.0,1609.0,1600.0,1592.0,1564.0,1590.0,1572.0,1585.0,1570.0,1616.0,1565.0,1576.0,1594.0,1559.0,1566.0,1571.0,1541.0,1572.0,1588.0,1537.0,1595.0,1585.0,1592.0,1551.0,1564.0,1554.0,1569.0,1567.0,1588.0,1539.0,1542.0,1567.0,1526,1537,11
RG300,RG300_465,RG300_465.rcp,1615.0,1609.0,1613.0,1609.0,1646.0,1636.0,1610.0,1636.0,1642.0,1629.0,1616.0,1617.0,1598.0,1620.0,1614.0,1645.0,1609.0,1632.0,1619.0,1601.0,1605.0,1603.0,1598.0,1633.0,1609.0,1598.0,1632.0,1627.0,1623.0,1601.0,1592.0,1575.0,1619.0,1581.0,1624.0,1586.0,1624.0,1610.0,1566,1575,9
RG300,RG300_466,RG300_466.rcp,1588.0,1597.0,1593.0,1580.0,1633.0,1607.0,1586.0,1629.0,1616.0,1598.0,1597.0,1574.0,1574.0,1602.0,1591.0,1614.0,1581.0,1587.0,1609.0,1569.0,1585.0,1591.0,1569.0,1600.0,1595.0,1571.0,1597.0,1596.0,1613.0,1579.0,1564.0,1559.0,1583.0,1582.0,1600.0,1565.0,1570.0,1590.0,1548,1559,11
RG300,RG300_467,RG300_467.rcp,1623.0,1625.0,1607.0,1608.0,1650.0,1642.0,1618.0,1628.0,1630.0,1625.0,1617.0,1612.0,1617.0,1621.0,1608.0,1645.0,1595.0,1636.0,1651.0,1598.0,1612.0,1611.0,1601.0,1623.0,1624.0,1592.0,1624.0,1630.0,1625.0,1599.0,1604.0,1583.0,1601.0,1594.0,1619.0,1580.0,1605.0,1642.0,1563,1580,17
RG300,RG300_468,RG300_468.rcp,1591.0,1591.0,1598.0,1586.0,1622.0,1608.0,1581.0,1616.0,1614.0,1594.0,1586.0,1576.0,1581.0,1588.0,1589.0,1599.0,1563.0,1600.0,1595.0,1571.0,1576.0,1577.0,1562.0,1586.0,1586.0,1572.0,1599.0,1600.0,1582.0,1568.0,1562.0,1559.0,1587.0,1574.0,1587.0,1555.0,1589.0,1590.0,1542,1555,13
RG300,RG300_469,RG300_469.rcp,1572.0,1581.0,1583.0,1565.0,1607.0,1583.0,1555.0,1590.0,1590.0,1584.0,1562.0,1554.0,1562.0,1579.0,1564.0,1583.0,1549.0,1574.0,1587.0,1562.0,1560.0,1575.0,1553.0,1578.0,1586.0,1544.0,1584.0,1592.0,1590.0,1556.0,1535.0,1546.0,1562.0,1562.0,1572.0,1543.0,1569.0,1573.0,1520,1535,15
RG300,RG300_470,RG300_470.rcp,1535.0,1551.0,1531.0,1543.0,1581.0,1560.0,1531.0,1562.0,1555.0,1542.0,1530.0,1549.0,1546.0,1541.0,1546.0,1563.0,1532.0,1559.0,1550.0,1528.0,1531.0,1524.0,1520.0,1536.0,1543.0,1513.0,1553.0,1548.0,1540.0,1519.0,1521.0,1514.0,1538.0,1524.0,1551.0,1505.0,1535.0,1557.0,1501,1505,4
RG300,RG300_471,RG300_471.rcp,1599.0,1599.0,1599.0,1599.0,1599.0,1599.0,1599.0,1599.0,1599.0,1599.0,1599.0,1599.0,1599.0,1599.0,1599.0,1599.0,1599.0,1599.0,1599.0,1599.0,1599.0,1599.0,1599.0,1599.0,1599.0,1599.0,1599.0,1599.0,1599.0,1599.0,1599.0,1599.0,1599.0,1599.0,1599.0,1599.0,1599.0,1599.0,1599,1599,0
RG300,RG300_472,RG300_472.rcp,1781.0,1781.0,1781.0,1781.0,1781.0,1781.0,1781.0,1781.0,1781.0,1781.0,1781.0,1774.0,1781.0,1781.0,1781.0,1781.0,1781.0,1774.0,1781.0,1781.0,1781.0,1781.0,1781.0,1781.0,1781.0,1781.0,1781.0,1781.0,1781.0,1781.0,1774.0,1781.0,1781.0,1774.0,1781.0,1774.0,1774.0,1781.0,1774,1774,0
RG300,RG300_473,RG300_473.rcp,1632.0,1632.0,1632.0,1632.0,1632.0,1632.0,1632.0,1632.0,1632.0,1632.0,1632.0,1632.0,1632.0,1632.0,1632.0,1632.0,1632.0,1632.0,1632.0,1632.0,1632.0,1632.0,1632.0,1632.0,1632.0,1632.0,1632.0,1632.0,1632.0,1632.0,1632.0,1632.0,1632.0,1632.0,1632.0,1632.0,1632.0,1632.0,1632,1632,0
RG300,RG300_474,RG300_474.rcp,1555.0,1555.0,1555.0,1555.0,1555.0,1555.0,1555.0,1555.0,1555.0,1555.0,1555.0,1555.0,1555.0,1555.0,1555.0,1555.0,1555.0,1555.0,1555.0,1555.0,1555.0,1555.0,1555.0,1555.0,1555.0,1555.0,1555.0,1555.0,1555.0,1555.0,1555.0,1555.0,1555.0,1555.0,1555.0,1555.0,1555.0,1555.0,1555,1555,0
RG300,RG300_475,RG300_475.rcp,1630.0,1630.0,1630.0,1630.0,1630.0,1630.0,1630.0,1630.0,1630.0,1630.0,1630.0,1630.0,1630.0,1630.0,1630.0,1630.0,1630.0,1630.0,1630.0,1630.0,1630.0,1630.0,1630.0,1630.0,1630.0,1630.0,1630.0,1630.0,1630.0,1630.0,1630.0,1630.0,1630.0,1630.0,1630.0,1630.0,1630.0,1630.0,1630,1630,0
RG300,RG300_476,RG300_476.rcp,1675.0,1675.0,1675.0,1675.0,1675.0,1675.0,1675.0,1675.0,1675.0,1675.0,1675.0,1675.0,1675.0,1675.0,1675.0,1675.0,1675.0,1675.0,1675.0,1675.0,1675.0,1675.0,1675.0,1675.0,1675.0,1675.0,1675.0,1675.0,1675.0,1675.0,1675.0,1675.0,1675.0,1675.0,1675.0,1675.0,1675.0,1675.0,1675,1675,0
RG300,RG300_477,RG300_477.rcp,1703.0,1703.0,1703.0,1703.0,1703.0,1703.0,1703.0,1703.0,1703.0,1703.0,1703.0,1703.0,1703.0,1703.0,1703.0,1703.0,1703.0,1703.0,1703.0,1703.0,1703.0,1703.0,1703.0,1703.0,1703.0,1703.0,1703.0,1703.0,1703.0,1703.0,1703.0,1703.0,1703.0,1703.0,1703.0,1703.0,1703.0,1703.0,1703,1703,0
RG300,RG300_478,RG300_478.rcp,1610.0,1610.0,1610.0,1610.0,1610.0,1610.0,1610.0,1610.0,1610.0,1610.0,1610.0,1610.0,1610.0,1610.0,1610.0,1610.0,1610.0,1610.0,1610.0,1610.0,1610.0,1610.0,1610.0,1610.0,1610.0,1610.0,1610.0,1610.0,1610.0,1610.0,1610.0,1610.0,1610.0,1610.0,1610.0,1610.0,1610.0,1610.0,1610,1610,0
RG300,RG300_479,RG300_479.rcp,1637.0,1637.0,1637.0,1637.0,1637.0,1637.0,1637.0,1637.0,1637.0,1637.0,1637.0,1637.0,1637.0,1637.0,1637.0,1637.0,1637.0,1637.0,1637.0,1637.0,1637.0,1637.0,1637.0,1637.0,1637.0,1637.0,1637.0,1637.0,1637.0,1637.0,1637.0,1637.0,1637.0,1637.0,1637.0,1637.0,1637.0,1637.0,1637,1637,0
RG300,RG300_480,RG300_480.rcp,1587.0,1587.0,1587.0,1587.0,1587.0,1587.0,1587.0,1587.0,1587.0,1587.0,1587.0,1587.0,1587.0,1587.0,1587.0,1587.0,1587.0,1587.0,1587.0,1587.0,1587.0,1587.0,1587.0,1587.0,1587.0,1587.0,1587.0,1587.0,1587.0,1587.0,1587.0,1587.0,1587.0,1587.0,1587.0,1587.0,1587.0,1587.0,1587,1587,0
