run_rank,crossover,replacement_strategy,elite_size,replacement_fraction,mutation,initial_population_mode,label,point_index,gen,best_curve,best_ga,best_known,gap_to_best_known,stop_reason
1,decuple,generational,1,0.9,insertion_window,random,generational/random/insertion_window,1,0.0,286.0,222.0,214.0,8.0,max_generations
1,decuple,generational,1,0.9,insertion_window,random,generational/random/insertion_window,2,1.0,261.0,222.0,214.0,8.0,max_generations
1,decuple,generational,1,0.9,insertion_window,random,generational/random/insertion_window,3,2.0,245.0,222.0,214.0,8.0,max_generations
1,decuple,generational,1,0.9,insertion_window,random,generational/random/insertion_window,4,3.0,245.0,222.0,214.0,8.0,max_generations
1,decuple,generational,1,0.9,insertion_window,random,generational/random/insertion_window,5,4.0,240.0,222.0,214.0,8.0,max_generations
1,decuple,generational,1,0.9,insertion_window,random,generational/random/insertion_window,6,5.0,240.0,222.0,214.0,8.0,max_generations
1,decuple,generational,1,0.9,insertion_window,random,generational/random/insertion_window,7,6.0,240.0,222.0,214.0,8.0,max_generations
1,decuple,generational,1,0.9,insertion_window,random,generational/random/insertion_window,8,7.0,239.0,222.0,214.0,8.0,max_generations
1,decuple,generational,1,0.9,insertion_window,random,generational/random/insertion_window,9,8.0,235.0,222.0,214.0,8.0,max_generations
1,decuple,generational,1,0.9,insertion_window,random,generational/random/insertion_window,10,9.0,235.0,222.0,214.0,8.0,max_generations
1,decuple,generational,1,0.9,insertion_window,random,generational/random/insertion_window,11,10.0,235.0,222.0,214.0,8.0,max_generations
1,decuple,generational,1,0.9,insertion_window,random,generational/random/insertion_window,12,11.0,235.0,222.0,214.0,8.0,max_generations
1,decuple,generational,1,0.9,insertion_window,random,generational/random/insertion_window,13,12.0,235.0,222.0,214.0,8.0,max_generations
1,decuple,generational,1,0.9,insertion_window,random,generational/random/insertion_window,14,13.0,235.0,222.0,214.0,8.0,max_generations
1,decuple,generational,1,0.9,insertion_window,random,generational/random/insertion_window,15,14.0,235.0,222.0,214.0,8.0,max_generations
1,decuple,generational,1,0.9,insertion_window,random,generational/random/insertion_window,16,15.0,235.0,222.0,214.0,8.0,max_generations
1,decuple,generational,1,0.9,insertion_window,random,generational/random/insertion_window,17,16.0,235.0,222.0,214.0,8.0,max_generations
1,decuple,generational,1,0.9,insertion_window,random,generational/random/insertion_window,18,17.0,235.0,222.0,214.0,8.0,max_generations
1,decuple,generational,1,0.9,insertion_window,random,generational/random/insertion_window,19,18.0,234.0,222.0,214.0,8.0,max_generations
1,decuple,generational,1,0.9,insertion_window,random,generational/random/insertion_window,20,19.0,234.0,222.0,214.0,8.0,max_generations
1,decuple,generational,1,0.9,insertion_window,random,generational/random/insertion_window,21,20.0,234.0,222.0,214.0,8.0,max_generations
1,decuple,generational,1,0.9,insertion_window,random,generational/random/insertion_window,22,21.0,230.0,222.0,214.0,8.0,max_generations
1,decuple,generational,1,0.9,insertion_window,random,generational/random/insertion_window,23,22.0,230.0,222.0,214.0,8.0,max_generations
1,decuple,generational,1,0.9,insertion_window,random,generational/random/insertion_window,24,23.0,230.0,222.0,214.0,8.0,max_generations
1,decuple,generational,1,0.9,insertion_window,random,generational/random/insertion_window,25,24.0,230.0,222.0,214.0,8.0,max_generations
1,decuple,generational,1,0.9,insertion_window,random,generational/random/insertion_window,26,25.0,230.0,222.0,214.0,8.0,max_generations
1,decuple,generational,1,0.9,insertion_window,random,generational/random/insertion_window,27,26.0,230.0,222.0,214.0,8.0,max_generations
1,decuple,generational,1,0.9,insertion_window,random,generational/random/insertion_window,28,27.0,230.0,222.0,214.0,8.0,max_generations
1,decuple,generational,1,0.9,insertion_window,random,generational/random/insertion_window,29,28.0,230.0,222.0,214.0,8.0,max_generations
1,decuple,generational,1,0.9,insertion_window,random,generational/random/insertion_window,30,29.0,230.0,222.0,214.0,8.0,max_generations
1,decuple,generational,1,0.9,insertion_window,random,generational/random/insertion_window,31,30.0,230.0,222.0,214.0,8.0,max_generations
1,decuple,generational,1,0.9,insertion_window,random,generational/random/insertion_window,32,31.0,230.0,222.0,214.0,8.0,max_generations
1,decuple,generational,1,0.9,insertion_window,random,generational/random/insertion_window,33,32.0,230.0,222.0,214.0,8.0,max_generations
1,decuple,generational,1,0.9,insertion_window,random,generational/random/insertion_window,34,33.0,230.0,222.0,214.0,8.0,max_generations
1,decuple,generational,1,0.9,insertion_window,random,generational/random/insertion_window,35,34.0,230.0,222.0,214.0,8.0,max_generations
1,decuple,generational,1,0.9,insertion_window,random,generational/random/insertion_window,36,35.0,230.0,222.0,214.0,8.0,max_generations
1,decuple,generational,1,0.9,insertion_window,random,generational/random/insertion_window,37,36.0,230.0,222.0,214.0,8.0,max_generations
1,decuple,generational,1,0.9,insertion_window,random,generational/random/insertion_window,38,37.0,230.0,222.0,214.0,8.0,max_generations
1,decuple,generational,1,0.9,insertion_window,random,generational/random/insertion_window,39,38.0,230.0,222.0,214.0,8.0,max_generations
1,decuple,generational,1,0.9,insertion_window,random,generational/random/insertion_window,40,39.0,230.0,222.0,214.0,8.0,max_generations
1,decuple,generational,1,0.9,insertion_window,random,generational/random/insertion_window,41,40.0,230.0,222.0,214.0,8.0,max_generations
1,decuple,generational,1,0.9,insertion_window,random,generational/random/insertion_window,42,41.0,230.0,222.0,214.0,8.0,max_generations
1,decuple,generational,1,0.9,insertion_window,random,generational/random/insertion_window,43,42.0,230.0,222.0,214.0,8.0,max_generations
1,decuple,generational,1,0.9,insertion_window,random,generational/random/insertion_window,44,43.0,229.0,222.0,214.0,8.0,max_generations
1,decuple,generational,1,0.9,insertion_window,random,generational/random/insertion_window,45,44.0,229.0,222.0,214.0,8.0,max_generations
1,decuple,generational,1,0.9,insertion_window,random,generational/random/insertion_window,46,45.0,228.0,222.0,214.0,8.0,max_generations
1,decuple,generational,1,0.9,insertion_window,random,generational/random/insertion_window,47,46.0,228.0,222.0,214.0,8.0,max_generations
1,decuple,generational,1,0.9,insertion_window,random,generational/random/insertion_window,48,47.0,228.0,222.0,214.0,8.0,max_generations
1,decuple,generational,1,0.9,insertion_window,random,generational/random/insertion_window,49,48.0,228.0,222.0,214.0,8.0,max_generations
1,decuple,generational,1,0.9,insertion_window,random,generational/random/insertion_window,50,49.0,228.0,222.0,214.0,8.0,max_generations
1,decuple,generational,1,0.9,insertion_window,random,generational/random/insertion_window,51,50.0,228.0,222.0,214.0,8.0,max_generations
1,decuple,generational,1,0.9,insertion_window,random,generational/random/insertion_window,52,51.0,228.0,222.0,214.0,8.0,max_generations
1,decuple,generational,1,0.9,insertion_window,random,generational/random/insertion_window,53,52.0,228.0,222.0,214.0,8.0,max_generations
1,decuple,generational,1,0.9,insertion_window,random,generational/random/insertion_window,54,53.0,228.0,222.0,214.0,8.0,max_generations
1,decuple,generational,1,0.9,insertion_window,random,generational/random/insertion_window,55,54.0,228.0,222.0,214.0,8.0,max_generations
1,decuple,generational,1,0.9,insertion_window,random,generational/random/insertion_window,56,55.0,227.0,222.0,214.0,8.0,max_generations
1,decuple,generational,1,0.9,insertion_window,random,generational/random/insertion_window,57,56.0,226.0,222.0,214.0,8.0,max_generations
1,decuple,generational,1,0.9,insertion_window,random,generational/random/insertion_window,58,57.0,226.0,222.0,214.0,8.0,max_generations
1,decuple,generational,1,0.9,insertion_window,random,generational/random/insertion_window,59,58.0,226.0,222.0,214.0,8.0,max_generations
1,decuple,generational,1,0.9,insertion_window,random,generational/random/insertion_window,60,59.0,226.0,222.0,214.0,8.0,max_generations
1,decuple,generational,1,0.9,insertion_window,random,generational/random/insertion_window,61,60.0,226.0,222.0,214.0,8.0,max_generations
1,decuple,generational,1,0.9,insertion_window,random,generational/random/insertion_window,62,61.0,226.0,222.0,214.0,8.0,max_generations
1,decuple,generational,1,0.9,insertion_window,random,generational/random/insertion_window,63,62.0,226.0,222.0,214.0,8.0,max_generations
1,decuple,generational,1,0.9,insertion_window,random,generational/random/insertion_window,64,63.0,226.0,222.0,214.0,8.0,max_generations
1,decuple,generational,1,0.9,insertion_window,random,generational/random/insertion_window,65,64.0,224.0,222.0,214.0,8.0,max_generations
1,decuple,generational,1,0.9,insertion_window,random,generational/random/insertion_window,66,65.0,224.0,222.0,214.0,8.0,max_generations
1,decuple,generational,1,0.9,insertion_window,random,generational/random/insertion_window,67,66.0,224.0,222.0,214.0,8.0,max_generations
1,decuple,generational,1,0.9,insertion_window,random,generational/random/insertion_window,68,67.0,224.0,222.0,214.0,8.0,max_generations
1,decuple,generational,1,0.9,insertion_window,random,generational/random/insertion_window,69,68.0,224.0,222.0,214.0,8.0,max_generations
1,decuple,generational,1,0.9,insertion_window,random,generational/random/insertion_window,70,69.0,224.0,222.0,214.0,8.0,max_generations
1,decuple,generational,1,0.9,insertion_window,random,generational/random/insertion_window,71,70.0,224.0,222.0,214.0,8.0,max_generations
1,decuple,generational,1,0.9,insertion_window,random,generational/random/insertion_window,72,71.0,224.0,222.0,214.0,8.0,max_generations
1,decuple,generational,1,0.9,insertion_window,random,generational/random/insertion_window,73,72.0,224.0,222.0,214.0,8.0,max_generations
1,decuple,generational,1,0.9,insertion_window,random,generational/random/insertion_window,74,73.0,224.0,222.0,214.0,8.0,max_generations
1,decuple,generational,1,0.9,insertion_window,random,generational/random/insertion_window,75,74.0,224.0,222.0,214.0,8.0,max_generations
1,decuple,generational,1,0.9,insertion_window,random,generational/random/insertion_window,76,75.0,224.0,222.0,214.0,8.0,max_generations
1,decuple,generational,1,0.9,insertion_window,random,generational/random/insertion_window,77,76.0,224.0,222.0,214.0,8.0,max_generations
1,decuple,generational,1,0.9,insertion_window,random,generational/random/insertion_window,78,77.0,224.0,222.0,214.0,8.0,max_generations
1,decuple,generational,1,0.9,insertion_window,random,generational/random/insertion_window,79,78.0,224.0,222.0,214.0,8.0,max_generations
1,decuple,generational,1,0.9,insertion_window,random,generational/random/insertion_window,80,79.0,224.0,222.0,214.0,8.0,max_generations
1,decuple,generational,1,0.9,insertion_window,random,generational/random/insertion_window,81,80.0,224.0,222.0,214.0,8.0,max_generations
1,decuple,generational,1,0.9,insertion_window,random,generational/random/insertion_window,82,81.0,224.0,222.0,214.0,8.0,max_generations
1,decuple,generational,1,0.9,insertion_window,random,generational/random/insertion_window,83,82.0,224.0,222.0,214.0,8.0,max_generations
1,decuple,generational,1,0.9,insertion_window,random,generational/random/insertion_window,84,83.0,224.0,222.0,214.0,8.0,max_generations
1,decuple,generational,1,0.9,insertion_window,random,generational/random/insertion_window,85,84.0,222.0,222.0,214.0,8.0,max_generations
1,decuple,generational,1,0.9,insertion_window,random,generational/random/insertion_window,86,85.0,222.0,222.0,214.0,8.0,max_generations
1,decuple,generational,1,0.9,insertion_window,random,generational/random/insertion_window,87,86.0,222.0,222.0,214.0,8.0,max_generations
1,decuple,generational,1,0.9,insertion_window,random,generational/random/insertion_window,88,87.0,222.0,222.0,214.0,8.0,max_generations
1,decuple,generational,1,0.9,insertion_window,random,generational/random/insertion_window,89,88.0,222.0,222.0,214.0,8.0,max_generations
1,decuple,generational,1,0.9,insertion_window,random,generational/random/insertion_window,90,89.0,222.0,222.0,214.0,8.0,max_generations
1,decuple,generational,1,0.9,insertion_window,random,generational/random/insertion_window,91,90.0,222.0,222.0,214.0,8.0,max_generations
1,decuple,generational,1,0.9,insertion_window,random,generational/random/insertion_window,92,91.0,222.0,222.0,214.0,8.0,max_generations
1,decuple,generational,1,0.9,insertion_window,random,generational/random/insertion_window,93,92.0,222.0,222.0,214.0,8.0,max_generations
1,decuple,generational,1,0.9,insertion_window,random,generational/random/insertion_window,94,93.0,222.0,222.0,214.0,8.0,max_generations
1,decuple,generational,1,0.9,insertion_window,random,generational/random/insertion_window,95,94.0,222.0,222.0,214.0,8.0,max_generations
1,decuple,generational,1,0.9,insertion_window,random,generational/random/insertion_window,96,95.0,222.0,222.0,214.0,8.0,max_generations
1,decuple,generational,1,0.9,insertion_window,random,generational/random/insertion_window,97,96.0,222.0,222.0,214.0,8.0,max_generations
1,decuple,generational,1,0.9,insertion_window,random,generational/random/insertion_window,98,97.0,222.0,222.0,214.0,8.0,max_generations
1,decuple,generational,1,0.9,insertion_window,random,generational/random/insertion_window,99,98.0,222.0,222.0,214.0,8.0,max_generations
1,decuple,generational,1,0.9,insertion_window,random,generational/random/insertion_window,100,99.0,222.0,222.0,214.0,8.0,max_generations
1,decuple,generational,1,0.9,insertion_window,random,generational/random/insertion_window,101,100.0,222.0,222.0,214.0,8.0,max_generations
2,decuple,generational,1,0.9,insertion_window,priority_rules,generational/priority_rules/insertion_window,1,0.0,256.0,223.0,214.0,9.0,max_generations
2,decuple,generational,1,0.9,insertion_window,priority_rules,generational/priority_rules/insertion_window,2,1.0,249.0,223.0,214.0,9.0,max_generations
2,decuple,generational,1,0.9,insertion_window,priority_rules,generational/priority_rules/insertion_window,3,2.0,249.0,223.0,214.0,9.0,max_generations
2,decuple,generational,1,0.9,insertion_window,priority_rules,generational/priority_rules/insertion_window,4,3.0,248.0,223.0,214.0,9.0,max_generations
2,decuple,generational,1,0.9,insertion_window,priority_rules,generational/priority_rules/insertion_window,5,4.0,241.0,223.0,214.0,9.0,max_generations
2,decuple,generational,1,0.9,insertion_window,priority_rules,generational/priority_rules/insertion_window,6,5.0,241.0,223.0,214.0,9.0,max_generations
2,decuple,generational,1,0.9,insertion_window,priority_rules,generational/priority_rules/insertion_window,7,6.0,241.0,223.0,214.0,9.0,max_generations
2,decuple,generational,1,0.9,insertion_window,priority_rules,generational/priority_rules/insertion_window,8,7.0,237.0,223.0,214.0,9.0,max_generations
2,decuple,generational,1,0.9,insertion_window,priority_rules,generational/priority_rules/insertion_window,9,8.0,237.0,223.0,214.0,9.0,max_generations
2,decuple,generational,1,0.9,insertion_window,priority_rules,generational/priority_rules/insertion_window,10,9.0,237.0,223.0,214.0,9.0,max_generations
2,decuple,generational,1,0.9,insertion_window,priority_rules,generational/priority_rules/insertion_window,11,10.0,237.0,223.0,214.0,9.0,max_generations
2,decuple,generational,1,0.9,insertion_window,priority_rules,generational/priority_rules/insertion_window,12,11.0,234.0,223.0,214.0,9.0,max_generations
2,decuple,generational,1,0.9,insertion_window,priority_rules,generational/priority_rules/insertion_window,13,12.0,234.0,223.0,214.0,9.0,max_generations
2,decuple,generational,1,0.9,insertion_window,priority_rules,generational/priority_rules/insertion_window,14,13.0,234.0,223.0,214.0,9.0,max_generations
2,decuple,generational,1,0.9,insertion_window,priority_rules,generational/priority_rules/insertion_window,15,14.0,234.0,223.0,214.0,9.0,max_generations
2,decuple,generational,1,0.9,insertion_window,priority_rules,generational/priority_rules/insertion_window,16,15.0,234.0,223.0,214.0,9.0,max_generations
2,decuple,generational,1,0.9,insertion_window,priority_rules,generational/priority_rules/insertion_window,17,16.0,234.0,223.0,214.0,9.0,max_generations
2,decuple,generational,1,0.9,insertion_window,priority_rules,generational/priority_rules/insertion_window,18,17.0,234.0,223.0,214.0,9.0,max_generations
2,decuple,generational,1,0.9,insertion_window,priority_rules,generational/priority_rules/insertion_window,19,18.0,234.0,223.0,214.0,9.0,max_generations
2,decuple,generational,1,0.9,insertion_window,priority_rules,generational/priority_rules/insertion_window,20,19.0,234.0,223.0,214.0,9.0,max_generations
2,decuple,generational,1,0.9,insertion_window,priority_rules,generational/priority_rules/insertion_window,21,20.0,234.0,223.0,214.0,9.0,max_generations
2,decuple,generational,1,0.9,insertion_window,priority_rules,generational/priority_rules/insertion_window,22,21.0,234.0,223.0,214.0,9.0,max_generations
2,decuple,generational,1,0.9,insertion_window,priority_rules,generational/priority_rules/insertion_window,23,22.0,232.0,223.0,214.0,9.0,max_generations
2,decuple,generational,1,0.9,insertion_window,priority_rules,generational/priority_rules/insertion_window,24,23.0,232.0,223.0,214.0,9.0,max_generations
2,decuple,generational,1,0.9,insertion_window,priority_rules,generational/priority_rules/insertion_window,25,24.0,232.0,223.0,214.0,9.0,max_generations
2,decuple,generational,1,0.9,insertion_window,priority_rules,generational/priority_rules/insertion_window,26,25.0,232.0,223.0,214.0,9.0,max_generations
2,decuple,generational,1,0.9,insertion_window,priority_rules,generational/priority_rules/insertion_window,27,26.0,232.0,223.0,214.0,9.0,max_generations
2,decuple,generational,1,0.9,insertion_window,priority_rules,generational/priority_rules/insertion_window,28,27.0,232.0,223.0,214.0,9.0,max_generations
2,decuple,generational,1,0.9,insertion_window,priority_rules,generational/priority_rules/insertion_window,29,28.0,231.0,223.0,214.0,9.0,max_generations
2,decuple,generational,1,0.9,insertion_window,priority_rules,generational/priority_rules/insertion_window,30,29.0,231.0,223.0,214.0,9.0,max_generations
2,decuple,generational,1,0.9,insertion_window,priority_rules,generational/priority_rules/insertion_window,31,30.0,231.0,223.0,214.0,9.0,max_generations
2,decuple,generational,1,0.9,insertion_window,priority_rules,generational/priority_rules/insertion_window,32,31.0,231.0,223.0,214.0,9.0,max_generations
2,decuple,generational,1,0.9,insertion_window,priority_rules,generational/priority_rules/insertion_window,33,32.0,230.0,223.0,214.0,9.0,max_generations
2,decuple,generational,1,0.9,insertion_window,priority_rules,generational/priority_rules/insertion_window,34,33.0,230.0,223.0,214.0,9.0,max_generations
2,decuple,generational,1,0.9,insertion_window,priority_rules,generational/priority_rules/insertion_window,35,34.0,230.0,223.0,214.0,9.0,max_generations
2,decuple,generational,1,0.9,insertion_window,priority_rules,generational/priority_rules/insertion_window,36,35.0,230.0,223.0,214.0,9.0,max_generations
2,decuple,generational,1,0.9,insertion_window,priority_rules,generational/priority_rules/insertion_window,37,36.0,228.0,223.0,214.0,9.0,max_generations
2,decuple,generational,1,0.9,insertion_window,priority_rules,generational/priority_rules/insertion_window,38,37.0,228.0,223.0,214.0,9.0,max_generations
2,decuple,generational,1,0.9,insertion_window,priority_rules,generational/priority_rules/insertion_window,39,38.0,228.0,223.0,214.0,9.0,max_generations
2,decuple,generational,1,0.9,insertion_window,priority_rules,generational/priority_rules/insertion_window,40,39.0,228.0,223.0,214.0,9.0,max_generations
2,decuple,generational,1,0.9,insertion_window,priority_rules,generational/priority_rules/insertion_window,41,40.0,228.0,223.0,214.0,9.0,max_generations
2,decuple,generational,1,0.9,insertion_window,priority_rules,generational/priority_rules/insertion_window,42,41.0,228.0,223.0,214.0,9.0,max_generations
2,decuple,generational,1,0.9,insertion_window,priority_rules,generational/priority_rules/insertion_window,43,42.0,227.0,223.0,214.0,9.0,max_generations
2,decuple,generational,1,0.9,insertion_window,priority_rules,generational/priority_rules/insertion_window,44,43.0,227.0,223.0,214.0,9.0,max_generations
2,decuple,generational,1,0.9,insertion_window,priority_rules,generational/priority_rules/insertion_window,45,44.0,227.0,223.0,214.0,9.0,max_generations
2,decuple,generational,1,0.9,insertion_window,priority_rules,generational/priority_rules/insertion_window,46,45.0,227.0,223.0,214.0,9.0,max_generations
2,decuple,generational,1,0.9,insertion_window,priority_rules,generational/priority_rules/insertion_window,47,46.0,224.0,223.0,214.0,9.0,max_generations
2,decuple,generational,1,0.9,insertion_window,priority_rules,generational/priority_rules/insertion_window,48,47.0,224.0,223.0,214.0,9.0,max_generations
2,decuple,generational,1,0.9,insertion_window,priority_rules,generational/priority_rules/insertion_window,49,48.0,224.0,223.0,214.0,9.0,max_generations
2,decuple,generational,1,0.9,insertion_window,priority_rules,generational/priority_rules/insertion_window,50,49.0,224.0,223.0,214.0,9.0,max_generations
2,decuple,generational,1,0.9,insertion_window,priority_rules,generational/priority_rules/insertion_window,51,50.0,224.0,223.0,214.0,9.0,max_generations
2,decuple,generational,1,0.9,insertion_window,priority_rules,generational/priority_rules/insertion_window,52,51.0,224.0,223.0,214.0,9.0,max_generations
2,decuple,generational,1,0.9,insertion_window,priority_rules,generational/priority_rules/insertion_window,53,52.0,224.0,223.0,214.0,9.0,max_generations
2,decuple,generational,1,0.9,insertion_window,priority_rules,generational/priority_rules/insertion_window,54,53.0,224.0,223.0,214.0,9.0,max_generations
2,decuple,generational,1,0.9,insertion_window,priority_rules,generational/priority_rules/insertion_window,55,54.0,224.0,223.0,214.0,9.0,max_generations
2,decuple,generational,1,0.9,insertion_window,priority_rules,generational/priority_rules/insertion_window,56,55.0,224.0,223.0,214.0,9.0,max_generations
2,decuple,generational,1,0.9,insertion_window,priority_rules,generational/priority_rules/insertion_window,57,56.0,224.0,223.0,214.0,9.0,max_generations
2,decuple,generational,1,0.9,insertion_window,priority_rules,generational/priority_rules/insertion_window,58,57.0,224.0,223.0,214.0,9.0,max_generations
2,decuple,generational,1,0.9,insertion_window,priority_rules,generational/priority_rules/insertion_window,59,58.0,224.0,223.0,214.0,9.0,max_generations
2,decuple,generational,1,0.9,insertion_window,priority_rules,generational/priority_rules/insertion_window,60,59.0,224.0,223.0,214.0,9.0,max_generations
2,decuple,generational,1,0.9,insertion_window,priority_rules,generational/priority_rules/insertion_window,61,60.0,224.0,223.0,214.0,9.0,max_generations
2,decuple,generational,1,0.9,insertion_window,priority_rules,generational/priority_rules/insertion_window,62,61.0,224.0,223.0,214.0,9.0,max_generations
2,decuple,generational,1,0.9,insertion_window,priority_rules,generational/priority_rules/insertion_window,63,62.0,224.0,223.0,214.0,9.0,max_generations
2,decuple,generational,1,0.9,insertion_window,priority_rules,generational/priority_rules/insertion_window,64,63.0,224.0,223.0,214.0,9.0,max_generations
2,decuple,generational,1,0.9,insertion_window,priority_rules,generational/priority_rules/insertion_window,65,64.0,224.0,223.0,214.0,9.0,max_generations
2,decuple,generational,1,0.9,insertion_window,priority_rules,generational/priority_rules/insertion_window,66,65.0,224.0,223.0,214.0,9.0,max_generations
2,decuple,generational,1,0.9,insertion_window,priority_rules,generational/priority_rules/insertion_window,67,66.0,224.0,223.0,214.0,9.0,max_generations
2,decuple,generational,1,0.9,insertion_window,priority_rules,generational/priority_rules/insertion_window,68,67.0,223.0,223.0,214.0,9.0,max_generations
2,decuple,generational,1,0.9,insertion_window,priority_rules,generational/priority_rules/insertion_window,69,68.0,223.0,223.0,214.0,9.0,max_generations
2,decuple,generational,1,0.9,insertion_window,priority_rules,generational/priority_rules/insertion_window,70,69.0,223.0,223.0,214.0,9.0,max_generations
2,decuple,generational,1,0.9,insertion_window,priority_rules,generational/priority_rules/insertion_window,71,70.0,223.0,223.0,214.0,9.0,max_generations
2,decuple,generational,1,0.9,insertion_window,priority_rules,generational/priority_rules/insertion_window,72,71.0,223.0,223.0,214.0,9.0,max_generations
2,decuple,generational,1,0.9,insertion_window,priority_rules,generational/priority_rules/insertion_window,73,72.0,223.0,223.0,214.0,9.0,max_generations
2,decuple,generational,1,0.9,insertion_window,priority_rules,generational/priority_rules/insertion_window,74,73.0,223.0,223.0,214.0,9.0,max_generations
2,decuple,generational,1,0.9,insertion_window,priority_rules,generational/priority_rules/insertion_window,75,74.0,223.0,223.0,214.0,9.0,max_generations
2,decuple,generational,1,0.9,insertion_window,priority_rules,generational/priority_rules/insertion_window,76,75.0,223.0,223.0,214.0,9.0,max_generations
2,decuple,generational,1,0.9,insertion_window,priority_rules,generational/priority_rules/insertion_window,77,76.0,223.0,223.0,214.0,9.0,max_generations
2,decuple,generational,1,0.9,insertion_window,priority_rules,generational/priority_rules/insertion_window,78,77.0,223.0,223.0,214.0,9.0,max_generations
2,decuple,generational,1,0.9,insertion_window,priority_rules,generational/priority_rules/insertion_window,79,78.0,223.0,223.0,214.0,9.0,max_generations
2,decuple,generational,1,0.9,insertion_window,priority_rules,generational/priority_rules/insertion_window,80,79.0,223.0,223.0,214.0,9.0,max_generations
2,decuple,generational,1,0.9,insertion_window,priority_rules,generational/priority_rules/insertion_window,81,80.0,223.0,223.0,214.0,9.0,max_generations
2,decuple,generational,1,0.9,insertion_window,priority_rules,generational/priority_rules/insertion_window,82,81.0,223.0,223.0,214.0,9.0,max_generations
2,decuple,generational,1,0.9,insertion_window,priority_rules,generational/priority_rules/insertion_window,83,82.0,223.0,223.0,214.0,9.0,max_generations
2,decuple,generational,1,0.9,insertion_window,priority_rules,generational/priority_rules/insertion_window,84,83.0,223.0,223.0,214.0,9.0,max_generations
2,decuple,generational,1,0.9,insertion_window,priority_rules,generational/priority_rules/insertion_window,85,84.0,223.0,223.0,214.0,9.0,max_generations
2,decuple,generational,1,0.9,insertion_window,priority_rules,generational/priority_rules/insertion_window,86,85.0,223.0,223.0,214.0,9.0,max_generations
2,decuple,generational,1,0.9,insertion_window,priority_rules,generational/priority_rules/insertion_window,87,86.0,223.0,223.0,214.0,9.0,max_generations
2,decuple,generational,1,0.9,insertion_window,priority_rules,generational/priority_rules/insertion_window,88,87.0,223.0,223.0,214.0,9.0,max_generations
2,decuple,generational,1,0.9,insertion_window,priority_rules,generational/priority_rules/insertion_window,89,88.0,223.0,223.0,214.0,9.0,max_generations
2,decuple,generational,1,0.9,insertion_window,priority_rules,generational/priority_rules/insertion_window,90,89.0,223.0,223.0,214.0,9.0,max_generations
2,decuple,generational,1,0.9,insertion_window,priority_rules,generational/priority_rules/insertion_window,91,90.0,223.0,223.0,214.0,9.0,max_generations
2,decuple,generational,1,0.9,insertion_window,priority_rules,generational/priority_rules/insertion_window,92,91.0,223.0,223.0,214.0,9.0,max_generations
2,decuple,generational,1,0.9,insertion_window,priority_rules,generational/priority_rules/insertion_window,93,92.0,223.0,223.0,214.0,9.0,max_generations
2,decuple,generational,1,0.9,insertion_window,priority_rules,generational/priority_rules/insertion_window,94,93.0,223.0,223.0,214.0,9.0,max_generations
2,decuple,generational,1,0.9,insertion_window,priority_rules,generational/priority_rules/insertion_window,95,94.0,223.0,223.0,214.0,9.0,max_generations
2,decuple,generational,1,0.9,insertion_window,priority_rules,generational/priority_rules/insertion_window,96,95.0,223.0,223.0,214.0,9.0,max_generations
2,decuple,generational,1,0.9,insertion_window,priority_rules,generational/priority_rules/insertion_window,97,96.0,223.0,223.0,214.0,9.0,max_generations
2,decuple,generational,1,0.9,insertion_window,priority_rules,generational/priority_rules/insertion_window,98,97.0,223.0,223.0,214.0,9.0,max_generations
2,decuple,generational,1,0.9,insertion_window,priority_rules,generational/priority_rules/insertion_window,99,98.0,223.0,223.0,214.0,9.0,max_generations
2,decuple,generational,1,0.9,insertion_window,priority_rules,generational/priority_rules/insertion_window,100,99.0,223.0,223.0,214.0,9.0,max_generations
2,decuple,generational,1,0.9,insertion_window,priority_rules,generational/priority_rules/insertion_window,101,100.0,223.0,223.0,214.0,9.0,max_generations
3,decuple,generational,1,0.9,adjacent_swap,random,generational/random/adjacent_swap,1,0.0,286.0,224.0,214.0,10.0,max_generations
3,decuple,generational,1,0.9,adjacent_swap,random,generational/random/adjacent_swap,2,1.0,261.0,224.0,214.0,10.0,max_generations
3,decuple,generational,1,0.9,adjacent_swap,random,generational/random/adjacent_swap,3,2.0,253.0,224.0,214.0,10.0,max_generations
3,decuple,generational,1,0.9,adjacent_swap,random,generational/random/adjacent_swap,4,3.0,250.0,224.0,214.0,10.0,max_generations
3,decuple,generational,1,0.9,adjacent_swap,random,generational/random/adjacent_swap,5,4.0,241.0,224.0,214.0,10.0,max_generations
3,decuple,generational,1,0.9,adjacent_swap,random,generational/random/adjacent_swap,6,5.0,241.0,224.0,214.0,10.0,max_generations
3,decuple,generational,1,0.9,adjacent_swap,random,generational/random/adjacent_swap,7,6.0,241.0,224.0,214.0,10.0,max_generations
3,decuple,generational,1,0.9,adjacent_swap,random,generational/random/adjacent_swap,8,7.0,241.0,224.0,214.0,10.0,max_generations
3,decuple,generational,1,0.9,adjacent_swap,random,generational/random/adjacent_swap,9,8.0,241.0,224.0,214.0,10.0,max_generations
3,decuple,generational,1,0.9,adjacent_swap,random,generational/random/adjacent_swap,10,9.0,241.0,224.0,214.0,10.0,max_generations
3,decuple,generational,1,0.9,adjacent_swap,random,generational/random/adjacent_swap,11,10.0,239.0,224.0,214.0,10.0,max_generations
3,decuple,generational,1,0.9,adjacent_swap,random,generational/random/adjacent_swap,12,11.0,237.0,224.0,214.0,10.0,max_generations
3,decuple,generational,1,0.9,adjacent_swap,random,generational/random/adjacent_swap,13,12.0,237.0,224.0,214.0,10.0,max_generations
3,decuple,generational,1,0.9,adjacent_swap,random,generational/random/adjacent_swap,14,13.0,237.0,224.0,214.0,10.0,max_generations
3,decuple,generational,1,0.9,adjacent_swap,random,generational/random/adjacent_swap,15,14.0,232.0,224.0,214.0,10.0,max_generations
3,decuple,generational,1,0.9,adjacent_swap,random,generational/random/adjacent_swap,16,15.0,232.0,224.0,214.0,10.0,max_generations
3,decuple,generational,1,0.9,adjacent_swap,random,generational/random/adjacent_swap,17,16.0,232.0,224.0,214.0,10.0,max_generations
3,decuple,generational,1,0.9,adjacent_swap,random,generational/random/adjacent_swap,18,17.0,230.0,224.0,214.0,10.0,max_generations
3,decuple,generational,1,0.9,adjacent_swap,random,generational/random/adjacent_swap,19,18.0,230.0,224.0,214.0,10.0,max_generations
3,decuple,generational,1,0.9,adjacent_swap,random,generational/random/adjacent_swap,20,19.0,230.0,224.0,214.0,10.0,max_generations
3,decuple,generational,1,0.9,adjacent_swap,random,generational/random/adjacent_swap,21,20.0,230.0,224.0,214.0,10.0,max_generations
3,decuple,generational,1,0.9,adjacent_swap,random,generational/random/adjacent_swap,22,21.0,230.0,224.0,214.0,10.0,max_generations
3,decuple,generational,1,0.9,adjacent_swap,random,generational/random/adjacent_swap,23,22.0,230.0,224.0,214.0,10.0,max_generations
3,decuple,generational,1,0.9,adjacent_swap,random,generational/random/adjacent_swap,24,23.0,230.0,224.0,214.0,10.0,max_generations
3,decuple,generational,1,0.9,adjacent_swap,random,generational/random/adjacent_swap,25,24.0,230.0,224.0,214.0,10.0,max_generations
3,decuple,generational,1,0.9,adjacent_swap,random,generational/random/adjacent_swap,26,25.0,230.0,224.0,214.0,10.0,max_generations
3,decuple,generational,1,0.9,adjacent_swap,random,generational/random/adjacent_swap,27,26.0,230.0,224.0,214.0,10.0,max_generations
3,decuple,generational,1,0.9,adjacent_swap,random,generational/random/adjacent_swap,28,27.0,230.0,224.0,214.0,10.0,max_generations
3,decuple,generational,1,0.9,adjacent_swap,random,generational/random/adjacent_swap,29,28.0,230.0,224.0,214.0,10.0,max_generations
3,decuple,generational,1,0.9,adjacent_swap,random,generational/random/adjacent_swap,30,29.0,230.0,224.0,214.0,10.0,max_generations
3,decuple,generational,1,0.9,adjacent_swap,random,generational/random/adjacent_swap,31,30.0,230.0,224.0,214.0,10.0,max_generations
3,decuple,generational,1,0.9,adjacent_swap,random,generational/random/adjacent_swap,32,31.0,230.0,224.0,214.0,10.0,max_generations
3,decuple,generational,1,0.9,adjacent_swap,random,generational/random/adjacent_swap,33,32.0,230.0,224.0,214.0,10.0,max_generations
3,decuple,generational,1,0.9,adjacent_swap,random,generational/random/adjacent_swap,34,33.0,230.0,224.0,214.0,10.0,max_generations
3,decuple,generational,1,0.9,adjacent_swap,random,generational/random/adjacent_swap,35,34.0,230.0,224.0,214.0,10.0,max_generations
3,decuple,generational,1,0.9,adjacent_swap,random,generational/random/adjacent_swap,36,35.0,230.0,224.0,214.0,10.0,max_generations
3,decuple,generational,1,0.9,adjacent_swap,random,generational/random/adjacent_swap,37,36.0,230.0,224.0,214.0,10.0,max_generations
3,decuple,generational,1,0.9,adjacent_swap,random,generational/random/adjacent_swap,38,37.0,230.0,224.0,214.0,10.0,max_generations
3,decuple,generational,1,0.9,adjacent_swap,random,generational/random/adjacent_swap,39,38.0,230.0,224.0,214.0,10.0,max_generations
3,decuple,generational,1,0.9,adjacent_swap,random,generational/random/adjacent_swap,40,39.0,229.0,224.0,214.0,10.0,max_generations
3,decuple,generational,1,0.9,adjacent_swap,random,generational/random/adjacent_swap,41,40.0,229.0,224.0,214.0,10.0,max_generations
3,decuple,generational,1,0.9,adjacent_swap,random,generational/random/adjacent_swap,42,41.0,229.0,224.0,214.0,10.0,max_generations
3,decuple,generational,1,0.9,adjacent_swap,random,generational/random/adjacent_swap,43,42.0,228.0,224.0,214.0,10.0,max_generations
3,decuple,generational,1,0.9,adjacent_swap,random,generational/random/adjacent_swap,44,43.0,228.0,224.0,214.0,10.0,max_generations
3,decuple,generational,1,0.9,adjacent_swap,random,generational/random/adjacent_swap,45,44.0,227.0,224.0,214.0,10.0,max_generations
3,decuple,generational,1,0.9,adjacent_swap,random,generational/random/adjacent_swap,46,45.0,227.0,224.0,214.0,10.0,max_generations
3,decuple,generational,1,0.9,adjacent_swap,random,generational/random/adjacent_swap,47,46.0,227.0,224.0,214.0,10.0,max_generations
3,decuple,generational,1,0.9,adjacent_swap,random,generational/random/adjacent_swap,48,47.0,227.0,224.0,214.0,10.0,max_generations
3,decuple,generational,1,0.9,adjacent_swap,random,generational/random/adjacent_swap,49,48.0,227.0,224.0,214.0,10.0,max_generations
3,decuple,generational,1,0.9,adjacent_swap,random,generational/random/adjacent_swap,50,49.0,227.0,224.0,214.0,10.0,max_generations
3,decuple,generational,1,0.9,adjacent_swap,random,generational/random/adjacent_swap,51,50.0,227.0,224.0,214.0,10.0,max_generations
3,decuple,generational,1,0.9,adjacent_swap,random,generational/random/adjacent_swap,52,51.0,227.0,224.0,214.0,10.0,max_generations
3,decuple,generational,1,0.9,adjacent_swap,random,generational/random/adjacent_swap,53,52.0,227.0,224.0,214.0,10.0,max_generations
3,decuple,generational,1,0.9,adjacent_swap,random,generational/random/adjacent_swap,54,53.0,227.0,224.0,214.0,10.0,max_generations
3,decuple,generational,1,0.9,adjacent_swap,random,generational/random/adjacent_swap,55,54.0,226.0,224.0,214.0,10.0,max_generations
3,decuple,generational,1,0.9,adjacent_swap,random,generational/random/adjacent_swap,56,55.0,226.0,224.0,214.0,10.0,max_generations
3,decuple,generational,1,0.9,adjacent_swap,random,generational/random/adjacent_swap,57,56.0,226.0,224.0,214.0,10.0,max_generations
3,decuple,generational,1,0.9,adjacent_swap,random,generational/random/adjacent_swap,58,57.0,226.0,224.0,214.0,10.0,max_generations
3,decuple,generational,1,0.9,adjacent_swap,random,generational/random/adjacent_swap,59,58.0,226.0,224.0,214.0,10.0,max_generations
3,decuple,generational,1,0.9,adjacent_swap,random,generational/random/adjacent_swap,60,59.0,226.0,224.0,214.0,10.0,max_generations
3,decuple,generational,1,0.9,adjacent_swap,random,generational/random/adjacent_swap,61,60.0,226.0,224.0,214.0,10.0,max_generations
3,decuple,generational,1,0.9,adjacent_swap,random,generational/random/adjacent_swap,62,61.0,226.0,224.0,214.0,10.0,max_generations
3,decuple,generational,1,0.9,adjacent_swap,random,generational/random/adjacent_swap,63,62.0,226.0,224.0,214.0,10.0,max_generations
3,decuple,generational,1,0.9,adjacent_swap,random,generational/random/adjacent_swap,64,63.0,226.0,224.0,214.0,10.0,max_generations
3,decuple,generational,1,0.9,adjacent_swap,random,generational/random/adjacent_swap,65,64.0,226.0,224.0,214.0,10.0,max_generations
3,decuple,generational,1,0.9,adjacent_swap,random,generational/random/adjacent_swap,66,65.0,224.0,224.0,214.0,10.0,max_generations
3,decuple,generational,1,0.9,adjacent_swap,random,generational/random/adjacent_swap,67,66.0,224.0,224.0,214.0,10.0,max_generations
3,decuple,generational,1,0.9,adjacent_swap,random,generational/random/adjacent_swap,68,67.0,224.0,224.0,214.0,10.0,max_generations
3,decuple,generational,1,0.9,adjacent_swap,random,generational/random/adjacent_swap,69,68.0,224.0,224.0,214.0,10.0,max_generations
3,decuple,generational,1,0.9,adjacent_swap,random,generational/random/adjacent_swap,70,69.0,224.0,224.0,214.0,10.0,max_generations
3,decuple,generational,1,0.9,adjacent_swap,random,generational/random/adjacent_swap,71,70.0,224.0,224.0,214.0,10.0,max_generations
3,decuple,generational,1,0.9,adjacent_swap,random,generational/random/adjacent_swap,72,71.0,224.0,224.0,214.0,10.0,max_generations
3,decuple,generational,1,0.9,adjacent_swap,random,generational/random/adjacent_swap,73,72.0,224.0,224.0,214.0,10.0,max_generations
3,decuple,generational,1,0.9,adjacent_swap,random,generational/random/adjacent_swap,74,73.0,224.0,224.0,214.0,10.0,max_generations
3,decuple,generational,1,0.9,adjacent_swap,random,generational/random/adjacent_swap,75,74.0,224.0,224.0,214.0,10.0,max_generations
3,decuple,generational,1,0.9,adjacent_swap,random,generational/random/adjacent_swap,76,75.0,224.0,224.0,214.0,10.0,max_generations
3,decuple,generational,1,0.9,adjacent_swap,random,generational/random/adjacent_swap,77,76.0,224.0,224.0,214.0,10.0,max_generations
3,decuple,generational,1,0.9,adjacent_swap,random,generational/random/adjacent_swap,78,77.0,224.0,224.0,214.0,10.0,max_generations
3,decuple,generational,1,0.9,adjacent_swap,random,generational/random/adjacent_swap,79,78.0,224.0,224.0,214.0,10.0,max_generations
3,decuple,generational,1,0.9,adjacent_swap,random,generational/random/adjacent_swap,80,79.0,224.0,224.0,214.0,10.0,max_generations
3,decuple,generational,1,0.9,adjacent_swap,random,generational/random/adjacent_swap,81,80.0,224.0,224.0,214.0,10.0,max_generations
3,decuple,generational,1,0.9,adjacent_swap,random,generational/random/adjacent_swap,82,81.0,224.0,224.0,214.0,10.0,max_generations
3,decuple,generational,1,0.9,adjacent_swap,random,generational/random/adjacent_swap,83,82.0,224.0,224.0,214.0,10.0,max_generations
3,decuple,generational,1,0.9,adjacent_swap,random,generational/random/adjacent_swap,84,83.0,224.0,224.0,214.0,10.0,max_generations
3,decuple,generational,1,0.9,adjacent_swap,random,generational/random/adjacent_swap,85,84.0,224.0,224.0,214.0,10.0,max_generations
3,decuple,generational,1,0.9,adjacent_swap,random,generational/random/adjacent_swap,86,85.0,224.0,224.0,214.0,10.0,max_generations
3,decuple,generational,1,0.9,adjacent_swap,random,generational/random/adjacent_swap,87,86.0,224.0,224.0,214.0,10.0,max_generations
3,decuple,generational,1,0.9,adjacent_swap,random,generational/random/adjacent_swap,88,87.0,224.0,224.0,214.0,10.0,max_generations
3,decuple,generational,1,0.9,adjacent_swap,random,generational/random/adjacent_swap,89,88.0,224.0,224.0,214.0,10.0,max_generations
3,decuple,generational,1,0.9,adjacent_swap,random,generational/random/adjacent_swap,90,89.0,224.0,224.0,214.0,10.0,max_generations
3,decuple,generational,1,0.9,adjacent_swap,random,generational/random/adjacent_swap,91,90.0,224.0,224.0,214.0,10.0,max_generations
3,decuple,generational,1,0.9,adjacent_swap,random,generational/random/adjacent_swap,92,91.0,224.0,224.0,214.0,10.0,max_generations
3,decuple,generational,1,0.9,adjacent_swap,random,generational/random/adjacent_swap,93,92.0,224.0,224.0,214.0,10.0,max_generations
3,decuple,generational,1,0.9,adjacent_swap,random,generational/random/adjacent_swap,94,93.0,224.0,224.0,214.0,10.0,max_generations
3,decuple,generational,1,0.9,adjacent_swap,random,generational/random/adjacent_swap,95,94.0,224.0,224.0,214.0,10.0,max_generations
3,decuple,generational,1,0.9,adjacent_swap,random,generational/random/adjacent_swap,96,95.0,224.0,224.0,214.0,10.0,max_generations
3,decuple,generational,1,0.9,adjacent_swap,random,generational/random/adjacent_swap,97,96.0,224.0,224.0,214.0,10.0,max_generations
3,decuple,generational,1,0.9,adjacent_swap,random,generational/random/adjacent_swap,98,97.0,224.0,224.0,214.0,10.0,max_generations
3,decuple,generational,1,0.9,adjacent_swap,random,generational/random/adjacent_swap,99,98.0,224.0,224.0,214.0,10.0,max_generations
3,decuple,generational,1,0.9,adjacent_swap,random,generational/random/adjacent_swap,100,99.0,224.0,224.0,214.0,10.0,max_generations
3,decuple,generational,1,0.9,adjacent_swap,random,generational/random/adjacent_swap,101,100.0,224.0,224.0,214.0,10.0,max_generations
4,decuple,generational,1,0.9,adjacent_swap,priority_rules,generational/priority_rules/adjacent_swap,1,0.0,256.0,224.0,214.0,10.0,max_generations
4,decuple,generational,1,0.9,adjacent_swap,priority_rules,generational/priority_rules/adjacent_swap,2,1.0,249.0,224.0,214.0,10.0,max_generations
4,decuple,generational,1,0.9,adjacent_swap,priority_rules,generational/priority_rules/adjacent_swap,3,2.0,249.0,224.0,214.0,10.0,max_generations
4,decuple,generational,1,0.9,adjacent_swap,priority_rules,generational/priority_rules/adjacent_swap,4,3.0,249.0,224.0,214.0,10.0,max_generations
4,decuple,generational,1,0.9,adjacent_swap,priority_rules,generational/priority_rules/adjacent_swap,5,4.0,247.0,224.0,214.0,10.0,max_generations
4,decuple,generational,1,0.9,adjacent_swap,priority_rules,generational/priority_rules/adjacent_swap,6,5.0,245.0,224.0,214.0,10.0,max_generations
4,decuple,generational,1,0.9,adjacent_swap,priority_rules,generational/priority_rules/adjacent_swap,7,6.0,240.0,224.0,214.0,10.0,max_generations
4,decuple,generational,1,0.9,adjacent_swap,priority_rules,generational/priority_rules/adjacent_swap,8,7.0,237.0,224.0,214.0,10.0,max_generations
4,decuple,generational,1,0.9,adjacent_swap,priority_rules,generational/priority_rules/adjacent_swap,9,8.0,237.0,224.0,214.0,10.0,max_generations
4,decuple,generational,1,0.9,adjacent_swap,priority_rules,generational/priority_rules/adjacent_swap,10,9.0,237.0,224.0,214.0,10.0,max_generations
4,decuple,generational,1,0.9,adjacent_swap,priority_rules,generational/priority_rules/adjacent_swap,11,10.0,237.0,224.0,214.0,10.0,max_generations
4,decuple,generational,1,0.9,adjacent_swap,priority_rules,generational/priority_rules/adjacent_swap,12,11.0,234.0,224.0,214.0,10.0,max_generations
4,decuple,generational,1,0.9,adjacent_swap,priority_rules,generational/priority_rules/adjacent_swap,13,12.0,234.0,224.0,214.0,10.0,max_generations
4,decuple,generational,1,0.9,adjacent_swap,priority_rules,generational/priority_rules/adjacent_swap,14,13.0,234.0,224.0,214.0,10.0,max_generations
4,decuple,generational,1,0.9,adjacent_swap,priority_rules,generational/priority_rules/adjacent_swap,15,14.0,234.0,224.0,214.0,10.0,max_generations
4,decuple,generational,1,0.9,adjacent_swap,priority_rules,generational/priority_rules/adjacent_swap,16,15.0,234.0,224.0,214.0,10.0,max_generations
4,decuple,generational,1,0.9,adjacent_swap,priority_rules,generational/priority_rules/adjacent_swap,17,16.0,234.0,224.0,214.0,10.0,max_generations
4,decuple,generational,1,0.9,adjacent_swap,priority_rules,generational/priority_rules/adjacent_swap,18,17.0,234.0,224.0,214.0,10.0,max_generations
4,decuple,generational,1,0.9,adjacent_swap,priority_rules,generational/priority_rules/adjacent_swap,19,18.0,233.0,224.0,214.0,10.0,max_generations
4,decuple,generational,1,0.9,adjacent_swap,priority_rules,generational/priority_rules/adjacent_swap,20,19.0,232.0,224.0,214.0,10.0,max_generations
4,decuple,generational,1,0.9,adjacent_swap,priority_rules,generational/priority_rules/adjacent_swap,21,20.0,231.0,224.0,214.0,10.0,max_generations
4,decuple,generational,1,0.9,adjacent_swap,priority_rules,generational/priority_rules/adjacent_swap,22,21.0,231.0,224.0,214.0,10.0,max_generations
4,decuple,generational,1,0.9,adjacent_swap,priority_rules,generational/priority_rules/adjacent_swap,23,22.0,231.0,224.0,214.0,10.0,max_generations
4,decuple,generational,1,0.9,adjacent_swap,priority_rules,generational/priority_rules/adjacent_swap,24,23.0,231.0,224.0,214.0,10.0,max_generations
4,decuple,generational,1,0.9,adjacent_swap,priority_rules,generational/priority_rules/adjacent_swap,25,24.0,230.0,224.0,214.0,10.0,max_generations
4,decuple,generational,1,0.9,adjacent_swap,priority_rules,generational/priority_rules/adjacent_swap,26,25.0,230.0,224.0,214.0,10.0,max_generations
4,decuple,generational,1,0.9,adjacent_swap,priority_rules,generational/priority_rules/adjacent_swap,27,26.0,230.0,224.0,214.0,10.0,max_generations
4,decuple,generational,1,0.9,adjacent_swap,priority_rules,generational/priority_rules/adjacent_swap,28,27.0,230.0,224.0,214.0,10.0,max_generations
4,decuple,generational,1,0.9,adjacent_swap,priority_rules,generational/priority_rules/adjacent_swap,29,28.0,230.0,224.0,214.0,10.0,max_generations
4,decuple,generational,1,0.9,adjacent_swap,priority_rules,generational/priority_rules/adjacent_swap,30,29.0,230.0,224.0,214.0,10.0,max_generations
4,decuple,generational,1,0.9,adjacent_swap,priority_rules,generational/priority_rules/adjacent_swap,31,30.0,227.0,224.0,214.0,10.0,max_generations
4,decuple,generational,1,0.9,adjacent_swap,priority_rules,generational/priority_rules/adjacent_swap,32,31.0,227.0,224.0,214.0,10.0,max_generations
4,decuple,generational,1,0.9,adjacent_swap,priority_rules,generational/priority_rules/adjacent_swap,33,32.0,227.0,224.0,214.0,10.0,max_generations
4,decuple,generational,1,0.9,adjacent_swap,priority_rules,generational/priority_rules/adjacent_swap,34,33.0,227.0,224.0,214.0,10.0,max_generations
4,decuple,generational,1,0.9,adjacent_swap,priority_rules,generational/priority_rules/adjacent_swap,35,34.0,227.0,224.0,214.0,10.0,max_generations
4,decuple,generational,1,0.9,adjacent_swap,priority_rules,generational/priority_rules/adjacent_swap,36,35.0,227.0,224.0,214.0,10.0,max_generations
4,decuple,generational,1,0.9,adjacent_swap,priority_rules,generational/priority_rules/adjacent_swap,37,36.0,227.0,224.0,214.0,10.0,max_generations
4,decuple,generational,1,0.9,adjacent_swap,priority_rules,generational/priority_rules/adjacent_swap,38,37.0,227.0,224.0,214.0,10.0,max_generations
4,decuple,generational,1,0.9,adjacent_swap,priority_rules,generational/priority_rules/adjacent_swap,39,38.0,225.0,224.0,214.0,10.0,max_generations
4,decuple,generational,1,0.9,adjacent_swap,priority_rules,generational/priority_rules/adjacent_swap,40,39.0,224.0,224.0,214.0,10.0,max_generations
4,decuple,generational,1,0.9,adjacent_swap,priority_rules,generational/priority_rules/adjacent_swap,41,40.0,224.0,224.0,214.0,10.0,max_generations
4,decuple,generational,1,0.9,adjacent_swap,priority_rules,generational/priority_rules/adjacent_swap,42,41.0,224.0,224.0,214.0,10.0,max_generations
4,decuple,generational,1,0.9,adjacent_swap,priority_rules,generational/priority_rules/adjacent_swap,43,42.0,224.0,224.0,214.0,10.0,max_generations
4,decuple,generational,1,0.9,adjacent_swap,priority_rules,generational/priority_rules/adjacent_swap,44,43.0,224.0,224.0,214.0,10.0,max_generations
4,decuple,generational,1,0.9,adjacent_swap,priority_rules,generational/priority_rules/adjacent_swap,45,44.0,224.0,224.0,214.0,10.0,max_generations
4,decuple,generational,1,0.9,adjacent_swap,priority_rules,generational/priority_rules/adjacent_swap,46,45.0,224.0,224.0,214.0,10.0,max_generations
4,decuple,generational,1,0.9,adjacent_swap,priority_rules,generational/priority_rules/adjacent_swap,47,46.0,224.0,224.0,214.0,10.0,max_generations
4,decuple,generational,1,0.9,adjacent_swap,priority_rules,generational/priority_rules/adjacent_swap,48,47.0,224.0,224.0,214.0,10.0,max_generations
4,decuple,generational,1,0.9,adjacent_swap,priority_rules,generational/priority_rules/adjacent_swap,49,48.0,224.0,224.0,214.0,10.0,max_generations
4,decuple,generational,1,0.9,adjacent_swap,priority_rules,generational/priority_rules/adjacent_swap,50,49.0,224.0,224.0,214.0,10.0,max_generations
4,decuple,generational,1,0.9,adjacent_swap,priority_rules,generational/priority_rules/adjacent_swap,51,50.0,224.0,224.0,214.0,10.0,max_generations
4,decuple,generational,1,0.9,adjacent_swap,priority_rules,generational/priority_rules/adjacent_swap,52,51.0,224.0,224.0,214.0,10.0,max_generations
4,decuple,generational,1,0.9,adjacent_swap,priority_rules,generational/priority_rules/adjacent_swap,53,52.0,224.0,224.0,214.0,10.0,max_generations
4,decuple,generational,1,0.9,adjacent_swap,priority_rules,generational/priority_rules/adjacent_swap,54,53.0,224.0,224.0,214.0,10.0,max_generations
4,decuple,generational,1,0.9,adjacent_swap,priority_rules,generational/priority_rules/adjacent_swap,55,54.0,224.0,224.0,214.0,10.0,max_generations
4,decuple,generational,1,0.9,adjacent_swap,priority_rules,generational/priority_rules/adjacent_swap,56,55.0,224.0,224.0,214.0,10.0,max_generations
4,decuple,generational,1,0.9,adjacent_swap,priority_rules,generational/priority_rules/adjacent_swap,57,56.0,224.0,224.0,214.0,10.0,max_generations
4,decuple,generational,1,0.9,adjacent_swap,priority_rules,generational/priority_rules/adjacent_swap,58,57.0,224.0,224.0,214.0,10.0,max_generations
4,decuple,generational,1,0.9,adjacent_swap,priority_rules,generational/priority_rules/adjacent_swap,59,58.0,224.0,224.0,214.0,10.0,max_generations
4,decuple,generational,1,0.9,adjacent_swap,priority_rules,generational/priority_rules/adjacent_swap,60,59.0,224.0,224.0,214.0,10.0,max_generations
4,decuple,generational,1,0.9,adjacent_swap,priority_rules,generational/priority_rules/adjacent_swap,61,60.0,224.0,224.0,214.0,10.0,max_generations
4,decuple,generational,1,0.9,adjacent_swap,priority_rules,generational/priority_rules/adjacent_swap,62,61.0,224.0,224.0,214.0,10.0,max_generations
4,decuple,generational,1,0.9,adjacent_swap,priority_rules,generational/priority_rules/adjacent_swap,63,62.0,224.0,224.0,214.0,10.0,max_generations
4,decuple,generational,1,0.9,adjacent_swap,priority_rules,generational/priority_rules/adjacent_swap,64,63.0,224.0,224.0,214.0,10.0,max_generations
4,decuple,generational,1,0.9,adjacent_swap,priority_rules,generational/priority_rules/adjacent_swap,65,64.0,224.0,224.0,214.0,10.0,max_generations
4,decuple,generational,1,0.9,adjacent_swap,priority_rules,generational/priority_rules/adjacent_swap,66,65.0,224.0,224.0,214.0,10.0,max_generations
4,decuple,generational,1,0.9,adjacent_swap,priority_rules,generational/priority_rules/adjacent_swap,67,66.0,224.0,224.0,214.0,10.0,max_generations
4,decuple,generational,1,0.9,adjacent_swap,priority_rules,generational/priority_rules/adjacent_swap,68,67.0,224.0,224.0,214.0,10.0,max_generations
4,decuple,generational,1,0.9,adjacent_swap,priority_rules,generational/priority_rules/adjacent_swap,69,68.0,224.0,224.0,214.0,10.0,max_generations
4,decuple,generational,1,0.9,adjacent_swap,priority_rules,generational/priority_rules/adjacent_swap,70,69.0,224.0,224.0,214.0,10.0,max_generations
4,decuple,generational,1,0.9,adjacent_swap,priority_rules,generational/priority_rules/adjacent_swap,71,70.0,224.0,224.0,214.0,10.0,max_generations
4,decuple,generational,1,0.9,adjacent_swap,priority_rules,generational/priority_rules/adjacent_swap,72,71.0,224.0,224.0,214.0,10.0,max_generations
4,decuple,generational,1,0.9,adjacent_swap,priority_rules,generational/priority_rules/adjacent_swap,73,72.0,224.0,224.0,214.0,10.0,max_generations
4,decuple,generational,1,0.9,adjacent_swap,priority_rules,generational/priority_rules/adjacent_swap,74,73.0,224.0,224.0,214.0,10.0,max_generations
4,decuple,generational,1,0.9,adjacent_swap,priority_rules,generational/priority_rules/adjacent_swap,75,74.0,224.0,224.0,214.0,10.0,max_generations
4,decuple,generational,1,0.9,adjacent_swap,priority_rules,generational/priority_rules/adjacent_swap,76,75.0,224.0,224.0,214.0,10.0,max_generations
4,decuple,generational,1,0.9,adjacent_swap,priority_rules,generational/priority_rules/adjacent_swap,77,76.0,224.0,224.0,214.0,10.0,max_generations
4,decuple,generational,1,0.9,adjacent_swap,priority_rules,generational/priority_rules/adjacent_swap,78,77.0,224.0,224.0,214.0,10.0,max_generations
4,decuple,generational,1,0.9,adjacent_swap,priority_rules,generational/priority_rules/adjacent_swap,79,78.0,224.0,224.0,214.0,10.0,max_generations
4,decuple,generational,1,0.9,adjacent_swap,priority_rules,generational/priority_rules/adjacent_swap,80,79.0,224.0,224.0,214.0,10.0,max_generations
4,decuple,generational,1,0.9,adjacent_swap,priority_rules,generational/priority_rules/adjacent_swap,81,80.0,224.0,224.0,214.0,10.0,max_generations
4,decuple,generational,1,0.9,adjacent_swap,priority_rules,generational/priority_rules/adjacent_swap,82,81.0,224.0,224.0,214.0,10.0,max_generations
4,decuple,generational,1,0.9,adjacent_swap,priority_rules,generational/priority_rules/adjacent_swap,83,82.0,224.0,224.0,214.0,10.0,max_generations
4,decuple,generational,1,0.9,adjacent_swap,priority_rules,generational/priority_rules/adjacent_swap,84,83.0,224.0,224.0,214.0,10.0,max_generations
4,decuple,generational,1,0.9,adjacent_swap,priority_rules,generational/priority_rules/adjacent_swap,85,84.0,224.0,224.0,214.0,10.0,max_generations
4,decuple,generational,1,0.9,adjacent_swap,priority_rules,generational/priority_rules/adjacent_swap,86,85.0,224.0,224.0,214.0,10.0,max_generations
4,decuple,generational,1,0.9,adjacent_swap,priority_rules,generational/priority_rules/adjacent_swap,87,86.0,224.0,224.0,214.0,10.0,max_generations
4,decuple,generational,1,0.9,adjacent_swap,priority_rules,generational/priority_rules/adjacent_swap,88,87.0,224.0,224.0,214.0,10.0,max_generations
4,decuple,generational,1,0.9,adjacent_swap,priority_rules,generational/priority_rules/adjacent_swap,89,88.0,224.0,224.0,214.0,10.0,max_generations
4,decuple,generational,1,0.9,adjacent_swap,priority_rules,generational/priority_rules/adjacent_swap,90,89.0,224.0,224.0,214.0,10.0,max_generations
4,decuple,generational,1,0.9,adjacent_swap,priority_rules,generational/priority_rules/adjacent_swap,91,90.0,224.0,224.0,214.0,10.0,max_generations
4,decuple,generational,1,0.9,adjacent_swap,priority_rules,generational/priority_rules/adjacent_swap,92,91.0,224.0,224.0,214.0,10.0,max_generations
4,decuple,generational,1,0.9,adjacent_swap,priority_rules,generational/priority_rules/adjacent_swap,93,92.0,224.0,224.0,214.0,10.0,max_generations
4,decuple,generational,1,0.9,adjacent_swap,priority_rules,generational/priority_rules/adjacent_swap,94,93.0,224.0,224.0,214.0,10.0,max_generations
4,decuple,generational,1,0.9,adjacent_swap,priority_rules,generational/priority_rules/adjacent_swap,95,94.0,224.0,224.0,214.0,10.0,max_generations
4,decuple,generational,1,0.9,adjacent_swap,priority_rules,generational/priority_rules/adjacent_swap,96,95.0,224.0,224.0,214.0,10.0,max_generations
4,decuple,generational,1,0.9,adjacent_swap,priority_rules,generational/priority_rules/adjacent_swap,97,96.0,224.0,224.0,214.0,10.0,max_generations
4,decuple,generational,1,0.9,adjacent_swap,priority_rules,generational/priority_rules/adjacent_swap,98,97.0,224.0,224.0,214.0,10.0,max_generations
4,decuple,generational,1,0.9,adjacent_swap,priority_rules,generational/priority_rules/adjacent_swap,99,98.0,224.0,224.0,214.0,10.0,max_generations
4,decuple,generational,1,0.9,adjacent_swap,priority_rules,generational/priority_rules/adjacent_swap,100,99.0,224.0,224.0,214.0,10.0,max_generations
4,decuple,generational,1,0.9,adjacent_swap,priority_rules,generational/priority_rules/adjacent_swap,101,100.0,224.0,224.0,214.0,10.0,max_generations
5,decuple,generational,1,0.9,consensus_reorder,random,generational/random/consensus_reorder,1,0.0,286.0,226.0,214.0,12.0,max_generations
5,decuple,generational,1,0.9,consensus_reorder,random,generational/random/consensus_reorder,2,1.0,259.0,226.0,214.0,12.0,max_generations
5,decuple,generational,1,0.9,consensus_reorder,random,generational/random/consensus_reorder,3,2.0,251.0,226.0,214.0,12.0,max_generations
5,decuple,generational,1,0.9,consensus_reorder,random,generational/random/consensus_reorder,4,3.0,244.0,226.0,214.0,12.0,max_generations
5,decuple,generational,1,0.9,consensus_reorder,random,generational/random/consensus_reorder,5,4.0,244.0,226.0,214.0,12.0,max_generations
5,decuple,generational,1,0.9,consensus_reorder,random,generational/random/consensus_reorder,6,5.0,244.0,226.0,214.0,12.0,max_generations
5,decuple,generational,1,0.9,consensus_reorder,random,generational/random/consensus_reorder,7,6.0,240.0,226.0,214.0,12.0,max_generations
5,decuple,generational,1,0.9,consensus_reorder,random,generational/random/consensus_reorder,8,7.0,240.0,226.0,214.0,12.0,max_generations
5,decuple,generational,1,0.9,consensus_reorder,random,generational/random/consensus_reorder,9,8.0,240.0,226.0,214.0,12.0,max_generations
5,decuple,generational,1,0.9,consensus_reorder,random,generational/random/consensus_reorder,10,9.0,240.0,226.0,214.0,12.0,max_generations
5,decuple,generational,1,0.9,consensus_reorder,random,generational/random/consensus_reorder,11,10.0,240.0,226.0,214.0,12.0,max_generations
5,decuple,generational,1,0.9,consensus_reorder,random,generational/random/consensus_reorder,12,11.0,240.0,226.0,214.0,12.0,max_generations
5,decuple,generational,1,0.9,consensus_reorder,random,generational/random/consensus_reorder,13,12.0,240.0,226.0,214.0,12.0,max_generations
5,decuple,generational,1,0.9,consensus_reorder,random,generational/random/consensus_reorder,14,13.0,240.0,226.0,214.0,12.0,max_generations
5,decuple,generational,1,0.9,consensus_reorder,random,generational/random/consensus_reorder,15,14.0,240.0,226.0,214.0,12.0,max_generations
5,decuple,generational,1,0.9,consensus_reorder,random,generational/random/consensus_reorder,16,15.0,240.0,226.0,214.0,12.0,max_generations
5,decuple,generational,1,0.9,consensus_reorder,random,generational/random/consensus_reorder,17,16.0,238.0,226.0,214.0,12.0,max_generations
5,decuple,generational,1,0.9,consensus_reorder,random,generational/random/consensus_reorder,18,17.0,238.0,226.0,214.0,12.0,max_generations
5,decuple,generational,1,0.9,consensus_reorder,random,generational/random/consensus_reorder,19,18.0,235.0,226.0,214.0,12.0,max_generations
5,decuple,generational,1,0.9,consensus_reorder,random,generational/random/consensus_reorder,20,19.0,235.0,226.0,214.0,12.0,max_generations
5,decuple,generational,1,0.9,consensus_reorder,random,generational/random/consensus_reorder,21,20.0,235.0,226.0,214.0,12.0,max_generations
5,decuple,generational,1,0.9,consensus_reorder,random,generational/random/consensus_reorder,22,21.0,232.0,226.0,214.0,12.0,max_generations
5,decuple,generational,1,0.9,consensus_reorder,random,generational/random/consensus_reorder,23,22.0,232.0,226.0,214.0,12.0,max_generations
5,decuple,generational,1,0.9,consensus_reorder,random,generational/random/consensus_reorder,24,23.0,232.0,226.0,214.0,12.0,max_generations
5,decuple,generational,1,0.9,consensus_reorder,random,generational/random/consensus_reorder,25,24.0,232.0,226.0,214.0,12.0,max_generations
5,decuple,generational,1,0.9,consensus_reorder,random,generational/random/consensus_reorder,26,25.0,232.0,226.0,214.0,12.0,max_generations
5,decuple,generational,1,0.9,consensus_reorder,random,generational/random/consensus_reorder,27,26.0,232.0,226.0,214.0,12.0,max_generations
5,decuple,generational,1,0.9,consensus_reorder,random,generational/random/consensus_reorder,28,27.0,232.0,226.0,214.0,12.0,max_generations
5,decuple,generational,1,0.9,consensus_reorder,random,generational/random/consensus_reorder,29,28.0,231.0,226.0,214.0,12.0,max_generations
5,decuple,generational,1,0.9,consensus_reorder,random,generational/random/consensus_reorder,30,29.0,231.0,226.0,214.0,12.0,max_generations
5,decuple,generational,1,0.9,consensus_reorder,random,generational/random/consensus_reorder,31,30.0,231.0,226.0,214.0,12.0,max_generations
5,decuple,generational,1,0.9,consensus_reorder,random,generational/random/consensus_reorder,32,31.0,231.0,226.0,214.0,12.0,max_generations
5,decuple,generational,1,0.9,consensus_reorder,random,generational/random/consensus_reorder,33,32.0,231.0,226.0,214.0,12.0,max_generations
5,decuple,generational,1,0.9,consensus_reorder,random,generational/random/consensus_reorder,34,33.0,229.0,226.0,214.0,12.0,max_generations
5,decuple,generational,1,0.9,consensus_reorder,random,generational/random/consensus_reorder,35,34.0,229.0,226.0,214.0,12.0,max_generations
5,decuple,generational,1,0.9,consensus_reorder,random,generational/random/consensus_reorder,36,35.0,229.0,226.0,214.0,12.0,max_generations
5,decuple,generational,1,0.9,consensus_reorder,random,generational/random/consensus_reorder,37,36.0,228.0,226.0,214.0,12.0,max_generations
5,decuple,generational,1,0.9,consensus_reorder,random,generational/random/consensus_reorder,38,37.0,227.0,226.0,214.0,12.0,max_generations
5,decuple,generational,1,0.9,consensus_reorder,random,generational/random/consensus_reorder,39,38.0,227.0,226.0,214.0,12.0,max_generations
5,decuple,generational,1,0.9,consensus_reorder,random,generational/random/consensus_reorder,40,39.0,227.0,226.0,214.0,12.0,max_generations
5,decuple,generational,1,0.9,consensus_reorder,random,generational/random/consensus_reorder,41,40.0,227.0,226.0,214.0,12.0,max_generations
5,decuple,generational,1,0.9,consensus_reorder,random,generational/random/consensus_reorder,42,41.0,227.0,226.0,214.0,12.0,max_generations
5,decuple,generational,1,0.9,consensus_reorder,random,generational/random/consensus_reorder,43,42.0,226.0,226.0,214.0,12.0,max_generations
5,decuple,generational,1,0.9,consensus_reorder,random,generational/random/consensus_reorder,44,43.0,226.0,226.0,214.0,12.0,max_generations
5,decuple,generational,1,0.9,consensus_reorder,random,generational/random/consensus_reorder,45,44.0,226.0,226.0,214.0,12.0,max_generations
5,decuple,generational,1,0.9,consensus_reorder,random,generational/random/consensus_reorder,46,45.0,226.0,226.0,214.0,12.0,max_generations
5,decuple,generational,1,0.9,consensus_reorder,random,generational/random/consensus_reorder,47,46.0,226.0,226.0,214.0,12.0,max_generations
5,decuple,generational,1,0.9,consensus_reorder,random,generational/random/consensus_reorder,48,47.0,226.0,226.0,214.0,12.0,max_generations
5,decuple,generational,1,0.9,consensus_reorder,random,generational/random/consensus_reorder,49,48.0,226.0,226.0,214.0,12.0,max_generations
5,decuple,generational,1,0.9,consensus_reorder,random,generational/random/consensus_reorder,50,49.0,226.0,226.0,214.0,12.0,max_generations
5,decuple,generational,1,0.9,consensus_reorder,random,generational/random/consensus_reorder,51,50.0,226.0,226.0,214.0,12.0,max_generations
5,decuple,generational,1,0.9,consensus_reorder,random,generational/random/consensus_reorder,52,51.0,226.0,226.0,214.0,12.0,max_generations
5,decuple,generational,1,0.9,consensus_reorder,random,generational/random/consensus_reorder,53,52.0,226.0,226.0,214.0,12.0,max_generations
5,decuple,generational,1,0.9,consensus_reorder,random,generational/random/consensus_reorder,54,53.0,226.0,226.0,214.0,12.0,max_generations
5,decuple,generational,1,0.9,consensus_reorder,random,generational/random/consensus_reorder,55,54.0,226.0,226.0,214.0,12.0,max_generations
5,decuple,generational,1,0.9,consensus_reorder,random,generational/random/consensus_reorder,56,55.0,226.0,226.0,214.0,12.0,max_generations
5,decuple,generational,1,0.9,consensus_reorder,random,generational/random/consensus_reorder,57,56.0,226.0,226.0,214.0,12.0,max_generations
5,decuple,generational,1,0.9,consensus_reorder,random,generational/random/consensus_reorder,58,57.0,226.0,226.0,214.0,12.0,max_generations
5,decuple,generational,1,0.9,consensus_reorder,random,generational/random/consensus_reorder,59,58.0,226.0,226.0,214.0,12.0,max_generations
5,decuple,generational,1,0.9,consensus_reorder,random,generational/random/consensus_reorder,60,59.0,226.0,226.0,214.0,12.0,max_generations
5,decuple,generational,1,0.9,consensus_reorder,random,generational/random/consensus_reorder,61,60.0,226.0,226.0,214.0,12.0,max_generations
5,decuple,generational,1,0.9,consensus_reorder,random,generational/random/consensus_reorder,62,61.0,226.0,226.0,214.0,12.0,max_generations
5,decuple,generational,1,0.9,consensus_reorder,random,generational/random/consensus_reorder,63,62.0,226.0,226.0,214.0,12.0,max_generations
5,decuple,generational,1,0.9,consensus_reorder,random,generational/random/consensus_reorder,64,63.0,226.0,226.0,214.0,12.0,max_generations
5,decuple,generational,1,0.9,consensus_reorder,random,generational/random/consensus_reorder,65,64.0,226.0,226.0,214.0,12.0,max_generations
5,decuple,generational,1,0.9,consensus_reorder,random,generational/random/consensus_reorder,66,65.0,226.0,226.0,214.0,12.0,max_generations
5,decuple,generational,1,0.9,consensus_reorder,random,generational/random/consensus_reorder,67,66.0,226.0,226.0,214.0,12.0,max_generations
5,decuple,generational,1,0.9,consensus_reorder,random,generational/random/consensus_reorder,68,67.0,226.0,226.0,214.0,12.0,max_generations
5,decuple,generational,1,0.9,consensus_reorder,random,generational/random/consensus_reorder,69,68.0,226.0,226.0,214.0,12.0,max_generations
5,decuple,generational,1,0.9,consensus_reorder,random,generational/random/consensus_reorder,70,69.0,226.0,226.0,214.0,12.0,max_generations
5,decuple,generational,1,0.9,consensus_reorder,random,generational/random/consensus_reorder,71,70.0,226.0,226.0,214.0,12.0,max_generations
5,decuple,generational,1,0.9,consensus_reorder,random,generational/random/consensus_reorder,72,71.0,226.0,226.0,214.0,12.0,max_generations
5,decuple,generational,1,0.9,consensus_reorder,random,generational/random/consensus_reorder,73,72.0,226.0,226.0,214.0,12.0,max_generations
5,decuple,generational,1,0.9,consensus_reorder,random,generational/random/consensus_reorder,74,73.0,226.0,226.0,214.0,12.0,max_generations
5,decuple,generational,1,0.9,consensus_reorder,random,generational/random/consensus_reorder,75,74.0,226.0,226.0,214.0,12.0,max_generations
5,decuple,generational,1,0.9,consensus_reorder,random,generational/random/consensus_reorder,76,75.0,226.0,226.0,214.0,12.0,max_generations
5,decuple,generational,1,0.9,consensus_reorder,random,generational/random/consensus_reorder,77,76.0,226.0,226.0,214.0,12.0,max_generations
5,decuple,generational,1,0.9,consensus_reorder,random,generational/random/consensus_reorder,78,77.0,226.0,226.0,214.0,12.0,max_generations
5,decuple,generational,1,0.9,consensus_reorder,random,generational/random/consensus_reorder,79,78.0,226.0,226.0,214.0,12.0,max_generations
5,decuple,generational,1,0.9,consensus_reorder,random,generational/random/consensus_reorder,80,79.0,226.0,226.0,214.0,12.0,max_generations
5,decuple,generational,1,0.9,consensus_reorder,random,generational/random/consensus_reorder,81,80.0,226.0,226.0,214.0,12.0,max_generations
5,decuple,generational,1,0.9,consensus_reorder,random,generational/random/consensus_reorder,82,81.0,226.0,226.0,214.0,12.0,max_generations
5,decuple,generational,1,0.9,consensus_reorder,random,generational/random/consensus_reorder,83,82.0,226.0,226.0,214.0,12.0,max_generations
5,decuple,generational,1,0.9,consensus_reorder,random,generational/random/consensus_reorder,84,83.0,226.0,226.0,214.0,12.0,max_generations
5,decuple,generational,1,0.9,consensus_reorder,random,generational/random/consensus_reorder,85,84.0,226.0,226.0,214.0,12.0,max_generations
5,decuple,generational,1,0.9,consensus_reorder,random,generational/random/consensus_reorder,86,85.0,226.0,226.0,214.0,12.0,max_generations
5,decuple,generational,1,0.9,consensus_reorder,random,generational/random/consensus_reorder,87,86.0,226.0,226.0,214.0,12.0,max_generations
5,decuple,generational,1,0.9,consensus_reorder,random,generational/random/consensus_reorder,88,87.0,226.0,226.0,214.0,12.0,max_generations
5,decuple,generational,1,0.9,consensus_reorder,random,generational/random/consensus_reorder,89,88.0,226.0,226.0,214.0,12.0,max_generations
5,decuple,generational,1,0.9,consensus_reorder,random,generational/random/consensus_reorder,90,89.0,226.0,226.0,214.0,12.0,max_generations
5,decuple,generational,1,0.9,consensus_reorder,random,generational/random/consensus_reorder,91,90.0,226.0,226.0,214.0,12.0,max_generations
5,decuple,generational,1,0.9,consensus_reorder,random,generational/random/consensus_reorder,92,91.0,226.0,226.0,214.0,12.0,max_generations
5,decuple,generational,1,0.9,consensus_reorder,random,generational/random/consensus_reorder,93,92.0,226.0,226.0,214.0,12.0,max_generations
5,decuple,generational,1,0.9,consensus_reorder,random,generational/random/consensus_reorder,94,93.0,226.0,226.0,214.0,12.0,max_generations
5,decuple,generational,1,0.9,consensus_reorder,random,generational/random/consensus_reorder,95,94.0,226.0,226.0,214.0,12.0,max_generations
5,decuple,generational,1,0.9,consensus_reorder,random,generational/random/consensus_reorder,96,95.0,226.0,226.0,214.0,12.0,max_generations
5,decuple,generational,1,0.9,consensus_reorder,random,generational/random/consensus_reorder,97,96.0,226.0,226.0,214.0,12.0,max_generations
5,decuple,generational,1,0.9,consensus_reorder,random,generational/random/consensus_reorder,98,97.0,226.0,226.0,214.0,12.0,max_generations
5,decuple,generational,1,0.9,consensus_reorder,random,generational/random/consensus_reorder,99,98.0,226.0,226.0,214.0,12.0,max_generations
5,decuple,generational,1,0.9,consensus_reorder,random,generational/random/consensus_reorder,100,99.0,226.0,226.0,214.0,12.0,max_generations
5,decuple,generational,1,0.9,consensus_reorder,random,generational/random/consensus_reorder,101,100.0,226.0,226.0,214.0,12.0,max_generations
6,decuple,generational,1,0.9,swap,random,generational/random/swap,1,0.0,286.0,228.0,214.0,14.0,max_generations
6,decuple,generational,1,0.9,swap,random,generational/random/swap,2,1.0,261.0,228.0,214.0,14.0,max_generations
6,decuple,generational,1,0.9,swap,random,generational/random/swap,3,2.0,245.0,228.0,214.0,14.0,max_generations
6,decuple,generational,1,0.9,swap,random,generational/random/swap,4,3.0,244.0,228.0,214.0,14.0,max_generations
6,decuple,generational,1,0.9,swap,random,generational/random/swap,5,4.0,240.0,228.0,214.0,14.0,max_generations
6,decuple,generational,1,0.9,swap,random,generational/random/swap,6,5.0,240.0,228.0,214.0,14.0,max_generations
6,decuple,generational,1,0.9,swap,random,generational/random/swap,7,6.0,240.0,228.0,214.0,14.0,max_generations
6,decuple,generational,1,0.9,swap,random,generational/random/swap,8,7.0,239.0,228.0,214.0,14.0,max_generations
6,decuple,generational,1,0.9,swap,random,generational/random/swap,9,8.0,239.0,228.0,214.0,14.0,max_generations
6,decuple,generational,1,0.9,swap,random,generational/random/swap,10,9.0,236.0,228.0,214.0,14.0,max_generations
6,decuple,generational,1,0.9,swap,random,generational/random/swap,11,10.0,236.0,228.0,214.0,14.0,max_generations
6,decuple,generational,1,0.9,swap,random,generational/random/swap,12,11.0,236.0,228.0,214.0,14.0,max_generations
6,decuple,generational,1,0.9,swap,random,generational/random/swap,13,12.0,236.0,228.0,214.0,14.0,max_generations
6,decuple,generational,1,0.9,swap,random,generational/random/swap,14,13.0,233.0,228.0,214.0,14.0,max_generations
6,decuple,generational,1,0.9,swap,random,generational/random/swap,15,14.0,233.0,228.0,214.0,14.0,max_generations
6,decuple,generational,1,0.9,swap,random,generational/random/swap,16,15.0,233.0,228.0,214.0,14.0,max_generations
6,decuple,generational,1,0.9,swap,random,generational/random/swap,17,16.0,233.0,228.0,214.0,14.0,max_generations
6,decuple,generational,1,0.9,swap,random,generational/random/swap,18,17.0,233.0,228.0,214.0,14.0,max_generations
6,decuple,generational,1,0.9,swap,random,generational/random/swap,19,18.0,233.0,228.0,214.0,14.0,max_generations
6,decuple,generational,1,0.9,swap,random,generational/random/swap,20,19.0,233.0,228.0,214.0,14.0,max_generations
6,decuple,generational,1,0.9,swap,random,generational/random/swap,21,20.0,233.0,228.0,214.0,14.0,max_generations
6,decuple,generational,1,0.9,swap,random,generational/random/swap,22,21.0,230.0,228.0,214.0,14.0,max_generations
6,decuple,generational,1,0.9,swap,random,generational/random/swap,23,22.0,230.0,228.0,214.0,14.0,max_generations
6,decuple,generational,1,0.9,swap,random,generational/random/swap,24,23.0,228.0,228.0,214.0,14.0,max_generations
6,decuple,generational,1,0.9,swap,random,generational/random/swap,25,24.0,228.0,228.0,214.0,14.0,max_generations
6,decuple,generational,1,0.9,swap,random,generational/random/swap,26,25.0,228.0,228.0,214.0,14.0,max_generations
6,decuple,generational,1,0.9,swap,random,generational/random/swap,27,26.0,228.0,228.0,214.0,14.0,max_generations
6,decuple,generational,1,0.9,swap,random,generational/random/swap,28,27.0,228.0,228.0,214.0,14.0,max_generations
6,decuple,generational,1,0.9,swap,random,generational/random/swap,29,28.0,228.0,228.0,214.0,14.0,max_generations
6,decuple,generational,1,0.9,swap,random,generational/random/swap,30,29.0,228.0,228.0,214.0,14.0,max_generations
6,decuple,generational,1,0.9,swap,random,generational/random/swap,31,30.0,228.0,228.0,214.0,14.0,max_generations
6,decuple,generational,1,0.9,swap,random,generational/random/swap,32,31.0,228.0,228.0,214.0,14.0,max_generations
6,decuple,generational,1,0.9,swap,random,generational/random/swap,33,32.0,228.0,228.0,214.0,14.0,max_generations
6,decuple,generational,1,0.9,swap,random,generational/random/swap,34,33.0,228.0,228.0,214.0,14.0,max_generations
6,decuple,generational,1,0.9,swap,random,generational/random/swap,35,34.0,228.0,228.0,214.0,14.0,max_generations
6,decuple,generational,1,0.9,swap,random,generational/random/swap,36,35.0,228.0,228.0,214.0,14.0,max_generations
6,decuple,generational,1,0.9,swap,random,generational/random/swap,37,36.0,228.0,228.0,214.0,14.0,max_generations
6,decuple,generational,1,0.9,swap,random,generational/random/swap,38,37.0,228.0,228.0,214.0,14.0,max_generations
6,decuple,generational,1,0.9,swap,random,generational/random/swap,39,38.0,228.0,228.0,214.0,14.0,max_generations
6,decuple,generational,1,0.9,swap,random,generational/random/swap,40,39.0,228.0,228.0,214.0,14.0,max_generations
6,decuple,generational,1,0.9,swap,random,generational/random/swap,41,40.0,228.0,228.0,214.0,14.0,max_generations
6,decuple,generational,1,0.9,swap,random,generational/random/swap,42,41.0,228.0,228.0,214.0,14.0,max_generations
6,decuple,generational,1,0.9,swap,random,generational/random/swap,43,42.0,228.0,228.0,214.0,14.0,max_generations
6,decuple,generational,1,0.9,swap,random,generational/random/swap,44,43.0,228.0,228.0,214.0,14.0,max_generations
6,decuple,generational,1,0.9,swap,random,generational/random/swap,45,44.0,228.0,228.0,214.0,14.0,max_generations
6,decuple,generational,1,0.9,swap,random,generational/random/swap,46,45.0,228.0,228.0,214.0,14.0,max_generations
6,decuple,generational,1,0.9,swap,random,generational/random/swap,47,46.0,228.0,228.0,214.0,14.0,max_generations
6,decuple,generational,1,0.9,swap,random,generational/random/swap,48,47.0,228.0,228.0,214.0,14.0,max_generations
6,decuple,generational,1,0.9,swap,random,generational/random/swap,49,48.0,228.0,228.0,214.0,14.0,max_generations
6,decuple,generational,1,0.9,swap,random,generational/random/swap,50,49.0,228.0,228.0,214.0,14.0,max_generations
6,decuple,generational,1,0.9,swap,random,generational/random/swap,51,50.0,228.0,228.0,214.0,14.0,max_generations
6,decuple,generational,1,0.9,swap,random,generational/random/swap,52,51.0,228.0,228.0,214.0,14.0,max_generations
6,decuple,generational,1,0.9,swap,random,generational/random/swap,53,52.0,228.0,228.0,214.0,14.0,max_generations
6,decuple,generational,1,0.9,swap,random,generational/random/swap,54,53.0,228.0,228.0,214.0,14.0,max_generations
6,decuple,generational,1,0.9,swap,random,generational/random/swap,55,54.0,228.0,228.0,214.0,14.0,max_generations
6,decuple,generational,1,0.9,swap,random,generational/random/swap,56,55.0,228.0,228.0,214.0,14.0,max_generations
6,decuple,generational,1,0.9,swap,random,generational/random/swap,57,56.0,228.0,228.0,214.0,14.0,max_generations
6,decuple,generational,1,0.9,swap,random,generational/random/swap,58,57.0,228.0,228.0,214.0,14.0,max_generations
6,decuple,generational,1,0.9,swap,random,generational/random/swap,59,58.0,228.0,228.0,214.0,14.0,max_generations
6,decuple,generational,1,0.9,swap,random,generational/random/swap,60,59.0,228.0,228.0,214.0,14.0,max_generations
6,decuple,generational,1,0.9,swap,random,generational/random/swap,61,60.0,228.0,228.0,214.0,14.0,max_generations
6,decuple,generational,1,0.9,swap,random,generational/random/swap,62,61.0,228.0,228.0,214.0,14.0,max_generations
6,decuple,generational,1,0.9,swap,random,generational/random/swap,63,62.0,228.0,228.0,214.0,14.0,max_generations
6,decuple,generational,1,0.9,swap,random,generational/random/swap,64,63.0,228.0,228.0,214.0,14.0,max_generations
6,decuple,generational,1,0.9,swap,random,generational/random/swap,65,64.0,228.0,228.0,214.0,14.0,max_generations
6,decuple,generational,1,0.9,swap,random,generational/random/swap,66,65.0,228.0,228.0,214.0,14.0,max_generations
6,decuple,generational,1,0.9,swap,random,generational/random/swap,67,66.0,228.0,228.0,214.0,14.0,max_generations
6,decuple,generational,1,0.9,swap,random,generational/random/swap,68,67.0,228.0,228.0,214.0,14.0,max_generations
6,decuple,generational,1,0.9,swap,random,generational/random/swap,69,68.0,228.0,228.0,214.0,14.0,max_generations
6,decuple,generational,1,0.9,swap,random,generational/random/swap,70,69.0,228.0,228.0,214.0,14.0,max_generations
6,decuple,generational,1,0.9,swap,random,generational/random/swap,71,70.0,228.0,228.0,214.0,14.0,max_generations
6,decuple,generational,1,0.9,swap,random,generational/random/swap,72,71.0,228.0,228.0,214.0,14.0,max_generations
6,decuple,generational,1,0.9,swap,random,generational/random/swap,73,72.0,228.0,228.0,214.0,14.0,max_generations
6,decuple,generational,1,0.9,swap,random,generational/random/swap,74,73.0,228.0,228.0,214.0,14.0,max_generations
6,decuple,generational,1,0.9,swap,random,generational/random/swap,75,74.0,228.0,228.0,214.0,14.0,max_generations
6,decuple,generational,1,0.9,swap,random,generational/random/swap,76,75.0,228.0,228.0,214.0,14.0,max_generations
6,decuple,generational,1,0.9,swap,random,generational/random/swap,77,76.0,228.0,228.0,214.0,14.0,max_generations
6,decuple,generational,1,0.9,swap,random,generational/random/swap,78,77.0,228.0,228.0,214.0,14.0,max_generations
6,decuple,generational,1,0.9,swap,random,generational/random/swap,79,78.0,228.0,228.0,214.0,14.0,max_generations
6,decuple,generational,1,0.9,swap,random,generational/random/swap,80,79.0,228.0,228.0,214.0,14.0,max_generations
6,decuple,generational,1,0.9,swap,random,generational/random/swap,81,80.0,228.0,228.0,214.0,14.0,max_generations
6,decuple,generational,1,0.9,swap,random,generational/random/swap,82,81.0,228.0,228.0,214.0,14.0,max_generations
6,decuple,generational,1,0.9,swap,random,generational/random/swap,83,82.0,228.0,228.0,214.0,14.0,max_generations
6,decuple,generational,1,0.9,swap,random,generational/random/swap,84,83.0,228.0,228.0,214.0,14.0,max_generations
6,decuple,generational,1,0.9,swap,random,generational/random/swap,85,84.0,228.0,228.0,214.0,14.0,max_generations
6,decuple,generational,1,0.9,swap,random,generational/random/swap,86,85.0,228.0,228.0,214.0,14.0,max_generations
6,decuple,generational,1,0.9,swap,random,generational/random/swap,87,86.0,228.0,228.0,214.0,14.0,max_generations
6,decuple,generational,1,0.9,swap,random,generational/random/swap,88,87.0,228.0,228.0,214.0,14.0,max_generations
6,decuple,generational,1,0.9,swap,random,generational/random/swap,89,88.0,228.0,228.0,214.0,14.0,max_generations
6,decuple,generational,1,0.9,swap,random,generational/random/swap,90,89.0,228.0,228.0,214.0,14.0,max_generations
6,decuple,generational,1,0.9,swap,random,generational/random/swap,91,90.0,228.0,228.0,214.0,14.0,max_generations
6,decuple,generational,1,0.9,swap,random,generational/random/swap,92,91.0,228.0,228.0,214.0,14.0,max_generations
6,decuple,generational,1,0.9,swap,random,generational/random/swap,93,92.0,228.0,228.0,214.0,14.0,max_generations
6,decuple,generational,1,0.9,swap,random,generational/random/swap,94,93.0,228.0,228.0,214.0,14.0,max_generations
6,decuple,generational,1,0.9,swap,random,generational/random/swap,95,94.0,228.0,228.0,214.0,14.0,max_generations
6,decuple,generational,1,0.9,swap,random,generational/random/swap,96,95.0,228.0,228.0,214.0,14.0,max_generations
6,decuple,generational,1,0.9,swap,random,generational/random/swap,97,96.0,228.0,228.0,214.0,14.0,max_generations
6,decuple,generational,1,0.9,swap,random,generational/random/swap,98,97.0,228.0,228.0,214.0,14.0,max_generations
6,decuple,generational,1,0.9,swap,random,generational/random/swap,99,98.0,228.0,228.0,214.0,14.0,max_generations
6,decuple,generational,1,0.9,swap,random,generational/random/swap,100,99.0,228.0,228.0,214.0,14.0,max_generations
6,decuple,generational,1,0.9,swap,random,generational/random/swap,101,100.0,228.0,228.0,214.0,14.0,max_generations
7,decuple,generational,1,0.9,swap,priority_rules,generational/priority_rules/swap,1,0.0,256.0,229.0,214.0,15.0,max_generations
7,decuple,generational,1,0.9,swap,priority_rules,generational/priority_rules/swap,2,1.0,256.0,229.0,214.0,15.0,max_generations
7,decuple,generational,1,0.9,swap,priority_rules,generational/priority_rules/swap,3,2.0,254.0,229.0,214.0,15.0,max_generations
7,decuple,generational,1,0.9,swap,priority_rules,generational/priority_rules/swap,4,3.0,248.0,229.0,214.0,15.0,max_generations
7,decuple,generational,1,0.9,swap,priority_rules,generational/priority_rules/swap,5,4.0,240.0,229.0,214.0,15.0,max_generations
7,decuple,generational,1,0.9,swap,priority_rules,generational/priority_rules/swap,6,5.0,240.0,229.0,214.0,15.0,max_generations
7,decuple,generational,1,0.9,swap,priority_rules,generational/priority_rules/swap,7,6.0,238.0,229.0,214.0,15.0,max_generations
7,decuple,generational,1,0.9,swap,priority_rules,generational/priority_rules/swap,8,7.0,238.0,229.0,214.0,15.0,max_generations
7,decuple,generational,1,0.9,swap,priority_rules,generational/priority_rules/swap,9,8.0,238.0,229.0,214.0,15.0,max_generations
7,decuple,generational,1,0.9,swap,priority_rules,generational/priority_rules/swap,10,9.0,238.0,229.0,214.0,15.0,max_generations
7,decuple,generational,1,0.9,swap,priority_rules,generational/priority_rules/swap,11,10.0,233.0,229.0,214.0,15.0,max_generations
7,decuple,generational,1,0.9,swap,priority_rules,generational/priority_rules/swap,12,11.0,233.0,229.0,214.0,15.0,max_generations
7,decuple,generational,1,0.9,swap,priority_rules,generational/priority_rules/swap,13,12.0,233.0,229.0,214.0,15.0,max_generations
7,decuple,generational,1,0.9,swap,priority_rules,generational/priority_rules/swap,14,13.0,233.0,229.0,214.0,15.0,max_generations
7,decuple,generational,1,0.9,swap,priority_rules,generational/priority_rules/swap,15,14.0,233.0,229.0,214.0,15.0,max_generations
7,decuple,generational,1,0.9,swap,priority_rules,generational/priority_rules/swap,16,15.0,233.0,229.0,214.0,15.0,max_generations
7,decuple,generational,1,0.9,swap,priority_rules,generational/priority_rules/swap,17,16.0,233.0,229.0,214.0,15.0,max_generations
7,decuple,generational,1,0.9,swap,priority_rules,generational/priority_rules/swap,18,17.0,233.0,229.0,214.0,15.0,max_generations
7,decuple,generational,1,0.9,swap,priority_rules,generational/priority_rules/swap,19,18.0,233.0,229.0,214.0,15.0,max_generations
7,decuple,generational,1,0.9,swap,priority_rules,generational/priority_rules/swap,20,19.0,233.0,229.0,214.0,15.0,max_generations
7,decuple,generational,1,0.9,swap,priority_rules,generational/priority_rules/swap,21,20.0,233.0,229.0,214.0,15.0,max_generations
7,decuple,generational,1,0.9,swap,priority_rules,generational/priority_rules/swap,22,21.0,233.0,229.0,214.0,15.0,max_generations
7,decuple,generational,1,0.9,swap,priority_rules,generational/priority_rules/swap,23,22.0,233.0,229.0,214.0,15.0,max_generations
7,decuple,generational,1,0.9,swap,priority_rules,generational/priority_rules/swap,24,23.0,233.0,229.0,214.0,15.0,max_generations
7,decuple,generational,1,0.9,swap,priority_rules,generational/priority_rules/swap,25,24.0,233.0,229.0,214.0,15.0,max_generations
7,decuple,generational,1,0.9,swap,priority_rules,generational/priority_rules/swap,26,25.0,233.0,229.0,214.0,15.0,max_generations
7,decuple,generational,1,0.9,swap,priority_rules,generational/priority_rules/swap,27,26.0,231.0,229.0,214.0,15.0,max_generations
7,decuple,generational,1,0.9,swap,priority_rules,generational/priority_rules/swap,28,27.0,231.0,229.0,214.0,15.0,max_generations
7,decuple,generational,1,0.9,swap,priority_rules,generational/priority_rules/swap,29,28.0,230.0,229.0,214.0,15.0,max_generations
7,decuple,generational,1,0.9,swap,priority_rules,generational/priority_rules/swap,30,29.0,230.0,229.0,214.0,15.0,max_generations
7,decuple,generational,1,0.9,swap,priority_rules,generational/priority_rules/swap,31,30.0,230.0,229.0,214.0,15.0,max_generations
7,decuple,generational,1,0.9,swap,priority_rules,generational/priority_rules/swap,32,31.0,230.0,229.0,214.0,15.0,max_generations
7,decuple,generational,1,0.9,swap,priority_rules,generational/priority_rules/swap,33,32.0,230.0,229.0,214.0,15.0,max_generations
7,decuple,generational,1,0.9,swap,priority_rules,generational/priority_rules/swap,34,33.0,230.0,229.0,214.0,15.0,max_generations
7,decuple,generational,1,0.9,swap,priority_rules,generational/priority_rules/swap,35,34.0,230.0,229.0,214.0,15.0,max_generations
7,decuple,generational,1,0.9,swap,priority_rules,generational/priority_rules/swap,36,35.0,230.0,229.0,214.0,15.0,max_generations
7,decuple,generational,1,0.9,swap,priority_rules,generational/priority_rules/swap,37,36.0,230.0,229.0,214.0,15.0,max_generations
7,decuple,generational,1,0.9,swap,priority_rules,generational/priority_rules/swap,38,37.0,230.0,229.0,214.0,15.0,max_generations
7,decuple,generational,1,0.9,swap,priority_rules,generational/priority_rules/swap,39,38.0,230.0,229.0,214.0,15.0,max_generations
7,decuple,generational,1,0.9,swap,priority_rules,generational/priority_rules/swap,40,39.0,230.0,229.0,214.0,15.0,max_generations
7,decuple,generational,1,0.9,swap,priority_rules,generational/priority_rules/swap,41,40.0,230.0,229.0,214.0,15.0,max_generations
7,decuple,generational,1,0.9,swap,priority_rules,generational/priority_rules/swap,42,41.0,230.0,229.0,214.0,15.0,max_generations
7,decuple,generational,1,0.9,swap,priority_rules,generational/priority_rules/swap,43,42.0,230.0,229.0,214.0,15.0,max_generations
7,decuple,generational,1,0.9,swap,priority_rules,generational/priority_rules/swap,44,43.0,230.0,229.0,214.0,15.0,max_generations
7,decuple,generational,1,0.9,swap,priority_rules,generational/priority_rules/swap,45,44.0,230.0,229.0,214.0,15.0,max_generations
7,decuple,generational,1,0.9,swap,priority_rules,generational/priority_rules/swap,46,45.0,229.0,229.0,214.0,15.0,max_generations
7,decuple,generational,1,0.9,swap,priority_rules,generational/priority_rules/swap,47,46.0,229.0,229.0,214.0,15.0,max_generations
7,decuple,generational,1,0.9,swap,priority_rules,generational/priority_rules/swap,48,47.0,229.0,229.0,214.0,15.0,max_generations
7,decuple,generational,1,0.9,swap,priority_rules,generational/priority_rules/swap,49,48.0,229.0,229.0,214.0,15.0,max_generations
7,decuple,generational,1,0.9,swap,priority_rules,generational/priority_rules/swap,50,49.0,229.0,229.0,214.0,15.0,max_generations
7,decuple,generational,1,0.9,swap,priority_rules,generational/priority_rules/swap,51,50.0,229.0,229.0,214.0,15.0,max_generations
7,decuple,generational,1,0.9,swap,priority_rules,generational/priority_rules/swap,52,51.0,229.0,229.0,214.0,15.0,max_generations
7,decuple,generational,1,0.9,swap,priority_rules,generational/priority_rules/swap,53,52.0,229.0,229.0,214.0,15.0,max_generations
7,decuple,generational,1,0.9,swap,priority_rules,generational/priority_rules/swap,54,53.0,229.0,229.0,214.0,15.0,max_generations
7,decuple,generational,1,0.9,swap,priority_rules,generational/priority_rules/swap,55,54.0,229.0,229.0,214.0,15.0,max_generations
7,decuple,generational,1,0.9,swap,priority_rules,generational/priority_rules/swap,56,55.0,229.0,229.0,214.0,15.0,max_generations
7,decuple,generational,1,0.9,swap,priority_rules,generational/priority_rules/swap,57,56.0,229.0,229.0,214.0,15.0,max_generations
7,decuple,generational,1,0.9,swap,priority_rules,generational/priority_rules/swap,58,57.0,229.0,229.0,214.0,15.0,max_generations
7,decuple,generational,1,0.9,swap,priority_rules,generational/priority_rules/swap,59,58.0,229.0,229.0,214.0,15.0,max_generations
7,decuple,generational,1,0.9,swap,priority_rules,generational/priority_rules/swap,60,59.0,229.0,229.0,214.0,15.0,max_generations
7,decuple,generational,1,0.9,swap,priority_rules,generational/priority_rules/swap,61,60.0,229.0,229.0,214.0,15.0,max_generations
7,decuple,generational,1,0.9,swap,priority_rules,generational/priority_rules/swap,62,61.0,229.0,229.0,214.0,15.0,max_generations
7,decuple,generational,1,0.9,swap,priority_rules,generational/priority_rules/swap,63,62.0,229.0,229.0,214.0,15.0,max_generations
7,decuple,generational,1,0.9,swap,priority_rules,generational/priority_rules/swap,64,63.0,229.0,229.0,214.0,15.0,max_generations
7,decuple,generational,1,0.9,swap,priority_rules,generational/priority_rules/swap,65,64.0,229.0,229.0,214.0,15.0,max_generations
7,decuple,generational,1,0.9,swap,priority_rules,generational/priority_rules/swap,66,65.0,229.0,229.0,214.0,15.0,max_generations
7,decuple,generational,1,0.9,swap,priority_rules,generational/priority_rules/swap,67,66.0,229.0,229.0,214.0,15.0,max_generations
7,decuple,generational,1,0.9,swap,priority_rules,generational/priority_rules/swap,68,67.0,229.0,229.0,214.0,15.0,max_generations
7,decuple,generational,1,0.9,swap,priority_rules,generational/priority_rules/swap,69,68.0,229.0,229.0,214.0,15.0,max_generations
7,decuple,generational,1,0.9,swap,priority_rules,generational/priority_rules/swap,70,69.0,229.0,229.0,214.0,15.0,max_generations
7,decuple,generational,1,0.9,swap,priority_rules,generational/priority_rules/swap,71,70.0,229.0,229.0,214.0,15.0,max_generations
7,decuple,generational,1,0.9,swap,priority_rules,generational/priority_rules/swap,72,71.0,229.0,229.0,214.0,15.0,max_generations
7,decuple,generational,1,0.9,swap,priority_rules,generational/priority_rules/swap,73,72.0,229.0,229.0,214.0,15.0,max_generations
7,decuple,generational,1,0.9,swap,priority_rules,generational/priority_rules/swap,74,73.0,229.0,229.0,214.0,15.0,max_generations
7,decuple,generational,1,0.9,swap,priority_rules,generational/priority_rules/swap,75,74.0,229.0,229.0,214.0,15.0,max_generations
7,decuple,generational,1,0.9,swap,priority_rules,generational/priority_rules/swap,76,75.0,229.0,229.0,214.0,15.0,max_generations
7,decuple,generational,1,0.9,swap,priority_rules,generational/priority_rules/swap,77,76.0,229.0,229.0,214.0,15.0,max_generations
7,decuple,generational,1,0.9,swap,priority_rules,generational/priority_rules/swap,78,77.0,229.0,229.0,214.0,15.0,max_generations
7,decuple,generational,1,0.9,swap,priority_rules,generational/priority_rules/swap,79,78.0,229.0,229.0,214.0,15.0,max_generations
7,decuple,generational,1,0.9,swap,priority_rules,generational/priority_rules/swap,80,79.0,229.0,229.0,214.0,15.0,max_generations
7,decuple,generational,1,0.9,swap,priority_rules,generational/priority_rules/swap,81,80.0,229.0,229.0,214.0,15.0,max_generations
7,decuple,generational,1,0.9,swap,priority_rules,generational/priority_rules/swap,82,81.0,229.0,229.0,214.0,15.0,max_generations
7,decuple,generational,1,0.9,swap,priority_rules,generational/priority_rules/swap,83,82.0,229.0,229.0,214.0,15.0,max_generations
7,decuple,generational,1,0.9,swap,priority_rules,generational/priority_rules/swap,84,83.0,229.0,229.0,214.0,15.0,max_generations
7,decuple,generational,1,0.9,swap,priority_rules,generational/priority_rules/swap,85,84.0,229.0,229.0,214.0,15.0,max_generations
7,decuple,generational,1,0.9,swap,priority_rules,generational/priority_rules/swap,86,85.0,229.0,229.0,214.0,15.0,max_generations
7,decuple,generational,1,0.9,swap,priority_rules,generational/priority_rules/swap,87,86.0,229.0,229.0,214.0,15.0,max_generations
7,decuple,generational,1,0.9,swap,priority_rules,generational/priority_rules/swap,88,87.0,229.0,229.0,214.0,15.0,max_generations
7,decuple,generational,1,0.9,swap,priority_rules,generational/priority_rules/swap,89,88.0,229.0,229.0,214.0,15.0,max_generations
7,decuple,generational,1,0.9,swap,priority_rules,generational/priority_rules/swap,90,89.0,229.0,229.0,214.0,15.0,max_generations
7,decuple,generational,1,0.9,swap,priority_rules,generational/priority_rules/swap,91,90.0,229.0,229.0,214.0,15.0,max_generations
7,decuple,generational,1,0.9,swap,priority_rules,generational/priority_rules/swap,92,91.0,229.0,229.0,214.0,15.0,max_generations
7,decuple,generational,1,0.9,swap,priority_rules,generational/priority_rules/swap,93,92.0,229.0,229.0,214.0,15.0,max_generations
7,decuple,generational,1,0.9,swap,priority_rules,generational/priority_rules/swap,94,93.0,229.0,229.0,214.0,15.0,max_generations
7,decuple,generational,1,0.9,swap,priority_rules,generational/priority_rules/swap,95,94.0,229.0,229.0,214.0,15.0,max_generations
7,decuple,generational,1,0.9,swap,priority_rules,generational/priority_rules/swap,96,95.0,229.0,229.0,214.0,15.0,max_generations
7,decuple,generational,1,0.9,swap,priority_rules,generational/priority_rules/swap,97,96.0,229.0,229.0,214.0,15.0,max_generations
7,decuple,generational,1,0.9,swap,priority_rules,generational/priority_rules/swap,98,97.0,229.0,229.0,214.0,15.0,max_generations
7,decuple,generational,1,0.9,swap,priority_rules,generational/priority_rules/swap,99,98.0,229.0,229.0,214.0,15.0,max_generations
7,decuple,generational,1,0.9,swap,priority_rules,generational/priority_rules/swap,100,99.0,229.0,229.0,214.0,15.0,max_generations
7,decuple,generational,1,0.9,swap,priority_rules,generational/priority_rules/swap,101,100.0,229.0,229.0,214.0,15.0,max_generations
8,decuple,generational,1,0.9,consensus_reorder,priority_rules,generational/priority_rules/consensus_reorder,1,0.0,256.0,232.0,214.0,18.0,max_generations
8,decuple,generational,1,0.9,consensus_reorder,priority_rules,generational/priority_rules/consensus_reorder,2,1.0,254.0,232.0,214.0,18.0,max_generations
8,decuple,generational,1,0.9,consensus_reorder,priority_rules,generational/priority_rules/consensus_reorder,3,2.0,253.0,232.0,214.0,18.0,max_generations
8,decuple,generational,1,0.9,consensus_reorder,priority_rules,generational/priority_rules/consensus_reorder,4,3.0,245.0,232.0,214.0,18.0,max_generations
8,decuple,generational,1,0.9,consensus_reorder,priority_rules,generational/priority_rules/consensus_reorder,5,4.0,245.0,232.0,214.0,18.0,max_generations
8,decuple,generational,1,0.9,consensus_reorder,priority_rules,generational/priority_rules/consensus_reorder,6,5.0,245.0,232.0,214.0,18.0,max_generations
8,decuple,generational,1,0.9,consensus_reorder,priority_rules,generational/priority_rules/consensus_reorder,7,6.0,245.0,232.0,214.0,18.0,max_generations
8,decuple,generational,1,0.9,consensus_reorder,priority_rules,generational/priority_rules/consensus_reorder,8,7.0,240.0,232.0,214.0,18.0,max_generations
8,decuple,generational,1,0.9,consensus_reorder,priority_rules,generational/priority_rules/consensus_reorder,9,8.0,240.0,232.0,214.0,18.0,max_generations
8,decuple,generational,1,0.9,consensus_reorder,priority_rules,generational/priority_rules/consensus_reorder,10,9.0,240.0,232.0,214.0,18.0,max_generations
8,decuple,generational,1,0.9,consensus_reorder,priority_rules,generational/priority_rules/consensus_reorder,11,10.0,240.0,232.0,214.0,18.0,max_generations
8,decuple,generational,1,0.9,consensus_reorder,priority_rules,generational/priority_rules/consensus_reorder,12,11.0,240.0,232.0,214.0,18.0,max_generations
8,decuple,generational,1,0.9,consensus_reorder,priority_rules,generational/priority_rules/consensus_reorder,13,12.0,240.0,232.0,214.0,18.0,max_generations
8,decuple,generational,1,0.9,consensus_reorder,priority_rules,generational/priority_rules/consensus_reorder,14,13.0,240.0,232.0,214.0,18.0,max_generations
8,decuple,generational,1,0.9,consensus_reorder,priority_rules,generational/priority_rules/consensus_reorder,15,14.0,240.0,232.0,214.0,18.0,max_generations
8,decuple,generational,1,0.9,consensus_reorder,priority_rules,generational/priority_rules/consensus_reorder,16,15.0,238.0,232.0,214.0,18.0,max_generations
8,decuple,generational,1,0.9,consensus_reorder,priority_rules,generational/priority_rules/consensus_reorder,17,16.0,238.0,232.0,214.0,18.0,max_generations
8,decuple,generational,1,0.9,consensus_reorder,priority_rules,generational/priority_rules/consensus_reorder,18,17.0,236.0,232.0,214.0,18.0,max_generations
8,decuple,generational,1,0.9,consensus_reorder,priority_rules,generational/priority_rules/consensus_reorder,19,18.0,236.0,232.0,214.0,18.0,max_generations
8,decuple,generational,1,0.9,consensus_reorder,priority_rules,generational/priority_rules/consensus_reorder,20,19.0,236.0,232.0,214.0,18.0,max_generations
8,decuple,generational,1,0.9,consensus_reorder,priority_rules,generational/priority_rules/consensus_reorder,21,20.0,235.0,232.0,214.0,18.0,max_generations
8,decuple,generational,1,0.9,consensus_reorder,priority_rules,generational/priority_rules/consensus_reorder,22,21.0,234.0,232.0,214.0,18.0,max_generations
8,decuple,generational,1,0.9,consensus_reorder,priority_rules,generational/priority_rules/consensus_reorder,23,22.0,234.0,232.0,214.0,18.0,max_generations
8,decuple,generational,1,0.9,consensus_reorder,priority_rules,generational/priority_rules/consensus_reorder,24,23.0,234.0,232.0,214.0,18.0,max_generations
8,decuple,generational,1,0.9,consensus_reorder,priority_rules,generational/priority_rules/consensus_reorder,25,24.0,234.0,232.0,214.0,18.0,max_generations
8,decuple,generational,1,0.9,consensus_reorder,priority_rules,generational/priority_rules/consensus_reorder,26,25.0,234.0,232.0,214.0,18.0,max_generations
8,decuple,generational,1,0.9,consensus_reorder,priority_rules,generational/priority_rules/consensus_reorder,27,26.0,234.0,232.0,214.0,18.0,max_generations
8,decuple,generational,1,0.9,consensus_reorder,priority_rules,generational/priority_rules/consensus_reorder,28,27.0,234.0,232.0,214.0,18.0,max_generations
8,decuple,generational,1,0.9,consensus_reorder,priority_rules,generational/priority_rules/consensus_reorder,29,28.0,232.0,232.0,214.0,18.0,max_generations
8,decuple,generational,1,0.9,consensus_reorder,priority_rules,generational/priority_rules/consensus_reorder,30,29.0,232.0,232.0,214.0,18.0,max_generations
8,decuple,generational,1,0.9,consensus_reorder,priority_rules,generational/priority_rules/consensus_reorder,31,30.0,232.0,232.0,214.0,18.0,max_generations
8,decuple,generational,1,0.9,consensus_reorder,priority_rules,generational/priority_rules/consensus_reorder,32,31.0,232.0,232.0,214.0,18.0,max_generations
8,decuple,generational,1,0.9,consensus_reorder,priority_rules,generational/priority_rules/consensus_reorder,33,32.0,232.0,232.0,214.0,18.0,max_generations
8,decuple,generational,1,0.9,consensus_reorder,priority_rules,generational/priority_rules/consensus_reorder,34,33.0,232.0,232.0,214.0,18.0,max_generations
8,decuple,generational,1,0.9,consensus_reorder,priority_rules,generational/priority_rules/consensus_reorder,35,34.0,232.0,232.0,214.0,18.0,max_generations
8,decuple,generational,1,0.9,consensus_reorder,priority_rules,generational/priority_rules/consensus_reorder,36,35.0,232.0,232.0,214.0,18.0,max_generations
8,decuple,generational,1,0.9,consensus_reorder,priority_rules,generational/priority_rules/consensus_reorder,37,36.0,232.0,232.0,214.0,18.0,max_generations
8,decuple,generational,1,0.9,consensus_reorder,priority_rules,generational/priority_rules/consensus_reorder,38,37.0,232.0,232.0,214.0,18.0,max_generations
8,decuple,generational,1,0.9,consensus_reorder,priority_rules,generational/priority_rules/consensus_reorder,39,38.0,232.0,232.0,214.0,18.0,max_generations
8,decuple,generational,1,0.9,consensus_reorder,priority_rules,generational/priority_rules/consensus_reorder,40,39.0,232.0,232.0,214.0,18.0,max_generations
8,decuple,generational,1,0.9,consensus_reorder,priority_rules,generational/priority_rules/consensus_reorder,41,40.0,232.0,232.0,214.0,18.0,max_generations
8,decuple,generational,1,0.9,consensus_reorder,priority_rules,generational/priority_rules/consensus_reorder,42,41.0,232.0,232.0,214.0,18.0,max_generations
8,decuple,generational,1,0.9,consensus_reorder,priority_rules,generational/priority_rules/consensus_reorder,43,42.0,232.0,232.0,214.0,18.0,max_generations
8,decuple,generational,1,0.9,consensus_reorder,priority_rules,generational/priority_rules/consensus_reorder,44,43.0,232.0,232.0,214.0,18.0,max_generations
8,decuple,generational,1,0.9,consensus_reorder,priority_rules,generational/priority_rules/consensus_reorder,45,44.0,232.0,232.0,214.0,18.0,max_generations
8,decuple,generational,1,0.9,consensus_reorder,priority_rules,generational/priority_rules/consensus_reorder,46,45.0,232.0,232.0,214.0,18.0,max_generations
8,decuple,generational,1,0.9,consensus_reorder,priority_rules,generational/priority_rules/consensus_reorder,47,46.0,232.0,232.0,214.0,18.0,max_generations
8,decuple,generational,1,0.9,consensus_reorder,priority_rules,generational/priority_rules/consensus_reorder,48,47.0,232.0,232.0,214.0,18.0,max_generations
8,decuple,generational,1,0.9,consensus_reorder,priority_rules,generational/priority_rules/consensus_reorder,49,48.0,232.0,232.0,214.0,18.0,max_generations
8,decuple,generational,1,0.9,consensus_reorder,priority_rules,generational/priority_rules/consensus_reorder,50,49.0,232.0,232.0,214.0,18.0,max_generations
8,decuple,generational,1,0.9,consensus_reorder,priority_rules,generational/priority_rules/consensus_reorder,51,50.0,232.0,232.0,214.0,18.0,max_generations
8,decuple,generational,1,0.9,consensus_reorder,priority_rules,generational/priority_rules/consensus_reorder,52,51.0,232.0,232.0,214.0,18.0,max_generations
8,decuple,generational,1,0.9,consensus_reorder,priority_rules,generational/priority_rules/consensus_reorder,53,52.0,232.0,232.0,214.0,18.0,max_generations
8,decuple,generational,1,0.9,consensus_reorder,priority_rules,generational/priority_rules/consensus_reorder,54,53.0,232.0,232.0,214.0,18.0,max_generations
8,decuple,generational,1,0.9,consensus_reorder,priority_rules,generational/priority_rules/consensus_reorder,55,54.0,232.0,232.0,214.0,18.0,max_generations
8,decuple,generational,1,0.9,consensus_reorder,priority_rules,generational/priority_rules/consensus_reorder,56,55.0,232.0,232.0,214.0,18.0,max_generations
8,decuple,generational,1,0.9,consensus_reorder,priority_rules,generational/priority_rules/consensus_reorder,57,56.0,232.0,232.0,214.0,18.0,max_generations
8,decuple,generational,1,0.9,consensus_reorder,priority_rules,generational/priority_rules/consensus_reorder,58,57.0,232.0,232.0,214.0,18.0,max_generations
8,decuple,generational,1,0.9,consensus_reorder,priority_rules,generational/priority_rules/consensus_reorder,59,58.0,232.0,232.0,214.0,18.0,max_generations
8,decuple,generational,1,0.9,consensus_reorder,priority_rules,generational/priority_rules/consensus_reorder,60,59.0,232.0,232.0,214.0,18.0,max_generations
8,decuple,generational,1,0.9,consensus_reorder,priority_rules,generational/priority_rules/consensus_reorder,61,60.0,232.0,232.0,214.0,18.0,max_generations
8,decuple,generational,1,0.9,consensus_reorder,priority_rules,generational/priority_rules/consensus_reorder,62,61.0,232.0,232.0,214.0,18.0,max_generations
8,decuple,generational,1,0.9,consensus_reorder,priority_rules,generational/priority_rules/consensus_reorder,63,62.0,232.0,232.0,214.0,18.0,max_generations
8,decuple,generational,1,0.9,consensus_reorder,priority_rules,generational/priority_rules/consensus_reorder,64,63.0,232.0,232.0,214.0,18.0,max_generations
8,decuple,generational,1,0.9,consensus_reorder,priority_rules,generational/priority_rules/consensus_reorder,65,64.0,232.0,232.0,214.0,18.0,max_generations
8,decuple,generational,1,0.9,consensus_reorder,priority_rules,generational/priority_rules/consensus_reorder,66,65.0,232.0,232.0,214.0,18.0,max_generations
8,decuple,generational,1,0.9,consensus_reorder,priority_rules,generational/priority_rules/consensus_reorder,67,66.0,232.0,232.0,214.0,18.0,max_generations
8,decuple,generational,1,0.9,consensus_reorder,priority_rules,generational/priority_rules/consensus_reorder,68,67.0,232.0,232.0,214.0,18.0,max_generations
8,decuple,generational,1,0.9,consensus_reorder,priority_rules,generational/priority_rules/consensus_reorder,69,68.0,232.0,232.0,214.0,18.0,max_generations
8,decuple,generational,1,0.9,consensus_reorder,priority_rules,generational/priority_rules/consensus_reorder,70,69.0,232.0,232.0,214.0,18.0,max_generations
8,decuple,generational,1,0.9,consensus_reorder,priority_rules,generational/priority_rules/consensus_reorder,71,70.0,232.0,232.0,214.0,18.0,max_generations
8,decuple,generational,1,0.9,consensus_reorder,priority_rules,generational/priority_rules/consensus_reorder,72,71.0,232.0,232.0,214.0,18.0,max_generations
8,decuple,generational,1,0.9,consensus_reorder,priority_rules,generational/priority_rules/consensus_reorder,73,72.0,232.0,232.0,214.0,18.0,max_generations
8,decuple,generational,1,0.9,consensus_reorder,priority_rules,generational/priority_rules/consensus_reorder,74,73.0,232.0,232.0,214.0,18.0,max_generations
8,decuple,generational,1,0.9,consensus_reorder,priority_rules,generational/priority_rules/consensus_reorder,75,74.0,232.0,232.0,214.0,18.0,max_generations
8,decuple,generational,1,0.9,consensus_reorder,priority_rules,generational/priority_rules/consensus_reorder,76,75.0,232.0,232.0,214.0,18.0,max_generations
8,decuple,generational,1,0.9,consensus_reorder,priority_rules,generational/priority_rules/consensus_reorder,77,76.0,232.0,232.0,214.0,18.0,max_generations
8,decuple,generational,1,0.9,consensus_reorder,priority_rules,generational/priority_rules/consensus_reorder,78,77.0,232.0,232.0,214.0,18.0,max_generations
8,decuple,generational,1,0.9,consensus_reorder,priority_rules,generational/priority_rules/consensus_reorder,79,78.0,232.0,232.0,214.0,18.0,max_generations
8,decuple,generational,1,0.9,consensus_reorder,priority_rules,generational/priority_rules/consensus_reorder,80,79.0,232.0,232.0,214.0,18.0,max_generations
8,decuple,generational,1,0.9,consensus_reorder,priority_rules,generational/priority_rules/consensus_reorder,81,80.0,232.0,232.0,214.0,18.0,max_generations
8,decuple,generational,1,0.9,consensus_reorder,priority_rules,generational/priority_rules/consensus_reorder,82,81.0,232.0,232.0,214.0,18.0,max_generations
8,decuple,generational,1,0.9,consensus_reorder,priority_rules,generational/priority_rules/consensus_reorder,83,82.0,232.0,232.0,214.0,18.0,max_generations
8,decuple,generational,1,0.9,consensus_reorder,priority_rules,generational/priority_rules/consensus_reorder,84,83.0,232.0,232.0,214.0,18.0,max_generations
8,decuple,generational,1,0.9,consensus_reorder,priority_rules,generational/priority_rules/consensus_reorder,85,84.0,232.0,232.0,214.0,18.0,max_generations
8,decuple,generational,1,0.9,consensus_reorder,priority_rules,generational/priority_rules/consensus_reorder,86,85.0,232.0,232.0,214.0,18.0,max_generations
8,decuple,generational,1,0.9,consensus_reorder,priority_rules,generational/priority_rules/consensus_reorder,87,86.0,232.0,232.0,214.0,18.0,max_generations
8,decuple,generational,1,0.9,consensus_reorder,priority_rules,generational/priority_rules/consensus_reorder,88,87.0,232.0,232.0,214.0,18.0,max_generations
8,decuple,generational,1,0.9,consensus_reorder,priority_rules,generational/priority_rules/consensus_reorder,89,88.0,232.0,232.0,214.0,18.0,max_generations
8,decuple,generational,1,0.9,consensus_reorder,priority_rules,generational/priority_rules/consensus_reorder,90,89.0,232.0,232.0,214.0,18.0,max_generations
8,decuple,generational,1,0.9,consensus_reorder,priority_rules,generational/priority_rules/consensus_reorder,91,90.0,232.0,232.0,214.0,18.0,max_generations
8,decuple,generational,1,0.9,consensus_reorder,priority_rules,generational/priority_rules/consensus_reorder,92,91.0,232.0,232.0,214.0,18.0,max_generations
8,decuple,generational,1,0.9,consensus_reorder,priority_rules,generational/priority_rules/consensus_reorder,93,92.0,232.0,232.0,214.0,18.0,max_generations
8,decuple,generational,1,0.9,consensus_reorder,priority_rules,generational/priority_rules/consensus_reorder,94,93.0,232.0,232.0,214.0,18.0,max_generations
8,decuple,generational,1,0.9,consensus_reorder,priority_rules,generational/priority_rules/consensus_reorder,95,94.0,232.0,232.0,214.0,18.0,max_generations
8,decuple,generational,1,0.9,consensus_reorder,priority_rules,generational/priority_rules/consensus_reorder,96,95.0,232.0,232.0,214.0,18.0,max_generations
8,decuple,generational,1,0.9,consensus_reorder,priority_rules,generational/priority_rules/consensus_reorder,97,96.0,232.0,232.0,214.0,18.0,max_generations
8,decuple,generational,1,0.9,consensus_reorder,priority_rules,generational/priority_rules/consensus_reorder,98,97.0,232.0,232.0,214.0,18.0,max_generations
8,decuple,generational,1,0.9,consensus_reorder,priority_rules,generational/priority_rules/consensus_reorder,99,98.0,232.0,232.0,214.0,18.0,max_generations
8,decuple,generational,1,0.9,consensus_reorder,priority_rules,generational/priority_rules/consensus_reorder,100,99.0,232.0,232.0,214.0,18.0,max_generations
8,decuple,generational,1,0.9,consensus_reorder,priority_rules,generational/priority_rules/consensus_reorder,101,100.0,232.0,232.0,214.0,18.0,max_generations
