run_rank,crossover,replacement_strategy,elite_size,replacement_fraction,mutation,initial_population_mode,label,point_index,gen,best_curve,best_ga,best_known,gap_to_best_known,stop_reason
1,decuple,generational,1,0.9,adjacent_swap,priority_rules,generational/priority_rules/adjacent_swap,1,0.0,891.0,891.0,731.0,160.0,max_generations
1,decuple,generational,1,0.9,adjacent_swap,priority_rules,generational/priority_rules/adjacent_swap,2,1.0,891.0,891.0,731.0,160.0,max_generations
1,decuple,generational,1,0.9,adjacent_swap,priority_rules,generational/priority_rules/adjacent_swap,3,2.0,891.0,891.0,731.0,160.0,max_generations
1,decuple,generational,1,0.9,adjacent_swap,priority_rules,generational/priority_rules/adjacent_swap,4,3.0,891.0,891.0,731.0,160.0,max_generations
1,decuple,generational,1,0.9,adjacent_swap,priority_rules,generational/priority_rules/adjacent_swap,5,4.0,891.0,891.0,731.0,160.0,max_generations
1,decuple,generational,1,0.9,adjacent_swap,priority_rules,generational/priority_rules/adjacent_swap,6,5.0,891.0,891.0,731.0,160.0,max_generations
1,decuple,generational,1,0.9,adjacent_swap,priority_rules,generational/priority_rules/adjacent_swap,7,6.0,891.0,891.0,731.0,160.0,max_generations
1,decuple,generational,1,0.9,adjacent_swap,priority_rules,generational/priority_rules/adjacent_swap,8,7.0,891.0,891.0,731.0,160.0,max_generations
1,decuple,generational,1,0.9,adjacent_swap,priority_rules,generational/priority_rules/adjacent_swap,9,8.0,891.0,891.0,731.0,160.0,max_generations
1,decuple,generational,1,0.9,adjacent_swap,priority_rules,generational/priority_rules/adjacent_swap,10,9.0,891.0,891.0,731.0,160.0,max_generations
1,decuple,generational,1,0.9,adjacent_swap,priority_rules,generational/priority_rules/adjacent_swap,11,10.0,891.0,891.0,731.0,160.0,max_generations
1,decuple,generational,1,0.9,adjacent_swap,priority_rules,generational/priority_rules/adjacent_swap,12,11.0,891.0,891.0,731.0,160.0,max_generations
1,decuple,generational,1,0.9,adjacent_swap,priority_rules,generational/priority_rules/adjacent_swap,13,12.0,891.0,891.0,731.0,160.0,max_generations
1,decuple,generational,1,0.9,adjacent_swap,priority_rules,generational/priority_rules/adjacent_swap,14,13.0,891.0,891.0,731.0,160.0,max_generations
1,decuple,generational,1,0.9,adjacent_swap,priority_rules,generational/priority_rules/adjacent_swap,15,14.0,891.0,891.0,731.0,160.0,max_generations
1,decuple,generational,1,0.9,adjacent_swap,priority_rules,generational/priority_rules/adjacent_swap,16,15.0,891.0,891.0,731.0,160.0,max_generations
1,decuple,generational,1,0.9,adjacent_swap,priority_rules,generational/priority_rules/adjacent_swap,17,16.0,891.0,891.0,731.0,160.0,max_generations
1,decuple,generational,1,0.9,adjacent_swap,priority_rules,generational/priority_rules/adjacent_swap,18,17.0,891.0,891.0,731.0,160.0,max_generations
1,decuple,generational,1,0.9,adjacent_swap,priority_rules,generational/priority_rules/adjacent_swap,19,18.0,891.0,891.0,731.0,160.0,max_generations
1,decuple,generational,1,0.9,adjacent_swap,priority_rules,generational/priority_rules/adjacent_swap,20,19.0,891.0,891.0,731.0,160.0,max_generations
1,decuple,generational,1,0.9,adjacent_swap,priority_rules,generational/priority_rules/adjacent_swap,21,20.0,891.0,891.0,731.0,160.0,max_generations
1,decuple,generational,1,0.9,adjacent_swap,priority_rules,generational/priority_rules/adjacent_swap,22,21.0,891.0,891.0,731.0,160.0,max_generations
1,decuple,generational,1,0.9,adjacent_swap,priority_rules,generational/priority_rules/adjacent_swap,23,22.0,891.0,891.0,731.0,160.0,max_generations
1,decuple,generational,1,0.9,adjacent_swap,priority_rules,generational/priority_rules/adjacent_swap,24,23.0,891.0,891.0,731.0,160.0,max_generations
1,decuple,generational,1,0.9,adjacent_swap,priority_rules,generational/priority_rules/adjacent_swap,25,24.0,891.0,891.0,731.0,160.0,max_generations
1,decuple,generational,1,0.9,adjacent_swap,priority_rules,generational/priority_rules/adjacent_swap,26,25.0,891.0,891.0,731.0,160.0,max_generations
1,decuple,generational,1,0.9,adjacent_swap,priority_rules,generational/priority_rules/adjacent_swap,27,26.0,891.0,891.0,731.0,160.0,max_generations
1,decuple,generational,1,0.9,adjacent_swap,priority_rules,generational/priority_rules/adjacent_swap,28,27.0,891.0,891.0,731.0,160.0,max_generations
1,decuple,generational,1,0.9,adjacent_swap,priority_rules,generational/priority_rules/adjacent_swap,29,28.0,891.0,891.0,731.0,160.0,max_generations
1,decuple,generational,1,0.9,adjacent_swap,priority_rules,generational/priority_rules/adjacent_swap,30,29.0,891.0,891.0,731.0,160.0,max_generations
1,decuple,generational,1,0.9,adjacent_swap,priority_rules,generational/priority_rules/adjacent_swap,31,30.0,891.0,891.0,731.0,160.0,max_generations
1,decuple,generational,1,0.9,adjacent_swap,priority_rules,generational/priority_rules/adjacent_swap,32,31.0,891.0,891.0,731.0,160.0,max_generations
1,decuple,generational,1,0.9,adjacent_swap,priority_rules,generational/priority_rules/adjacent_swap,33,32.0,891.0,891.0,731.0,160.0,max_generations
1,decuple,generational,1,0.9,adjacent_swap,priority_rules,generational/priority_rules/adjacent_swap,34,33.0,891.0,891.0,731.0,160.0,max_generations
1,decuple,generational,1,0.9,adjacent_swap,priority_rules,generational/priority_rules/adjacent_swap,35,34.0,891.0,891.0,731.0,160.0,max_generations
1,decuple,generational,1,0.9,adjacent_swap,priority_rules,generational/priority_rules/adjacent_swap,36,35.0,891.0,891.0,731.0,160.0,max_generations
1,decuple,generational,1,0.9,adjacent_swap,priority_rules,generational/priority_rules/adjacent_swap,37,36.0,891.0,891.0,731.0,160.0,max_generations
1,decuple,generational,1,0.9,adjacent_swap,priority_rules,generational/priority_rules/adjacent_swap,38,37.0,891.0,891.0,731.0,160.0,max_generations
1,decuple,generational,1,0.9,adjacent_swap,priority_rules,generational/priority_rules/adjacent_swap,39,38.0,891.0,891.0,731.0,160.0,max_generations
1,decuple,generational,1,0.9,adjacent_swap,priority_rules,generational/priority_rules/adjacent_swap,40,39.0,891.0,891.0,731.0,160.0,max_generations
1,decuple,generational,1,0.9,adjacent_swap,priority_rules,generational/priority_rules/adjacent_swap,41,40.0,891.0,891.0,731.0,160.0,max_generations
1,decuple,generational,1,0.9,adjacent_swap,priority_rules,generational/priority_rules/adjacent_swap,42,41.0,891.0,891.0,731.0,160.0,max_generations
1,decuple,generational,1,0.9,adjacent_swap,priority_rules,generational/priority_rules/adjacent_swap,43,42.0,891.0,891.0,731.0,160.0,max_generations
1,decuple,generational,1,0.9,adjacent_swap,priority_rules,generational/priority_rules/adjacent_swap,44,43.0,891.0,891.0,731.0,160.0,max_generations
1,decuple,generational,1,0.9,adjacent_swap,priority_rules,generational/priority_rules/adjacent_swap,45,44.0,891.0,891.0,731.0,160.0,max_generations
1,decuple,generational,1,0.9,adjacent_swap,priority_rules,generational/priority_rules/adjacent_swap,46,45.0,891.0,891.0,731.0,160.0,max_generations
1,decuple,generational,1,0.9,adjacent_swap,priority_rules,generational/priority_rules/adjacent_swap,47,46.0,891.0,891.0,731.0,160.0,max_generations
1,decuple,generational,1,0.9,adjacent_swap,priority_rules,generational/priority_rules/adjacent_swap,48,47.0,891.0,891.0,731.0,160.0,max_generations
1,decuple,generational,1,0.9,adjacent_swap,priority_rules,generational/priority_rules/adjacent_swap,49,48.0,891.0,891.0,731.0,160.0,max_generations
1,decuple,generational,1,0.9,adjacent_swap,priority_rules,generational/priority_rules/adjacent_swap,50,49.0,891.0,891.0,731.0,160.0,max_generations
1,decuple,generational,1,0.9,adjacent_swap,priority_rules,generational/priority_rules/adjacent_swap,51,50.0,891.0,891.0,731.0,160.0,max_generations
1,decuple,generational,1,0.9,adjacent_swap,priority_rules,generational/priority_rules/adjacent_swap,52,51.0,891.0,891.0,731.0,160.0,max_generations
1,decuple,generational,1,0.9,adjacent_swap,priority_rules,generational/priority_rules/adjacent_swap,53,52.0,891.0,891.0,731.0,160.0,max_generations
1,decuple,generational,1,0.9,adjacent_swap,priority_rules,generational/priority_rules/adjacent_swap,54,53.0,891.0,891.0,731.0,160.0,max_generations
1,decuple,generational,1,0.9,adjacent_swap,priority_rules,generational/priority_rules/adjacent_swap,55,54.0,891.0,891.0,731.0,160.0,max_generations
1,decuple,generational,1,0.9,adjacent_swap,priority_rules,generational/priority_rules/adjacent_swap,56,55.0,891.0,891.0,731.0,160.0,max_generations
1,decuple,generational,1,0.9,adjacent_swap,priority_rules,generational/priority_rules/adjacent_swap,57,56.0,891.0,891.0,731.0,160.0,max_generations
1,decuple,generational,1,0.9,adjacent_swap,priority_rules,generational/priority_rules/adjacent_swap,58,57.0,891.0,891.0,731.0,160.0,max_generations
1,decuple,generational,1,0.9,adjacent_swap,priority_rules,generational/priority_rules/adjacent_swap,59,58.0,891.0,891.0,731.0,160.0,max_generations
1,decuple,generational,1,0.9,adjacent_swap,priority_rules,generational/priority_rules/adjacent_swap,60,59.0,891.0,891.0,731.0,160.0,max_generations
1,decuple,generational,1,0.9,adjacent_swap,priority_rules,generational/priority_rules/adjacent_swap,61,60.0,891.0,891.0,731.0,160.0,max_generations
1,decuple,generational,1,0.9,adjacent_swap,priority_rules,generational/priority_rules/adjacent_swap,62,61.0,891.0,891.0,731.0,160.0,max_generations
1,decuple,generational,1,0.9,adjacent_swap,priority_rules,generational/priority_rules/adjacent_swap,63,62.0,891.0,891.0,731.0,160.0,max_generations
1,decuple,generational,1,0.9,adjacent_swap,priority_rules,generational/priority_rules/adjacent_swap,64,63.0,891.0,891.0,731.0,160.0,max_generations
1,decuple,generational,1,0.9,adjacent_swap,priority_rules,generational/priority_rules/adjacent_swap,65,64.0,891.0,891.0,731.0,160.0,max_generations
1,decuple,generational,1,0.9,adjacent_swap,priority_rules,generational/priority_rules/adjacent_swap,66,65.0,891.0,891.0,731.0,160.0,max_generations
1,decuple,generational,1,0.9,adjacent_swap,priority_rules,generational/priority_rules/adjacent_swap,67,66.0,891.0,891.0,731.0,160.0,max_generations
1,decuple,generational,1,0.9,adjacent_swap,priority_rules,generational/priority_rules/adjacent_swap,68,67.0,891.0,891.0,731.0,160.0,max_generations
1,decuple,generational,1,0.9,adjacent_swap,priority_rules,generational/priority_rules/adjacent_swap,69,68.0,891.0,891.0,731.0,160.0,max_generations
1,decuple,generational,1,0.9,adjacent_swap,priority_rules,generational/priority_rules/adjacent_swap,70,69.0,891.0,891.0,731.0,160.0,max_generations
1,decuple,generational,1,0.9,adjacent_swap,priority_rules,generational/priority_rules/adjacent_swap,71,70.0,891.0,891.0,731.0,160.0,max_generations
1,decuple,generational,1,0.9,adjacent_swap,priority_rules,generational/priority_rules/adjacent_swap,72,71.0,891.0,891.0,731.0,160.0,max_generations
1,decuple,generational,1,0.9,adjacent_swap,priority_rules,generational/priority_rules/adjacent_swap,73,72.0,891.0,891.0,731.0,160.0,max_generations
1,decuple,generational,1,0.9,adjacent_swap,priority_rules,generational/priority_rules/adjacent_swap,74,73.0,891.0,891.0,731.0,160.0,max_generations
1,decuple,generational,1,0.9,adjacent_swap,priority_rules,generational/priority_rules/adjacent_swap,75,74.0,891.0,891.0,731.0,160.0,max_generations
1,decuple,generational,1,0.9,adjacent_swap,priority_rules,generational/priority_rules/adjacent_swap,76,75.0,891.0,891.0,731.0,160.0,max_generations
1,decuple,generational,1,0.9,adjacent_swap,priority_rules,generational/priority_rules/adjacent_swap,77,76.0,891.0,891.0,731.0,160.0,max_generations
1,decuple,generational,1,0.9,adjacent_swap,priority_rules,generational/priority_rules/adjacent_swap,78,77.0,891.0,891.0,731.0,160.0,max_generations
1,decuple,generational,1,0.9,adjacent_swap,priority_rules,generational/priority_rules/adjacent_swap,79,78.0,891.0,891.0,731.0,160.0,max_generations
1,decuple,generational,1,0.9,adjacent_swap,priority_rules,generational/priority_rules/adjacent_swap,80,79.0,891.0,891.0,731.0,160.0,max_generations
1,decuple,generational,1,0.9,adjacent_swap,priority_rules,generational/priority_rules/adjacent_swap,81,80.0,891.0,891.0,731.0,160.0,max_generations
1,decuple,generational,1,0.9,adjacent_swap,priority_rules,generational/priority_rules/adjacent_swap,82,81.0,891.0,891.0,731.0,160.0,max_generations
1,decuple,generational,1,0.9,adjacent_swap,priority_rules,generational/priority_rules/adjacent_swap,83,82.0,891.0,891.0,731.0,160.0,max_generations
1,decuple,generational,1,0.9,adjacent_swap,priority_rules,generational/priority_rules/adjacent_swap,84,83.0,891.0,891.0,731.0,160.0,max_generations
1,decuple,generational,1,0.9,adjacent_swap,priority_rules,generational/priority_rules/adjacent_swap,85,84.0,891.0,891.0,731.0,160.0,max_generations
1,decuple,generational,1,0.9,adjacent_swap,priority_rules,generational/priority_rules/adjacent_swap,86,85.0,891.0,891.0,731.0,160.0,max_generations
1,decuple,generational,1,0.9,adjacent_swap,priority_rules,generational/priority_rules/adjacent_swap,87,86.0,891.0,891.0,731.0,160.0,max_generations
1,decuple,generational,1,0.9,adjacent_swap,priority_rules,generational/priority_rules/adjacent_swap,88,87.0,891.0,891.0,731.0,160.0,max_generations
1,decuple,generational,1,0.9,adjacent_swap,priority_rules,generational/priority_rules/adjacent_swap,89,88.0,891.0,891.0,731.0,160.0,max_generations
1,decuple,generational,1,0.9,adjacent_swap,priority_rules,generational/priority_rules/adjacent_swap,90,89.0,891.0,891.0,731.0,160.0,max_generations
1,decuple,generational,1,0.9,adjacent_swap,priority_rules,generational/priority_rules/adjacent_swap,91,90.0,891.0,891.0,731.0,160.0,max_generations
1,decuple,generational,1,0.9,adjacent_swap,priority_rules,generational/priority_rules/adjacent_swap,92,91.0,891.0,891.0,731.0,160.0,max_generations
1,decuple,generational,1,0.9,adjacent_swap,priority_rules,generational/priority_rules/adjacent_swap,93,92.0,891.0,891.0,731.0,160.0,max_generations
1,decuple,generational,1,0.9,adjacent_swap,priority_rules,generational/priority_rules/adjacent_swap,94,93.0,891.0,891.0,731.0,160.0,max_generations
1,decuple,generational,1,0.9,adjacent_swap,priority_rules,generational/priority_rules/adjacent_swap,95,94.0,891.0,891.0,731.0,160.0,max_generations
1,decuple,generational,1,0.9,adjacent_swap,priority_rules,generational/priority_rules/adjacent_swap,96,95.0,891.0,891.0,731.0,160.0,max_generations
1,decuple,generational,1,0.9,adjacent_swap,priority_rules,generational/priority_rules/adjacent_swap,97,96.0,891.0,891.0,731.0,160.0,max_generations
1,decuple,generational,1,0.9,adjacent_swap,priority_rules,generational/priority_rules/adjacent_swap,98,97.0,891.0,891.0,731.0,160.0,max_generations
1,decuple,generational,1,0.9,adjacent_swap,priority_rules,generational/priority_rules/adjacent_swap,99,98.0,891.0,891.0,731.0,160.0,max_generations
1,decuple,generational,1,0.9,adjacent_swap,priority_rules,generational/priority_rules/adjacent_swap,100,99.0,891.0,891.0,731.0,160.0,max_generations
1,decuple,generational,1,0.9,adjacent_swap,priority_rules,generational/priority_rules/adjacent_swap,101,100.0,891.0,891.0,731.0,160.0,max_generations
2,decuple,generational,1,0.9,swap,priority_rules,generational/priority_rules/swap,1,0.0,891.0,891.0,731.0,160.0,max_generations
2,decuple,generational,1,0.9,swap,priority_rules,generational/priority_rules/swap,2,1.0,891.0,891.0,731.0,160.0,max_generations
2,decuple,generational,1,0.9,swap,priority_rules,generational/priority_rules/swap,3,2.0,891.0,891.0,731.0,160.0,max_generations
2,decuple,generational,1,0.9,swap,priority_rules,generational/priority_rules/swap,4,3.0,891.0,891.0,731.0,160.0,max_generations
2,decuple,generational,1,0.9,swap,priority_rules,generational/priority_rules/swap,5,4.0,891.0,891.0,731.0,160.0,max_generations
2,decuple,generational,1,0.9,swap,priority_rules,generational/priority_rules/swap,6,5.0,891.0,891.0,731.0,160.0,max_generations
2,decuple,generational,1,0.9,swap,priority_rules,generational/priority_rules/swap,7,6.0,891.0,891.0,731.0,160.0,max_generations
2,decuple,generational,1,0.9,swap,priority_rules,generational/priority_rules/swap,8,7.0,891.0,891.0,731.0,160.0,max_generations
2,decuple,generational,1,0.9,swap,priority_rules,generational/priority_rules/swap,9,8.0,891.0,891.0,731.0,160.0,max_generations
2,decuple,generational,1,0.9,swap,priority_rules,generational/priority_rules/swap,10,9.0,891.0,891.0,731.0,160.0,max_generations
2,decuple,generational,1,0.9,swap,priority_rules,generational/priority_rules/swap,11,10.0,891.0,891.0,731.0,160.0,max_generations
2,decuple,generational,1,0.9,swap,priority_rules,generational/priority_rules/swap,12,11.0,891.0,891.0,731.0,160.0,max_generations
2,decuple,generational,1,0.9,swap,priority_rules,generational/priority_rules/swap,13,12.0,891.0,891.0,731.0,160.0,max_generations
2,decuple,generational,1,0.9,swap,priority_rules,generational/priority_rules/swap,14,13.0,891.0,891.0,731.0,160.0,max_generations
2,decuple,generational,1,0.9,swap,priority_rules,generational/priority_rules/swap,15,14.0,891.0,891.0,731.0,160.0,max_generations
2,decuple,generational,1,0.9,swap,priority_rules,generational/priority_rules/swap,16,15.0,891.0,891.0,731.0,160.0,max_generations
2,decuple,generational,1,0.9,swap,priority_rules,generational/priority_rules/swap,17,16.0,891.0,891.0,731.0,160.0,max_generations
2,decuple,generational,1,0.9,swap,priority_rules,generational/priority_rules/swap,18,17.0,891.0,891.0,731.0,160.0,max_generations
2,decuple,generational,1,0.9,swap,priority_rules,generational/priority_rules/swap,19,18.0,891.0,891.0,731.0,160.0,max_generations
2,decuple,generational,1,0.9,swap,priority_rules,generational/priority_rules/swap,20,19.0,891.0,891.0,731.0,160.0,max_generations
2,decuple,generational,1,0.9,swap,priority_rules,generational/priority_rules/swap,21,20.0,891.0,891.0,731.0,160.0,max_generations
2,decuple,generational,1,0.9,swap,priority_rules,generational/priority_rules/swap,22,21.0,891.0,891.0,731.0,160.0,max_generations
2,decuple,generational,1,0.9,swap,priority_rules,generational/priority_rules/swap,23,22.0,891.0,891.0,731.0,160.0,max_generations
2,decuple,generational,1,0.9,swap,priority_rules,generational/priority_rules/swap,24,23.0,891.0,891.0,731.0,160.0,max_generations
2,decuple,generational,1,0.9,swap,priority_rules,generational/priority_rules/swap,25,24.0,891.0,891.0,731.0,160.0,max_generations
2,decuple,generational,1,0.9,swap,priority_rules,generational/priority_rules/swap,26,25.0,891.0,891.0,731.0,160.0,max_generations
2,decuple,generational,1,0.9,swap,priority_rules,generational/priority_rules/swap,27,26.0,891.0,891.0,731.0,160.0,max_generations
2,decuple,generational,1,0.9,swap,priority_rules,generational/priority_rules/swap,28,27.0,891.0,891.0,731.0,160.0,max_generations
2,decuple,generational,1,0.9,swap,priority_rules,generational/priority_rules/swap,29,28.0,891.0,891.0,731.0,160.0,max_generations
2,decuple,generational,1,0.9,swap,priority_rules,generational/priority_rules/swap,30,29.0,891.0,891.0,731.0,160.0,max_generations
2,decuple,generational,1,0.9,swap,priority_rules,generational/priority_rules/swap,31,30.0,891.0,891.0,731.0,160.0,max_generations
2,decuple,generational,1,0.9,swap,priority_rules,generational/priority_rules/swap,32,31.0,891.0,891.0,731.0,160.0,max_generations
2,decuple,generational,1,0.9,swap,priority_rules,generational/priority_rules/swap,33,32.0,891.0,891.0,731.0,160.0,max_generations
2,decuple,generational,1,0.9,swap,priority_rules,generational/priority_rules/swap,34,33.0,891.0,891.0,731.0,160.0,max_generations
2,decuple,generational,1,0.9,swap,priority_rules,generational/priority_rules/swap,35,34.0,891.0,891.0,731.0,160.0,max_generations
2,decuple,generational,1,0.9,swap,priority_rules,generational/priority_rules/swap,36,35.0,891.0,891.0,731.0,160.0,max_generations
2,decuple,generational,1,0.9,swap,priority_rules,generational/priority_rules/swap,37,36.0,891.0,891.0,731.0,160.0,max_generations
2,decuple,generational,1,0.9,swap,priority_rules,generational/priority_rules/swap,38,37.0,891.0,891.0,731.0,160.0,max_generations
2,decuple,generational,1,0.9,swap,priority_rules,generational/priority_rules/swap,39,38.0,891.0,891.0,731.0,160.0,max_generations
2,decuple,generational,1,0.9,swap,priority_rules,generational/priority_rules/swap,40,39.0,891.0,891.0,731.0,160.0,max_generations
2,decuple,generational,1,0.9,swap,priority_rules,generational/priority_rules/swap,41,40.0,891.0,891.0,731.0,160.0,max_generations
2,decuple,generational,1,0.9,swap,priority_rules,generational/priority_rules/swap,42,41.0,891.0,891.0,731.0,160.0,max_generations
2,decuple,generational,1,0.9,swap,priority_rules,generational/priority_rules/swap,43,42.0,891.0,891.0,731.0,160.0,max_generations
2,decuple,generational,1,0.9,swap,priority_rules,generational/priority_rules/swap,44,43.0,891.0,891.0,731.0,160.0,max_generations
2,decuple,generational,1,0.9,swap,priority_rules,generational/priority_rules/swap,45,44.0,891.0,891.0,731.0,160.0,max_generations
2,decuple,generational,1,0.9,swap,priority_rules,generational/priority_rules/swap,46,45.0,891.0,891.0,731.0,160.0,max_generations
2,decuple,generational,1,0.9,swap,priority_rules,generational/priority_rules/swap,47,46.0,891.0,891.0,731.0,160.0,max_generations
2,decuple,generational,1,0.9,swap,priority_rules,generational/priority_rules/swap,48,47.0,891.0,891.0,731.0,160.0,max_generations
2,decuple,generational,1,0.9,swap,priority_rules,generational/priority_rules/swap,49,48.0,891.0,891.0,731.0,160.0,max_generations
2,decuple,generational,1,0.9,swap,priority_rules,generational/priority_rules/swap,50,49.0,891.0,891.0,731.0,160.0,max_generations
2,decuple,generational,1,0.9,swap,priority_rules,generational/priority_rules/swap,51,50.0,891.0,891.0,731.0,160.0,max_generations
2,decuple,generational,1,0.9,swap,priority_rules,generational/priority_rules/swap,52,51.0,891.0,891.0,731.0,160.0,max_generations
2,decuple,generational,1,0.9,swap,priority_rules,generational/priority_rules/swap,53,52.0,891.0,891.0,731.0,160.0,max_generations
2,decuple,generational,1,0.9,swap,priority_rules,generational/priority_rules/swap,54,53.0,891.0,891.0,731.0,160.0,max_generations
2,decuple,generational,1,0.9,swap,priority_rules,generational/priority_rules/swap,55,54.0,891.0,891.0,731.0,160.0,max_generations
2,decuple,generational,1,0.9,swap,priority_rules,generational/priority_rules/swap,56,55.0,891.0,891.0,731.0,160.0,max_generations
2,decuple,generational,1,0.9,swap,priority_rules,generational/priority_rules/swap,57,56.0,891.0,891.0,731.0,160.0,max_generations
2,decuple,generational,1,0.9,swap,priority_rules,generational/priority_rules/swap,58,57.0,891.0,891.0,731.0,160.0,max_generations
2,decuple,generational,1,0.9,swap,priority_rules,generational/priority_rules/swap,59,58.0,891.0,891.0,731.0,160.0,max_generations
2,decuple,generational,1,0.9,swap,priority_rules,generational/priority_rules/swap,60,59.0,891.0,891.0,731.0,160.0,max_generations
2,decuple,generational,1,0.9,swap,priority_rules,generational/priority_rules/swap,61,60.0,891.0,891.0,731.0,160.0,max_generations
2,decuple,generational,1,0.9,swap,priority_rules,generational/priority_rules/swap,62,61.0,891.0,891.0,731.0,160.0,max_generations
2,decuple,generational,1,0.9,swap,priority_rules,generational/priority_rules/swap,63,62.0,891.0,891.0,731.0,160.0,max_generations
2,decuple,generational,1,0.9,swap,priority_rules,generational/priority_rules/swap,64,63.0,891.0,891.0,731.0,160.0,max_generations
2,decuple,generational,1,0.9,swap,priority_rules,generational/priority_rules/swap,65,64.0,891.0,891.0,731.0,160.0,max_generations
2,decuple,generational,1,0.9,swap,priority_rules,generational/priority_rules/swap,66,65.0,891.0,891.0,731.0,160.0,max_generations
2,decuple,generational,1,0.9,swap,priority_rules,generational/priority_rules/swap,67,66.0,891.0,891.0,731.0,160.0,max_generations
2,decuple,generational,1,0.9,swap,priority_rules,generational/priority_rules/swap,68,67.0,891.0,891.0,731.0,160.0,max_generations
2,decuple,generational,1,0.9,swap,priority_rules,generational/priority_rules/swap,69,68.0,891.0,891.0,731.0,160.0,max_generations
2,decuple,generational,1,0.9,swap,priority_rules,generational/priority_rules/swap,70,69.0,891.0,891.0,731.0,160.0,max_generations
2,decuple,generational,1,0.9,swap,priority_rules,generational/priority_rules/swap,71,70.0,891.0,891.0,731.0,160.0,max_generations
2,decuple,generational,1,0.9,swap,priority_rules,generational/priority_rules/swap,72,71.0,891.0,891.0,731.0,160.0,max_generations
2,decuple,generational,1,0.9,swap,priority_rules,generational/priority_rules/swap,73,72.0,891.0,891.0,731.0,160.0,max_generations
2,decuple,generational,1,0.9,swap,priority_rules,generational/priority_rules/swap,74,73.0,891.0,891.0,731.0,160.0,max_generations
2,decuple,generational,1,0.9,swap,priority_rules,generational/priority_rules/swap,75,74.0,891.0,891.0,731.0,160.0,max_generations
2,decuple,generational,1,0.9,swap,priority_rules,generational/priority_rules/swap,76,75.0,891.0,891.0,731.0,160.0,max_generations
2,decuple,generational,1,0.9,swap,priority_rules,generational/priority_rules/swap,77,76.0,891.0,891.0,731.0,160.0,max_generations
2,decuple,generational,1,0.9,swap,priority_rules,generational/priority_rules/swap,78,77.0,891.0,891.0,731.0,160.0,max_generations
2,decuple,generational,1,0.9,swap,priority_rules,generational/priority_rules/swap,79,78.0,891.0,891.0,731.0,160.0,max_generations
2,decuple,generational,1,0.9,swap,priority_rules,generational/priority_rules/swap,80,79.0,891.0,891.0,731.0,160.0,max_generations
2,decuple,generational,1,0.9,swap,priority_rules,generational/priority_rules/swap,81,80.0,891.0,891.0,731.0,160.0,max_generations
2,decuple,generational,1,0.9,swap,priority_rules,generational/priority_rules/swap,82,81.0,891.0,891.0,731.0,160.0,max_generations
2,decuple,generational,1,0.9,swap,priority_rules,generational/priority_rules/swap,83,82.0,891.0,891.0,731.0,160.0,max_generations
2,decuple,generational,1,0.9,swap,priority_rules,generational/priority_rules/swap,84,83.0,891.0,891.0,731.0,160.0,max_generations
2,decuple,generational,1,0.9,swap,priority_rules,generational/priority_rules/swap,85,84.0,891.0,891.0,731.0,160.0,max_generations
2,decuple,generational,1,0.9,swap,priority_rules,generational/priority_rules/swap,86,85.0,891.0,891.0,731.0,160.0,max_generations
2,decuple,generational,1,0.9,swap,priority_rules,generational/priority_rules/swap,87,86.0,891.0,891.0,731.0,160.0,max_generations
2,decuple,generational,1,0.9,swap,priority_rules,generational/priority_rules/swap,88,87.0,891.0,891.0,731.0,160.0,max_generations
2,decuple,generational,1,0.9,swap,priority_rules,generational/priority_rules/swap,89,88.0,891.0,891.0,731.0,160.0,max_generations
2,decuple,generational,1,0.9,swap,priority_rules,generational/priority_rules/swap,90,89.0,891.0,891.0,731.0,160.0,max_generations
2,decuple,generational,1,0.9,swap,priority_rules,generational/priority_rules/swap,91,90.0,891.0,891.0,731.0,160.0,max_generations
2,decuple,generational,1,0.9,swap,priority_rules,generational/priority_rules/swap,92,91.0,891.0,891.0,731.0,160.0,max_generations
2,decuple,generational,1,0.9,swap,priority_rules,generational/priority_rules/swap,93,92.0,891.0,891.0,731.0,160.0,max_generations
2,decuple,generational,1,0.9,swap,priority_rules,generational/priority_rules/swap,94,93.0,891.0,891.0,731.0,160.0,max_generations
2,decuple,generational,1,0.9,swap,priority_rules,generational/priority_rules/swap,95,94.0,891.0,891.0,731.0,160.0,max_generations
2,decuple,generational,1,0.9,swap,priority_rules,generational/priority_rules/swap,96,95.0,891.0,891.0,731.0,160.0,max_generations
2,decuple,generational,1,0.9,swap,priority_rules,generational/priority_rules/swap,97,96.0,891.0,891.0,731.0,160.0,max_generations
2,decuple,generational,1,0.9,swap,priority_rules,generational/priority_rules/swap,98,97.0,891.0,891.0,731.0,160.0,max_generations
2,decuple,generational,1,0.9,swap,priority_rules,generational/priority_rules/swap,99,98.0,891.0,891.0,731.0,160.0,max_generations
2,decuple,generational,1,0.9,swap,priority_rules,generational/priority_rules/swap,100,99.0,891.0,891.0,731.0,160.0,max_generations
2,decuple,generational,1,0.9,swap,priority_rules,generational/priority_rules/swap,101,100.0,891.0,891.0,731.0,160.0,max_generations
3,decuple,generational,1,0.9,consensus_reorder,priority_rules,generational/priority_rules/consensus_reorder,1,0.0,891.0,891.0,731.0,160.0,max_generations
3,decuple,generational,1,0.9,consensus_reorder,priority_rules,generational/priority_rules/consensus_reorder,2,1.0,891.0,891.0,731.0,160.0,max_generations
3,decuple,generational,1,0.9,consensus_reorder,priority_rules,generational/priority_rules/consensus_reorder,3,2.0,891.0,891.0,731.0,160.0,max_generations
3,decuple,generational,1,0.9,consensus_reorder,priority_rules,generational/priority_rules/consensus_reorder,4,3.0,891.0,891.0,731.0,160.0,max_generations
3,decuple,generational,1,0.9,consensus_reorder,priority_rules,generational/priority_rules/consensus_reorder,5,4.0,891.0,891.0,731.0,160.0,max_generations
3,decuple,generational,1,0.9,consensus_reorder,priority_rules,generational/priority_rules/consensus_reorder,6,5.0,891.0,891.0,731.0,160.0,max_generations
3,decuple,generational,1,0.9,consensus_reorder,priority_rules,generational/priority_rules/consensus_reorder,7,6.0,891.0,891.0,731.0,160.0,max_generations
3,decuple,generational,1,0.9,consensus_reorder,priority_rules,generational/priority_rules/consensus_reorder,8,7.0,891.0,891.0,731.0,160.0,max_generations
3,decuple,generational,1,0.9,consensus_reorder,priority_rules,generational/priority_rules/consensus_reorder,9,8.0,891.0,891.0,731.0,160.0,max_generations
3,decuple,generational,1,0.9,consensus_reorder,priority_rules,generational/priority_rules/consensus_reorder,10,9.0,891.0,891.0,731.0,160.0,max_generations
3,decuple,generational,1,0.9,consensus_reorder,priority_rules,generational/priority_rules/consensus_reorder,11,10.0,891.0,891.0,731.0,160.0,max_generations
3,decuple,generational,1,0.9,consensus_reorder,priority_rules,generational/priority_rules/consensus_reorder,12,11.0,891.0,891.0,731.0,160.0,max_generations
3,decuple,generational,1,0.9,consensus_reorder,priority_rules,generational/priority_rules/consensus_reorder,13,12.0,891.0,891.0,731.0,160.0,max_generations
3,decuple,generational,1,0.9,consensus_reorder,priority_rules,generational/priority_rules/consensus_reorder,14,13.0,891.0,891.0,731.0,160.0,max_generations
3,decuple,generational,1,0.9,consensus_reorder,priority_rules,generational/priority_rules/consensus_reorder,15,14.0,891.0,891.0,731.0,160.0,max_generations
3,decuple,generational,1,0.9,consensus_reorder,priority_rules,generational/priority_rules/consensus_reorder,16,15.0,891.0,891.0,731.0,160.0,max_generations
3,decuple,generational,1,0.9,consensus_reorder,priority_rules,generational/priority_rules/consensus_reorder,17,16.0,891.0,891.0,731.0,160.0,max_generations
3,decuple,generational,1,0.9,consensus_reorder,priority_rules,generational/priority_rules/consensus_reorder,18,17.0,891.0,891.0,731.0,160.0,max_generations
3,decuple,generational,1,0.9,consensus_reorder,priority_rules,generational/priority_rules/consensus_reorder,19,18.0,891.0,891.0,731.0,160.0,max_generations
3,decuple,generational,1,0.9,consensus_reorder,priority_rules,generational/priority_rules/consensus_reorder,20,19.0,891.0,891.0,731.0,160.0,max_generations
3,decuple,generational,1,0.9,consensus_reorder,priority_rules,generational/priority_rules/consensus_reorder,21,20.0,891.0,891.0,731.0,160.0,max_generations
3,decuple,generational,1,0.9,consensus_reorder,priority_rules,generational/priority_rules/consensus_reorder,22,21.0,891.0,891.0,731.0,160.0,max_generations
3,decuple,generational,1,0.9,consensus_reorder,priority_rules,generational/priority_rules/consensus_reorder,23,22.0,891.0,891.0,731.0,160.0,max_generations
3,decuple,generational,1,0.9,consensus_reorder,priority_rules,generational/priority_rules/consensus_reorder,24,23.0,891.0,891.0,731.0,160.0,max_generations
3,decuple,generational,1,0.9,consensus_reorder,priority_rules,generational/priority_rules/consensus_reorder,25,24.0,891.0,891.0,731.0,160.0,max_generations
3,decuple,generational,1,0.9,consensus_reorder,priority_rules,generational/priority_rules/consensus_reorder,26,25.0,891.0,891.0,731.0,160.0,max_generations
3,decuple,generational,1,0.9,consensus_reorder,priority_rules,generational/priority_rules/consensus_reorder,27,26.0,891.0,891.0,731.0,160.0,max_generations
3,decuple,generational,1,0.9,consensus_reorder,priority_rules,generational/priority_rules/consensus_reorder,28,27.0,891.0,891.0,731.0,160.0,max_generations
3,decuple,generational,1,0.9,consensus_reorder,priority_rules,generational/priority_rules/consensus_reorder,29,28.0,891.0,891.0,731.0,160.0,max_generations
3,decuple,generational,1,0.9,consensus_reorder,priority_rules,generational/priority_rules/consensus_reorder,30,29.0,891.0,891.0,731.0,160.0,max_generations
3,decuple,generational,1,0.9,consensus_reorder,priority_rules,generational/priority_rules/consensus_reorder,31,30.0,891.0,891.0,731.0,160.0,max_generations
3,decuple,generational,1,0.9,consensus_reorder,priority_rules,generational/priority_rules/consensus_reorder,32,31.0,891.0,891.0,731.0,160.0,max_generations
3,decuple,generational,1,0.9,consensus_reorder,priority_rules,generational/priority_rules/consensus_reorder,33,32.0,891.0,891.0,731.0,160.0,max_generations
3,decuple,generational,1,0.9,consensus_reorder,priority_rules,generational/priority_rules/consensus_reorder,34,33.0,891.0,891.0,731.0,160.0,max_generations
3,decuple,generational,1,0.9,consensus_reorder,priority_rules,generational/priority_rules/consensus_reorder,35,34.0,891.0,891.0,731.0,160.0,max_generations
3,decuple,generational,1,0.9,consensus_reorder,priority_rules,generational/priority_rules/consensus_reorder,36,35.0,891.0,891.0,731.0,160.0,max_generations
3,decuple,generational,1,0.9,consensus_reorder,priority_rules,generational/priority_rules/consensus_reorder,37,36.0,891.0,891.0,731.0,160.0,max_generations
3,decuple,generational,1,0.9,consensus_reorder,priority_rules,generational/priority_rules/consensus_reorder,38,37.0,891.0,891.0,731.0,160.0,max_generations
3,decuple,generational,1,0.9,consensus_reorder,priority_rules,generational/priority_rules/consensus_reorder,39,38.0,891.0,891.0,731.0,160.0,max_generations
3,decuple,generational,1,0.9,consensus_reorder,priority_rules,generational/priority_rules/consensus_reorder,40,39.0,891.0,891.0,731.0,160.0,max_generations
3,decuple,generational,1,0.9,consensus_reorder,priority_rules,generational/priority_rules/consensus_reorder,41,40.0,891.0,891.0,731.0,160.0,max_generations
3,decuple,generational,1,0.9,consensus_reorder,priority_rules,generational/priority_rules/consensus_reorder,42,41.0,891.0,891.0,731.0,160.0,max_generations
3,decuple,generational,1,0.9,consensus_reorder,priority_rules,generational/priority_rules/consensus_reorder,43,42.0,891.0,891.0,731.0,160.0,max_generations
3,decuple,generational,1,0.9,consensus_reorder,priority_rules,generational/priority_rules/consensus_reorder,44,43.0,891.0,891.0,731.0,160.0,max_generations
3,decuple,generational,1,0.9,consensus_reorder,priority_rules,generational/priority_rules/consensus_reorder,45,44.0,891.0,891.0,731.0,160.0,max_generations
3,decuple,generational,1,0.9,consensus_reorder,priority_rules,generational/priority_rules/consensus_reorder,46,45.0,891.0,891.0,731.0,160.0,max_generations
3,decuple,generational,1,0.9,consensus_reorder,priority_rules,generational/priority_rules/consensus_reorder,47,46.0,891.0,891.0,731.0,160.0,max_generations
3,decuple,generational,1,0.9,consensus_reorder,priority_rules,generational/priority_rules/consensus_reorder,48,47.0,891.0,891.0,731.0,160.0,max_generations
3,decuple,generational,1,0.9,consensus_reorder,priority_rules,generational/priority_rules/consensus_reorder,49,48.0,891.0,891.0,731.0,160.0,max_generations
3,decuple,generational,1,0.9,consensus_reorder,priority_rules,generational/priority_rules/consensus_reorder,50,49.0,891.0,891.0,731.0,160.0,max_generations
3,decuple,generational,1,0.9,consensus_reorder,priority_rules,generational/priority_rules/consensus_reorder,51,50.0,891.0,891.0,731.0,160.0,max_generations
3,decuple,generational,1,0.9,consensus_reorder,priority_rules,generational/priority_rules/consensus_reorder,52,51.0,891.0,891.0,731.0,160.0,max_generations
3,decuple,generational,1,0.9,consensus_reorder,priority_rules,generational/priority_rules/consensus_reorder,53,52.0,891.0,891.0,731.0,160.0,max_generations
3,decuple,generational,1,0.9,consensus_reorder,priority_rules,generational/priority_rules/consensus_reorder,54,53.0,891.0,891.0,731.0,160.0,max_generations
3,decuple,generational,1,0.9,consensus_reorder,priority_rules,generational/priority_rules/consensus_reorder,55,54.0,891.0,891.0,731.0,160.0,max_generations
3,decuple,generational,1,0.9,consensus_reorder,priority_rules,generational/priority_rules/consensus_reorder,56,55.0,891.0,891.0,731.0,160.0,max_generations
3,decuple,generational,1,0.9,consensus_reorder,priority_rules,generational/priority_rules/consensus_reorder,57,56.0,891.0,891.0,731.0,160.0,max_generations
3,decuple,generational,1,0.9,consensus_reorder,priority_rules,generational/priority_rules/consensus_reorder,58,57.0,891.0,891.0,731.0,160.0,max_generations
3,decuple,generational,1,0.9,consensus_reorder,priority_rules,generational/priority_rules/consensus_reorder,59,58.0,891.0,891.0,731.0,160.0,max_generations
3,decuple,generational,1,0.9,consensus_reorder,priority_rules,generational/priority_rules/consensus_reorder,60,59.0,891.0,891.0,731.0,160.0,max_generations
3,decuple,generational,1,0.9,consensus_reorder,priority_rules,generational/priority_rules/consensus_reorder,61,60.0,891.0,891.0,731.0,160.0,max_generations
3,decuple,generational,1,0.9,consensus_reorder,priority_rules,generational/priority_rules/consensus_reorder,62,61.0,891.0,891.0,731.0,160.0,max_generations
3,decuple,generational,1,0.9,consensus_reorder,priority_rules,generational/priority_rules/consensus_reorder,63,62.0,891.0,891.0,731.0,160.0,max_generations
3,decuple,generational,1,0.9,consensus_reorder,priority_rules,generational/priority_rules/consensus_reorder,64,63.0,891.0,891.0,731.0,160.0,max_generations
3,decuple,generational,1,0.9,consensus_reorder,priority_rules,generational/priority_rules/consensus_reorder,65,64.0,891.0,891.0,731.0,160.0,max_generations
3,decuple,generational,1,0.9,consensus_reorder,priority_rules,generational/priority_rules/consensus_reorder,66,65.0,891.0,891.0,731.0,160.0,max_generations
3,decuple,generational,1,0.9,consensus_reorder,priority_rules,generational/priority_rules/consensus_reorder,67,66.0,891.0,891.0,731.0,160.0,max_generations
3,decuple,generational,1,0.9,consensus_reorder,priority_rules,generational/priority_rules/consensus_reorder,68,67.0,891.0,891.0,731.0,160.0,max_generations
3,decuple,generational,1,0.9,consensus_reorder,priority_rules,generational/priority_rules/consensus_reorder,69,68.0,891.0,891.0,731.0,160.0,max_generations
3,decuple,generational,1,0.9,consensus_reorder,priority_rules,generational/priority_rules/consensus_reorder,70,69.0,891.0,891.0,731.0,160.0,max_generations
3,decuple,generational,1,0.9,consensus_reorder,priority_rules,generational/priority_rules/consensus_reorder,71,70.0,891.0,891.0,731.0,160.0,max_generations
3,decuple,generational,1,0.9,consensus_reorder,priority_rules,generational/priority_rules/consensus_reorder,72,71.0,891.0,891.0,731.0,160.0,max_generations
3,decuple,generational,1,0.9,consensus_reorder,priority_rules,generational/priority_rules/consensus_reorder,73,72.0,891.0,891.0,731.0,160.0,max_generations
3,decuple,generational,1,0.9,consensus_reorder,priority_rules,generational/priority_rules/consensus_reorder,74,73.0,891.0,891.0,731.0,160.0,max_generations
3,decuple,generational,1,0.9,consensus_reorder,priority_rules,generational/priority_rules/consensus_reorder,75,74.0,891.0,891.0,731.0,160.0,max_generations
3,decuple,generational,1,0.9,consensus_reorder,priority_rules,generational/priority_rules/consensus_reorder,76,75.0,891.0,891.0,731.0,160.0,max_generations
3,decuple,generational,1,0.9,consensus_reorder,priority_rules,generational/priority_rules/consensus_reorder,77,76.0,891.0,891.0,731.0,160.0,max_generations
3,decuple,generational,1,0.9,consensus_reorder,priority_rules,generational/priority_rules/consensus_reorder,78,77.0,891.0,891.0,731.0,160.0,max_generations
3,decuple,generational,1,0.9,consensus_reorder,priority_rules,generational/priority_rules/consensus_reorder,79,78.0,891.0,891.0,731.0,160.0,max_generations
3,decuple,generational,1,0.9,consensus_reorder,priority_rules,generational/priority_rules/consensus_reorder,80,79.0,891.0,891.0,731.0,160.0,max_generations
3,decuple,generational,1,0.9,consensus_reorder,priority_rules,generational/priority_rules/consensus_reorder,81,80.0,891.0,891.0,731.0,160.0,max_generations
3,decuple,generational,1,0.9,consensus_reorder,priority_rules,generational/priority_rules/consensus_reorder,82,81.0,891.0,891.0,731.0,160.0,max_generations
3,decuple,generational,1,0.9,consensus_reorder,priority_rules,generational/priority_rules/consensus_reorder,83,82.0,891.0,891.0,731.0,160.0,max_generations
3,decuple,generational,1,0.9,consensus_reorder,priority_rules,generational/priority_rules/consensus_reorder,84,83.0,891.0,891.0,731.0,160.0,max_generations
3,decuple,generational,1,0.9,consensus_reorder,priority_rules,generational/priority_rules/consensus_reorder,85,84.0,891.0,891.0,731.0,160.0,max_generations
3,decuple,generational,1,0.9,consensus_reorder,priority_rules,generational/priority_rules/consensus_reorder,86,85.0,891.0,891.0,731.0,160.0,max_generations
3,decuple,generational,1,0.9,consensus_reorder,priority_rules,generational/priority_rules/consensus_reorder,87,86.0,891.0,891.0,731.0,160.0,max_generations
3,decuple,generational,1,0.9,consensus_reorder,priority_rules,generational/priority_rules/consensus_reorder,88,87.0,891.0,891.0,731.0,160.0,max_generations
3,decuple,generational,1,0.9,consensus_reorder,priority_rules,generational/priority_rules/consensus_reorder,89,88.0,891.0,891.0,731.0,160.0,max_generations
3,decuple,generational,1,0.9,consensus_reorder,priority_rules,generational/priority_rules/consensus_reorder,90,89.0,891.0,891.0,731.0,160.0,max_generations
3,decuple,generational,1,0.9,consensus_reorder,priority_rules,generational/priority_rules/consensus_reorder,91,90.0,891.0,891.0,731.0,160.0,max_generations
3,decuple,generational,1,0.9,consensus_reorder,priority_rules,generational/priority_rules/consensus_reorder,92,91.0,891.0,891.0,731.0,160.0,max_generations
3,decuple,generational,1,0.9,consensus_reorder,priority_rules,generational/priority_rules/consensus_reorder,93,92.0,891.0,891.0,731.0,160.0,max_generations
3,decuple,generational,1,0.9,consensus_reorder,priority_rules,generational/priority_rules/consensus_reorder,94,93.0,891.0,891.0,731.0,160.0,max_generations
3,decuple,generational,1,0.9,consensus_reorder,priority_rules,generational/priority_rules/consensus_reorder,95,94.0,891.0,891.0,731.0,160.0,max_generations
3,decuple,generational,1,0.9,consensus_reorder,priority_rules,generational/priority_rules/consensus_reorder,96,95.0,891.0,891.0,731.0,160.0,max_generations
3,decuple,generational,1,0.9,consensus_reorder,priority_rules,generational/priority_rules/consensus_reorder,97,96.0,891.0,891.0,731.0,160.0,max_generations
3,decuple,generational,1,0.9,consensus_reorder,priority_rules,generational/priority_rules/consensus_reorder,98,97.0,891.0,891.0,731.0,160.0,max_generations
3,decuple,generational,1,0.9,consensus_reorder,priority_rules,generational/priority_rules/consensus_reorder,99,98.0,891.0,891.0,731.0,160.0,max_generations
3,decuple,generational,1,0.9,consensus_reorder,priority_rules,generational/priority_rules/consensus_reorder,100,99.0,891.0,891.0,731.0,160.0,max_generations
3,decuple,generational,1,0.9,consensus_reorder,priority_rules,generational/priority_rules/consensus_reorder,101,100.0,891.0,891.0,731.0,160.0,max_generations
4,decuple,generational,1,0.9,insertion_window,priority_rules,generational/priority_rules/insertion_window,1,0.0,891.0,891.0,731.0,160.0,max_generations
4,decuple,generational,1,0.9,insertion_window,priority_rules,generational/priority_rules/insertion_window,2,1.0,891.0,891.0,731.0,160.0,max_generations
4,decuple,generational,1,0.9,insertion_window,priority_rules,generational/priority_rules/insertion_window,3,2.0,891.0,891.0,731.0,160.0,max_generations
4,decuple,generational,1,0.9,insertion_window,priority_rules,generational/priority_rules/insertion_window,4,3.0,891.0,891.0,731.0,160.0,max_generations
4,decuple,generational,1,0.9,insertion_window,priority_rules,generational/priority_rules/insertion_window,5,4.0,891.0,891.0,731.0,160.0,max_generations
4,decuple,generational,1,0.9,insertion_window,priority_rules,generational/priority_rules/insertion_window,6,5.0,891.0,891.0,731.0,160.0,max_generations
4,decuple,generational,1,0.9,insertion_window,priority_rules,generational/priority_rules/insertion_window,7,6.0,891.0,891.0,731.0,160.0,max_generations
4,decuple,generational,1,0.9,insertion_window,priority_rules,generational/priority_rules/insertion_window,8,7.0,891.0,891.0,731.0,160.0,max_generations
4,decuple,generational,1,0.9,insertion_window,priority_rules,generational/priority_rules/insertion_window,9,8.0,891.0,891.0,731.0,160.0,max_generations
4,decuple,generational,1,0.9,insertion_window,priority_rules,generational/priority_rules/insertion_window,10,9.0,891.0,891.0,731.0,160.0,max_generations
4,decuple,generational,1,0.9,insertion_window,priority_rules,generational/priority_rules/insertion_window,11,10.0,891.0,891.0,731.0,160.0,max_generations
4,decuple,generational,1,0.9,insertion_window,priority_rules,generational/priority_rules/insertion_window,12,11.0,891.0,891.0,731.0,160.0,max_generations
4,decuple,generational,1,0.9,insertion_window,priority_rules,generational/priority_rules/insertion_window,13,12.0,891.0,891.0,731.0,160.0,max_generations
4,decuple,generational,1,0.9,insertion_window,priority_rules,generational/priority_rules/insertion_window,14,13.0,891.0,891.0,731.0,160.0,max_generations
4,decuple,generational,1,0.9,insertion_window,priority_rules,generational/priority_rules/insertion_window,15,14.0,891.0,891.0,731.0,160.0,max_generations
4,decuple,generational,1,0.9,insertion_window,priority_rules,generational/priority_rules/insertion_window,16,15.0,891.0,891.0,731.0,160.0,max_generations
4,decuple,generational,1,0.9,insertion_window,priority_rules,generational/priority_rules/insertion_window,17,16.0,891.0,891.0,731.0,160.0,max_generations
4,decuple,generational,1,0.9,insertion_window,priority_rules,generational/priority_rules/insertion_window,18,17.0,891.0,891.0,731.0,160.0,max_generations
4,decuple,generational,1,0.9,insertion_window,priority_rules,generational/priority_rules/insertion_window,19,18.0,891.0,891.0,731.0,160.0,max_generations
4,decuple,generational,1,0.9,insertion_window,priority_rules,generational/priority_rules/insertion_window,20,19.0,891.0,891.0,731.0,160.0,max_generations
4,decuple,generational,1,0.9,insertion_window,priority_rules,generational/priority_rules/insertion_window,21,20.0,891.0,891.0,731.0,160.0,max_generations
4,decuple,generational,1,0.9,insertion_window,priority_rules,generational/priority_rules/insertion_window,22,21.0,891.0,891.0,731.0,160.0,max_generations
4,decuple,generational,1,0.9,insertion_window,priority_rules,generational/priority_rules/insertion_window,23,22.0,891.0,891.0,731.0,160.0,max_generations
4,decuple,generational,1,0.9,insertion_window,priority_rules,generational/priority_rules/insertion_window,24,23.0,891.0,891.0,731.0,160.0,max_generations
4,decuple,generational,1,0.9,insertion_window,priority_rules,generational/priority_rules/insertion_window,25,24.0,891.0,891.0,731.0,160.0,max_generations
4,decuple,generational,1,0.9,insertion_window,priority_rules,generational/priority_rules/insertion_window,26,25.0,891.0,891.0,731.0,160.0,max_generations
4,decuple,generational,1,0.9,insertion_window,priority_rules,generational/priority_rules/insertion_window,27,26.0,891.0,891.0,731.0,160.0,max_generations
4,decuple,generational,1,0.9,insertion_window,priority_rules,generational/priority_rules/insertion_window,28,27.0,891.0,891.0,731.0,160.0,max_generations
4,decuple,generational,1,0.9,insertion_window,priority_rules,generational/priority_rules/insertion_window,29,28.0,891.0,891.0,731.0,160.0,max_generations
4,decuple,generational,1,0.9,insertion_window,priority_rules,generational/priority_rules/insertion_window,30,29.0,891.0,891.0,731.0,160.0,max_generations
4,decuple,generational,1,0.9,insertion_window,priority_rules,generational/priority_rules/insertion_window,31,30.0,891.0,891.0,731.0,160.0,max_generations
4,decuple,generational,1,0.9,insertion_window,priority_rules,generational/priority_rules/insertion_window,32,31.0,891.0,891.0,731.0,160.0,max_generations
4,decuple,generational,1,0.9,insertion_window,priority_rules,generational/priority_rules/insertion_window,33,32.0,891.0,891.0,731.0,160.0,max_generations
4,decuple,generational,1,0.9,insertion_window,priority_rules,generational/priority_rules/insertion_window,34,33.0,891.0,891.0,731.0,160.0,max_generations
4,decuple,generational,1,0.9,insertion_window,priority_rules,generational/priority_rules/insertion_window,35,34.0,891.0,891.0,731.0,160.0,max_generations
4,decuple,generational,1,0.9,insertion_window,priority_rules,generational/priority_rules/insertion_window,36,35.0,891.0,891.0,731.0,160.0,max_generations
4,decuple,generational,1,0.9,insertion_window,priority_rules,generational/priority_rules/insertion_window,37,36.0,891.0,891.0,731.0,160.0,max_generations
4,decuple,generational,1,0.9,insertion_window,priority_rules,generational/priority_rules/insertion_window,38,37.0,891.0,891.0,731.0,160.0,max_generations
4,decuple,generational,1,0.9,insertion_window,priority_rules,generational/priority_rules/insertion_window,39,38.0,891.0,891.0,731.0,160.0,max_generations
4,decuple,generational,1,0.9,insertion_window,priority_rules,generational/priority_rules/insertion_window,40,39.0,891.0,891.0,731.0,160.0,max_generations
4,decuple,generational,1,0.9,insertion_window,priority_rules,generational/priority_rules/insertion_window,41,40.0,891.0,891.0,731.0,160.0,max_generations
4,decuple,generational,1,0.9,insertion_window,priority_rules,generational/priority_rules/insertion_window,42,41.0,891.0,891.0,731.0,160.0,max_generations
4,decuple,generational,1,0.9,insertion_window,priority_rules,generational/priority_rules/insertion_window,43,42.0,891.0,891.0,731.0,160.0,max_generations
4,decuple,generational,1,0.9,insertion_window,priority_rules,generational/priority_rules/insertion_window,44,43.0,891.0,891.0,731.0,160.0,max_generations
4,decuple,generational,1,0.9,insertion_window,priority_rules,generational/priority_rules/insertion_window,45,44.0,891.0,891.0,731.0,160.0,max_generations
4,decuple,generational,1,0.9,insertion_window,priority_rules,generational/priority_rules/insertion_window,46,45.0,891.0,891.0,731.0,160.0,max_generations
4,decuple,generational,1,0.9,insertion_window,priority_rules,generational/priority_rules/insertion_window,47,46.0,891.0,891.0,731.0,160.0,max_generations
4,decuple,generational,1,0.9,insertion_window,priority_rules,generational/priority_rules/insertion_window,48,47.0,891.0,891.0,731.0,160.0,max_generations
4,decuple,generational,1,0.9,insertion_window,priority_rules,generational/priority_rules/insertion_window,49,48.0,891.0,891.0,731.0,160.0,max_generations
4,decuple,generational,1,0.9,insertion_window,priority_rules,generational/priority_rules/insertion_window,50,49.0,891.0,891.0,731.0,160.0,max_generations
4,decuple,generational,1,0.9,insertion_window,priority_rules,generational/priority_rules/insertion_window,51,50.0,891.0,891.0,731.0,160.0,max_generations
4,decuple,generational,1,0.9,insertion_window,priority_rules,generational/priority_rules/insertion_window,52,51.0,891.0,891.0,731.0,160.0,max_generations
4,decuple,generational,1,0.9,insertion_window,priority_rules,generational/priority_rules/insertion_window,53,52.0,891.0,891.0,731.0,160.0,max_generations
4,decuple,generational,1,0.9,insertion_window,priority_rules,generational/priority_rules/insertion_window,54,53.0,891.0,891.0,731.0,160.0,max_generations
4,decuple,generational,1,0.9,insertion_window,priority_rules,generational/priority_rules/insertion_window,55,54.0,891.0,891.0,731.0,160.0,max_generations
4,decuple,generational,1,0.9,insertion_window,priority_rules,generational/priority_rules/insertion_window,56,55.0,891.0,891.0,731.0,160.0,max_generations
4,decuple,generational,1,0.9,insertion_window,priority_rules,generational/priority_rules/insertion_window,57,56.0,891.0,891.0,731.0,160.0,max_generations
4,decuple,generational,1,0.9,insertion_window,priority_rules,generational/priority_rules/insertion_window,58,57.0,891.0,891.0,731.0,160.0,max_generations
4,decuple,generational,1,0.9,insertion_window,priority_rules,generational/priority_rules/insertion_window,59,58.0,891.0,891.0,731.0,160.0,max_generations
4,decuple,generational,1,0.9,insertion_window,priority_rules,generational/priority_rules/insertion_window,60,59.0,891.0,891.0,731.0,160.0,max_generations
4,decuple,generational,1,0.9,insertion_window,priority_rules,generational/priority_rules/insertion_window,61,60.0,891.0,891.0,731.0,160.0,max_generations
4,decuple,generational,1,0.9,insertion_window,priority_rules,generational/priority_rules/insertion_window,62,61.0,891.0,891.0,731.0,160.0,max_generations
4,decuple,generational,1,0.9,insertion_window,priority_rules,generational/priority_rules/insertion_window,63,62.0,891.0,891.0,731.0,160.0,max_generations
4,decuple,generational,1,0.9,insertion_window,priority_rules,generational/priority_rules/insertion_window,64,63.0,891.0,891.0,731.0,160.0,max_generations
4,decuple,generational,1,0.9,insertion_window,priority_rules,generational/priority_rules/insertion_window,65,64.0,891.0,891.0,731.0,160.0,max_generations
4,decuple,generational,1,0.9,insertion_window,priority_rules,generational/priority_rules/insertion_window,66,65.0,891.0,891.0,731.0,160.0,max_generations
4,decuple,generational,1,0.9,insertion_window,priority_rules,generational/priority_rules/insertion_window,67,66.0,891.0,891.0,731.0,160.0,max_generations
4,decuple,generational,1,0.9,insertion_window,priority_rules,generational/priority_rules/insertion_window,68,67.0,891.0,891.0,731.0,160.0,max_generations
4,decuple,generational,1,0.9,insertion_window,priority_rules,generational/priority_rules/insertion_window,69,68.0,891.0,891.0,731.0,160.0,max_generations
4,decuple,generational,1,0.9,insertion_window,priority_rules,generational/priority_rules/insertion_window,70,69.0,891.0,891.0,731.0,160.0,max_generations
4,decuple,generational,1,0.9,insertion_window,priority_rules,generational/priority_rules/insertion_window,71,70.0,891.0,891.0,731.0,160.0,max_generations
4,decuple,generational,1,0.9,insertion_window,priority_rules,generational/priority_rules/insertion_window,72,71.0,891.0,891.0,731.0,160.0,max_generations
4,decuple,generational,1,0.9,insertion_window,priority_rules,generational/priority_rules/insertion_window,73,72.0,891.0,891.0,731.0,160.0,max_generations
4,decuple,generational,1,0.9,insertion_window,priority_rules,generational/priority_rules/insertion_window,74,73.0,891.0,891.0,731.0,160.0,max_generations
4,decuple,generational,1,0.9,insertion_window,priority_rules,generational/priority_rules/insertion_window,75,74.0,891.0,891.0,731.0,160.0,max_generations
4,decuple,generational,1,0.9,insertion_window,priority_rules,generational/priority_rules/insertion_window,76,75.0,891.0,891.0,731.0,160.0,max_generations
4,decuple,generational,1,0.9,insertion_window,priority_rules,generational/priority_rules/insertion_window,77,76.0,891.0,891.0,731.0,160.0,max_generations
4,decuple,generational,1,0.9,insertion_window,priority_rules,generational/priority_rules/insertion_window,78,77.0,891.0,891.0,731.0,160.0,max_generations
4,decuple,generational,1,0.9,insertion_window,priority_rules,generational/priority_rules/insertion_window,79,78.0,891.0,891.0,731.0,160.0,max_generations
4,decuple,generational,1,0.9,insertion_window,priority_rules,generational/priority_rules/insertion_window,80,79.0,891.0,891.0,731.0,160.0,max_generations
4,decuple,generational,1,0.9,insertion_window,priority_rules,generational/priority_rules/insertion_window,81,80.0,891.0,891.0,731.0,160.0,max_generations
4,decuple,generational,1,0.9,insertion_window,priority_rules,generational/priority_rules/insertion_window,82,81.0,891.0,891.0,731.0,160.0,max_generations
4,decuple,generational,1,0.9,insertion_window,priority_rules,generational/priority_rules/insertion_window,83,82.0,891.0,891.0,731.0,160.0,max_generations
4,decuple,generational,1,0.9,insertion_window,priority_rules,generational/priority_rules/insertion_window,84,83.0,891.0,891.0,731.0,160.0,max_generations
4,decuple,generational,1,0.9,insertion_window,priority_rules,generational/priority_rules/insertion_window,85,84.0,891.0,891.0,731.0,160.0,max_generations
4,decuple,generational,1,0.9,insertion_window,priority_rules,generational/priority_rules/insertion_window,86,85.0,891.0,891.0,731.0,160.0,max_generations
4,decuple,generational,1,0.9,insertion_window,priority_rules,generational/priority_rules/insertion_window,87,86.0,891.0,891.0,731.0,160.0,max_generations
4,decuple,generational,1,0.9,insertion_window,priority_rules,generational/priority_rules/insertion_window,88,87.0,891.0,891.0,731.0,160.0,max_generations
4,decuple,generational,1,0.9,insertion_window,priority_rules,generational/priority_rules/insertion_window,89,88.0,891.0,891.0,731.0,160.0,max_generations
4,decuple,generational,1,0.9,insertion_window,priority_rules,generational/priority_rules/insertion_window,90,89.0,891.0,891.0,731.0,160.0,max_generations
4,decuple,generational,1,0.9,insertion_window,priority_rules,generational/priority_rules/insertion_window,91,90.0,891.0,891.0,731.0,160.0,max_generations
4,decuple,generational,1,0.9,insertion_window,priority_rules,generational/priority_rules/insertion_window,92,91.0,891.0,891.0,731.0,160.0,max_generations
4,decuple,generational,1,0.9,insertion_window,priority_rules,generational/priority_rules/insertion_window,93,92.0,891.0,891.0,731.0,160.0,max_generations
4,decuple,generational,1,0.9,insertion_window,priority_rules,generational/priority_rules/insertion_window,94,93.0,891.0,891.0,731.0,160.0,max_generations
4,decuple,generational,1,0.9,insertion_window,priority_rules,generational/priority_rules/insertion_window,95,94.0,891.0,891.0,731.0,160.0,max_generations
4,decuple,generational,1,0.9,insertion_window,priority_rules,generational/priority_rules/insertion_window,96,95.0,891.0,891.0,731.0,160.0,max_generations
4,decuple,generational,1,0.9,insertion_window,priority_rules,generational/priority_rules/insertion_window,97,96.0,891.0,891.0,731.0,160.0,max_generations
4,decuple,generational,1,0.9,insertion_window,priority_rules,generational/priority_rules/insertion_window,98,97.0,891.0,891.0,731.0,160.0,max_generations
4,decuple,generational,1,0.9,insertion_window,priority_rules,generational/priority_rules/insertion_window,99,98.0,891.0,891.0,731.0,160.0,max_generations
4,decuple,generational,1,0.9,insertion_window,priority_rules,generational/priority_rules/insertion_window,100,99.0,891.0,891.0,731.0,160.0,max_generations
4,decuple,generational,1,0.9,insertion_window,priority_rules,generational/priority_rules/insertion_window,101,100.0,891.0,891.0,731.0,160.0,max_generations
5,decuple,generational,1,0.9,consensus_reorder,random,generational/random/consensus_reorder,1,0.0,991.0,895.0,731.0,164.0,max_generations
5,decuple,generational,1,0.9,consensus_reorder,random,generational/random/consensus_reorder,2,1.0,971.0,895.0,731.0,164.0,max_generations
5,decuple,generational,1,0.9,consensus_reorder,random,generational/random/consensus_reorder,3,2.0,960.0,895.0,731.0,164.0,max_generations
5,decuple,generational,1,0.9,consensus_reorder,random,generational/random/consensus_reorder,4,3.0,937.0,895.0,731.0,164.0,max_generations
5,decuple,generational,1,0.9,consensus_reorder,random,generational/random/consensus_reorder,5,4.0,937.0,895.0,731.0,164.0,max_generations
5,decuple,generational,1,0.9,consensus_reorder,random,generational/random/consensus_reorder,6,5.0,937.0,895.0,731.0,164.0,max_generations
5,decuple,generational,1,0.9,consensus_reorder,random,generational/random/consensus_reorder,7,6.0,937.0,895.0,731.0,164.0,max_generations
5,decuple,generational,1,0.9,consensus_reorder,random,generational/random/consensus_reorder,8,7.0,935.0,895.0,731.0,164.0,max_generations
5,decuple,generational,1,0.9,consensus_reorder,random,generational/random/consensus_reorder,9,8.0,935.0,895.0,731.0,164.0,max_generations
5,decuple,generational,1,0.9,consensus_reorder,random,generational/random/consensus_reorder,10,9.0,935.0,895.0,731.0,164.0,max_generations
5,decuple,generational,1,0.9,consensus_reorder,random,generational/random/consensus_reorder,11,10.0,935.0,895.0,731.0,164.0,max_generations
5,decuple,generational,1,0.9,consensus_reorder,random,generational/random/consensus_reorder,12,11.0,932.0,895.0,731.0,164.0,max_generations
5,decuple,generational,1,0.9,consensus_reorder,random,generational/random/consensus_reorder,13,12.0,932.0,895.0,731.0,164.0,max_generations
5,decuple,generational,1,0.9,consensus_reorder,random,generational/random/consensus_reorder,14,13.0,932.0,895.0,731.0,164.0,max_generations
5,decuple,generational,1,0.9,consensus_reorder,random,generational/random/consensus_reorder,15,14.0,927.0,895.0,731.0,164.0,max_generations
5,decuple,generational,1,0.9,consensus_reorder,random,generational/random/consensus_reorder,16,15.0,927.0,895.0,731.0,164.0,max_generations
5,decuple,generational,1,0.9,consensus_reorder,random,generational/random/consensus_reorder,17,16.0,927.0,895.0,731.0,164.0,max_generations
5,decuple,generational,1,0.9,consensus_reorder,random,generational/random/consensus_reorder,18,17.0,927.0,895.0,731.0,164.0,max_generations
5,decuple,generational,1,0.9,consensus_reorder,random,generational/random/consensus_reorder,19,18.0,927.0,895.0,731.0,164.0,max_generations
5,decuple,generational,1,0.9,consensus_reorder,random,generational/random/consensus_reorder,20,19.0,927.0,895.0,731.0,164.0,max_generations
5,decuple,generational,1,0.9,consensus_reorder,random,generational/random/consensus_reorder,21,20.0,927.0,895.0,731.0,164.0,max_generations
5,decuple,generational,1,0.9,consensus_reorder,random,generational/random/consensus_reorder,22,21.0,925.0,895.0,731.0,164.0,max_generations
5,decuple,generational,1,0.9,consensus_reorder,random,generational/random/consensus_reorder,23,22.0,925.0,895.0,731.0,164.0,max_generations
5,decuple,generational,1,0.9,consensus_reorder,random,generational/random/consensus_reorder,24,23.0,925.0,895.0,731.0,164.0,max_generations
5,decuple,generational,1,0.9,consensus_reorder,random,generational/random/consensus_reorder,25,24.0,925.0,895.0,731.0,164.0,max_generations
5,decuple,generational,1,0.9,consensus_reorder,random,generational/random/consensus_reorder,26,25.0,925.0,895.0,731.0,164.0,max_generations
5,decuple,generational,1,0.9,consensus_reorder,random,generational/random/consensus_reorder,27,26.0,922.0,895.0,731.0,164.0,max_generations
5,decuple,generational,1,0.9,consensus_reorder,random,generational/random/consensus_reorder,28,27.0,917.0,895.0,731.0,164.0,max_generations
5,decuple,generational,1,0.9,consensus_reorder,random,generational/random/consensus_reorder,29,28.0,917.0,895.0,731.0,164.0,max_generations
5,decuple,generational,1,0.9,consensus_reorder,random,generational/random/consensus_reorder,30,29.0,917.0,895.0,731.0,164.0,max_generations
5,decuple,generational,1,0.9,consensus_reorder,random,generational/random/consensus_reorder,31,30.0,917.0,895.0,731.0,164.0,max_generations
5,decuple,generational,1,0.9,consensus_reorder,random,generational/random/consensus_reorder,32,31.0,917.0,895.0,731.0,164.0,max_generations
5,decuple,generational,1,0.9,consensus_reorder,random,generational/random/consensus_reorder,33,32.0,917.0,895.0,731.0,164.0,max_generations
5,decuple,generational,1,0.9,consensus_reorder,random,generational/random/consensus_reorder,34,33.0,917.0,895.0,731.0,164.0,max_generations
5,decuple,generational,1,0.9,consensus_reorder,random,generational/random/consensus_reorder,35,34.0,917.0,895.0,731.0,164.0,max_generations
5,decuple,generational,1,0.9,consensus_reorder,random,generational/random/consensus_reorder,36,35.0,917.0,895.0,731.0,164.0,max_generations
5,decuple,generational,1,0.9,consensus_reorder,random,generational/random/consensus_reorder,37,36.0,917.0,895.0,731.0,164.0,max_generations
5,decuple,generational,1,0.9,consensus_reorder,random,generational/random/consensus_reorder,38,37.0,917.0,895.0,731.0,164.0,max_generations
5,decuple,generational,1,0.9,consensus_reorder,random,generational/random/consensus_reorder,39,38.0,917.0,895.0,731.0,164.0,max_generations
5,decuple,generational,1,0.9,consensus_reorder,random,generational/random/consensus_reorder,40,39.0,917.0,895.0,731.0,164.0,max_generations
5,decuple,generational,1,0.9,consensus_reorder,random,generational/random/consensus_reorder,41,40.0,917.0,895.0,731.0,164.0,max_generations
5,decuple,generational,1,0.9,consensus_reorder,random,generational/random/consensus_reorder,42,41.0,917.0,895.0,731.0,164.0,max_generations
5,decuple,generational,1,0.9,consensus_reorder,random,generational/random/consensus_reorder,43,42.0,917.0,895.0,731.0,164.0,max_generations
5,decuple,generational,1,0.9,consensus_reorder,random,generational/random/consensus_reorder,44,43.0,917.0,895.0,731.0,164.0,max_generations
5,decuple,generational,1,0.9,consensus_reorder,random,generational/random/consensus_reorder,45,44.0,917.0,895.0,731.0,164.0,max_generations
5,decuple,generational,1,0.9,consensus_reorder,random,generational/random/consensus_reorder,46,45.0,917.0,895.0,731.0,164.0,max_generations
5,decuple,generational,1,0.9,consensus_reorder,random,generational/random/consensus_reorder,47,46.0,916.0,895.0,731.0,164.0,max_generations
5,decuple,generational,1,0.9,consensus_reorder,random,generational/random/consensus_reorder,48,47.0,916.0,895.0,731.0,164.0,max_generations
5,decuple,generational,1,0.9,consensus_reorder,random,generational/random/consensus_reorder,49,48.0,916.0,895.0,731.0,164.0,max_generations
5,decuple,generational,1,0.9,consensus_reorder,random,generational/random/consensus_reorder,50,49.0,916.0,895.0,731.0,164.0,max_generations
5,decuple,generational,1,0.9,consensus_reorder,random,generational/random/consensus_reorder,51,50.0,916.0,895.0,731.0,164.0,max_generations
5,decuple,generational,1,0.9,consensus_reorder,random,generational/random/consensus_reorder,52,51.0,916.0,895.0,731.0,164.0,max_generations
5,decuple,generational,1,0.9,consensus_reorder,random,generational/random/consensus_reorder,53,52.0,914.0,895.0,731.0,164.0,max_generations
5,decuple,generational,1,0.9,consensus_reorder,random,generational/random/consensus_reorder,54,53.0,914.0,895.0,731.0,164.0,max_generations
5,decuple,generational,1,0.9,consensus_reorder,random,generational/random/consensus_reorder,55,54.0,914.0,895.0,731.0,164.0,max_generations
5,decuple,generational,1,0.9,consensus_reorder,random,generational/random/consensus_reorder,56,55.0,911.0,895.0,731.0,164.0,max_generations
5,decuple,generational,1,0.9,consensus_reorder,random,generational/random/consensus_reorder,57,56.0,911.0,895.0,731.0,164.0,max_generations
5,decuple,generational,1,0.9,consensus_reorder,random,generational/random/consensus_reorder,58,57.0,911.0,895.0,731.0,164.0,max_generations
5,decuple,generational,1,0.9,consensus_reorder,random,generational/random/consensus_reorder,59,58.0,911.0,895.0,731.0,164.0,max_generations
5,decuple,generational,1,0.9,consensus_reorder,random,generational/random/consensus_reorder,60,59.0,909.0,895.0,731.0,164.0,max_generations
5,decuple,generational,1,0.9,consensus_reorder,random,generational/random/consensus_reorder,61,60.0,909.0,895.0,731.0,164.0,max_generations
5,decuple,generational,1,0.9,consensus_reorder,random,generational/random/consensus_reorder,62,61.0,909.0,895.0,731.0,164.0,max_generations
5,decuple,generational,1,0.9,consensus_reorder,random,generational/random/consensus_reorder,63,62.0,909.0,895.0,731.0,164.0,max_generations
5,decuple,generational,1,0.9,consensus_reorder,random,generational/random/consensus_reorder,64,63.0,909.0,895.0,731.0,164.0,max_generations
5,decuple,generational,1,0.9,consensus_reorder,random,generational/random/consensus_reorder,65,64.0,909.0,895.0,731.0,164.0,max_generations
5,decuple,generational,1,0.9,consensus_reorder,random,generational/random/consensus_reorder,66,65.0,908.0,895.0,731.0,164.0,max_generations
5,decuple,generational,1,0.9,consensus_reorder,random,generational/random/consensus_reorder,67,66.0,908.0,895.0,731.0,164.0,max_generations
5,decuple,generational,1,0.9,consensus_reorder,random,generational/random/consensus_reorder,68,67.0,908.0,895.0,731.0,164.0,max_generations
5,decuple,generational,1,0.9,consensus_reorder,random,generational/random/consensus_reorder,69,68.0,908.0,895.0,731.0,164.0,max_generations
5,decuple,generational,1,0.9,consensus_reorder,random,generational/random/consensus_reorder,70,69.0,908.0,895.0,731.0,164.0,max_generations
5,decuple,generational,1,0.9,consensus_reorder,random,generational/random/consensus_reorder,71,70.0,908.0,895.0,731.0,164.0,max_generations
5,decuple,generational,1,0.9,consensus_reorder,random,generational/random/consensus_reorder,72,71.0,906.0,895.0,731.0,164.0,max_generations
5,decuple,generational,1,0.9,consensus_reorder,random,generational/random/consensus_reorder,73,72.0,906.0,895.0,731.0,164.0,max_generations
5,decuple,generational,1,0.9,consensus_reorder,random,generational/random/consensus_reorder,74,73.0,906.0,895.0,731.0,164.0,max_generations
5,decuple,generational,1,0.9,consensus_reorder,random,generational/random/consensus_reorder,75,74.0,906.0,895.0,731.0,164.0,max_generations
5,decuple,generational,1,0.9,consensus_reorder,random,generational/random/consensus_reorder,76,75.0,906.0,895.0,731.0,164.0,max_generations
5,decuple,generational,1,0.9,consensus_reorder,random,generational/random/consensus_reorder,77,76.0,906.0,895.0,731.0,164.0,max_generations
5,decuple,generational,1,0.9,consensus_reorder,random,generational/random/consensus_reorder,78,77.0,906.0,895.0,731.0,164.0,max_generations
5,decuple,generational,1,0.9,consensus_reorder,random,generational/random/consensus_reorder,79,78.0,906.0,895.0,731.0,164.0,max_generations
5,decuple,generational,1,0.9,consensus_reorder,random,generational/random/consensus_reorder,80,79.0,905.0,895.0,731.0,164.0,max_generations
5,decuple,generational,1,0.9,consensus_reorder,random,generational/random/consensus_reorder,81,80.0,905.0,895.0,731.0,164.0,max_generations
5,decuple,generational,1,0.9,consensus_reorder,random,generational/random/consensus_reorder,82,81.0,901.0,895.0,731.0,164.0,max_generations
5,decuple,generational,1,0.9,consensus_reorder,random,generational/random/consensus_reorder,83,82.0,901.0,895.0,731.0,164.0,max_generations
5,decuple,generational,1,0.9,consensus_reorder,random,generational/random/consensus_reorder,84,83.0,899.0,895.0,731.0,164.0,max_generations
5,decuple,generational,1,0.9,consensus_reorder,random,generational/random/consensus_reorder,85,84.0,899.0,895.0,731.0,164.0,max_generations
5,decuple,generational,1,0.9,consensus_reorder,random,generational/random/consensus_reorder,86,85.0,899.0,895.0,731.0,164.0,max_generations
5,decuple,generational,1,0.9,consensus_reorder,random,generational/random/consensus_reorder,87,86.0,899.0,895.0,731.0,164.0,max_generations
5,decuple,generational,1,0.9,consensus_reorder,random,generational/random/consensus_reorder,88,87.0,899.0,895.0,731.0,164.0,max_generations
5,decuple,generational,1,0.9,consensus_reorder,random,generational/random/consensus_reorder,89,88.0,897.0,895.0,731.0,164.0,max_generations
5,decuple,generational,1,0.9,consensus_reorder,random,generational/random/consensus_reorder,90,89.0,897.0,895.0,731.0,164.0,max_generations
5,decuple,generational,1,0.9,consensus_reorder,random,generational/random/consensus_reorder,91,90.0,897.0,895.0,731.0,164.0,max_generations
5,decuple,generational,1,0.9,consensus_reorder,random,generational/random/consensus_reorder,92,91.0,897.0,895.0,731.0,164.0,max_generations
5,decuple,generational,1,0.9,consensus_reorder,random,generational/random/consensus_reorder,93,92.0,897.0,895.0,731.0,164.0,max_generations
5,decuple,generational,1,0.9,consensus_reorder,random,generational/random/consensus_reorder,94,93.0,897.0,895.0,731.0,164.0,max_generations
5,decuple,generational,1,0.9,consensus_reorder,random,generational/random/consensus_reorder,95,94.0,895.0,895.0,731.0,164.0,max_generations
5,decuple,generational,1,0.9,consensus_reorder,random,generational/random/consensus_reorder,96,95.0,895.0,895.0,731.0,164.0,max_generations
5,decuple,generational,1,0.9,consensus_reorder,random,generational/random/consensus_reorder,97,96.0,895.0,895.0,731.0,164.0,max_generations
5,decuple,generational,1,0.9,consensus_reorder,random,generational/random/consensus_reorder,98,97.0,895.0,895.0,731.0,164.0,max_generations
5,decuple,generational,1,0.9,consensus_reorder,random,generational/random/consensus_reorder,99,98.0,895.0,895.0,731.0,164.0,max_generations
5,decuple,generational,1,0.9,consensus_reorder,random,generational/random/consensus_reorder,100,99.0,895.0,895.0,731.0,164.0,max_generations
5,decuple,generational,1,0.9,consensus_reorder,random,generational/random/consensus_reorder,101,100.0,895.0,895.0,731.0,164.0,max_generations
6,decuple,generational,1,0.9,swap,random,generational/random/swap,1,0.0,991.0,898.0,731.0,167.0,max_generations
6,decuple,generational,1,0.9,swap,random,generational/random/swap,2,1.0,966.0,898.0,731.0,167.0,max_generations
6,decuple,generational,1,0.9,swap,random,generational/random/swap,3,2.0,960.0,898.0,731.0,167.0,max_generations
6,decuple,generational,1,0.9,swap,random,generational/random/swap,4,3.0,960.0,898.0,731.0,167.0,max_generations
6,decuple,generational,1,0.9,swap,random,generational/random/swap,5,4.0,951.0,898.0,731.0,167.0,max_generations
6,decuple,generational,1,0.9,swap,random,generational/random/swap,6,5.0,949.0,898.0,731.0,167.0,max_generations
6,decuple,generational,1,0.9,swap,random,generational/random/swap,7,6.0,948.0,898.0,731.0,167.0,max_generations
6,decuple,generational,1,0.9,swap,random,generational/random/swap,8,7.0,941.0,898.0,731.0,167.0,max_generations
6,decuple,generational,1,0.9,swap,random,generational/random/swap,9,8.0,940.0,898.0,731.0,167.0,max_generations
6,decuple,generational,1,0.9,swap,random,generational/random/swap,10,9.0,940.0,898.0,731.0,167.0,max_generations
6,decuple,generational,1,0.9,swap,random,generational/random/swap,11,10.0,937.0,898.0,731.0,167.0,max_generations
6,decuple,generational,1,0.9,swap,random,generational/random/swap,12,11.0,937.0,898.0,731.0,167.0,max_generations
6,decuple,generational,1,0.9,swap,random,generational/random/swap,13,12.0,937.0,898.0,731.0,167.0,max_generations
6,decuple,generational,1,0.9,swap,random,generational/random/swap,14,13.0,937.0,898.0,731.0,167.0,max_generations
6,decuple,generational,1,0.9,swap,random,generational/random/swap,15,14.0,932.0,898.0,731.0,167.0,max_generations
6,decuple,generational,1,0.9,swap,random,generational/random/swap,16,15.0,932.0,898.0,731.0,167.0,max_generations
6,decuple,generational,1,0.9,swap,random,generational/random/swap,17,16.0,932.0,898.0,731.0,167.0,max_generations
6,decuple,generational,1,0.9,swap,random,generational/random/swap,18,17.0,932.0,898.0,731.0,167.0,max_generations
6,decuple,generational,1,0.9,swap,random,generational/random/swap,19,18.0,932.0,898.0,731.0,167.0,max_generations
6,decuple,generational,1,0.9,swap,random,generational/random/swap,20,19.0,932.0,898.0,731.0,167.0,max_generations
6,decuple,generational,1,0.9,swap,random,generational/random/swap,21,20.0,932.0,898.0,731.0,167.0,max_generations
6,decuple,generational,1,0.9,swap,random,generational/random/swap,22,21.0,932.0,898.0,731.0,167.0,max_generations
6,decuple,generational,1,0.9,swap,random,generational/random/swap,23,22.0,932.0,898.0,731.0,167.0,max_generations
6,decuple,generational,1,0.9,swap,random,generational/random/swap,24,23.0,932.0,898.0,731.0,167.0,max_generations
6,decuple,generational,1,0.9,swap,random,generational/random/swap,25,24.0,924.0,898.0,731.0,167.0,max_generations
6,decuple,generational,1,0.9,swap,random,generational/random/swap,26,25.0,924.0,898.0,731.0,167.0,max_generations
6,decuple,generational,1,0.9,swap,random,generational/random/swap,27,26.0,924.0,898.0,731.0,167.0,max_generations
6,decuple,generational,1,0.9,swap,random,generational/random/swap,28,27.0,924.0,898.0,731.0,167.0,max_generations
6,decuple,generational,1,0.9,swap,random,generational/random/swap,29,28.0,924.0,898.0,731.0,167.0,max_generations
6,decuple,generational,1,0.9,swap,random,generational/random/swap,30,29.0,924.0,898.0,731.0,167.0,max_generations
6,decuple,generational,1,0.9,swap,random,generational/random/swap,31,30.0,924.0,898.0,731.0,167.0,max_generations
6,decuple,generational,1,0.9,swap,random,generational/random/swap,32,31.0,924.0,898.0,731.0,167.0,max_generations
6,decuple,generational,1,0.9,swap,random,generational/random/swap,33,32.0,924.0,898.0,731.0,167.0,max_generations
6,decuple,generational,1,0.9,swap,random,generational/random/swap,34,33.0,924.0,898.0,731.0,167.0,max_generations
6,decuple,generational,1,0.9,swap,random,generational/random/swap,35,34.0,924.0,898.0,731.0,167.0,max_generations
6,decuple,generational,1,0.9,swap,random,generational/random/swap,36,35.0,924.0,898.0,731.0,167.0,max_generations
6,decuple,generational,1,0.9,swap,random,generational/random/swap,37,36.0,924.0,898.0,731.0,167.0,max_generations
6,decuple,generational,1,0.9,swap,random,generational/random/swap,38,37.0,924.0,898.0,731.0,167.0,max_generations
6,decuple,generational,1,0.9,swap,random,generational/random/swap,39,38.0,922.0,898.0,731.0,167.0,max_generations
6,decuple,generational,1,0.9,swap,random,generational/random/swap,40,39.0,922.0,898.0,731.0,167.0,max_generations
6,decuple,generational,1,0.9,swap,random,generational/random/swap,41,40.0,922.0,898.0,731.0,167.0,max_generations
6,decuple,generational,1,0.9,swap,random,generational/random/swap,42,41.0,922.0,898.0,731.0,167.0,max_generations
6,decuple,generational,1,0.9,swap,random,generational/random/swap,43,42.0,922.0,898.0,731.0,167.0,max_generations
6,decuple,generational,1,0.9,swap,random,generational/random/swap,44,43.0,922.0,898.0,731.0,167.0,max_generations
6,decuple,generational,1,0.9,swap,random,generational/random/swap,45,44.0,921.0,898.0,731.0,167.0,max_generations
6,decuple,generational,1,0.9,swap,random,generational/random/swap,46,45.0,921.0,898.0,731.0,167.0,max_generations
6,decuple,generational,1,0.9,swap,random,generational/random/swap,47,46.0,921.0,898.0,731.0,167.0,max_generations
6,decuple,generational,1,0.9,swap,random,generational/random/swap,48,47.0,916.0,898.0,731.0,167.0,max_generations
6,decuple,generational,1,0.9,swap,random,generational/random/swap,49,48.0,916.0,898.0,731.0,167.0,max_generations
6,decuple,generational,1,0.9,swap,random,generational/random/swap,50,49.0,916.0,898.0,731.0,167.0,max_generations
6,decuple,generational,1,0.9,swap,random,generational/random/swap,51,50.0,915.0,898.0,731.0,167.0,max_generations
6,decuple,generational,1,0.9,swap,random,generational/random/swap,52,51.0,915.0,898.0,731.0,167.0,max_generations
6,decuple,generational,1,0.9,swap,random,generational/random/swap,53,52.0,913.0,898.0,731.0,167.0,max_generations
6,decuple,generational,1,0.9,swap,random,generational/random/swap,54,53.0,910.0,898.0,731.0,167.0,max_generations
6,decuple,generational,1,0.9,swap,random,generational/random/swap,55,54.0,910.0,898.0,731.0,167.0,max_generations
6,decuple,generational,1,0.9,swap,random,generational/random/swap,56,55.0,907.0,898.0,731.0,167.0,max_generations
6,decuple,generational,1,0.9,swap,random,generational/random/swap,57,56.0,907.0,898.0,731.0,167.0,max_generations
6,decuple,generational,1,0.9,swap,random,generational/random/swap,58,57.0,907.0,898.0,731.0,167.0,max_generations
6,decuple,generational,1,0.9,swap,random,generational/random/swap,59,58.0,907.0,898.0,731.0,167.0,max_generations
6,decuple,generational,1,0.9,swap,random,generational/random/swap,60,59.0,907.0,898.0,731.0,167.0,max_generations
6,decuple,generational,1,0.9,swap,random,generational/random/swap,61,60.0,907.0,898.0,731.0,167.0,max_generations
6,decuple,generational,1,0.9,swap,random,generational/random/swap,62,61.0,903.0,898.0,731.0,167.0,max_generations
6,decuple,generational,1,0.9,swap,random,generational/random/swap,63,62.0,903.0,898.0,731.0,167.0,max_generations
6,decuple,generational,1,0.9,swap,random,generational/random/swap,64,63.0,903.0,898.0,731.0,167.0,max_generations
6,decuple,generational,1,0.9,swap,random,generational/random/swap,65,64.0,903.0,898.0,731.0,167.0,max_generations
6,decuple,generational,1,0.9,swap,random,generational/random/swap,66,65.0,900.0,898.0,731.0,167.0,max_generations
6,decuple,generational,1,0.9,swap,random,generational/random/swap,67,66.0,900.0,898.0,731.0,167.0,max_generations
6,decuple,generational,1,0.9,swap,random,generational/random/swap,68,67.0,900.0,898.0,731.0,167.0,max_generations
6,decuple,generational,1,0.9,swap,random,generational/random/swap,69,68.0,900.0,898.0,731.0,167.0,max_generations
6,decuple,generational,1,0.9,swap,random,generational/random/swap,70,69.0,900.0,898.0,731.0,167.0,max_generations
6,decuple,generational,1,0.9,swap,random,generational/random/swap,71,70.0,900.0,898.0,731.0,167.0,max_generations
6,decuple,generational,1,0.9,swap,random,generational/random/swap,72,71.0,900.0,898.0,731.0,167.0,max_generations
6,decuple,generational,1,0.9,swap,random,generational/random/swap,73,72.0,899.0,898.0,731.0,167.0,max_generations
6,decuple,generational,1,0.9,swap,random,generational/random/swap,74,73.0,899.0,898.0,731.0,167.0,max_generations
6,decuple,generational,1,0.9,swap,random,generational/random/swap,75,74.0,899.0,898.0,731.0,167.0,max_generations
6,decuple,generational,1,0.9,swap,random,generational/random/swap,76,75.0,899.0,898.0,731.0,167.0,max_generations
6,decuple,generational,1,0.9,swap,random,generational/random/swap,77,76.0,899.0,898.0,731.0,167.0,max_generations
6,decuple,generational,1,0.9,swap,random,generational/random/swap,78,77.0,899.0,898.0,731.0,167.0,max_generations
6,decuple,generational,1,0.9,swap,random,generational/random/swap,79,78.0,899.0,898.0,731.0,167.0,max_generations
6,decuple,generational,1,0.9,swap,random,generational/random/swap,80,79.0,899.0,898.0,731.0,167.0,max_generations
6,decuple,generational,1,0.9,swap,random,generational/random/swap,81,80.0,899.0,898.0,731.0,167.0,max_generations
6,decuple,generational,1,0.9,swap,random,generational/random/swap,82,81.0,899.0,898.0,731.0,167.0,max_generations
6,decuple,generational,1,0.9,swap,random,generational/random/swap,83,82.0,898.0,898.0,731.0,167.0,max_generations
6,decuple,generational,1,0.9,swap,random,generational/random/swap,84,83.0,898.0,898.0,731.0,167.0,max_generations
6,decuple,generational,1,0.9,swap,random,generational/random/swap,85,84.0,898.0,898.0,731.0,167.0,max_generations
6,decuple,generational,1,0.9,swap,random,generational/random/swap,86,85.0,898.0,898.0,731.0,167.0,max_generations
6,decuple,generational,1,0.9,swap,random,generational/random/swap,87,86.0,898.0,898.0,731.0,167.0,max_generations
6,decuple,generational,1,0.9,swap,random,generational/random/swap,88,87.0,898.0,898.0,731.0,167.0,max_generations
6,decuple,generational,1,0.9,swap,random,generational/random/swap,89,88.0,898.0,898.0,731.0,167.0,max_generations
6,decuple,generational,1,0.9,swap,random,generational/random/swap,90,89.0,898.0,898.0,731.0,167.0,max_generations
6,decuple,generational,1,0.9,swap,random,generational/random/swap,91,90.0,898.0,898.0,731.0,167.0,max_generations
6,decuple,generational,1,0.9,swap,random,generational/random/swap,92,91.0,898.0,898.0,731.0,167.0,max_generations
6,decuple,generational,1,0.9,swap,random,generational/random/swap,93,92.0,898.0,898.0,731.0,167.0,max_generations
6,decuple,generational,1,0.9,swap,random,generational/random/swap,94,93.0,898.0,898.0,731.0,167.0,max_generations
6,decuple,generational,1,0.9,swap,random,generational/random/swap,95,94.0,898.0,898.0,731.0,167.0,max_generations
6,decuple,generational,1,0.9,swap,random,generational/random/swap,96,95.0,898.0,898.0,731.0,167.0,max_generations
6,decuple,generational,1,0.9,swap,random,generational/random/swap,97,96.0,898.0,898.0,731.0,167.0,max_generations
6,decuple,generational,1,0.9,swap,random,generational/random/swap,98,97.0,898.0,898.0,731.0,167.0,max_generations
6,decuple,generational,1,0.9,swap,random,generational/random/swap,99,98.0,898.0,898.0,731.0,167.0,max_generations
6,decuple,generational,1,0.9,swap,random,generational/random/swap,100,99.0,898.0,898.0,731.0,167.0,max_generations
6,decuple,generational,1,0.9,swap,random,generational/random/swap,101,100.0,898.0,898.0,731.0,167.0,max_generations
7,decuple,generational,1,0.9,insertion_window,random,generational/random/insertion_window,1,0.0,991.0,901.0,731.0,170.0,max_generations
7,decuple,generational,1,0.9,insertion_window,random,generational/random/insertion_window,2,1.0,966.0,901.0,731.0,170.0,max_generations
7,decuple,generational,1,0.9,insertion_window,random,generational/random/insertion_window,3,2.0,941.0,901.0,731.0,170.0,max_generations
7,decuple,generational,1,0.9,insertion_window,random,generational/random/insertion_window,4,3.0,941.0,901.0,731.0,170.0,max_generations
7,decuple,generational,1,0.9,insertion_window,random,generational/random/insertion_window,5,4.0,941.0,901.0,731.0,170.0,max_generations
7,decuple,generational,1,0.9,insertion_window,random,generational/random/insertion_window,6,5.0,941.0,901.0,731.0,170.0,max_generations
7,decuple,generational,1,0.9,insertion_window,random,generational/random/insertion_window,7,6.0,941.0,901.0,731.0,170.0,max_generations
7,decuple,generational,1,0.9,insertion_window,random,generational/random/insertion_window,8,7.0,941.0,901.0,731.0,170.0,max_generations
7,decuple,generational,1,0.9,insertion_window,random,generational/random/insertion_window,9,8.0,941.0,901.0,731.0,170.0,max_generations
7,decuple,generational,1,0.9,insertion_window,random,generational/random/insertion_window,10,9.0,941.0,901.0,731.0,170.0,max_generations
7,decuple,generational,1,0.9,insertion_window,random,generational/random/insertion_window,11,10.0,941.0,901.0,731.0,170.0,max_generations
7,decuple,generational,1,0.9,insertion_window,random,generational/random/insertion_window,12,11.0,941.0,901.0,731.0,170.0,max_generations
7,decuple,generational,1,0.9,insertion_window,random,generational/random/insertion_window,13,12.0,941.0,901.0,731.0,170.0,max_generations
7,decuple,generational,1,0.9,insertion_window,random,generational/random/insertion_window,14,13.0,941.0,901.0,731.0,170.0,max_generations
7,decuple,generational,1,0.9,insertion_window,random,generational/random/insertion_window,15,14.0,933.0,901.0,731.0,170.0,max_generations
7,decuple,generational,1,0.9,insertion_window,random,generational/random/insertion_window,16,15.0,933.0,901.0,731.0,170.0,max_generations
7,decuple,generational,1,0.9,insertion_window,random,generational/random/insertion_window,17,16.0,933.0,901.0,731.0,170.0,max_generations
7,decuple,generational,1,0.9,insertion_window,random,generational/random/insertion_window,18,17.0,933.0,901.0,731.0,170.0,max_generations
7,decuple,generational,1,0.9,insertion_window,random,generational/random/insertion_window,19,18.0,933.0,901.0,731.0,170.0,max_generations
7,decuple,generational,1,0.9,insertion_window,random,generational/random/insertion_window,20,19.0,933.0,901.0,731.0,170.0,max_generations
7,decuple,generational,1,0.9,insertion_window,random,generational/random/insertion_window,21,20.0,933.0,901.0,731.0,170.0,max_generations
7,decuple,generational,1,0.9,insertion_window,random,generational/random/insertion_window,22,21.0,933.0,901.0,731.0,170.0,max_generations
7,decuple,generational,1,0.9,insertion_window,random,generational/random/insertion_window,23,22.0,929.0,901.0,731.0,170.0,max_generations
7,decuple,generational,1,0.9,insertion_window,random,generational/random/insertion_window,24,23.0,929.0,901.0,731.0,170.0,max_generations
7,decuple,generational,1,0.9,insertion_window,random,generational/random/insertion_window,25,24.0,929.0,901.0,731.0,170.0,max_generations
7,decuple,generational,1,0.9,insertion_window,random,generational/random/insertion_window,26,25.0,929.0,901.0,731.0,170.0,max_generations
7,decuple,generational,1,0.9,insertion_window,random,generational/random/insertion_window,27,26.0,924.0,901.0,731.0,170.0,max_generations
7,decuple,generational,1,0.9,insertion_window,random,generational/random/insertion_window,28,27.0,924.0,901.0,731.0,170.0,max_generations
7,decuple,generational,1,0.9,insertion_window,random,generational/random/insertion_window,29,28.0,924.0,901.0,731.0,170.0,max_generations
7,decuple,generational,1,0.9,insertion_window,random,generational/random/insertion_window,30,29.0,924.0,901.0,731.0,170.0,max_generations
7,decuple,generational,1,0.9,insertion_window,random,generational/random/insertion_window,31,30.0,924.0,901.0,731.0,170.0,max_generations
7,decuple,generational,1,0.9,insertion_window,random,generational/random/insertion_window,32,31.0,924.0,901.0,731.0,170.0,max_generations
7,decuple,generational,1,0.9,insertion_window,random,generational/random/insertion_window,33,32.0,924.0,901.0,731.0,170.0,max_generations
7,decuple,generational,1,0.9,insertion_window,random,generational/random/insertion_window,34,33.0,924.0,901.0,731.0,170.0,max_generations
7,decuple,generational,1,0.9,insertion_window,random,generational/random/insertion_window,35,34.0,924.0,901.0,731.0,170.0,max_generations
7,decuple,generational,1,0.9,insertion_window,random,generational/random/insertion_window,36,35.0,924.0,901.0,731.0,170.0,max_generations
7,decuple,generational,1,0.9,insertion_window,random,generational/random/insertion_window,37,36.0,924.0,901.0,731.0,170.0,max_generations
7,decuple,generational,1,0.9,insertion_window,random,generational/random/insertion_window,38,37.0,924.0,901.0,731.0,170.0,max_generations
7,decuple,generational,1,0.9,insertion_window,random,generational/random/insertion_window,39,38.0,924.0,901.0,731.0,170.0,max_generations
7,decuple,generational,1,0.9,insertion_window,random,generational/random/insertion_window,40,39.0,924.0,901.0,731.0,170.0,max_generations
7,decuple,generational,1,0.9,insertion_window,random,generational/random/insertion_window,41,40.0,924.0,901.0,731.0,170.0,max_generations
7,decuple,generational,1,0.9,insertion_window,random,generational/random/insertion_window,42,41.0,922.0,901.0,731.0,170.0,max_generations
7,decuple,generational,1,0.9,insertion_window,random,generational/random/insertion_window,43,42.0,922.0,901.0,731.0,170.0,max_generations
7,decuple,generational,1,0.9,insertion_window,random,generational/random/insertion_window,44,43.0,922.0,901.0,731.0,170.0,max_generations
7,decuple,generational,1,0.9,insertion_window,random,generational/random/insertion_window,45,44.0,922.0,901.0,731.0,170.0,max_generations
7,decuple,generational,1,0.9,insertion_window,random,generational/random/insertion_window,46,45.0,922.0,901.0,731.0,170.0,max_generations
7,decuple,generational,1,0.9,insertion_window,random,generational/random/insertion_window,47,46.0,922.0,901.0,731.0,170.0,max_generations
7,decuple,generational,1,0.9,insertion_window,random,generational/random/insertion_window,48,47.0,922.0,901.0,731.0,170.0,max_generations
7,decuple,generational,1,0.9,insertion_window,random,generational/random/insertion_window,49,48.0,922.0,901.0,731.0,170.0,max_generations
7,decuple,generational,1,0.9,insertion_window,random,generational/random/insertion_window,50,49.0,922.0,901.0,731.0,170.0,max_generations
7,decuple,generational,1,0.9,insertion_window,random,generational/random/insertion_window,51,50.0,922.0,901.0,731.0,170.0,max_generations
7,decuple,generational,1,0.9,insertion_window,random,generational/random/insertion_window,52,51.0,921.0,901.0,731.0,170.0,max_generations
7,decuple,generational,1,0.9,insertion_window,random,generational/random/insertion_window,53,52.0,918.0,901.0,731.0,170.0,max_generations
7,decuple,generational,1,0.9,insertion_window,random,generational/random/insertion_window,54,53.0,918.0,901.0,731.0,170.0,max_generations
7,decuple,generational,1,0.9,insertion_window,random,generational/random/insertion_window,55,54.0,918.0,901.0,731.0,170.0,max_generations
7,decuple,generational,1,0.9,insertion_window,random,generational/random/insertion_window,56,55.0,918.0,901.0,731.0,170.0,max_generations
7,decuple,generational,1,0.9,insertion_window,random,generational/random/insertion_window,57,56.0,918.0,901.0,731.0,170.0,max_generations
7,decuple,generational,1,0.9,insertion_window,random,generational/random/insertion_window,58,57.0,917.0,901.0,731.0,170.0,max_generations
7,decuple,generational,1,0.9,insertion_window,random,generational/random/insertion_window,59,58.0,917.0,901.0,731.0,170.0,max_generations
7,decuple,generational,1,0.9,insertion_window,random,generational/random/insertion_window,60,59.0,917.0,901.0,731.0,170.0,max_generations
7,decuple,generational,1,0.9,insertion_window,random,generational/random/insertion_window,61,60.0,917.0,901.0,731.0,170.0,max_generations
7,decuple,generational,1,0.9,insertion_window,random,generational/random/insertion_window,62,61.0,917.0,901.0,731.0,170.0,max_generations
7,decuple,generational,1,0.9,insertion_window,random,generational/random/insertion_window,63,62.0,917.0,901.0,731.0,170.0,max_generations
7,decuple,generational,1,0.9,insertion_window,random,generational/random/insertion_window,64,63.0,917.0,901.0,731.0,170.0,max_generations
7,decuple,generational,1,0.9,insertion_window,random,generational/random/insertion_window,65,64.0,917.0,901.0,731.0,170.0,max_generations
7,decuple,generational,1,0.9,insertion_window,random,generational/random/insertion_window,66,65.0,917.0,901.0,731.0,170.0,max_generations
7,decuple,generational,1,0.9,insertion_window,random,generational/random/insertion_window,67,66.0,917.0,901.0,731.0,170.0,max_generations
7,decuple,generational,1,0.9,insertion_window,random,generational/random/insertion_window,68,67.0,917.0,901.0,731.0,170.0,max_generations
7,decuple,generational,1,0.9,insertion_window,random,generational/random/insertion_window,69,68.0,917.0,901.0,731.0,170.0,max_generations
7,decuple,generational,1,0.9,insertion_window,random,generational/random/insertion_window,70,69.0,913.0,901.0,731.0,170.0,max_generations
7,decuple,generational,1,0.9,insertion_window,random,generational/random/insertion_window,71,70.0,912.0,901.0,731.0,170.0,max_generations
7,decuple,generational,1,0.9,insertion_window,random,generational/random/insertion_window,72,71.0,910.0,901.0,731.0,170.0,max_generations
7,decuple,generational,1,0.9,insertion_window,random,generational/random/insertion_window,73,72.0,909.0,901.0,731.0,170.0,max_generations
7,decuple,generational,1,0.9,insertion_window,random,generational/random/insertion_window,74,73.0,909.0,901.0,731.0,170.0,max_generations
7,decuple,generational,1,0.9,insertion_window,random,generational/random/insertion_window,75,74.0,909.0,901.0,731.0,170.0,max_generations
7,decuple,generational,1,0.9,insertion_window,random,generational/random/insertion_window,76,75.0,909.0,901.0,731.0,170.0,max_generations
7,decuple,generational,1,0.9,insertion_window,random,generational/random/insertion_window,77,76.0,909.0,901.0,731.0,170.0,max_generations
7,decuple,generational,1,0.9,insertion_window,random,generational/random/insertion_window,78,77.0,909.0,901.0,731.0,170.0,max_generations
7,decuple,generational,1,0.9,insertion_window,random,generational/random/insertion_window,79,78.0,907.0,901.0,731.0,170.0,max_generations
7,decuple,generational,1,0.9,insertion_window,random,generational/random/insertion_window,80,79.0,907.0,901.0,731.0,170.0,max_generations
7,decuple,generational,1,0.9,insertion_window,random,generational/random/insertion_window,81,80.0,907.0,901.0,731.0,170.0,max_generations
7,decuple,generational,1,0.9,insertion_window,random,generational/random/insertion_window,82,81.0,907.0,901.0,731.0,170.0,max_generations
7,decuple,generational,1,0.9,insertion_window,random,generational/random/insertion_window,83,82.0,906.0,901.0,731.0,170.0,max_generations
7,decuple,generational,1,0.9,insertion_window,random,generational/random/insertion_window,84,83.0,906.0,901.0,731.0,170.0,max_generations
7,decuple,generational,1,0.9,insertion_window,random,generational/random/insertion_window,85,84.0,905.0,901.0,731.0,170.0,max_generations
7,decuple,generational,1,0.9,insertion_window,random,generational/random/insertion_window,86,85.0,905.0,901.0,731.0,170.0,max_generations
7,decuple,generational,1,0.9,insertion_window,random,generational/random/insertion_window,87,86.0,905.0,901.0,731.0,170.0,max_generations
7,decuple,generational,1,0.9,insertion_window,random,generational/random/insertion_window,88,87.0,905.0,901.0,731.0,170.0,max_generations
7,decuple,generational,1,0.9,insertion_window,random,generational/random/insertion_window,89,88.0,903.0,901.0,731.0,170.0,max_generations
7,decuple,generational,1,0.9,insertion_window,random,generational/random/insertion_window,90,89.0,903.0,901.0,731.0,170.0,max_generations
7,decuple,generational,1,0.9,insertion_window,random,generational/random/insertion_window,91,90.0,902.0,901.0,731.0,170.0,max_generations
7,decuple,generational,1,0.9,insertion_window,random,generational/random/insertion_window,92,91.0,902.0,901.0,731.0,170.0,max_generations
7,decuple,generational,1,0.9,insertion_window,random,generational/random/insertion_window,93,92.0,902.0,901.0,731.0,170.0,max_generations
7,decuple,generational,1,0.9,insertion_window,random,generational/random/insertion_window,94,93.0,902.0,901.0,731.0,170.0,max_generations
7,decuple,generational,1,0.9,insertion_window,random,generational/random/insertion_window,95,94.0,902.0,901.0,731.0,170.0,max_generations
7,decuple,generational,1,0.9,insertion_window,random,generational/random/insertion_window,96,95.0,901.0,901.0,731.0,170.0,max_generations
7,decuple,generational,1,0.9,insertion_window,random,generational/random/insertion_window,97,96.0,901.0,901.0,731.0,170.0,max_generations
7,decuple,generational,1,0.9,insertion_window,random,generational/random/insertion_window,98,97.0,901.0,901.0,731.0,170.0,max_generations
7,decuple,generational,1,0.9,insertion_window,random,generational/random/insertion_window,99,98.0,901.0,901.0,731.0,170.0,max_generations
7,decuple,generational,1,0.9,insertion_window,random,generational/random/insertion_window,100,99.0,901.0,901.0,731.0,170.0,max_generations
7,decuple,generational,1,0.9,insertion_window,random,generational/random/insertion_window,101,100.0,901.0,901.0,731.0,170.0,max_generations
8,decuple,generational,1,0.9,adjacent_swap,random,generational/random/adjacent_swap,1,0.0,991.0,903.0,731.0,172.0,max_generations
8,decuple,generational,1,0.9,adjacent_swap,random,generational/random/adjacent_swap,2,1.0,966.0,903.0,731.0,172.0,max_generations
8,decuple,generational,1,0.9,adjacent_swap,random,generational/random/adjacent_swap,3,2.0,966.0,903.0,731.0,172.0,max_generations
8,decuple,generational,1,0.9,adjacent_swap,random,generational/random/adjacent_swap,4,3.0,958.0,903.0,731.0,172.0,max_generations
8,decuple,generational,1,0.9,adjacent_swap,random,generational/random/adjacent_swap,5,4.0,955.0,903.0,731.0,172.0,max_generations
8,decuple,generational,1,0.9,adjacent_swap,random,generational/random/adjacent_swap,6,5.0,952.0,903.0,731.0,172.0,max_generations
8,decuple,generational,1,0.9,adjacent_swap,random,generational/random/adjacent_swap,7,6.0,949.0,903.0,731.0,172.0,max_generations
8,decuple,generational,1,0.9,adjacent_swap,random,generational/random/adjacent_swap,8,7.0,949.0,903.0,731.0,172.0,max_generations
8,decuple,generational,1,0.9,adjacent_swap,random,generational/random/adjacent_swap,9,8.0,942.0,903.0,731.0,172.0,max_generations
8,decuple,generational,1,0.9,adjacent_swap,random,generational/random/adjacent_swap,10,9.0,942.0,903.0,731.0,172.0,max_generations
8,decuple,generational,1,0.9,adjacent_swap,random,generational/random/adjacent_swap,11,10.0,942.0,903.0,731.0,172.0,max_generations
8,decuple,generational,1,0.9,adjacent_swap,random,generational/random/adjacent_swap,12,11.0,942.0,903.0,731.0,172.0,max_generations
8,decuple,generational,1,0.9,adjacent_swap,random,generational/random/adjacent_swap,13,12.0,939.0,903.0,731.0,172.0,max_generations
8,decuple,generational,1,0.9,adjacent_swap,random,generational/random/adjacent_swap,14,13.0,939.0,903.0,731.0,172.0,max_generations
8,decuple,generational,1,0.9,adjacent_swap,random,generational/random/adjacent_swap,15,14.0,933.0,903.0,731.0,172.0,max_generations
8,decuple,generational,1,0.9,adjacent_swap,random,generational/random/adjacent_swap,16,15.0,933.0,903.0,731.0,172.0,max_generations
8,decuple,generational,1,0.9,adjacent_swap,random,generational/random/adjacent_swap,17,16.0,933.0,903.0,731.0,172.0,max_generations
8,decuple,generational,1,0.9,adjacent_swap,random,generational/random/adjacent_swap,18,17.0,933.0,903.0,731.0,172.0,max_generations
8,decuple,generational,1,0.9,adjacent_swap,random,generational/random/adjacent_swap,19,18.0,933.0,903.0,731.0,172.0,max_generations
8,decuple,generational,1,0.9,adjacent_swap,random,generational/random/adjacent_swap,20,19.0,933.0,903.0,731.0,172.0,max_generations
8,decuple,generational,1,0.9,adjacent_swap,random,generational/random/adjacent_swap,21,20.0,929.0,903.0,731.0,172.0,max_generations
8,decuple,generational,1,0.9,adjacent_swap,random,generational/random/adjacent_swap,22,21.0,929.0,903.0,731.0,172.0,max_generations
8,decuple,generational,1,0.9,adjacent_swap,random,generational/random/adjacent_swap,23,22.0,929.0,903.0,731.0,172.0,max_generations
8,decuple,generational,1,0.9,adjacent_swap,random,generational/random/adjacent_swap,24,23.0,929.0,903.0,731.0,172.0,max_generations
8,decuple,generational,1,0.9,adjacent_swap,random,generational/random/adjacent_swap,25,24.0,929.0,903.0,731.0,172.0,max_generations
8,decuple,generational,1,0.9,adjacent_swap,random,generational/random/adjacent_swap,26,25.0,929.0,903.0,731.0,172.0,max_generations
8,decuple,generational,1,0.9,adjacent_swap,random,generational/random/adjacent_swap,27,26.0,929.0,903.0,731.0,172.0,max_generations
8,decuple,generational,1,0.9,adjacent_swap,random,generational/random/adjacent_swap,28,27.0,929.0,903.0,731.0,172.0,max_generations
8,decuple,generational,1,0.9,adjacent_swap,random,generational/random/adjacent_swap,29,28.0,929.0,903.0,731.0,172.0,max_generations
8,decuple,generational,1,0.9,adjacent_swap,random,generational/random/adjacent_swap,30,29.0,928.0,903.0,731.0,172.0,max_generations
8,decuple,generational,1,0.9,adjacent_swap,random,generational/random/adjacent_swap,31,30.0,928.0,903.0,731.0,172.0,max_generations
8,decuple,generational,1,0.9,adjacent_swap,random,generational/random/adjacent_swap,32,31.0,928.0,903.0,731.0,172.0,max_generations
8,decuple,generational,1,0.9,adjacent_swap,random,generational/random/adjacent_swap,33,32.0,928.0,903.0,731.0,172.0,max_generations
8,decuple,generational,1,0.9,adjacent_swap,random,generational/random/adjacent_swap,34,33.0,928.0,903.0,731.0,172.0,max_generations
8,decuple,generational,1,0.9,adjacent_swap,random,generational/random/adjacent_swap,35,34.0,928.0,903.0,731.0,172.0,max_generations
8,decuple,generational,1,0.9,adjacent_swap,random,generational/random/adjacent_swap,36,35.0,924.0,903.0,731.0,172.0,max_generations
8,decuple,generational,1,0.9,adjacent_swap,random,generational/random/adjacent_swap,37,36.0,916.0,903.0,731.0,172.0,max_generations
8,decuple,generational,1,0.9,adjacent_swap,random,generational/random/adjacent_swap,38,37.0,916.0,903.0,731.0,172.0,max_generations
8,decuple,generational,1,0.9,adjacent_swap,random,generational/random/adjacent_swap,39,38.0,916.0,903.0,731.0,172.0,max_generations
8,decuple,generational,1,0.9,adjacent_swap,random,generational/random/adjacent_swap,40,39.0,916.0,903.0,731.0,172.0,max_generations
8,decuple,generational,1,0.9,adjacent_swap,random,generational/random/adjacent_swap,41,40.0,916.0,903.0,731.0,172.0,max_generations
8,decuple,generational,1,0.9,adjacent_swap,random,generational/random/adjacent_swap,42,41.0,916.0,903.0,731.0,172.0,max_generations
8,decuple,generational,1,0.9,adjacent_swap,random,generational/random/adjacent_swap,43,42.0,916.0,903.0,731.0,172.0,max_generations
8,decuple,generational,1,0.9,adjacent_swap,random,generational/random/adjacent_swap,44,43.0,916.0,903.0,731.0,172.0,max_generations
8,decuple,generational,1,0.9,adjacent_swap,random,generational/random/adjacent_swap,45,44.0,916.0,903.0,731.0,172.0,max_generations
8,decuple,generational,1,0.9,adjacent_swap,random,generational/random/adjacent_swap,46,45.0,916.0,903.0,731.0,172.0,max_generations
8,decuple,generational,1,0.9,adjacent_swap,random,generational/random/adjacent_swap,47,46.0,916.0,903.0,731.0,172.0,max_generations
8,decuple,generational,1,0.9,adjacent_swap,random,generational/random/adjacent_swap,48,47.0,916.0,903.0,731.0,172.0,max_generations
8,decuple,generational,1,0.9,adjacent_swap,random,generational/random/adjacent_swap,49,48.0,916.0,903.0,731.0,172.0,max_generations
8,decuple,generational,1,0.9,adjacent_swap,random,generational/random/adjacent_swap,50,49.0,916.0,903.0,731.0,172.0,max_generations
8,decuple,generational,1,0.9,adjacent_swap,random,generational/random/adjacent_swap,51,50.0,916.0,903.0,731.0,172.0,max_generations
8,decuple,generational,1,0.9,adjacent_swap,random,generational/random/adjacent_swap,52,51.0,916.0,903.0,731.0,172.0,max_generations
8,decuple,generational,1,0.9,adjacent_swap,random,generational/random/adjacent_swap,53,52.0,916.0,903.0,731.0,172.0,max_generations
8,decuple,generational,1,0.9,adjacent_swap,random,generational/random/adjacent_swap,54,53.0,916.0,903.0,731.0,172.0,max_generations
8,decuple,generational,1,0.9,adjacent_swap,random,generational/random/adjacent_swap,55,54.0,916.0,903.0,731.0,172.0,max_generations
8,decuple,generational,1,0.9,adjacent_swap,random,generational/random/adjacent_swap,56,55.0,916.0,903.0,731.0,172.0,max_generations
8,decuple,generational,1,0.9,adjacent_swap,random,generational/random/adjacent_swap,57,56.0,916.0,903.0,731.0,172.0,max_generations
8,decuple,generational,1,0.9,adjacent_swap,random,generational/random/adjacent_swap,58,57.0,916.0,903.0,731.0,172.0,max_generations
8,decuple,generational,1,0.9,adjacent_swap,random,generational/random/adjacent_swap,59,58.0,916.0,903.0,731.0,172.0,max_generations
8,decuple,generational,1,0.9,adjacent_swap,random,generational/random/adjacent_swap,60,59.0,916.0,903.0,731.0,172.0,max_generations
8,decuple,generational,1,0.9,adjacent_swap,random,generational/random/adjacent_swap,61,60.0,916.0,903.0,731.0,172.0,max_generations
8,decuple,generational,1,0.9,adjacent_swap,random,generational/random/adjacent_swap,62,61.0,916.0,903.0,731.0,172.0,max_generations
8,decuple,generational,1,0.9,adjacent_swap,random,generational/random/adjacent_swap,63,62.0,916.0,903.0,731.0,172.0,max_generations
8,decuple,generational,1,0.9,adjacent_swap,random,generational/random/adjacent_swap,64,63.0,916.0,903.0,731.0,172.0,max_generations
8,decuple,generational,1,0.9,adjacent_swap,random,generational/random/adjacent_swap,65,64.0,911.0,903.0,731.0,172.0,max_generations
8,decuple,generational,1,0.9,adjacent_swap,random,generational/random/adjacent_swap,66,65.0,904.0,903.0,731.0,172.0,max_generations
8,decuple,generational,1,0.9,adjacent_swap,random,generational/random/adjacent_swap,67,66.0,904.0,903.0,731.0,172.0,max_generations
8,decuple,generational,1,0.9,adjacent_swap,random,generational/random/adjacent_swap,68,67.0,904.0,903.0,731.0,172.0,max_generations
8,decuple,generational,1,0.9,adjacent_swap,random,generational/random/adjacent_swap,69,68.0,904.0,903.0,731.0,172.0,max_generations
8,decuple,generational,1,0.9,adjacent_swap,random,generational/random/adjacent_swap,70,69.0,904.0,903.0,731.0,172.0,max_generations
8,decuple,generational,1,0.9,adjacent_swap,random,generational/random/adjacent_swap,71,70.0,904.0,903.0,731.0,172.0,max_generations
8,decuple,generational,1,0.9,adjacent_swap,random,generational/random/adjacent_swap,72,71.0,904.0,903.0,731.0,172.0,max_generations
8,decuple,generational,1,0.9,adjacent_swap,random,generational/random/adjacent_swap,73,72.0,904.0,903.0,731.0,172.0,max_generations
8,decuple,generational,1,0.9,adjacent_swap,random,generational/random/adjacent_swap,74,73.0,904.0,903.0,731.0,172.0,max_generations
8,decuple,generational,1,0.9,adjacent_swap,random,generational/random/adjacent_swap,75,74.0,904.0,903.0,731.0,172.0,max_generations
8,decuple,generational,1,0.9,adjacent_swap,random,generational/random/adjacent_swap,76,75.0,904.0,903.0,731.0,172.0,max_generations
8,decuple,generational,1,0.9,adjacent_swap,random,generational/random/adjacent_swap,77,76.0,904.0,903.0,731.0,172.0,max_generations
8,decuple,generational,1,0.9,adjacent_swap,random,generational/random/adjacent_swap,78,77.0,904.0,903.0,731.0,172.0,max_generations
8,decuple,generational,1,0.9,adjacent_swap,random,generational/random/adjacent_swap,79,78.0,904.0,903.0,731.0,172.0,max_generations
8,decuple,generational,1,0.9,adjacent_swap,random,generational/random/adjacent_swap,80,79.0,904.0,903.0,731.0,172.0,max_generations
8,decuple,generational,1,0.9,adjacent_swap,random,generational/random/adjacent_swap,81,80.0,904.0,903.0,731.0,172.0,max_generations
8,decuple,generational,1,0.9,adjacent_swap,random,generational/random/adjacent_swap,82,81.0,904.0,903.0,731.0,172.0,max_generations
8,decuple,generational,1,0.9,adjacent_swap,random,generational/random/adjacent_swap,83,82.0,904.0,903.0,731.0,172.0,max_generations
8,decuple,generational,1,0.9,adjacent_swap,random,generational/random/adjacent_swap,84,83.0,904.0,903.0,731.0,172.0,max_generations
8,decuple,generational,1,0.9,adjacent_swap,random,generational/random/adjacent_swap,85,84.0,904.0,903.0,731.0,172.0,max_generations
8,decuple,generational,1,0.9,adjacent_swap,random,generational/random/adjacent_swap,86,85.0,904.0,903.0,731.0,172.0,max_generations
8,decuple,generational,1,0.9,adjacent_swap,random,generational/random/adjacent_swap,87,86.0,904.0,903.0,731.0,172.0,max_generations
8,decuple,generational,1,0.9,adjacent_swap,random,generational/random/adjacent_swap,88,87.0,904.0,903.0,731.0,172.0,max_generations
8,decuple,generational,1,0.9,adjacent_swap,random,generational/random/adjacent_swap,89,88.0,904.0,903.0,731.0,172.0,max_generations
8,decuple,generational,1,0.9,adjacent_swap,random,generational/random/adjacent_swap,90,89.0,903.0,903.0,731.0,172.0,max_generations
8,decuple,generational,1,0.9,adjacent_swap,random,generational/random/adjacent_swap,91,90.0,903.0,903.0,731.0,172.0,max_generations
8,decuple,generational,1,0.9,adjacent_swap,random,generational/random/adjacent_swap,92,91.0,903.0,903.0,731.0,172.0,max_generations
8,decuple,generational,1,0.9,adjacent_swap,random,generational/random/adjacent_swap,93,92.0,903.0,903.0,731.0,172.0,max_generations
8,decuple,generational,1,0.9,adjacent_swap,random,generational/random/adjacent_swap,94,93.0,903.0,903.0,731.0,172.0,max_generations
8,decuple,generational,1,0.9,adjacent_swap,random,generational/random/adjacent_swap,95,94.0,903.0,903.0,731.0,172.0,max_generations
8,decuple,generational,1,0.9,adjacent_swap,random,generational/random/adjacent_swap,96,95.0,903.0,903.0,731.0,172.0,max_generations
8,decuple,generational,1,0.9,adjacent_swap,random,generational/random/adjacent_swap,97,96.0,903.0,903.0,731.0,172.0,max_generations
8,decuple,generational,1,0.9,adjacent_swap,random,generational/random/adjacent_swap,98,97.0,903.0,903.0,731.0,172.0,max_generations
8,decuple,generational,1,0.9,adjacent_swap,random,generational/random/adjacent_swap,99,98.0,903.0,903.0,731.0,172.0,max_generations
8,decuple,generational,1,0.9,adjacent_swap,random,generational/random/adjacent_swap,100,99.0,903.0,903.0,731.0,172.0,max_generations
8,decuple,generational,1,0.9,adjacent_swap,random,generational/random/adjacent_swap,101,100.0,903.0,903.0,731.0,172.0,max_generations
