set,instance,sm_name,sgs_es,sgs_ef,sgs_ls,sgs_lf,sgs_duration,sgs_random,sgs_mts,sgs_mtp,sgs_grpw,sgs_grd,sgs_rr,sgs_avgrr,sgs_maxrr,sgs_minrr,sgs_irsm,sgs_wcs,sgs_acs,sgs_mehh_8000_b,sgs_mehh_3375_b,sgs_mehh_1000_b,sgs_mehh_125_b,sgs_gphh_b,pgs_max_use_res_ranked_es,pgs_max_use_res_ranked_ef,pgs_max_use_res_ranked_ls,pgs_max_use_res_ranked_lf,pgs_max_use_res_ranked_duration,pgs_max_use_res_ranked_random,pgs_max_use_res_ranked_mts,pgs_max_use_res_ranked_mtp,pgs_max_use_res_ranked_grpw,pgs_max_use_res_ranked_grd,pgs_max_use_res_ranked_rr,pgs_max_use_res_ranked_avgrr,pgs_max_use_res_ranked_maxrr,pgs_max_use_res_ranked_minrr,pgs_max_use_res_ranked_irsm,pgs_max_use_res_ranked_wcs,pgs_max_use_res_ranked_acs,pgs_max_use_res_ranked_mehh_8000_b,pgs_max_use_res_ranked_mehh_3375_b,pgs_max_use_res_ranked_mehh_1000_b,pgs_max_use_res_ranked_mehh_125_b,pgs_max_use_res_ranked_gphh_b,best_known,bench_sgs_es,dev_sgs_es,bench_sgs_ef,dev_sgs_ef,bench_sgs_ls,dev_sgs_ls,bench_sgs_lf,dev_sgs_lf,bench_sgs_duration,dev_sgs_duration,bench_sgs_random,dev_sgs_random,bench_sgs_mts,dev_sgs_mts,bench_sgs_grpw,dev_sgs_grpw,bench_sgs_grd,dev_sgs_grd,bench_sgs_irsm,dev_sgs_irsm,bench_sgs_wcs,dev_sgs_wcs,bench_sgs_acs,dev_sgs_acs,bench_sgs_mehh_8000_b,dev_sgs_mehh_8000_b,bench_sgs_mehh_3375_b,dev_sgs_mehh_3375_b,bench_sgs_mehh_1000_b,dev_sgs_mehh_1000_b,bench_sgs_mehh_125_b,dev_sgs_mehh_125_b,bench_sgs_gphh_b,dev_sgs_gphh_b,logos_best,gap_to_best_known
j120,j12010_1,j12010_1.sm,131.0,138.0,111.0,111.0,128.0,140.0,111.0,145.0,134.0,130.0,126.0,139.0,126.0,119.0,111.0,111.0,111.0,111.0,126.0,111.0,130.0,160.0,126.0,125.0,117.0,121.0,136.0,120.0,119.0,118.0,121.0,128.0,127.0,134.0,130.0,121.0,124.0,120.0,120.0,119.0,126.0,115.0,121.0,126.0,111,131,0.0,138,0.0,111,0.0,111,0.0,128,0.0,133,7.0,111,0.0,125,9.0,130,0.0,,,,,,,111,0.0,126,0.0,111,0.0,130,0.0,160,0.0,111.0,0.0
j120,j12010_10,j12010_10.sm,77.0,78.0,66.0,66.0,79.0,92.0,69.0,80.0,84.0,78.0,81.0,92.0,92.0,78.0,66.0,66.0,66.0,66.0,79.0,66.0,89.0,90.0,78.0,81.0,66.0,69.0,75.0,74.0,66.0,75.0,81.0,69.0,73.0,77.0,75.0,76.0,67.0,69.0,69.0,68.0,77.0,68.0,74.0,81.0,66,77,0.0,78,0.0,66,0.0,66,0.0,79,0.0,84,8.0,69,0.0,80,4.0,78,0.0,,,,,,,66,0.0,79,0.0,66,0.0,89,0.0,90,0.0,66.0,0.0
j120,j12010_2,j12010_2.sm,102.0,107.0,91.0,91.0,107.0,109.0,91.0,111.0,111.0,110.0,107.0,109.0,109.0,100.0,91.0,91.0,91.0,91.0,104.0,91.0,110.0,128.0,101.0,105.0,96.0,96.0,100.0,98.0,95.0,96.0,117.0,93.0,98.0,97.0,102.0,106.0,96.0,95.0,95.0,92.0,101.0,96.0,97.0,100.0,91,102,0.0,107,0.0,91,0.0,91,0.0,107,0.0,103,6.0,91,0.0,103,8.0,110,0.0,,,,,,,91,0.0,104,0.0,91,0.0,110,0.0,128,0.0,91.0,0.0
j120,j12010_3,j12010_3.sm,114.0,122.0,104.0,102.0,123.0,141.0,104.0,142.0,137.0,141.0,127.0,132.0,141.0,124.0,102.0,104.0,104.0,99.0,117.0,101.0,130.0,131.0,116.0,115.0,107.0,106.0,121.0,109.0,105.0,130.0,120.0,110.0,110.0,117.0,111.0,114.0,106.0,107.0,107.0,112.0,114.0,109.0,119.0,113.0,99,114,0.0,122,0.0,104,0.0,102,0.0,123,0.0,117,24.0,104,0.0,123,14.0,141,0.0,,,,,,,99,0.0,117,0.0,101,0.0,130,0.0,131,0.0,99.0,0.0
j120,j12010_4,j12010_4.sm,113.0,117.0,95.0,98.0,119.0,117.0,102.0,121.0,115.0,124.0,122.0,129.0,116.0,110.0,98.0,95.0,95.0,99.0,116.0,98.0,123.0,135.0,110.0,114.0,104.0,106.0,113.0,107.0,109.0,111.0,114.0,116.0,114.0,115.0,110.0,112.0,106.0,104.0,104.0,100.0,113.0,100.0,108.0,118.0,95,113,0.0,117,0.0,95,0.0,98,0.0,119,0.0,117,0.0,102,0.0,111,4.0,124,0.0,,,,,,,99,0.0,116,0.0,98,0.0,123,0.0,135,0.0,95.0,0.0
j120,j12010_5,j12010_5.sm,112.0,119.0,97.0,97.0,114.0,100.0,97.0,120.0,109.0,111.0,113.0,115.0,115.0,103.0,97.0,97.0,97.0,97.0,115.0,97.0,107.0,123.0,109.0,116.0,104.0,100.0,108.0,113.0,97.0,120.0,119.0,115.0,115.0,119.0,111.0,99.0,99.0,104.0,104.0,104.0,113.0,98.0,119.0,117.0,97,112,0.0,119,0.0,97,0.0,97,0.0,114,0.0,122,-22.0,97,0.0,108,1.0,111,0.0,,,,,,,97,0.0,115,0.0,97,0.0,107,0.0,123,0.0,97.0,0.0
j120,j12010_6,j12010_6.sm,103.0,101.0,92.0,92.0,98.0,119.0,92.0,102.0,117.0,105.0,105.0,105.0,105.0,103.0,92.0,92.0,92.0,92.0,103.0,92.0,111.0,119.0,101.0,97.0,92.0,92.0,96.0,107.0,93.0,93.0,106.0,102.0,103.0,106.0,108.0,96.0,92.0,92.0,92.0,92.0,100.0,92.0,107.0,102.0,92,103,0.0,101,0.0,92,0.0,92,0.0,98,0.0,112,7.0,92,0.0,110,7.0,105,0.0,,,,,,,92,0.0,103,0.0,92,0.0,111,0.0,119,0.0,92.0,0.0
j120,j12010_7,j12010_7.sm,94.0,101.0,86.0,85.0,105.0,113.0,92.0,125.0,104.0,102.0,113.0,99.0,101.0,95.0,85.0,84.0,84.0,83.0,90.0,89.0,132.0,120.0,90.0,91.0,84.0,83.0,105.0,87.0,84.0,120.0,89.0,89.0,91.0,90.0,97.0,91.0,83.0,84.0,83.0,85.0,89.0,82.0,119.0,117.0,79,94,0.0,101,0.0,86,0.0,85,0.0,105,0.0,96,17.0,92,0.0,94,10.0,102,0.0,,,,,,,83,0.0,90,0.0,89,0.0,132,0.0,120,0.0,82.0,3.0
j120,j12010_8,j12010_8.sm,140.0,134.0,114.0,114.0,156.0,153.0,114.0,154.0,146.0,141.0,137.0,136.0,150.0,124.0,114.0,114.0,114.0,116.0,141.0,114.0,148.0,169.0,137.0,134.0,130.0,130.0,137.0,138.0,127.0,150.0,154.0,133.0,136.0,125.0,132.0,121.0,132.0,130.0,130.0,128.0,130.0,130.0,138.0,148.0,114,140,0.0,134,0.0,114,0.0,114,0.0,156,0.0,135,18.0,114,0.0,133,13.0,141,0.0,,,,,,,114,2.0,141,0.0,114,0.0,148,0.0,169,0.0,114.0,0.0
j120,j12010_9,j12010_9.sm,82.0,84.0,77.0,77.0,94.0,88.0,77.0,93.0,82.0,83.0,88.0,82.0,85.0,83.0,77.0,77.0,77.0,77.0,84.0,77.0,98.0,90.0,83.0,82.0,77.0,78.0,81.0,86.0,83.0,80.0,90.0,89.0,84.0,82.0,83.0,84.0,78.0,77.0,77.0,78.0,84.0,78.0,91.0,94.0,77,82,0.0,84,0.0,77,0.0,77,0.0,94,0.0,88,0.0,77,0.0,80,2.0,83,0.0,,,,,,,77,0.0,84,0.0,77,0.0,98,0.0,90,0.0,77.0,0.0
j120,j12011_1,j12011_1.sm,218.0,227.0,209.0,203.0,262.0,247.0,211.0,248.0,237.0,230.0,249.0,224.0,239.0,212.0,203.0,205.0,210.0,206.0,217.0,206.0,247.0,278.0,212.0,220.0,199.0,200.0,211.0,225.0,197.0,256.0,223.0,220.0,210.0,201.0,198.0,201.0,210.0,194.0,200.0,202.0,222.0,199.0,233.0,248.0,171,218,0.0,227,0.0,209,0.0,203,0.0,262,0.0,233,14.0,211,0.0,221,16.0,230,0.0,,,,,,,206,0.0,217,0.0,206,0.0,259,-12.0,278,0.0,194.0,23.0
j120,j12011_10,j12011_10.sm,244.0,249.0,220.0,223.0,280.0,259.0,223.0,265.0,237.0,256.0,260.0,276.0,267.0,233.0,223.0,218.0,209.0,227.0,239.0,223.0,254.0,282.0,229.0,226.0,206.0,209.0,241.0,229.0,208.0,268.0,232.0,239.0,223.0,215.0,215.0,229.0,217.0,204.0,203.0,208.0,227.0,209.0,246.0,235.0,180,244,0.0,249,0.0,220,0.0,223,0.0,280,0.0,253,6.0,223,0.0,242,-5.0,256,0.0,,,,,,,221,6.0,239,0.0,223,0.0,254,0.0,282,0.0,203.0,23.0
j120,j12011_2,j12011_2.sm,212.0,210.0,187.0,192.0,226.0,231.0,192.0,238.0,217.0,217.0,211.0,216.0,219.0,201.0,192.0,190.0,187.0,186.0,218.0,182.0,227.0,233.0,201.0,195.0,186.0,178.0,211.0,199.0,184.0,217.0,227.0,202.0,184.0,198.0,198.0,185.0,191.0,178.0,185.0,187.0,201.0,179.0,216.0,206.0,157,212,0.0,210,0.0,187,0.0,192,0.0,226,0.0,203,28.0,192,0.0,202,15.0,217,0.0,,,,,,,196,-10.0,219,-1.0,182,0.0,227,0.0,233,0.0,178.0,21.0
j120,j12011_3,j12011_3.sm,277.0,275.0,249.0,261.0,300.0,297.0,244.0,299.0,281.0,281.0,273.0,285.0,282.0,264.0,261.0,256.0,250.0,262.0,280.0,244.0,295.0,347.0,247.0,245.0,241.0,239.0,283.0,275.0,243.0,263.0,265.0,288.0,248.0,269.0,247.0,244.0,257.0,239.0,248.0,243.0,249.0,236.0,276.0,296.0,202,277,0.0,275,0.0,249,0.0,261,0.0,300,0.0,277,20.0,244,0.0,274,7.0,281,0.0,,,,,,,261,1.0,281,-1.0,244,0.0,295,0.0,347,0.0,236.0,34.0
j120,j12011_4,j12011_4.sm,247.0,253.0,241.0,247.0,274.0,280.0,247.0,283.0,315.0,262.0,260.0,268.0,284.0,254.0,279.0,249.0,244.0,245.0,262.0,234.0,277.0,314.0,241.0,242.0,237.0,245.0,259.0,252.0,234.0,255.0,277.0,261.0,228.0,226.0,247.0,256.0,246.0,234.0,236.0,231.0,239.0,227.0,277.0,277.0,194,247,0.0,253,0.0,241,0.0,247,0.0,274,0.0,276,4.0,247,0.0,273,42.0,262,0.0,,,,,,,246,-1.0,260,2.0,237,-3.0,277,0.0,314,0.0,226.0,32.0
j120,j12011_5,j12011_5.sm,282.0,281.0,261.0,261.0,316.0,340.0,263.0,297.0,297.0,291.0,281.0,285.0,287.0,272.0,305.0,261.0,270.0,272.0,272.0,260.0,308.0,347.0,263.0,258.0,246.0,243.0,268.0,258.0,242.0,282.0,290.0,291.0,262.0,242.0,260.0,258.0,267.0,241.0,244.0,246.0,265.0,248.0,276.0,296.0,209,282,0.0,281,0.0,261,0.0,261,0.0,316,0.0,293,47.0,263,0.0,279,18.0,291,0.0,,,,,,,272,0.0,277,-5.0,260,0.0,308,0.0,347,0.0,241.0,32.0
j120,j12011_6,j12011_6.sm,262.0,284.0,253.0,256.0,293.0,303.0,261.0,312.0,304.0,278.0,285.0,296.0,291.0,263.0,256.0,252.0,255.0,251.0,278.0,242.0,328.0,338.0,255.0,253.0,250.0,252.0,272.0,279.0,248.0,288.0,310.0,259.0,278.0,248.0,245.0,260.0,269.0,244.0,242.0,238.0,256.0,241.0,278.0,299.0,210,262,0.0,284,0.0,253,0.0,256,0.0,293,0.0,275,28.0,261,0.0,300,4.0,278,0.0,,,,,,,252,-1.0,274,4.0,242,0.0,328,0.0,338,0.0,238.0,28.0
j120,j12011_7,j12011_7.sm,209.0,220.0,202.0,202.0,244.0,225.0,209.0,256.0,224.0,206.0,217.0,214.0,214.0,206.0,237.0,196.0,200.0,200.0,215.0,197.0,242.0,263.0,197.0,209.0,193.0,186.0,207.0,194.0,182.0,245.0,220.0,231.0,199.0,195.0,193.0,200.0,192.0,185.0,191.0,185.0,202.0,182.0,227.0,224.0,162,209,0.0,220,0.0,202,0.0,202,0.0,244,0.0,214,11.0,209,0.0,208,16.0,206,0.0,,,,,,,198,2.0,214,1.0,197,0.0,239,3.0,263,0.0,182.0,20.0
j120,j12011_8,j12011_8.sm,223.0,228.0,195.0,198.0,213.0,231.0,194.0,223.0,228.0,228.0,220.0,231.0,219.0,203.0,237.0,190.0,199.0,190.0,225.0,195.0,238.0,254.0,210.0,208.0,188.0,185.0,203.0,214.0,187.0,221.0,227.0,216.0,201.0,206.0,193.0,193.0,196.0,183.0,185.0,184.0,213.0,185.0,221.0,225.0,162,223,0.0,228,0.0,195,0.0,198,0.0,213,0.0,222,9.0,194,0.0,215,13.0,228,0.0,,,,,,,193,-3.0,225,0.0,193,2.0,238,0.0,254,0.0,183.0,21.0
j120,j12011_9,j12011_9.sm,214.0,226.0,202.0,214.0,259.0,257.0,215.0,237.0,239.0,214.0,232.0,223.0,225.0,217.0,214.0,210.0,204.0,210.0,228.0,205.0,258.0,236.0,204.0,204.0,193.0,193.0,218.0,212.0,202.0,220.0,216.0,207.0,223.0,213.0,204.0,209.0,200.0,188.0,195.0,209.0,203.0,197.0,239.0,234.0,172,214,0.0,226,0.0,202,0.0,214,0.0,259,0.0,231,26.0,215,0.0,222,17.0,214,0.0,,,,,,,210,0.0,226,2.0,205,0.0,258,0.0,236,0.0,188.0,16.0
j120,j12012_1,j12012_1.sm,185.0,185.0,165.0,172.0,206.0,209.0,167.0,179.0,184.0,179.0,186.0,189.0,190.0,174.0,172.0,163.0,163.0,172.0,181.0,167.0,180.0,218.0,175.0,175.0,156.0,162.0,169.0,175.0,160.0,178.0,176.0,164.0,156.0,156.0,168.0,170.0,159.0,157.0,161.0,158.0,169.0,154.0,169.0,192.0,137,185,0.0,185,0.0,165,0.0,172,0.0,206,0.0,174,35.0,167,0.0,187,-3.0,179,0.0,,,,,,,172,0.0,180,1.0,167,0.0,180,0.0,218,0.0,154.0,17.0
j120,j12012_10,j12012_10.sm,170.0,177.0,160.0,170.0,193.0,193.0,169.0,198.0,181.0,183.0,181.0,186.0,188.0,170.0,170.0,161.0,161.0,165.0,178.0,155.0,213.0,202.0,164.0,168.0,158.0,156.0,188.0,180.0,155.0,179.0,173.0,181.0,178.0,167.0,167.0,160.0,167.0,154.0,157.0,161.0,162.0,156.0,171.0,186.0,143,170,0.0,177,0.0,160,0.0,170,0.0,193,0.0,183,10.0,169,0.0,186,-5.0,183,0.0,,,,,,,165,0.0,178,0.0,156,-1.0,213,0.0,202,0.0,154.0,11.0
j120,j12012_2,j12012_2.sm,145.0,144.0,137.0,141.0,164.0,169.0,141.0,160.0,172.0,146.0,150.0,148.0,154.0,143.0,141.0,138.0,138.0,140.0,142.0,134.0,166.0,182.0,139.0,138.0,132.0,132.0,139.0,144.0,133.0,153.0,152.0,154.0,133.0,133.0,138.0,131.0,130.0,128.0,133.0,134.0,137.0,128.0,157.0,162.0,117,145,0.0,144,0.0,137,0.0,141,0.0,164,0.0,147,22.0,141,0.0,147,25.0,146,0.0,,,,,,,140,0.0,141,1.0,139,-5.0,166,0.0,182,0.0,128.0,11.0
j120,j12012_3,j12012_3.sm,169.0,174.0,159.0,158.0,189.0,195.0,159.0,189.0,177.0,181.0,170.0,175.0,177.0,163.0,158.0,157.0,157.0,159.0,171.0,153.0,187.0,219.0,165.0,165.0,151.0,150.0,181.0,164.0,151.0,171.0,197.0,159.0,166.0,157.0,173.0,156.0,152.0,154.0,155.0,152.0,167.0,149.0,184.0,182.0,136,169,0.0,174,0.0,159,0.0,158,0.0,189,0.0,184,11.0,159,0.0,173,4.0,181,0.0,,,,,,,159,0.0,171,0.0,153,0.0,187,0.0,219,0.0,149.0,13.0
j120,j12012_4,j12012_4.sm,174.0,175.0,148.0,146.0,186.0,193.0,142.0,185.0,191.0,183.0,164.0,181.0,175.0,162.0,146.0,146.0,146.0,155.0,179.0,150.0,186.0,202.0,168.0,166.0,143.0,139.0,161.0,178.0,144.0,165.0,172.0,172.0,151.0,153.0,175.0,149.0,146.0,144.0,145.0,145.0,158.0,137.0,161.0,173.0,125,174,0.0,175,0.0,148,0.0,146,0.0,186,0.0,173,20.0,142,0.0,162,29.0,183,0.0,,,,,,,156,-1.0,179,0.0,150,0.0,186,0.0,202,0.0,137.0,12.0
j120,j12012_5,j12012_5.sm,210.0,208.0,191.0,195.0,237.0,240.0,195.0,223.0,248.0,206.0,222.0,222.0,224.0,218.0,195.0,189.0,189.0,183.0,208.0,191.0,245.0,256.0,201.0,199.0,185.0,178.0,205.0,214.0,181.0,220.0,218.0,212.0,212.0,210.0,190.0,200.0,190.0,181.0,185.0,187.0,194.0,177.0,224.0,232.0,162,210,0.0,208,0.0,191,0.0,195,0.0,237,0.0,215,25.0,195,0.0,225,23.0,206,0.0,,,,,,,189,-6.0,208,0.0,196,-5.0,245,0.0,256,0.0,177.0,15.0
j120,j12012_6,j12012_6.sm,164.0,167.0,140.0,141.0,176.0,192.0,148.0,190.0,167.0,159.0,160.0,173.0,177.0,163.0,141.0,142.0,142.0,142.0,164.0,145.0,174.0,187.0,149.0,153.0,141.0,139.0,158.0,150.0,140.0,151.0,171.0,165.0,155.0,151.0,141.0,151.0,140.0,138.0,138.0,136.0,157.0,138.0,153.0,171.0,121,164,0.0,167,0.0,140,0.0,141,0.0,176,0.0,164,28.0,148,0.0,177,-10.0,159,0.0,,,,,,,143,-1.0,163,1.0,145,0.0,174,0.0,187,0.0,136.0,15.0
j120,j12012_7,j12012_7.sm,151.0,161.0,141.0,144.0,164.0,171.0,140.0,182.0,174.0,162.0,162.0,164.0,172.0,145.0,144.0,140.0,140.0,140.0,152.0,140.0,179.0,208.0,152.0,148.0,132.0,134.0,171.0,153.0,131.0,156.0,159.0,156.0,141.0,147.0,149.0,135.0,134.0,131.0,132.0,135.0,150.0,128.0,174.0,168.0,119,151,0.0,161,0.0,141,0.0,144,0.0,164,0.0,166,5.0,140,0.0,149,25.0,162,0.0,,,,,,,140,0.0,154,-2.0,140,0.0,179,0.0,208,0.0,128.0,9.0
j120,j12012_8,j12012_8.sm,149.0,158.0,146.0,142.0,155.0,164.0,144.0,165.0,178.0,154.0,148.0,151.0,149.0,148.0,142.0,141.0,141.0,148.0,150.0,145.0,187.0,189.0,141.0,137.0,136.0,140.0,141.0,142.0,132.0,159.0,158.0,154.0,146.0,139.0,160.0,140.0,138.0,134.0,134.0,132.0,140.0,131.0,159.0,157.0,119,149,0.0,158,0.0,146,0.0,142,0.0,155,0.0,160,4.0,144,0.0,156,22.0,154,0.0,,,,,,,153,-5.0,152,-2.0,144,1.0,187,0.0,189,0.0,131.0,12.0
j120,j12012_9,j12012_9.sm,136.0,147.0,119.0,124.0,149.0,150.0,129.0,165.0,148.0,139.0,139.0,151.0,135.0,133.0,124.0,123.0,123.0,129.0,143.0,125.0,146.0,167.0,127.0,128.0,116.0,116.0,137.0,136.0,120.0,153.0,145.0,135.0,128.0,134.0,137.0,125.0,119.0,114.0,115.0,119.0,130.0,111.0,143.0,148.0,105,136,0.0,147,0.0,119,0.0,124,0.0,149,0.0,147,3.0,129,0.0,144,4.0,139,0.0,,,,,,,128,1.0,138,5.0,125,0.0,146,0.0,167,0.0,111.0,6.0
j120,j12013_1,j12013_1.sm,176.0,181.0,147.0,147.0,180.0,169.0,146.0,178.0,169.0,156.0,156.0,180.0,176.0,158.0,147.0,145.0,145.0,145.0,181.0,146.0,179.0,218.0,174.0,173.0,139.0,137.0,157.0,172.0,141.0,155.0,151.0,166.0,153.0,154.0,152.0,157.0,144.0,141.0,138.0,147.0,170.0,143.0,165.0,182.0,126,176,0.0,181,0.0,147,0.0,147,0.0,180,0.0,176,-7.0,146,0.0,166,3.0,156,0.0,,,,,,,150,-5.0,181,0.0,146,0.0,179,0.0,218,0.0,137.0,11.0
j120,j12013_10,j12013_10.sm,128.0,132.0,106.0,107.0,122.0,129.0,106.0,136.0,132.0,128.0,127.0,145.0,142.0,113.0,107.0,107.0,107.0,108.0,130.0,108.0,133.0,146.0,121.0,120.0,100.0,101.0,117.0,116.0,101.0,117.0,115.0,114.0,120.0,112.0,119.0,113.0,103.0,99.0,98.0,100.0,119.0,101.0,127.0,135.0,92,128,0.0,132,0.0,106,0.0,107,0.0,122,0.0,133,-4.0,106,0.0,120,12.0,128,0.0,,,,,,,109,-1.0,130,0.0,105,3.0,133,0.0,146,0.0,98.0,6.0
j120,j12013_2,j12013_2.sm,103.0,108.0,98.0,102.0,110.0,127.0,102.0,115.0,116.0,119.0,115.0,122.0,127.0,104.0,102.0,97.0,97.0,99.0,105.0,98.0,116.0,128.0,107.0,105.0,94.0,93.0,109.0,105.0,99.0,104.0,113.0,108.0,102.0,108.0,105.0,103.0,96.0,94.0,95.0,93.0,105.0,92.0,116.0,113.0,88,103,0.0,108,0.0,98,0.0,102,0.0,110,0.0,107,20.0,102,0.0,107,9.0,119,0.0,,,,,,,99,0.0,107,-2.0,98,0.0,116,0.0,128,0.0,92.0,4.0
j120,j12013_3,j12013_3.sm,159.0,164.0,135.0,134.0,159.0,179.0,137.0,172.0,179.0,160.0,156.0,155.0,159.0,157.0,134.0,136.0,136.0,135.0,162.0,134.0,177.0,208.0,152.0,156.0,129.0,128.0,157.0,158.0,138.0,172.0,150.0,159.0,159.0,153.0,162.0,148.0,135.0,134.0,131.0,136.0,157.0,130.0,175.0,171.0,118,159,0.0,164,0.0,135,0.0,134,0.0,159,0.0,156,23.0,137,0.0,164,15.0,160,0.0,,,,,,,134,1.0,159,3.0,134,0.0,184,-7.0,208,0.0,128.0,10.0
j120,j12013_4,j12013_4.sm,136.0,137.0,130.0,129.0,143.0,160.0,136.0,150.0,158.0,157.0,146.0,158.0,146.0,131.0,129.0,127.0,127.0,136.0,140.0,133.0,169.0,177.0,137.0,131.0,124.0,123.0,141.0,135.0,131.0,134.0,150.0,139.0,132.0,131.0,146.0,127.0,123.0,125.0,122.0,123.0,130.0,123.0,146.0,170.0,112,136,0.0,137,0.0,130,0.0,129,0.0,143,0.0,138,22.0,136,0.0,151,7.0,157,0.0,,,,,,,136,0.0,140,0.0,133,0.0,169,0.0,177,0.0,122.0,10.0
j120,j12013_5,j12013_5.sm,115.0,117.0,105.0,102.0,127.0,121.0,109.0,145.0,128.0,128.0,134.0,128.0,125.0,115.0,102.0,102.0,102.0,104.0,113.0,103.0,135.0,145.0,112.0,113.0,105.0,104.0,116.0,113.0,107.0,113.0,119.0,114.0,112.0,113.0,112.0,110.0,104.0,103.0,99.0,108.0,109.0,98.0,121.0,116.0,91,115,0.0,117,0.0,105,0.0,102,0.0,127,0.0,116,5.0,109,0.0,138,-10.0,128,0.0,,,,,,,102,2.0,115,-2.0,103,0.0,135,0.0,145,0.0,98.0,7.0
j120,j12013_6,j12013_6.sm,125.0,134.0,114.0,113.0,137.0,155.0,116.0,137.0,160.0,134.0,128.0,134.0,147.0,124.0,113.0,112.0,112.0,110.0,134.0,112.0,161.0,157.0,123.0,122.0,112.0,110.0,127.0,128.0,111.0,134.0,125.0,134.0,115.0,127.0,138.0,120.0,108.0,110.0,111.0,112.0,120.0,109.0,129.0,140.0,99,125,0.0,134,0.0,114,0.0,113,0.0,137,0.0,135,20.0,116,0.0,127,33.0,134,0.0,,,,,,,110,0.0,133,1.0,112,0.0,161,0.0,157,0.0,108.0,9.0
j120,j12013_7,j12013_7.sm,153.0,155.0,129.0,124.0,151.0,169.0,127.0,164.0,148.0,149.0,144.0,154.0,148.0,137.0,124.0,126.0,126.0,130.0,155.0,123.0,178.0,169.0,149.0,145.0,121.0,119.0,139.0,150.0,123.0,135.0,144.0,141.0,145.0,147.0,139.0,146.0,119.0,122.0,118.0,125.0,146.0,121.0,158.0,155.0,109,153,0.0,155,0.0,129,0.0,124,0.0,151,0.0,167,2.0,127,0.0,135,13.0,149,0.0,,,,,,,128,2.0,154,1.0,123,0.0,178,0.0,169,0.0,118.0,9.0
j120,j12013_8,j12013_8.sm,125.0,130.0,108.0,109.0,151.0,149.0,116.0,127.0,132.0,144.0,131.0,144.0,148.0,123.0,109.0,107.0,107.0,110.0,131.0,108.0,159.0,155.0,119.0,125.0,103.0,104.0,144.0,130.0,103.0,142.0,124.0,129.0,132.0,130.0,119.0,116.0,101.0,102.0,100.0,107.0,123.0,103.0,140.0,138.0,93,125,0.0,130,0.0,108,0.0,109,0.0,151,0.0,121,28.0,116,0.0,118,14.0,144,0.0,,,,,,,112,-2.0,128,3.0,109,-1.0,159,0.0,155,0.0,100.0,7.0
j120,j12013_9,j12013_9.sm,115.0,120.0,95.0,98.0,130.0,122.0,106.0,124.0,111.0,109.0,108.0,111.0,112.0,122.0,98.0,97.0,97.0,100.0,115.0,101.0,119.0,141.0,113.0,117.0,94.0,95.0,110.0,110.0,95.0,108.0,124.0,125.0,100.0,108.0,110.0,110.0,95.0,93.0,92.0,96.0,115.0,93.0,114.0,118.0,85,115,0.0,120,0.0,95,0.0,98,0.0,130,0.0,116,6.0,106,0.0,114,-3.0,109,0.0,,,,,,,102,-2.0,115,0.0,101,0.0,119,0.0,141,0.0,92.0,7.0
j120,j12014_1,j12014_1.sm,108.0,108.0,94.0,96.0,118.0,111.0,99.0,122.0,129.0,117.0,110.0,109.0,118.0,114.0,96.0,95.0,95.0,93.0,109.0,94.0,123.0,124.0,106.0,109.0,92.0,96.0,111.0,111.0,94.0,99.0,121.0,106.0,100.0,110.0,105.0,108.0,93.0,91.0,91.0,94.0,109.0,92.0,115.0,125.0,85,108,0.0,108,0.0,94,0.0,96,0.0,118,0.0,115,-4.0,99,0.0,113,16.0,117,0.0,,,,,,,92,1.0,111,-2.0,94,0.0,123,0.0,124,0.0,91.0,6.0
j120,j12014_10,j12014_10.sm,101.0,106.0,91.0,93.0,107.0,110.0,93.0,113.0,106.0,113.0,97.0,113.0,105.0,97.0,93.0,92.0,92.0,94.0,99.0,93.0,114.0,124.0,99.0,98.0,87.0,88.0,103.0,97.0,88.0,102.0,103.0,101.0,96.0,105.0,94.0,94.0,87.0,87.0,87.0,87.0,95.0,88.0,100.0,100.0,81,101,0.0,106,0.0,91,0.0,93,0.0,107,0.0,104,6.0,93,0.0,100,6.0,113,0.0,,,,,,,91,3.0,99,0.0,93,0.0,114,0.0,124,0.0,87.0,6.0
j120,j12014_2,j12014_2.sm,112.0,116.0,105.0,110.0,118.0,136.0,109.0,126.0,125.0,116.0,117.0,127.0,119.0,120.0,110.0,106.0,106.0,106.0,113.0,104.0,132.0,129.0,111.0,110.0,102.0,99.0,116.0,114.0,105.0,120.0,131.0,125.0,110.0,116.0,109.0,111.0,101.0,102.0,99.0,100.0,112.0,101.0,123.0,121.0,93,112,0.0,116,0.0,105,0.0,110,0.0,118,0.0,124,12.0,109,0.0,116,9.0,116,0.0,,,,,,,106,0.0,113,0.0,104,0.0,132,0.0,129,0.0,99.0,6.0
j120,j12014_3,j12014_3.sm,111.0,113.0,93.0,96.0,115.0,132.0,96.0,108.0,109.0,114.0,107.0,117.0,132.0,101.0,96.0,93.0,93.0,95.0,115.0,95.0,117.0,142.0,109.0,111.0,94.0,97.0,109.0,112.0,97.0,117.0,116.0,113.0,103.0,106.0,105.0,100.0,95.0,95.0,95.0,96.0,113.0,94.0,117.0,112.0,88,111,0.0,113,0.0,93,0.0,96,0.0,115,0.0,107,25.0,96,0.0,112,-3.0,114,0.0,,,,,,,95,0.0,115,0.0,95,0.0,117,0.0,142,0.0,93.0,5.0
j120,j12014_4,j12014_4.sm,113.0,117.0,97.0,99.0,127.0,128.0,105.0,129.0,121.0,114.0,117.0,122.0,119.0,113.0,99.0,96.0,96.0,102.0,117.0,97.0,136.0,137.0,112.0,114.0,95.0,97.0,115.0,108.0,101.0,123.0,126.0,115.0,118.0,113.0,116.0,112.0,97.0,96.0,98.0,98.0,117.0,97.0,130.0,130.0,88,113,0.0,117,0.0,97,0.0,99,0.0,127,0.0,124,4.0,105,0.0,116,5.0,114,0.0,,,,,,,101,1.0,117,0.0,97,0.0,136,0.0,137,0.0,95.0,7.0
j120,j12014_5,j12014_5.sm,123.0,119.0,114.0,118.0,146.0,141.0,117.0,135.0,132.0,141.0,128.0,131.0,138.0,125.0,118.0,114.0,114.0,118.0,126.0,112.0,130.0,145.0,120.0,121.0,113.0,109.0,118.0,121.0,111.0,129.0,127.0,133.0,123.0,128.0,126.0,117.0,110.0,113.0,113.0,107.0,121.0,109.0,138.0,139.0,96,123,0.0,119,0.0,114,0.0,118,0.0,146,0.0,126,15.0,117,0.0,132,0.0,141,0.0,,,,,,,117,1.0,126,0.0,112,0.0,140,-10.0,145,0.0,107.0,11.0
j120,j12014_6,j12014_6.sm,119.0,117.0,97.0,98.0,125.0,125.0,97.0,124.0,119.0,120.0,136.0,124.0,119.0,107.0,98.0,97.0,97.0,100.0,114.0,100.0,125.0,142.0,116.0,114.0,97.0,93.0,110.0,122.0,97.0,111.0,109.0,117.0,117.0,109.0,114.0,106.0,93.0,101.0,99.0,98.0,116.0,99.0,105.0,140.0,91,119,0.0,117,0.0,97,0.0,98,0.0,125,0.0,119,6.0,97,0.0,122,-3.0,120,0.0,,,,,,,100,0.0,116,-2.0,100,0.0,125,0.0,142,0.0,93.0,2.0
j120,j12014_7,j12014_7.sm,118.0,120.0,99.0,100.0,128.0,115.0,99.0,117.0,120.0,115.0,111.0,121.0,119.0,110.0,100.0,99.0,99.0,102.0,119.0,101.0,129.0,129.0,114.0,117.0,100.0,99.0,117.0,122.0,98.0,110.0,116.0,102.0,114.0,112.0,120.0,113.0,97.0,98.0,98.0,103.0,116.0,97.0,125.0,132.0,90,118,0.0,120,0.0,99,0.0,100,0.0,128,0.0,120,-5.0,99,0.0,116,4.0,115,0.0,,,,,,,100,2.0,119,0.0,101,0.0,129,0.0,129,0.0,97.0,7.0
j120,j12014_8,j12014_8.sm,138.0,143.0,123.0,127.0,156.0,179.0,124.0,155.0,160.0,146.0,138.0,138.0,150.0,143.0,127.0,124.0,124.0,127.0,139.0,128.0,154.0,186.0,130.0,134.0,121.0,121.0,131.0,141.0,120.0,140.0,146.0,130.0,135.0,143.0,133.0,137.0,119.0,118.0,118.0,119.0,133.0,118.0,132.0,152.0,112,138,0.0,143,0.0,123,0.0,127,0.0,156,0.0,148,31.0,124,0.0,148,12.0,146,0.0,,,,,,,127,0.0,137,2.0,128,0.0,154,0.0,186,0.0,118.0,6.0
j120,j12014_9,j12014_9.sm,126.0,130.0,109.0,113.0,130.0,124.0,113.0,123.0,135.0,123.0,124.0,119.0,118.0,111.0,113.0,110.0,110.0,112.0,129.0,108.0,147.0,155.0,125.0,130.0,107.0,104.0,125.0,121.0,104.0,129.0,132.0,118.0,116.0,118.0,115.0,116.0,104.0,106.0,110.0,104.0,129.0,107.0,117.0,123.0,101,126,0.0,130,0.0,109,0.0,113,0.0,130,0.0,127,-3.0,113,0.0,122,13.0,123,0.0,,,,,,,112,0.0,128,1.0,108,0.0,147,0.0,155,0.0,104.0,3.0
j120,j12015_1,j12015_1.sm,96.0,98.0,81.0,81.0,108.0,109.0,81.0,99.0,105.0,102.0,104.0,104.0,109.0,98.0,81.0,81.0,81.0,81.0,93.0,81.0,125.0,124.0,95.0,98.0,83.0,84.0,106.0,100.0,83.0,89.0,98.0,93.0,86.0,89.0,102.0,90.0,83.0,83.0,83.0,83.0,93.0,83.0,102.0,109.0,81,96,0.0,98,0.0,81,0.0,81,0.0,108,0.0,102,7.0,81,0.0,101,4.0,102,0.0,,,,,,,81,0.0,93,0.0,81,0.0,125,0.0,124,0.0,81.0,0.0
j120,j12015_10,j12015_10.sm,112.0,114.0,91.0,91.0,123.0,115.0,93.0,111.0,135.0,105.0,109.0,115.0,126.0,113.0,91.0,91.0,91.0,91.0,114.0,91.0,120.0,137.0,109.0,107.0,92.0,96.0,102.0,113.0,101.0,122.0,113.0,122.0,108.0,125.0,116.0,115.0,98.0,95.0,95.0,97.0,110.0,96.0,119.0,120.0,91,112,0.0,114,0.0,91,0.0,91,0.0,123,0.0,110,5.0,93,0.0,105,30.0,105,0.0,,,,,,,91,0.0,114,0.0,91,0.0,120,0.0,137,0.0,91.0,0.0
j120,j12015_2,j12015_2.sm,87.0,87.0,78.0,78.0,100.0,93.0,85.0,102.0,99.0,93.0,88.0,97.0,95.0,89.0,78.0,77.0,77.0,81.0,87.0,78.0,107.0,105.0,87.0,86.0,75.0,76.0,97.0,86.0,84.0,92.0,94.0,90.0,90.0,85.0,94.0,90.0,75.0,76.0,76.0,77.0,87.0,78.0,88.0,90.0,75,87,0.0,87,0.0,78,0.0,78,0.0,100,0.0,87,6.0,85,0.0,95,4.0,93,0.0,,,,,,,81,0.0,87,0.0,78,0.0,107,0.0,104,1.0,75.0,0.0
j120,j12015_3,j12015_3.sm,111.0,110.0,93.0,91.0,112.0,116.0,97.0,111.0,117.0,111.0,99.0,102.0,117.0,102.0,91.0,92.0,92.0,90.0,105.0,89.0,117.0,135.0,106.0,106.0,89.0,90.0,113.0,106.0,94.0,109.0,116.0,102.0,108.0,98.0,114.0,105.0,90.0,91.0,89.0,95.0,100.0,91.0,117.0,110.0,87,111,0.0,110,0.0,93,0.0,91,0.0,112,0.0,109,7.0,97,0.0,112,5.0,111,0.0,,,,,,,90,0.0,104,1.0,89,0.0,117,0.0,137,-2.0,89.0,2.0
j120,j12015_4,j12015_4.sm,95.0,95.0,82.0,82.0,103.0,104.0,86.0,99.0,108.0,101.0,113.0,102.0,98.0,108.0,82.0,82.0,82.0,82.0,95.0,82.0,113.0,108.0,95.0,93.0,84.0,85.0,101.0,103.0,87.0,121.0,100.0,100.0,112.0,100.0,96.0,99.0,86.0,86.0,87.0,84.0,94.0,87.0,121.0,113.0,82,95,0.0,95,0.0,82,0.0,82,0.0,103,0.0,101,3.0,86,0.0,95,13.0,101,0.0,,,,,,,82,0.0,95,0.0,82,0.0,113,0.0,108,0.0,82.0,0.0
j120,j12015_5,j12015_5.sm,99.0,100.0,87.0,87.0,93.0,93.0,87.0,102.0,98.0,89.0,102.0,99.0,91.0,90.0,87.0,87.0,87.0,87.0,104.0,87.0,89.0,115.0,99.0,99.0,88.0,89.0,99.0,89.0,87.0,95.0,99.0,101.0,102.0,94.0,91.0,96.0,89.0,87.0,87.0,89.0,100.0,88.0,104.0,105.0,87,99,0.0,100,0.0,87,0.0,87,0.0,93,0.0,112,-19.0,87,0.0,87,11.0,89,0.0,,,,,,,87,0.0,104,0.0,87,0.0,89,0.0,115,0.0,87.0,0.0
j120,j12015_6,j12015_6.sm,110.0,112.0,97.0,97.0,107.0,129.0,97.0,127.0,112.0,110.0,112.0,111.0,116.0,111.0,97.0,97.0,97.0,97.0,112.0,97.0,114.0,130.0,110.0,107.0,98.0,98.0,107.0,104.0,99.0,110.0,106.0,110.0,108.0,107.0,106.0,104.0,98.0,100.0,98.0,101.0,112.0,100.0,103.0,115.0,97,110,0.0,112,0.0,97,0.0,97,0.0,107,0.0,107,22.0,97,0.0,102,10.0,110,0.0,,,,,,,97,0.0,112,0.0,97,0.0,114,0.0,130,0.0,97.0,0.0
j120,j12015_7,j12015_7.sm,90.0,86.0,75.0,75.0,85.0,89.0,75.0,101.0,91.0,80.0,89.0,85.0,88.0,79.0,75.0,75.0,75.0,75.0,87.0,75.0,94.0,103.0,88.0,88.0,75.0,77.0,94.0,88.0,78.0,101.0,86.0,86.0,82.0,94.0,92.0,79.0,77.0,75.0,75.0,76.0,86.0,76.0,99.0,98.0,75,90,0.0,86,0.0,75,0.0,75,0.0,85,0.0,90,-1.0,75,0.0,84,7.0,80,0.0,,,,,,,75,0.0,86,1.0,75,0.0,94,0.0,103,0.0,75.0,0.0
j120,j12015_8,j12015_8.sm,140.0,139.0,126.0,126.0,136.0,133.0,126.0,128.0,140.0,126.0,126.0,133.0,131.0,126.0,126.0,126.0,126.0,126.0,141.0,126.0,132.0,165.0,138.0,139.0,127.0,130.0,155.0,144.0,129.0,162.0,126.0,128.0,129.0,128.0,134.0,127.0,129.0,127.0,127.0,128.0,137.0,128.0,161.0,149.0,126,140,0.0,139,0.0,126,0.0,126,0.0,136,0.0,156,-23.0,126,0.0,126,14.0,126,0.0,,,,,,,126,0.0,139,2.0,126,0.0,132,0.0,165,0.0,126.0,0.0
j120,j12015_9,j12015_9.sm,122.0,123.0,109.0,109.0,122.0,130.0,109.0,115.0,116.0,111.0,117.0,112.0,129.0,112.0,109.0,109.0,109.0,109.0,122.0,109.0,128.0,133.0,119.0,124.0,110.0,109.0,119.0,119.0,110.0,111.0,109.0,112.0,111.0,113.0,118.0,115.0,109.0,109.0,109.0,109.0,118.0,113.0,121.0,130.0,109,122,0.0,123,0.0,109,0.0,109,0.0,122,0.0,114,16.0,109,0.0,124,-8.0,111,0.0,,,,,,,109,0.0,121,1.0,109,0.0,128,0.0,133,0.0,109.0,0.0
j120,j12016_1,j12016_1.sm,254.0,254.0,245.0,240.0,288.0,258.0,239.0,256.0,307.0,257.0,243.0,263.0,253.0,263.0,240.0,240.0,240.0,249.0,252.0,240.0,266.0,282.0,239.0,229.0,225.0,222.0,233.0,240.0,221.0,269.0,250.0,255.0,223.0,228.0,244.0,238.0,222.0,223.0,222.0,218.0,235.0,217.0,257.0,293.0,195,254,0.0,254,0.0,245,0.0,240,0.0,288,0.0,252,6.0,239,0.0,257,50.0,257,0.0,,,,,,,248,1.0,248,4.0,240,0.0,270,-4.0,282,0.0,217.0,22.0
j120,j12016_10,j12016_10.sm,267.0,266.0,257.0,252.0,297.0,286.0,262.0,280.0,288.0,269.0,269.0,300.0,282.0,274.0,252.0,255.0,258.0,259.0,267.0,253.0,288.0,331.0,251.0,252.0,240.0,245.0,269.0,262.0,245.0,280.0,272.0,262.0,248.0,255.0,251.0,253.0,251.0,241.0,237.0,248.0,248.0,236.0,278.0,278.0,213,267,0.0,266,0.0,257,0.0,252,0.0,297,0.0,277,9.0,262,0.0,271,17.0,269,0.0,,,,,,,270,-11.0,274,-7.0,250,3.0,292,-4.0,324,7.0,236.0,23.0
j120,j12016_2,j12016_2.sm,303.0,293.0,274.0,292.0,311.0,330.0,287.0,307.0,295.0,295.0,291.0,311.0,300.0,298.0,322.0,283.0,281.0,280.0,300.0,281.0,300.0,311.0,280.0,280.0,265.0,275.0,282.0,271.0,268.0,298.0,300.0,284.0,275.0,288.0,267.0,276.0,266.0,263.0,263.0,265.0,277.0,259.0,297.0,314.0,231,303,0.0,293,0.0,274,0.0,292,0.0,311,0.0,297,33.0,287,0.0,301,-6.0,295,0.0,,,,,,,282,-2.0,297,3.0,276,5.0,300,0.0,319,-8.0,259.0,28.0
j120,j12016_3,j12016_3.sm,295.0,306.0,283.0,286.0,309.0,299.0,288.0,321.0,307.0,297.0,287.0,307.0,307.0,308.0,286.0,293.0,290.0,281.0,288.0,287.0,314.0,332.0,271.0,271.0,268.0,267.0,288.0,287.0,272.0,304.0,299.0,293.0,267.0,273.0,271.0,286.0,278.0,264.0,274.0,279.0,280.0,265.0,318.0,306.0,233,295,0.0,306,0.0,283,0.0,286,0.0,309,0.0,307,-8.0,288,0.0,308,-1.0,297,0.0,,,,,,,279,2.0,292,-4.0,289,-2.0,314,0.0,332,0.0,264.0,31.0
j120,j12016_4,j12016_4.sm,244.0,246.0,240.0,242.0,256.0,267.0,233.0,262.0,276.0,263.0,247.0,260.0,259.0,264.0,242.0,242.0,242.0,235.0,251.0,235.0,252.0,279.0,232.0,226.0,225.0,222.0,230.0,235.0,222.0,258.0,253.0,260.0,232.0,235.0,227.0,241.0,225.0,223.0,221.0,231.0,226.0,223.0,249.0,266.0,199,244,0.0,246,0.0,240,0.0,242,0.0,256,0.0,257,10.0,233,0.0,245,31.0,263,0.0,,,,,,,235,0.0,252,-1.0,235,0.0,252,0.0,279,0.0,221.0,22.0
j120,j12016_5,j12016_5.sm,257.0,258.0,240.0,236.0,278.0,281.0,237.0,289.0,276.0,266.0,251.0,252.0,257.0,243.0,236.0,241.0,241.0,238.0,251.0,242.0,276.0,299.0,239.0,244.0,222.0,223.0,259.0,241.0,224.0,252.0,263.0,247.0,230.0,240.0,245.0,237.0,229.0,223.0,227.0,221.0,239.0,222.0,262.0,268.0,199,257,0.0,258,0.0,240,0.0,236,0.0,278,0.0,261,20.0,237,0.0,259,17.0,266,0.0,,,,,,,238,0.0,249,2.0,242,0.0,276,0.0,291,8.0,221.0,22.0
j120,j12016_6,j12016_6.sm,252.0,259.0,240.0,252.0,283.0,261.0,248.0,290.0,269.0,284.0,256.0,268.0,276.0,257.0,252.0,248.0,248.0,250.0,250.0,244.0,297.0,289.0,241.0,238.0,237.0,231.0,249.0,253.0,230.0,273.0,263.0,251.0,239.0,233.0,235.0,252.0,241.0,231.0,231.0,230.0,240.0,228.0,265.0,279.0,204,252,0.0,259,0.0,240,0.0,252,0.0,283,0.0,262,-1.0,248,0.0,254,15.0,284,0.0,,,,,,,246,4.0,256,-6.0,244,0.0,297,0.0,289,0.0,228.0,24.0
j120,j12016_7,j12016_7.sm,239.0,239.0,211.0,221.0,266.0,251.0,224.0,252.0,257.0,235.0,230.0,248.0,240.0,244.0,221.0,218.0,218.0,224.0,240.0,222.0,284.0,276.0,226.0,225.0,206.0,209.0,254.0,227.0,206.0,243.0,253.0,238.0,215.0,220.0,217.0,231.0,212.0,206.0,208.0,213.0,222.0,202.0,260.0,253.0,184,239,0.0,239,0.0,211,0.0,221,0.0,266,0.0,235,16.0,224,0.0,233,24.0,235,0.0,,,,,,,221,3.0,241,-1.0,222,0.0,284,0.0,276,0.0,202.0,18.0
j120,j12016_8,j12016_8.sm,247.0,258.0,228.0,236.0,287.0,257.0,235.0,258.0,255.0,247.0,241.0,247.0,242.0,260.0,236.0,233.0,232.0,230.0,249.0,235.0,253.0,302.0,237.0,239.0,221.0,218.0,242.0,242.0,224.0,251.0,253.0,242.0,230.0,236.0,237.0,241.0,223.0,218.0,221.0,221.0,233.0,220.0,248.0,271.0,194,247,0.0,258,0.0,228,0.0,236,0.0,287,0.0,249,8.0,235,0.0,252,3.0,247,0.0,,,,,,,233,-3.0,248,1.0,235,0.0,253,0.0,302,0.0,218.0,24.0
j120,j12016_9,j12016_9.sm,258.0,267.0,242.0,254.0,304.0,297.0,253.0,282.0,282.0,265.0,251.0,275.0,269.0,257.0,278.0,245.0,238.0,255.0,267.0,245.0,291.0,291.0,244.0,249.0,229.0,230.0,256.0,260.0,227.0,271.0,262.0,254.0,230.0,234.0,232.0,247.0,236.0,233.0,233.0,237.0,243.0,230.0,243.0,280.0,204,258,0.0,267,0.0,242,0.0,254,0.0,304,0.0,259,38.0,253,0.0,251,31.0,265,0.0,,,,,,,259,-4.0,265,2.0,248,-3.0,291,0.0,291,0.0,227.0,23.0
j120,j12017_1,j12017_1.sm,175.0,181.0,161.0,164.0,191.0,191.0,163.0,196.0,190.0,194.0,176.0,182.0,190.0,179.0,164.0,161.0,161.0,165.0,177.0,161.0,211.0,207.0,166.0,171.0,151.0,155.0,170.0,169.0,153.0,169.0,190.0,177.0,156.0,159.0,175.0,167.0,156.0,155.0,151.0,152.0,167.0,151.0,186.0,189.0,140,175,0.0,181,0.0,161,0.0,164,0.0,191,0.0,193,-2.0,163,0.0,188,2.0,194,0.0,,,,,,,161,4.0,176,1.0,159,2.0,211,0.0,207,0.0,151.0,11.0
j120,j12017_10,j12017_10.sm,169.0,172.0,153.0,156.0,174.0,181.0,159.0,168.0,176.0,172.0,166.0,174.0,174.0,162.0,156.0,154.0,154.0,159.0,173.0,155.0,173.0,204.0,165.0,165.0,149.0,145.0,167.0,168.0,149.0,170.0,163.0,159.0,157.0,151.0,159.0,153.0,149.0,148.0,149.0,147.0,165.0,147.0,176.0,166.0,134,169,0.0,172,0.0,153,0.0,156,0.0,174,0.0,166,15.0,159,0.0,159,17.0,172,0.0,,,,,,,158,1.0,169,4.0,153,2.0,173,0.0,204,0.0,145.0,11.0
j120,j12017_2,j12017_2.sm,154.0,161.0,143.0,143.0,165.0,169.0,143.0,170.0,158.0,157.0,153.0,161.0,156.0,154.0,143.0,139.0,139.0,140.0,154.0,144.0,156.0,177.0,149.0,154.0,137.0,136.0,150.0,157.0,140.0,152.0,155.0,162.0,140.0,151.0,148.0,154.0,138.0,134.0,135.0,137.0,146.0,134.0,155.0,165.0,123,154,0.0,161,0.0,143,0.0,143,0.0,165,0.0,152,17.0,143,0.0,164,-6.0,157,0.0,,,,,,,142,-2.0,157,-3.0,144,0.0,156,0.0,177,0.0,134.0,11.0
j120,j12017_3,j12017_3.sm,138.0,136.0,121.0,125.0,140.0,143.0,128.0,138.0,151.0,142.0,127.0,133.0,135.0,139.0,125.0,124.0,124.0,128.0,135.0,124.0,147.0,164.0,129.0,123.0,119.0,115.0,124.0,137.0,121.0,135.0,146.0,127.0,126.0,123.0,132.0,125.0,119.0,117.0,120.0,120.0,127.0,118.0,133.0,153.0,108,138,0.0,136,0.0,121,0.0,125,0.0,140,0.0,138,5.0,128,0.0,143,8.0,142,0.0,,,,,,,127,1.0,134,1.0,126,-2.0,147,0.0,164,0.0,115.0,7.0
j120,j12017_4,j12017_4.sm,159.0,165.0,135.0,139.0,179.0,163.0,140.0,161.0,157.0,164.0,149.0,159.0,160.0,153.0,139.0,137.0,137.0,140.0,159.0,138.0,159.0,196.0,157.0,156.0,127.0,130.0,160.0,157.0,134.0,165.0,165.0,158.0,141.0,151.0,145.0,154.0,128.0,126.0,129.0,128.0,153.0,130.0,155.0,165.0,120,159,0.0,165,0.0,135,0.0,139,0.0,179,0.0,154,9.0,140,0.0,152,5.0,164,0.0,,,,,,,138,2.0,158,1.0,138,0.0,159,0.0,196,0.0,126.0,6.0
j120,j12017_5,j12017_5.sm,170.0,170.0,149.0,149.0,177.0,184.0,159.0,173.0,179.0,170.0,163.0,168.0,167.0,172.0,149.0,151.0,151.0,154.0,174.0,150.0,182.0,208.0,163.0,162.0,143.0,143.0,164.0,158.0,151.0,168.0,173.0,155.0,159.0,159.0,156.0,169.0,144.0,142.0,144.0,145.0,166.0,145.0,182.0,174.0,129,170,0.0,170,0.0,149,0.0,149,0.0,177,0.0,179,5.0,159,0.0,170,9.0,170,0.0,,,,,,,152,2.0,173,1.0,150,0.0,182,0.0,208,0.0,142.0,13.0
j120,j12017_6,j12017_6.sm,161.0,160.0,156.0,156.0,181.0,169.0,155.0,174.0,178.0,168.0,158.0,181.0,186.0,170.0,156.0,158.0,158.0,155.0,162.0,153.0,187.0,181.0,153.0,153.0,149.0,151.0,162.0,170.0,151.0,171.0,170.0,165.0,154.0,152.0,156.0,157.0,149.0,148.0,151.0,151.0,155.0,146.0,167.0,167.0,136,161,0.0,160,0.0,156,0.0,156,0.0,181,0.0,170,-1.0,155,0.0,173,5.0,168,0.0,,,,,,,159,-4.0,158,4.0,153,0.0,187,0.0,181,0.0,146.0,10.0
j120,j12017_7,j12017_7.sm,188.0,191.0,168.0,170.0,196.0,185.0,167.0,207.0,185.0,191.0,176.0,191.0,192.0,185.0,170.0,168.0,168.0,171.0,181.0,167.0,200.0,213.0,175.0,170.0,163.0,160.0,170.0,179.0,158.0,178.0,178.0,186.0,167.0,175.0,189.0,176.0,162.0,158.0,159.0,158.0,174.0,158.0,193.0,187.0,146,188,0.0,191,0.0,168,0.0,170,0.0,196,0.0,192,-7.0,167,0.0,182,3.0,191,0.0,,,,,,,172,-1.0,181,0.0,166,1.0,200,0.0,213,0.0,158.0,12.0
j120,j12017_8,j12017_8.sm,155.0,157.0,145.0,147.0,169.0,165.0,155.0,179.0,172.0,163.0,149.0,164.0,164.0,157.0,147.0,146.0,146.0,149.0,152.0,146.0,173.0,178.0,150.0,150.0,139.0,136.0,153.0,151.0,143.0,157.0,153.0,150.0,145.0,149.0,159.0,154.0,140.0,140.0,139.0,137.0,151.0,139.0,154.0,153.0,127,155,0.0,157,0.0,145,0.0,147,0.0,169,0.0,169,-4.0,155,0.0,156,16.0,163,0.0,,,,,,,150,-1.0,153,-1.0,146,0.0,172,1.0,178,0.0,136.0,9.0
j120,j12017_9,j12017_9.sm,165.0,173.0,158.0,158.0,183.0,185.0,161.0,183.0,191.0,178.0,169.0,176.0,177.0,168.0,158.0,157.0,157.0,159.0,164.0,159.0,183.0,192.0,161.0,162.0,150.0,149.0,165.0,168.0,155.0,172.0,175.0,162.0,163.0,156.0,169.0,162.0,151.0,148.0,154.0,147.0,158.0,148.0,164.0,189.0,134,165,0.0,173,0.0,158,0.0,158,0.0,183,0.0,162,23.0,161,0.0,175,16.0,178,0.0,,,,,,,156,3.0,165,-1.0,158,1.0,183,0.0,192,0.0,147.0,13.0
j120,j12018_1,j12018_1.sm,163.0,166.0,155.0,156.0,164.0,178.0,160.0,178.0,174.0,163.0,163.0,168.0,179.0,171.0,156.0,156.0,156.0,158.0,164.0,158.0,193.0,189.0,161.0,160.0,148.0,151.0,161.0,157.0,154.0,157.0,169.0,175.0,151.0,159.0,162.0,161.0,153.0,150.0,146.0,152.0,156.0,153.0,165.0,174.0,138,163,0.0,166,0.0,155,0.0,156,0.0,164,0.0,178,0.0,160,0.0,169,5.0,163,0.0,,,,,,,156,2.0,163,1.0,157,1.0,193,0.0,189,0.0,146.0,8.0
j120,j12018_10,j12018_10.sm,122.0,122.0,107.0,109.0,136.0,139.0,116.0,131.0,136.0,132.0,131.0,137.0,148.0,125.0,109.0,108.0,108.0,115.0,121.0,109.0,137.0,151.0,119.0,123.0,104.0,106.0,134.0,126.0,113.0,144.0,129.0,122.0,124.0,119.0,119.0,116.0,105.0,104.0,103.0,106.0,118.0,104.0,135.0,134.0,98,122,0.0,122,0.0,107,0.0,109,0.0,136,0.0,132,7.0,116,0.0,138,-2.0,132,0.0,,,,,,,113,2.0,121,0.0,109,0.0,137,0.0,151,0.0,103.0,5.0
j120,j12018_2,j12018_2.sm,158.0,157.0,128.0,134.0,151.0,163.0,138.0,159.0,185.0,156.0,147.0,161.0,162.0,161.0,134.0,128.0,128.0,133.0,154.0,130.0,159.0,187.0,154.0,152.0,125.0,126.0,147.0,152.0,133.0,156.0,155.0,151.0,148.0,154.0,155.0,148.0,126.0,131.0,125.0,127.0,152.0,127.0,167.0,169.0,116,158,0.0,157,0.0,128,0.0,134,0.0,151,0.0,166,-3.0,138,0.0,158,27.0,156,0.0,,,,,,,132,1.0,156,-2.0,130,0.0,159,0.0,187,0.0,125.0,9.0
j120,j12018_3,j12018_3.sm,120.0,122.0,111.0,113.0,120.0,129.0,112.0,127.0,139.0,124.0,122.0,121.0,128.0,128.0,113.0,111.0,111.0,116.0,120.0,111.0,137.0,154.0,115.0,117.0,105.0,108.0,121.0,114.0,108.0,119.0,123.0,113.0,118.0,116.0,113.0,125.0,108.0,106.0,106.0,107.0,118.0,108.0,130.0,130.0,101,120,0.0,122,0.0,111,0.0,113,0.0,120,0.0,130,-1.0,112,0.0,119,20.0,124,0.0,,,,,,,110,6.0,120,0.0,111,0.0,137,0.0,154,0.0,105.0,4.0
j120,j12018_4,j12018_4.sm,120.0,121.0,112.0,114.0,140.0,125.0,117.0,146.0,133.0,127.0,130.0,141.0,130.0,132.0,114.0,114.0,114.0,112.0,119.0,116.0,132.0,146.0,119.0,118.0,108.0,110.0,117.0,119.0,110.0,118.0,129.0,126.0,124.0,118.0,116.0,136.0,108.0,110.0,107.0,111.0,117.0,107.0,130.0,131.0,100,120,0.0,121,0.0,112,0.0,114,0.0,140,0.0,125,0.0,117,0.0,125,8.0,127,0.0,,,,,,,113,-1.0,120,-1.0,113,3.0,132,0.0,146,0.0,107.0,7.0
j120,j12018_5,j12018_5.sm,143.0,151.0,135.0,136.0,152.0,166.0,133.0,156.0,164.0,153.0,141.0,153.0,158.0,146.0,136.0,134.0,134.0,132.0,147.0,134.0,163.0,167.0,142.0,145.0,127.0,127.0,139.0,142.0,128.0,143.0,153.0,149.0,138.0,136.0,151.0,154.0,129.0,126.0,128.0,130.0,143.0,127.0,152.0,161.0,118,143,0.0,151,0.0,135,0.0,136,0.0,152,0.0,157,9.0,133,0.0,157,7.0,153,0.0,,,,,,,132,0.0,146,1.0,134,0.0,163,0.0,167,0.0,126.0,8.0
j120,j12018_6,j12018_6.sm,166.0,169.0,153.0,156.0,182.0,184.0,154.0,165.0,171.0,164.0,155.0,165.0,170.0,168.0,156.0,153.0,153.0,154.0,166.0,156.0,183.0,203.0,163.0,164.0,149.0,151.0,165.0,156.0,152.0,165.0,184.0,168.0,152.0,153.0,157.0,165.0,147.0,146.0,147.0,149.0,162.0,148.0,174.0,186.0,134,166,0.0,169,0.0,153,0.0,156,0.0,182,0.0,175,9.0,154,0.0,185,-14.0,164,0.0,,,,,,,151,3.0,166,0.0,156,0.0,183,0.0,203,0.0,146.0,12.0
j120,j12018_7,j12018_7.sm,148.0,150.0,132.0,136.0,161.0,151.0,133.0,157.0,159.0,150.0,149.0,151.0,151.0,159.0,136.0,132.0,132.0,136.0,148.0,134.0,158.0,183.0,143.0,146.0,128.0,129.0,139.0,143.0,127.0,154.0,165.0,157.0,146.0,146.0,152.0,135.0,130.0,131.0,130.0,127.0,145.0,127.0,164.0,165.0,117,148,0.0,150,0.0,132,0.0,136,0.0,161,0.0,163,-12.0,133,0.0,154,5.0,150,0.0,,,,,,,132,4.0,147,1.0,134,0.0,158,0.0,183,0.0,127.0,10.0
j120,j12018_8,j12018_8.sm,133.0,141.0,120.0,124.0,149.0,160.0,123.0,139.0,138.0,138.0,123.0,133.0,137.0,151.0,124.0,119.0,119.0,122.0,137.0,126.0,147.0,156.0,134.0,128.0,113.0,116.0,140.0,136.0,119.0,133.0,142.0,141.0,119.0,144.0,122.0,136.0,115.0,115.0,116.0,113.0,133.0,111.0,143.0,146.0,105,133,0.0,141,0.0,120,0.0,124,0.0,149,0.0,141,19.0,123,0.0,137,1.0,138,0.0,,,,,,,123,-1.0,136,1.0,126,0.0,147,0.0,156,0.0,111.0,6.0
j120,j12018_9,j12018_9.sm,111.0,115.0,102.0,103.0,116.0,126.0,107.0,110.0,116.0,117.0,109.0,117.0,118.0,118.0,103.0,101.0,101.0,104.0,113.0,101.0,134.0,128.0,110.0,114.0,99.0,99.0,117.0,115.0,103.0,113.0,118.0,108.0,105.0,107.0,107.0,106.0,99.0,100.0,99.0,99.0,111.0,99.0,116.0,119.0,91,111,0.0,115,0.0,102,0.0,103,0.0,116,0.0,106,20.0,107,0.0,111,5.0,117,0.0,,,,,,,104,0.0,113,0.0,101,0.0,136,-2.0,128,0.0,99.0,8.0
j120,j12019_1,j12019_1.sm,114.0,114.0,93.0,94.0,118.0,119.0,93.0,119.0,121.0,113.0,109.0,104.0,103.0,113.0,94.0,92.0,92.0,94.0,113.0,93.0,120.0,131.0,115.0,112.0,91.0,90.0,109.0,109.0,97.0,122.0,117.0,98.0,105.0,107.0,111.0,114.0,90.0,90.0,89.0,91.0,113.0,92.0,110.0,116.0,88,114,0.0,114,0.0,93,0.0,94,0.0,118,0.0,114,5.0,93,0.0,109,12.0,113,0.0,,,,,,,91,3.0,113,0.0,93,0.0,120,0.0,131,0.0,89.0,1.0
j120,j12019_10,j12019_10.sm,111.0,112.0,88.0,88.0,111.0,126.0,96.0,112.0,118.0,114.0,98.0,114.0,118.0,104.0,88.0,88.0,88.0,91.0,112.0,88.0,116.0,136.0,110.0,110.0,88.0,91.0,105.0,99.0,92.0,105.0,104.0,101.0,95.0,118.0,102.0,97.0,89.0,91.0,88.0,89.0,111.0,88.0,119.0,116.0,88,111,0.0,112,0.0,88,0.0,88,0.0,111,0.0,113,13.0,96,0.0,100,18.0,114,0.0,,,,,,,91,0.0,111,1.0,88,0.0,116,0.0,136,0.0,88.0,0.0
j120,j12019_2,j12019_2.sm,108.0,106.0,91.0,91.0,111.0,112.0,93.0,104.0,109.0,119.0,96.0,124.0,126.0,118.0,91.0,92.0,92.0,91.0,103.0,94.0,114.0,125.0,106.0,104.0,88.0,89.0,110.0,101.0,90.0,104.0,101.0,96.0,92.0,104.0,100.0,104.0,88.0,88.0,89.0,87.0,103.0,87.0,116.0,118.0,82,108,0.0,106,0.0,91,0.0,91,0.0,111,0.0,107,5.0,93,0.0,112,-3.0,119,0.0,,,,,,,91,0.0,103,0.0,94,0.0,114,0.0,125,0.0,87.0,5.0
j120,j12019_3,j12019_3.sm,99.0,101.0,93.0,96.0,117.0,116.0,101.0,110.0,106.0,111.0,94.0,106.0,114.0,105.0,96.0,93.0,93.0,94.0,99.0,93.0,103.0,129.0,98.0,96.0,90.0,93.0,103.0,106.0,96.0,107.0,100.0,110.0,95.0,101.0,101.0,111.0,93.0,91.0,90.0,95.0,96.0,93.0,113.0,110.0,85,99,0.0,101,0.0,93,0.0,96,0.0,117,0.0,104,12.0,101,0.0,115,-9.0,111,0.0,,,,,,,93,1.0,99,0.0,93,0.0,101,2.0,129,0.0,90.0,5.0
j120,j12019_4,j12019_4.sm,131.0,135.0,121.0,125.0,139.0,143.0,127.0,137.0,142.0,137.0,133.0,137.0,141.0,135.0,125.0,124.0,124.0,122.0,133.0,122.0,139.0,159.0,130.0,129.0,115.0,118.0,137.0,127.0,119.0,133.0,128.0,134.0,125.0,135.0,133.0,124.0,117.0,114.0,115.0,117.0,127.0,115.0,143.0,132.0,106,131,0.0,135,0.0,121,0.0,125,0.0,139,0.0,128,15.0,127,0.0,125,17.0,137,0.0,,,,,,,121,1.0,132,1.0,122,0.0,139,0.0,159,0.0,114.0,8.0
j120,j12019_5,j12019_5.sm,125.0,133.0,119.0,124.0,133.0,137.0,125.0,133.0,139.0,129.0,125.0,133.0,133.0,138.0,124.0,119.0,119.0,122.0,126.0,119.0,136.0,153.0,123.0,122.0,112.0,112.0,124.0,125.0,116.0,140.0,125.0,122.0,120.0,119.0,124.0,122.0,112.0,110.0,111.0,115.0,122.0,109.0,125.0,132.0,103,125,0.0,133,0.0,119,0.0,124,0.0,133,0.0,129,8.0,125,0.0,135,4.0,129,0.0,,,,,,,121,1.0,126,0.0,119,0.0,136,0.0,153,0.0,109.0,6.0
j120,j12019_6,j12019_6.sm,110.0,110.0,97.0,98.0,132.0,120.0,106.0,137.0,130.0,122.0,106.0,131.0,128.0,129.0,98.0,96.0,96.0,101.0,109.0,98.0,127.0,125.0,112.0,108.0,97.0,97.0,112.0,116.0,101.0,116.0,122.0,125.0,111.0,107.0,112.0,113.0,96.0,93.0,95.0,97.0,106.0,96.0,110.0,123.0,90,110,0.0,110,0.0,97,0.0,98,0.0,132,0.0,118,2.0,106,0.0,125,5.0,122,0.0,,,,,,,101,0.0,109,0.0,98,0.0,127,0.0,125,0.0,93.0,3.0
j120,j12019_7,j12019_7.sm,119.0,122.0,102.0,102.0,126.0,123.0,103.0,123.0,138.0,114.0,111.0,127.0,131.0,124.0,102.0,102.0,102.0,100.0,120.0,102.0,139.0,125.0,118.0,121.0,98.0,98.0,120.0,125.0,103.0,128.0,122.0,125.0,106.0,113.0,120.0,109.0,98.0,93.0,97.0,96.0,112.0,94.0,129.0,130.0,93,119,0.0,122,0.0,102,0.0,102,0.0,126,0.0,133,-10.0,103,0.0,114,24.0,114,0.0,,,,,,,98,2.0,119,1.0,102,0.0,139,0.0,125,0.0,93.0,0.0
j120,j12019_8,j12019_8.sm,125.0,127.0,98.0,100.0,134.0,144.0,101.0,129.0,133.0,124.0,112.0,124.0,128.0,129.0,100.0,100.0,100.0,102.0,123.0,99.0,132.0,148.0,120.0,126.0,99.0,101.0,118.0,121.0,100.0,133.0,135.0,122.0,109.0,127.0,110.0,121.0,98.0,98.0,97.0,101.0,119.0,100.0,134.0,132.0,93,125,0.0,127,0.0,98,0.0,100,0.0,134,0.0,124,20.0,101,0.0,119,14.0,124,0.0,,,,,,,101,1.0,125,-2.0,99,0.0,132,0.0,148,0.0,97.0,4.0
j120,j12019_9,j12019_9.sm,105.0,106.0,97.0,98.0,115.0,108.0,105.0,125.0,122.0,111.0,107.0,121.0,112.0,112.0,98.0,95.0,95.0,96.0,105.0,96.0,120.0,120.0,102.0,103.0,92.0,94.0,100.0,103.0,101.0,111.0,116.0,107.0,105.0,112.0,106.0,109.0,94.0,91.0,92.0,92.0,102.0,95.0,115.0,112.0,88,105,0.0,106,0.0,97,0.0,98,0.0,115,0.0,117,-9.0,105,0.0,111,11.0,111,0.0,,,,,,,96,0.0,105,0.0,96,0.0,120,0.0,120,0.0,91.0,3.0
j120,j1201_1,j1201_1.sm,132.0,144.0,119.0,123.0,147.0,165.0,125.0,160.0,149.0,156.0,123.0,153.0,153.0,123.0,154.0,124.0,119.0,124.0,138.0,114.0,157.0,193.0,127.0,128.0,120.0,126.0,132.0,139.0,121.0,139.0,126.0,133.0,121.0,133.0,133.0,121.0,124.0,124.0,125.0,124.0,130.0,120.0,142.0,178.0,105,132,0.0,144,0.0,119,0.0,123,0.0,147,0.0,153,12.0,125,0.0,140,9.0,156,0.0,,,,,,,124,0.0,138,0.0,114,0.0,157,0.0,193,0.0,114.0,9.0
j120,j1201_10,j1201_10.sm,150.0,147.0,132.0,133.0,159.0,153.0,124.0,152.0,178.0,153.0,140.0,160.0,160.0,140.0,161.0,128.0,132.0,129.0,151.0,123.0,156.0,182.0,147.0,145.0,123.0,121.0,152.0,144.0,140.0,150.0,170.0,162.0,143.0,140.0,140.0,143.0,130.0,129.0,123.0,140.0,152.0,130.0,158.0,165.0,108,150,0.0,147,0.0,132,0.0,133,0.0,159,0.0,166,-13.0,124,0.0,156,22.0,153,0.0,,,,,,,130,-1.0,151,0.0,123,0.0,156,0.0,182,0.0,121.0,13.0
j120,j1201_2,j1201_2.sm,137.0,146.0,133.0,129.0,163.0,165.0,120.0,149.0,161.0,159.0,140.0,153.0,153.0,140.0,171.0,129.0,133.0,125.0,141.0,122.0,171.0,178.0,135.0,142.0,124.0,125.0,143.0,129.0,128.0,142.0,148.0,165.0,130.0,133.0,133.0,130.0,128.0,125.0,125.0,127.0,134.0,127.0,148.0,168.0,109,137,0.0,146,0.0,133,0.0,129,0.0,163,0.0,140,25.0,120,0.0,158,3.0,159,0.0,,,,,,,125,0.0,141,0.0,122,0.0,171,0.0,178,0.0,120.0,11.0
j120,j1201_3,j1201_3.sm,149.0,149.0,146.0,145.0,167.0,186.0,155.0,181.0,172.0,157.0,148.0,165.0,165.0,148.0,167.0,141.0,148.0,147.0,160.0,144.0,168.0,197.0,144.0,145.0,144.0,138.0,158.0,169.0,140.0,165.0,172.0,145.0,138.0,153.0,153.0,138.0,136.0,140.0,144.0,144.0,151.0,142.0,160.0,179.0,125,149,0.0,149,0.0,146,0.0,145,0.0,167,0.0,175,11.0,155,0.0,154,18.0,157,0.0,,,,,,,147,0.0,160,0.0,144,0.0,169,-1.0,197,0.0,136.0,11.0
j120,j1201_4,j1201_4.sm,124.0,124.0,108.0,113.0,135.0,132.0,107.0,135.0,132.0,143.0,116.0,135.0,135.0,116.0,166.0,105.0,108.0,111.0,121.0,110.0,140.0,168.0,115.0,115.0,106.0,105.0,126.0,121.0,114.0,126.0,119.0,112.0,110.0,114.0,114.0,110.0,108.0,104.0,105.0,108.0,125.0,104.0,125.0,133.0,97,124,0.0,124,0.0,108,0.0,113,0.0,135,0.0,122,10.0,107,0.0,118,14.0,143,0.0,,,,,,,111,0.0,121,0.0,110,0.0,140,0.0,168,0.0,104.0,7.0
j120,j1201_5,j1201_5.sm,143.0,148.0,131.0,128.0,158.0,179.0,121.0,166.0,179.0,175.0,134.0,149.0,149.0,134.0,163.0,122.0,129.0,120.0,148.0,120.0,157.0,202.0,144.0,146.0,125.0,120.0,144.0,143.0,124.0,155.0,160.0,163.0,128.0,160.0,160.0,128.0,126.0,120.0,122.0,121.0,139.0,122.0,153.0,153.0,112,143,0.0,148,0.0,131,0.0,128,0.0,158,0.0,172,7.0,121,0.0,157,22.0,175,0.0,,,,,,,120,0.0,148,0.0,120,0.0,157,0.0,202,0.0,120.0,8.0
j120,j1201_6,j1201_6.sm,106.0,108.0,89.0,91.0,123.0,106.0,100.0,106.0,117.0,116.0,100.0,113.0,113.0,100.0,118.0,93.0,89.0,95.0,113.0,100.0,109.0,119.0,101.0,96.0,90.0,97.0,101.0,100.0,96.0,108.0,114.0,98.0,100.0,102.0,102.0,100.0,95.0,91.0,90.0,96.0,99.0,96.0,101.0,108.0,84,106,0.0,108,0.0,89,0.0,91,0.0,123,0.0,113,-7.0,100,0.0,109,8.0,116,0.0,,,,,,,95,0.0,113,0.0,100,0.0,109,0.0,119,0.0,89.0,5.0
j120,j1201_7,j1201_7.sm,157.0,152.0,131.0,127.0,166.0,156.0,143.0,182.0,153.0,142.0,137.0,158.0,158.0,137.0,138.0,135.0,131.0,130.0,160.0,131.0,155.0,174.0,151.0,142.0,133.0,133.0,141.0,137.0,131.0,144.0,142.0,148.0,140.0,141.0,141.0,140.0,132.0,133.0,133.0,133.0,137.0,133.0,149.0,152.0,117,157,0.0,152,0.0,131,0.0,127,0.0,166,0.0,153,3.0,143,0.0,144,9.0,142,0.0,,,,,,,130,0.0,159,1.0,131,0.0,155,0.0,169,5.0,127.0,10.0
j120,j1201_8,j1201_8.sm,140.0,152.0,130.0,131.0,140.0,176.0,127.0,154.0,157.0,135.0,126.0,141.0,141.0,126.0,159.0,127.0,130.0,127.0,150.0,123.0,132.0,167.0,133.0,136.0,120.0,122.0,132.0,148.0,120.0,126.0,135.0,136.0,122.0,130.0,130.0,122.0,124.0,122.0,122.0,120.0,135.0,122.0,135.0,152.0,109,140,0.0,152,0.0,130,0.0,131,0.0,140,0.0,151,25.0,127,0.0,166,-9.0,135,0.0,,,,,,,127,0.0,150,0.0,123,0.0,132,0.0,167,0.0,120.0,11.0
j120,j1201_9,j1201_9.sm,156.0,158.0,134.0,133.0,179.0,156.0,141.0,166.0,176.0,166.0,147.0,156.0,156.0,147.0,164.0,152.0,134.0,128.0,162.0,132.0,146.0,206.0,151.0,152.0,135.0,136.0,143.0,138.0,136.0,138.0,158.0,147.0,138.0,150.0,150.0,138.0,142.0,135.0,135.0,136.0,152.0,136.0,139.0,153.0,112,156,0.0,158,0.0,134,0.0,133,0.0,179,0.0,152,4.0,141,0.0,175,1.0,166,0.0,,,,,,,128,0.0,162,0.0,132,0.0,147,-1.0,206,0.0,128.0,16.0
j120,j12020_1,j12020_1.sm,110.0,113.0,93.0,94.0,119.0,128.0,99.0,127.0,127.0,115.0,104.0,122.0,118.0,116.0,94.0,92.0,92.0,99.0,111.0,94.0,124.0,134.0,109.0,110.0,95.0,93.0,104.0,108.0,100.0,113.0,112.0,118.0,106.0,113.0,112.0,112.0,92.0,92.0,92.0,93.0,108.0,92.0,114.0,120.0,89,110,0.0,113,0.0,93,0.0,94,0.0,119,0.0,115,13.0,99,0.0,116,11.0,115,0.0,,,,,,,98,1.0,111,0.0,94,0.0,124,0.0,134,0.0,92.0,3.0
j120,j12020_10,j12020_10.sm,101.0,101.0,82.0,81.0,122.0,96.0,87.0,98.0,101.0,111.0,93.0,112.0,106.0,102.0,81.0,82.0,82.0,81.0,100.0,81.0,121.0,121.0,101.0,100.0,88.0,85.0,105.0,98.0,81.0,99.0,115.0,105.0,93.0,91.0,99.0,95.0,85.0,86.0,88.0,81.0,99.0,83.0,110.0,108.0,81,101,0.0,101,0.0,82,0.0,81,0.0,122,0.0,113,-17.0,87,0.0,106,-5.0,111,0.0,,,,,,,81,0.0,100,0.0,81,0.0,121,0.0,121,0.0,81.0,0.0
j120,j12020_2,j12020_2.sm,117.0,120.0,99.0,99.0,119.0,116.0,109.0,125.0,122.0,113.0,116.0,108.0,111.0,124.0,99.0,99.0,99.0,102.0,116.0,102.0,112.0,133.0,117.0,114.0,105.0,101.0,112.0,112.0,107.0,125.0,114.0,109.0,117.0,114.0,112.0,119.0,101.0,99.0,100.0,102.0,115.0,99.0,114.0,119.0,99,117,0.0,120,0.0,99,0.0,99,0.0,119,0.0,118,-2.0,109,0.0,117,5.0,113,0.0,,,,,,,102,0.0,116,0.0,102,0.0,112,0.0,133,0.0,99.0,0.0
j120,j12020_3,j12020_3.sm,94.0,94.0,83.0,86.0,108.0,116.0,90.0,104.0,99.0,98.0,95.0,104.0,91.0,93.0,86.0,83.0,83.0,85.0,96.0,84.0,116.0,116.0,92.0,93.0,81.0,84.0,101.0,100.0,86.0,92.0,105.0,101.0,93.0,103.0,89.0,94.0,81.0,81.0,80.0,81.0,93.0,82.0,107.0,98.0,77,94,0.0,94,0.0,83,0.0,86,0.0,108,0.0,97,19.0,90,0.0,96,3.0,98,0.0,,,,,,,87,-2.0,95,1.0,84,0.0,116,0.0,116,0.0,80.0,3.0
j120,j12020_4,j12020_4.sm,103.0,105.0,89.0,89.0,108.0,120.0,89.0,98.0,111.0,99.0,95.0,111.0,108.0,107.0,89.0,89.0,89.0,89.0,105.0,89.0,113.0,112.0,102.0,103.0,91.0,89.0,103.0,101.0,92.0,105.0,102.0,97.0,93.0,103.0,104.0,110.0,89.0,90.0,91.0,91.0,105.0,92.0,101.0,111.0,89,103,0.0,105,0.0,89,0.0,89,0.0,108,0.0,104,16.0,89,0.0,106,5.0,99,0.0,,,,,,,89,0.0,105,0.0,89,0.0,113,0.0,112,0.0,89.0,0.0
j120,j12020_5,j12020_5.sm,84.0,86.0,70.0,71.0,88.0,96.0,75.0,85.0,84.0,87.0,83.0,91.0,92.0,86.0,71.0,71.0,71.0,74.0,83.0,71.0,92.0,98.0,81.0,84.0,70.0,70.0,85.0,87.0,75.0,87.0,89.0,83.0,78.0,82.0,88.0,86.0,70.0,69.0,69.0,70.0,81.0,69.0,87.0,92.0,69,84,0.0,86,0.0,70,0.0,71,0.0,88,0.0,80,16.0,75,0.0,92,-8.0,87,0.0,,,,,,,74,0.0,83,0.0,71,0.0,92,0.0,98,0.0,69.0,0.0
j120,j12020_6,j12020_6.sm,96.0,96.0,80.0,80.0,93.0,113.0,80.0,88.0,96.0,87.0,86.0,90.0,100.0,91.0,80.0,80.0,80.0,80.0,95.0,80.0,89.0,111.0,94.0,95.0,83.0,80.0,98.0,92.0,81.0,106.0,88.0,84.0,90.0,85.0,91.0,89.0,80.0,83.0,84.0,82.0,93.0,82.0,98.0,107.0,80,96,0.0,96,0.0,80,0.0,80,0.0,93,0.0,97,16.0,80,0.0,89,7.0,87,0.0,,,,,,,80,0.0,96,-1.0,80,0.0,89,0.0,111,0.0,80.0,0.0
j120,j12020_7,j12020_7.sm,95.0,100.0,81.0,81.0,94.0,96.0,81.0,88.0,86.0,91.0,84.0,84.0,88.0,101.0,81.0,81.0,81.0,81.0,96.0,81.0,88.0,111.0,95.0,96.0,81.0,82.0,94.0,94.0,82.0,89.0,91.0,89.0,84.0,93.0,86.0,99.0,82.0,81.0,81.0,83.0,97.0,83.0,93.0,105.0,81,95,0.0,100,0.0,81,0.0,81,0.0,94,0.0,96,0.0,81,0.0,88,-2.0,91,0.0,,,,,,,81,0.0,96,0.0,81,0.0,88,0.0,111,0.0,81.0,0.0
j120,j12020_8,j12020_8.sm,128.0,132.0,116.0,121.0,138.0,148.0,120.0,139.0,138.0,144.0,133.0,131.0,136.0,139.0,121.0,114.0,114.0,119.0,131.0,116.0,137.0,165.0,124.0,128.0,110.0,112.0,126.0,129.0,117.0,135.0,131.0,126.0,128.0,128.0,134.0,133.0,111.0,113.0,110.0,116.0,128.0,114.0,134.0,139.0,107,128,0.0,132,0.0,116,0.0,121,0.0,138,0.0,131,17.0,120,0.0,132,6.0,144,0.0,,,,,,,119,0.0,131,0.0,116,0.0,137,0.0,165,0.0,110.0,3.0
j120,j12020_9,j12020_9.sm,93.0,93.0,80.0,80.0,95.0,105.0,80.0,88.0,91.0,103.0,105.0,102.0,98.0,94.0,80.0,80.0,80.0,80.0,93.0,80.0,97.0,106.0,93.0,92.0,80.0,80.0,92.0,100.0,81.0,89.0,89.0,85.0,97.0,85.0,87.0,99.0,80.0,80.0,80.0,80.0,92.0,80.0,82.0,96.0,80,93,0.0,93,0.0,80,0.0,80,0.0,95,0.0,89,16.0,80,0.0,108,-17.0,103,0.0,,,,,,,80,0.0,93,0.0,80,0.0,97,0.0,106,0.0,80.0,0.0
j120,j12021_1,j12021_1.sm,149.0,148.0,142.0,141.0,158.0,170.0,140.0,168.0,179.0,191.0,150.0,176.0,176.0,150.0,171.0,136.0,142.0,140.0,161.0,137.0,186.0,226.0,148.0,147.0,143.0,141.0,146.0,151.0,140.0,186.0,178.0,173.0,134.0,152.0,152.0,134.0,145.0,141.0,143.0,143.0,140.0,141.0,157.0,180.0,114,149,0.0,148,0.0,142,0.0,141,0.0,158,0.0,162,8.0,140,0.0,180,-1.0,191,0.0,,,,,,,140,0.0,156,5.0,137,0.0,186,0.0,226,0.0,134.0,20.0
j120,j12021_10,j12021_10.sm,145.0,147.0,130.0,124.0,153.0,156.0,131.0,158.0,159.0,138.0,129.0,131.0,131.0,129.0,124.0,127.0,134.0,126.0,141.0,126.0,140.0,171.0,131.0,131.0,124.0,140.0,129.0,137.0,125.0,140.0,151.0,134.0,124.0,139.0,139.0,124.0,135.0,119.0,121.0,119.0,131.0,116.0,135.0,140.0,102,145,0.0,147,0.0,130,0.0,124,0.0,153,0.0,128,28.0,131,0.0,127,32.0,138,0.0,,,,,,,126,0.0,141,0.0,126,0.0,140,0.0,171,0.0,116.0,14.0
j120,j12021_2,j12021_2.sm,143.0,143.0,137.0,137.0,166.0,152.0,139.0,155.0,148.0,144.0,130.0,153.0,153.0,130.0,147.0,137.0,137.0,132.0,144.0,129.0,143.0,175.0,136.0,132.0,130.0,124.0,153.0,136.0,129.0,143.0,159.0,137.0,130.0,129.0,129.0,130.0,129.0,128.0,127.0,131.0,131.0,127.0,154.0,151.0,117,143,0.0,143,0.0,137,0.0,137,0.0,166,0.0,162,-10.0,139,0.0,151,-3.0,144,0.0,,,,,,,132,0.0,144,0.0,129,0.0,143,0.0,175,0.0,124.0,7.0
j120,j12021_3,j12021_3.sm,181.0,172.0,161.0,160.0,201.0,234.0,156.0,180.0,185.0,182.0,160.0,178.0,178.0,160.0,183.0,169.0,161.0,161.0,190.0,155.0,182.0,224.0,169.0,166.0,153.0,153.0,166.0,160.0,158.0,174.0,174.0,168.0,161.0,162.0,162.0,161.0,158.0,153.0,153.0,157.0,176.0,155.0,176.0,182.0,143,181,0.0,172,0.0,161,0.0,160,0.0,201,0.0,205,29.0,156,0.0,166,19.0,182,0.0,,,,,,,161,0.0,189,1.0,155,0.0,182,0.0,224,0.0,153.0,10.0
j120,j12021_4,j12021_4.sm,165.0,168.0,146.0,149.0,185.0,207.0,149.0,173.0,185.0,185.0,155.0,163.0,163.0,155.0,179.0,142.0,146.0,146.0,167.0,150.0,176.0,205.0,160.0,160.0,145.0,144.0,166.0,165.0,148.0,194.0,198.0,171.0,151.0,164.0,164.0,151.0,144.0,148.0,145.0,146.0,160.0,145.0,194.0,187.0,135,165,0.0,168,0.0,146,0.0,149,0.0,185,0.0,181,26.0,149,0.0,190,-5.0,185,0.0,,,,,,,146,0.0,167,0.0,150,0.0,176,0.0,205,0.0,142.0,7.0
j120,j12021_5,j12021_5.sm,141.0,144.0,125.0,127.0,167.0,148.0,143.0,174.0,149.0,144.0,152.0,146.0,146.0,152.0,147.0,126.0,125.0,140.0,141.0,138.0,172.0,170.0,137.0,135.0,122.0,127.0,139.0,142.0,126.0,147.0,141.0,130.0,134.0,129.0,129.0,134.0,136.0,127.0,122.0,120.0,129.0,122.0,146.0,151.0,110,141,0.0,144,0.0,125,0.0,127,0.0,167,0.0,149,-1.0,143,0.0,143,6.0,144,0.0,,,,,,,143,-3.0,145,-4.0,138,0.0,172,0.0,170,0.0,120.0,10.0
j120,j12021_6,j12021_6.sm,138.0,145.0,125.0,118.0,171.0,172.0,125.0,163.0,184.0,148.0,144.0,148.0,148.0,144.0,165.0,127.0,126.0,122.0,138.0,128.0,173.0,179.0,136.0,134.0,118.0,113.0,138.0,153.0,121.0,152.0,139.0,129.0,135.0,133.0,133.0,135.0,118.0,115.0,117.0,120.0,137.0,118.0,146.0,155.0,109,138,0.0,145,0.0,125,0.0,118,0.0,171,0.0,153,19.0,125,0.0,139,45.0,148,0.0,,,,,,,122,0.0,138,0.0,128,0.0,173,0.0,179,0.0,113.0,4.0
j120,j12021_7,j12021_7.sm,149.0,151.0,133.0,139.0,148.0,149.0,135.0,148.0,160.0,149.0,134.0,148.0,148.0,134.0,164.0,127.0,126.0,125.0,139.0,125.0,146.0,189.0,132.0,128.0,123.0,123.0,133.0,137.0,125.0,142.0,144.0,158.0,127.0,131.0,131.0,127.0,128.0,125.0,129.0,124.0,142.0,122.0,140.0,170.0,111,149,0.0,151,0.0,133,0.0,139,0.0,148,0.0,151,-2.0,135,0.0,138,22.0,149,0.0,,,,,,,125,0.0,139,0.0,125,0.0,146,0.0,189,0.0,122.0,11.0
j120,j12021_8,j12021_8.sm,160.0,164.0,141.0,146.0,173.0,177.0,144.0,175.0,209.0,164.0,158.0,181.0,181.0,158.0,185.0,139.0,141.0,137.0,166.0,137.0,200.0,200.0,169.0,162.0,143.0,151.0,177.0,185.0,145.0,175.0,179.0,165.0,151.0,163.0,163.0,151.0,151.0,140.0,139.0,152.0,162.0,135.0,190.0,189.0,127,160,0.0,164,0.0,141,0.0,146,0.0,173,0.0,174,3.0,144,0.0,183,26.0,164,0.0,,,,,,,137,0.0,166,0.0,137,0.0,200,0.0,200,0.0,135.0,8.0
j120,j12021_9,j12021_9.sm,142.0,140.0,120.0,123.0,139.0,129.0,116.0,152.0,152.0,131.0,133.0,155.0,155.0,133.0,142.0,121.0,120.0,120.0,149.0,120.0,147.0,151.0,138.0,138.0,117.0,117.0,142.0,152.0,117.0,142.0,150.0,136.0,131.0,134.0,134.0,131.0,117.0,117.0,117.0,124.0,148.0,121.0,144.0,151.0,102,142,0.0,140,0.0,120,0.0,123,0.0,139,0.0,146,-17.0,116,0.0,142,10.0,131,0.0,,,,,,,120,0.0,149,0.0,120,0.0,147,0.0,151,0.0,116.0,14.0
j120,j12022_1,j12022_1.sm,124.0,135.0,122.0,112.0,144.0,146.0,115.0,170.0,150.0,140.0,135.0,139.0,139.0,135.0,153.0,113.0,117.0,118.0,129.0,110.0,134.0,183.0,130.0,115.0,119.0,111.0,138.0,125.0,107.0,150.0,138.0,143.0,120.0,136.0,136.0,120.0,124.0,114.0,116.0,113.0,123.0,114.0,140.0,143.0,101,124,0.0,135,0.0,122,0.0,112,0.0,144,0.0,146,0.0,115,0.0,128,22.0,140,0.0,,,,,,,118,0.0,135,-6.0,110,0.0,134,0.0,183,0.0,107.0,6.0
j120,j12022_10,j12022_10.sm,94.0,97.0,85.0,85.0,109.0,122.0,90.0,103.0,122.0,106.0,90.0,100.0,100.0,90.0,93.0,87.0,85.0,87.0,99.0,87.0,125.0,131.0,92.0,96.0,86.0,87.0,94.0,90.0,87.0,97.0,92.0,97.0,91.0,87.0,87.0,91.0,87.0,85.0,86.0,87.0,93.0,87.0,87.0,106.0,79,94,0.0,97,0.0,85,0.0,85,0.0,109,0.0,106,16.0,90,0.0,102,20.0,106,0.0,,,,,,,87,0.0,99,0.0,87,0.0,125,0.0,131,0.0,85.0,6.0
j120,j12022_2,j12022_2.sm,128.0,132.0,117.0,114.0,134.0,149.0,124.0,140.0,135.0,141.0,120.0,152.0,152.0,120.0,114.0,114.0,114.0,115.0,130.0,116.0,165.0,141.0,131.0,126.0,118.0,119.0,139.0,120.0,123.0,139.0,125.0,131.0,120.0,124.0,124.0,120.0,130.0,118.0,118.0,122.0,127.0,122.0,144.0,132.0,107,128,0.0,132,0.0,117,0.0,114,0.0,134,0.0,131,18.0,124,0.0,152,-17.0,141,0.0,,,,,,,115,0.0,130,0.0,116,0.0,165,0.0,141,0.0,114.0,7.0
j120,j12022_3,j12022_3.sm,124.0,117.0,112.0,112.0,128.0,128.0,109.0,143.0,159.0,116.0,112.0,144.0,144.0,112.0,112.0,118.0,116.0,108.0,120.0,113.0,131.0,129.0,118.0,109.0,108.0,106.0,116.0,127.0,108.0,124.0,133.0,118.0,122.0,113.0,113.0,122.0,105.0,104.0,104.0,109.0,113.0,111.0,120.0,129.0,96,124,0.0,117,0.0,112,0.0,112,0.0,128,0.0,132,-4.0,109,0.0,126,33.0,116,0.0,,,,,,,108,0.0,120,0.0,113,0.0,131,0.0,129,0.0,104.0,8.0
j120,j12022_4,j12022_4.sm,104.0,109.0,97.0,94.0,126.0,114.0,105.0,129.0,123.0,113.0,100.0,109.0,109.0,100.0,112.0,93.0,97.0,94.0,115.0,92.0,129.0,134.0,102.0,110.0,104.0,101.0,107.0,105.0,103.0,132.0,110.0,113.0,101.0,103.0,103.0,101.0,103.0,101.0,100.0,100.0,108.0,100.0,115.0,114.0,90,104,0.0,109,0.0,97,0.0,94,0.0,126,0.0,117,-3.0,105,0.0,116,7.0,113,0.0,,,,,,,94,0.0,115,0.0,92,0.0,129,0.0,134,0.0,92.0,2.0
j120,j12022_5,j12022_5.sm,122.0,114.0,103.0,106.0,136.0,129.0,107.0,124.0,125.0,123.0,117.0,124.0,124.0,117.0,106.0,107.0,103.0,107.0,115.0,101.0,152.0,151.0,112.0,118.0,104.0,105.0,121.0,130.0,107.0,143.0,136.0,141.0,111.0,121.0,121.0,111.0,105.0,104.0,104.0,106.0,117.0,107.0,123.0,137.0,93,122,0.0,114,0.0,103,0.0,106,0.0,136,0.0,128,1.0,107,0.0,132,-7.0,123,0.0,,,,,,,107,0.0,116,-1.0,100,1.0,152,0.0,151,0.0,101.0,8.0
j120,j12022_6,j12022_6.sm,124.0,127.0,110.0,116.0,145.0,137.0,119.0,144.0,135.0,125.0,120.0,131.0,131.0,120.0,116.0,112.0,112.0,114.0,130.0,115.0,143.0,136.0,125.0,127.0,118.0,113.0,123.0,127.0,132.0,124.0,126.0,124.0,117.0,120.0,120.0,117.0,114.0,113.0,113.0,118.0,127.0,118.0,124.0,121.0,103,124,0.0,127,0.0,110,0.0,116,0.0,145,0.0,135,2.0,119,0.0,118,17.0,125,0.0,,,,,,,114,0.0,130,0.0,115,0.0,143,0.0,136,0.0,110.0,7.0
j120,j12022_7,j12022_7.sm,163.0,170.0,136.0,135.0,164.0,158.0,136.0,154.0,173.0,191.0,148.0,163.0,163.0,148.0,156.0,136.0,136.0,135.0,169.0,135.0,150.0,191.0,166.0,158.0,141.0,141.0,154.0,155.0,135.0,151.0,143.0,157.0,149.0,144.0,144.0,149.0,141.0,141.0,141.0,145.0,160.0,145.0,146.0,164.0,133,163,0.0,170,0.0,136,0.0,135,0.0,164,0.0,166,-8.0,136,0.0,160,13.0,191,0.0,,,,,,,135,0.0,169,0.0,135,0.0,150,0.0,191,0.0,135.0,2.0
j120,j12022_8,j12022_8.sm,137.0,124.0,122.0,118.0,136.0,139.0,119.0,159.0,141.0,147.0,123.0,138.0,138.0,123.0,126.0,120.0,116.0,117.0,129.0,117.0,140.0,156.0,137.0,113.0,114.0,113.0,123.0,129.0,125.0,127.0,136.0,134.0,116.0,125.0,125.0,116.0,111.0,115.0,109.0,108.0,129.0,107.0,146.0,157.0,103,137,0.0,124,0.0,122,0.0,118,0.0,136,0.0,128,11.0,119,0.0,150,-9.0,147,0.0,,,,,,,117,0.0,131,-2.0,117,0.0,140,0.0,156,0.0,107.0,4.0
j120,j12022_9,j12022_9.sm,129.0,129.0,131.0,122.0,145.0,154.0,135.0,148.0,154.0,154.0,143.0,138.0,138.0,143.0,122.0,134.0,131.0,134.0,130.0,122.0,142.0,148.0,124.0,124.0,121.0,121.0,131.0,126.0,125.0,137.0,139.0,131.0,132.0,131.0,131.0,132.0,124.0,121.0,121.0,137.0,126.0,125.0,137.0,127.0,109,129,0.0,129,0.0,131,0.0,122,0.0,145,0.0,136,18.0,135,0.0,149,5.0,154,0.0,,,,,,,134,0.0,130,0.0,122,0.0,142,0.0,148,0.0,121.0,12.0
j120,j12023_1,j12023_1.sm,121.0,122.0,107.0,107.0,133.0,120.0,107.0,133.0,110.0,127.0,117.0,107.0,107.0,117.0,107.0,107.0,107.0,107.0,130.0,107.0,130.0,136.0,121.0,124.0,111.0,116.0,134.0,117.0,110.0,116.0,118.0,112.0,112.0,120.0,120.0,112.0,116.0,111.0,111.0,116.0,125.0,116.0,108.0,136.0,107,121,0.0,122,0.0,107,0.0,107,0.0,133,0.0,115,5.0,107,0.0,108,2.0,127,0.0,,,,,,,107,0.0,128,2.0,107,0.0,130,0.0,136,0.0,107.0,0.0
j120,j12023_10,j12023_10.sm,115.0,118.0,100.0,101.0,132.0,115.0,102.0,139.0,134.0,115.0,106.0,109.0,109.0,106.0,101.0,100.0,100.0,100.0,115.0,100.0,135.0,142.0,112.0,113.0,108.0,111.0,110.0,110.0,113.0,110.0,109.0,109.0,119.0,111.0,111.0,119.0,107.0,108.0,108.0,102.0,112.0,106.0,117.0,108.0,100,115,0.0,118,0.0,100,0.0,101,0.0,132,0.0,115,0.0,102,0.0,117,17.0,115,0.0,,,,,,,100,0.0,115,0.0,100,0.0,135,0.0,142,0.0,100.0,0.0
j120,j12023_2,j12023_2.sm,132.0,136.0,116.0,116.0,129.0,142.0,124.0,132.0,137.0,125.0,126.0,130.0,130.0,126.0,144.0,116.0,116.0,116.0,142.0,116.0,142.0,160.0,140.0,140.0,120.0,120.0,133.0,124.0,120.0,144.0,136.0,139.0,132.0,138.0,138.0,132.0,120.0,120.0,120.0,120.0,129.0,120.0,136.0,141.0,116,132,0.0,136,0.0,116,0.0,116,0.0,129,0.0,131,11.0,124,0.0,119,18.0,125,0.0,,,,,,,116,0.0,142,0.0,116,0.0,142,0.0,160,0.0,116.0,0.0
j120,j12023_3,j12023_3.sm,112.0,116.0,99.0,99.0,116.0,111.0,100.0,105.0,110.0,103.0,105.0,105.0,105.0,105.0,99.0,99.0,99.0,99.0,119.0,99.0,106.0,121.0,109.0,106.0,108.0,100.0,107.0,100.0,104.0,110.0,112.0,111.0,100.0,108.0,108.0,100.0,100.0,100.0,108.0,107.0,102.0,100.0,115.0,104.0,99,112,0.0,116,0.0,99,0.0,99,0.0,116,0.0,108,3.0,100,0.0,103,7.0,103,0.0,,,,,,,99,0.0,119,0.0,99,0.0,110,-4.0,121,0.0,99.0,0.0
j120,j12023_4,j12023_4.sm,113.0,128.0,111.0,111.0,120.0,137.0,110.0,122.0,127.0,124.0,113.0,134.0,134.0,113.0,111.0,110.0,111.0,107.0,126.0,107.0,121.0,147.0,112.0,115.0,110.0,111.0,137.0,114.0,113.0,122.0,133.0,119.0,116.0,115.0,115.0,116.0,111.0,110.0,110.0,110.0,115.0,114.0,121.0,135.0,106,113,0.0,128,0.0,111,0.0,111,0.0,120,0.0,130,7.0,110,0.0,135,-8.0,124,0.0,,,,,,,107,0.0,124,2.0,107,0.0,121,0.0,147,0.0,107.0,1.0
j120,j12023_5,j12023_5.sm,112.0,119.0,103.0,101.0,135.0,130.0,111.0,138.0,113.0,125.0,117.0,122.0,122.0,117.0,121.0,103.0,103.0,103.0,111.0,103.0,113.0,137.0,106.0,110.0,105.0,105.0,109.0,114.0,104.0,113.0,121.0,111.0,107.0,115.0,115.0,107.0,105.0,105.0,105.0,103.0,109.0,103.0,113.0,122.0,99,112,0.0,119,0.0,103,0.0,101,0.0,135,0.0,116,14.0,111,0.0,120,-7.0,125,0.0,,,,,,,103,0.0,111,0.0,103,0.0,113,0.0,137,0.0,101.0,2.0
j120,j12023_6,j12023_6.sm,128.0,125.0,111.0,112.0,129.0,146.0,114.0,141.0,148.0,123.0,133.0,134.0,134.0,133.0,118.0,111.0,111.0,111.0,125.0,111.0,142.0,184.0,131.0,120.0,118.0,118.0,123.0,125.0,116.0,143.0,150.0,134.0,121.0,129.0,129.0,121.0,116.0,118.0,118.0,118.0,121.0,118.0,138.0,138.0,106,128,0.0,125,0.0,111,0.0,112,0.0,129,0.0,130,16.0,114,0.0,131,17.0,123,0.0,,,,,,,111,0.0,125,0.0,111,0.0,142,0.0,184,0.0,111.0,5.0
j120,j12023_7,j12023_7.sm,123.0,120.0,104.0,104.0,121.0,135.0,111.0,117.0,129.0,116.0,118.0,114.0,114.0,118.0,128.0,104.0,104.0,104.0,124.0,104.0,132.0,154.0,123.0,125.0,110.0,109.0,115.0,116.0,112.0,113.0,118.0,123.0,118.0,120.0,120.0,118.0,109.0,110.0,110.0,110.0,119.0,112.0,111.0,121.0,104,123,0.0,120,0.0,104,0.0,104,0.0,121,0.0,126,9.0,111,0.0,126,3.0,116,0.0,,,,,,,104,0.0,124,0.0,104,0.0,132,0.0,154,0.0,104.0,0.0
j120,j12023_8,j12023_8.sm,116.0,129.0,101.0,101.0,125.0,139.0,102.0,118.0,119.0,107.0,108.0,109.0,109.0,108.0,101.0,101.0,101.0,101.0,121.0,101.0,121.0,132.0,113.0,119.0,107.0,108.0,119.0,112.0,109.0,123.0,114.0,104.0,111.0,108.0,108.0,111.0,108.0,107.0,107.0,107.0,123.0,108.0,120.0,119.0,101,116,0.0,129,0.0,101,0.0,101,0.0,125,0.0,114,25.0,102,0.0,107,12.0,107,0.0,,,,,,,101,0.0,121,0.0,101,0.0,121,0.0,132,0.0,101.0,0.0
j120,j12023_9,j12023_9.sm,131.0,130.0,113.0,113.0,136.0,168.0,115.0,138.0,135.0,143.0,121.0,145.0,145.0,121.0,138.0,109.0,113.0,109.0,129.0,107.0,135.0,161.0,123.0,132.0,123.0,125.0,128.0,133.0,119.0,133.0,132.0,125.0,132.0,144.0,144.0,132.0,125.0,125.0,123.0,121.0,128.0,121.0,131.0,143.0,107,131,0.0,130,0.0,113,0.0,113,0.0,136,0.0,133,35.0,115,0.0,126,9.0,143,0.0,,,,,,,109,0.0,126,3.0,107,0.0,135,0.0,161,0.0,107.0,0.0
j120,j12024_1,j12024_1.sm,105.0,106.0,93.0,99.0,105.0,117.0,99.0,123.0,109.0,119.0,102.0,107.0,107.0,102.0,99.0,99.0,99.0,99.0,106.0,99.0,113.0,122.0,105.0,105.0,104.0,102.0,101.0,110.0,102.0,102.0,102.0,104.0,99.0,103.0,103.0,99.0,102.0,102.0,102.0,102.0,107.0,102.0,102.0,109.0,93,105,0.0,106,0.0,93,0.0,99,0.0,105,0.0,98,19.0,99,0.0,119,-10.0,119,0.0,,,,,,,99,0.0,106,0.0,99,0.0,113,0.0,122,0.0,93.0,0.0
j120,j12024_10,j12024_10.sm,98.0,107.0,91.0,92.0,111.0,102.0,92.0,108.0,108.0,101.0,98.0,107.0,107.0,98.0,92.0,91.0,91.0,94.0,101.0,92.0,127.0,114.0,99.0,107.0,93.0,95.0,101.0,94.0,94.0,95.0,96.0,111.0,93.0,111.0,111.0,93.0,95.0,93.0,93.0,92.0,102.0,92.0,102.0,112.0,91,98,0.0,107,0.0,91,0.0,92,0.0,111,0.0,108,-6.0,92,0.0,96,12.0,101,0.0,,,,,,,94,0.0,101,0.0,92,0.0,127,0.0,114,0.0,91.0,0.0
j120,j12024_2,j12024_2.sm,104.0,106.0,103.0,103.0,111.0,114.0,100.0,122.0,116.0,107.0,106.0,112.0,112.0,106.0,113.0,97.0,91.0,99.0,107.0,99.0,121.0,131.0,101.0,96.0,95.0,95.0,96.0,96.0,96.0,102.0,102.0,107.0,95.0,95.0,95.0,95.0,95.0,95.0,95.0,94.0,100.0,94.0,102.0,104.0,91,104,0.0,106,0.0,103,0.0,103,0.0,111,0.0,122,-8.0,100,0.0,111,5.0,107,0.0,,,,,,,99,0.0,100,7.0,99,0.0,121,0.0,131,0.0,91.0,0.0
j120,j12024_3,j12024_3.sm,100.0,98.0,89.0,89.0,107.0,109.0,91.0,118.0,116.0,116.0,102.0,97.0,97.0,102.0,89.0,89.0,89.0,90.0,100.0,90.0,116.0,128.0,93.0,92.0,91.0,90.0,92.0,93.0,91.0,92.0,92.0,92.0,93.0,93.0,93.0,93.0,90.0,91.0,91.0,90.0,92.0,90.0,92.0,93.0,89,100,0.0,98,0.0,89,0.0,89,0.0,107,0.0,115,-6.0,91,0.0,103,13.0,116,0.0,,,,,,,90,0.0,100,0.0,90,0.0,116,0.0,128,0.0,89.0,0.0
j120,j12024_4,j12024_4.sm,120.0,118.0,105.0,104.0,128.0,122.0,110.0,126.0,116.0,120.0,110.0,128.0,128.0,110.0,104.0,105.0,105.0,105.0,115.0,105.0,122.0,141.0,114.0,116.0,103.0,103.0,117.0,115.0,105.0,114.0,118.0,110.0,112.0,114.0,114.0,112.0,103.0,103.0,103.0,103.0,116.0,103.0,118.0,115.0,101,120,0.0,118,0.0,105,0.0,104,0.0,128,0.0,123,-1.0,110,0.0,114,2.0,120,0.0,,,,,,,105,0.0,115,0.0,105,0.0,122,0.0,141,0.0,103.0,2.0
j120,j12024_5,j12024_5.sm,94.0,92.0,95.0,92.0,100.0,97.0,91.0,102.0,101.0,94.0,95.0,102.0,102.0,95.0,92.0,90.0,95.0,92.0,92.0,92.0,100.0,130.0,94.0,97.0,86.0,86.0,93.0,90.0,90.0,98.0,98.0,97.0,94.0,100.0,100.0,94.0,86.0,86.0,86.0,86.0,89.0,86.0,98.0,98.0,86,94,0.0,92,0.0,95,0.0,92,0.0,100,0.0,104,-7.0,91,0.0,100,1.0,94,0.0,,,,,,,92,0.0,92,0.0,92,0.0,100,0.0,130,0.0,86.0,0.0
j120,j12024_6,j12024_6.sm,108.0,107.0,95.0,96.0,107.0,107.0,96.0,111.0,106.0,118.0,101.0,126.0,126.0,101.0,96.0,99.0,95.0,95.0,107.0,95.0,115.0,105.0,109.0,105.0,98.0,102.0,105.0,106.0,99.0,105.0,107.0,107.0,107.0,104.0,104.0,107.0,98.0,98.0,98.0,101.0,105.0,101.0,105.0,112.0,95,108,0.0,107,0.0,95,0.0,96,0.0,107,0.0,107,0.0,96,0.0,104,2.0,118,0.0,,,,,,,95,0.0,106,1.0,95,0.0,115,0.0,105,0.0,95.0,0.0
j120,j12024_7,j12024_7.sm,123.0,123.0,112.0,112.0,130.0,141.0,118.0,118.0,118.0,131.0,118.0,121.0,121.0,118.0,112.0,112.0,112.0,112.0,125.0,112.0,121.0,139.0,119.0,125.0,118.0,118.0,124.0,121.0,118.0,127.0,127.0,122.0,119.0,122.0,122.0,119.0,118.0,118.0,118.0,118.0,119.0,118.0,125.0,127.0,112,123,0.0,123,0.0,112,0.0,112,0.0,130,0.0,140,1.0,118,0.0,118,0.0,131,0.0,,,,,,,112,0.0,125,0.0,112,0.0,121,0.0,139,0.0,112.0,0.0
j120,j12024_8,j12024_8.sm,113.0,127.0,104.0,105.0,129.0,127.0,104.0,128.0,135.0,110.0,110.0,117.0,117.0,110.0,105.0,104.0,104.0,104.0,112.0,104.0,125.0,155.0,113.0,114.0,109.0,108.0,107.0,114.0,107.0,114.0,120.0,110.0,110.0,114.0,114.0,110.0,108.0,109.0,109.0,109.0,113.0,109.0,104.0,114.0,104,113,0.0,127,0.0,104,0.0,105,0.0,129,0.0,129,-2.0,104,0.0,125,10.0,110,0.0,,,,,,,104,0.0,112,0.0,104,0.0,125,0.0,155,0.0,104.0,0.0
j120,j12024_9,j12024_9.sm,93.0,90.0,83.0,83.0,95.0,108.0,88.0,97.0,92.0,95.0,89.0,91.0,91.0,89.0,91.0,83.0,83.0,83.0,91.0,83.0,106.0,93.0,93.0,93.0,86.0,87.0,94.0,93.0,89.0,98.0,104.0,103.0,90.0,85.0,85.0,90.0,87.0,87.0,86.0,87.0,94.0,87.0,89.0,93.0,82,93,0.0,90,0.0,83,0.0,83,0.0,95,0.0,106,2.0,88,0.0,96,-4.0,95,0.0,,,,,,,83,0.0,91,0.0,83,0.0,106,0.0,93,0.0,83.0,1.0
j120,j12025_1,j12025_1.sm,90.0,94.0,84.0,83.0,103.0,96.0,88.0,118.0,93.0,103.0,90.0,95.0,95.0,90.0,83.0,88.0,83.0,85.0,90.0,88.0,90.0,94.0,88.0,88.0,88.0,88.0,89.0,88.0,88.0,105.0,105.0,90.0,88.0,87.0,87.0,88.0,88.0,88.0,88.0,88.0,88.0,88.0,90.0,88.0,82,90,0.0,94,0.0,84,0.0,83,0.0,103,0.0,92,4.0,88,0.0,91,2.0,103,0.0,,,,,,,85,0.0,90,0.0,88,0.0,90,0.0,94,0.0,83.0,1.0
j120,j12025_10,j12025_10.sm,97.0,105.0,92.0,92.0,115.0,109.0,93.0,92.0,101.0,106.0,102.0,103.0,103.0,102.0,92.0,92.0,92.0,92.0,102.0,92.0,110.0,108.0,96.0,100.0,94.0,94.0,101.0,100.0,95.0,101.0,100.0,100.0,95.0,100.0,100.0,95.0,94.0,94.0,94.0,95.0,100.0,95.0,101.0,101.0,92,97,0.0,105,0.0,92,0.0,92,0.0,115,0.0,92,17.0,93,0.0,102,-1.0,106,0.0,,,,,,,92,0.0,102,0.0,92,0.0,110,0.0,108,0.0,92.0,0.0
j120,j12025_2,j12025_2.sm,114.0,119.0,108.0,108.0,129.0,115.0,117.0,117.0,116.0,116.0,108.0,128.0,128.0,108.0,108.0,108.0,108.0,108.0,119.0,108.0,116.0,130.0,109.0,115.0,112.0,112.0,116.0,118.0,112.0,108.0,108.0,108.0,116.0,120.0,120.0,116.0,112.0,112.0,112.0,112.0,115.0,112.0,108.0,122.0,108,114,0.0,119,0.0,108,0.0,108,0.0,129,0.0,118,-3.0,117,0.0,117,-1.0,116,0.0,,,,,,,108,0.0,119,0.0,108,0.0,116,0.0,130,0.0,108.0,0.0
j120,j12025_3,j12025_3.sm,102.0,103.0,100.0,100.0,101.0,101.0,100.0,100.0,100.0,100.0,100.0,107.0,107.0,100.0,100.0,100.0,100.0,100.0,101.0,100.0,100.0,102.0,102.0,100.0,100.0,100.0,100.0,100.0,100.0,104.0,102.0,100.0,101.0,102.0,102.0,101.0,100.0,100.0,100.0,100.0,100.0,100.0,104.0,105.0,100,102,0.0,103,0.0,100,0.0,100,0.0,101,0.0,100,1.0,100,0.0,111,-11.0,100,0.0,,,,,,,100,0.0,101,0.0,100,0.0,100,0.0,102,0.0,100.0,0.0
j120,j12025_4,j12025_4.sm,130.0,126.0,117.0,117.0,127.0,123.0,117.0,133.0,132.0,125.0,123.0,130.0,130.0,123.0,117.0,117.0,117.0,117.0,121.0,117.0,130.0,131.0,125.0,124.0,117.0,117.0,124.0,120.0,117.0,123.0,117.0,117.0,122.0,124.0,124.0,122.0,117.0,117.0,117.0,117.0,125.0,117.0,124.0,125.0,117,130,0.0,126,0.0,117,0.0,117,0.0,127,0.0,130,-7.0,117,0.0,126,6.0,125,0.0,,,,,,,117,0.0,121,0.0,117,0.0,130,0.0,131,0.0,117.0,0.0
j120,j12025_5,j12025_5.sm,102.0,100.0,100.0,100.0,100.0,100.0,100.0,100.0,100.0,100.0,100.0,107.0,107.0,100.0,100.0,100.0,100.0,100.0,100.0,100.0,100.0,107.0,100.0,100.0,100.0,100.0,100.0,101.0,100.0,101.0,100.0,100.0,100.0,101.0,101.0,100.0,100.0,100.0,100.0,100.0,100.0,100.0,101.0,101.0,100,102,0.0,100,0.0,100,0.0,100,0.0,100,0.0,100,0.0,100,0.0,100,0.0,100,0.0,,,,,,,100,0.0,100,0.0,100,0.0,100,0.0,107,0.0,100.0,0.0
j120,j12025_6,j12025_6.sm,101.0,105.0,94.0,96.0,110.0,116.0,98.0,107.0,103.0,110.0,99.0,109.0,109.0,99.0,96.0,94.0,94.0,96.0,105.0,94.0,109.0,118.0,102.0,104.0,102.0,102.0,104.0,102.0,102.0,103.0,104.0,103.0,102.0,102.0,102.0,102.0,102.0,102.0,102.0,102.0,103.0,102.0,103.0,105.0,92,101,0.0,105,0.0,94,0.0,96,0.0,110,0.0,102,14.0,98,0.0,107,-4.0,110,0.0,,,,,,,96,0.0,105,0.0,94,0.0,109,0.0,118,0.0,94.0,2.0
j120,j12025_7,j12025_7.sm,101.0,102.0,104.0,98.0,107.0,123.0,99.0,102.0,111.0,107.0,103.0,112.0,112.0,103.0,98.0,97.0,104.0,104.0,104.0,104.0,108.0,112.0,97.0,99.0,96.0,100.0,99.0,105.0,101.0,101.0,105.0,96.0,98.0,102.0,102.0,98.0,100.0,96.0,96.0,97.0,103.0,97.0,105.0,112.0,92,101,0.0,102,0.0,104,0.0,98,0.0,107,0.0,114,9.0,99,0.0,111,0.0,107,0.0,,,,,,,104,0.0,104,0.0,104,0.0,108,0.0,112,0.0,96.0,4.0
j120,j12025_8,j12025_8.sm,91.0,92.0,82.0,86.0,106.0,107.0,86.0,104.0,96.0,93.0,92.0,94.0,94.0,92.0,86.0,82.0,82.0,84.0,93.0,84.0,125.0,125.0,92.0,90.0,81.0,84.0,92.0,84.0,85.0,92.0,85.0,84.0,91.0,85.0,85.0,91.0,85.0,81.0,81.0,82.0,93.0,82.0,95.0,92.0,80,91,0.0,92,0.0,82,0.0,86,0.0,106,0.0,107,0.0,86,0.0,101,-5.0,93,0.0,,,,,,,84,0.0,93,0.0,84,0.0,125,0.0,125,0.0,81.0,1.0
j120,j12025_9,j12025_9.sm,100.0,100.0,94.0,94.0,111.0,94.0,94.0,105.0,94.0,100.0,94.0,111.0,111.0,94.0,94.0,94.0,94.0,94.0,95.0,94.0,107.0,114.0,94.0,94.0,100.0,100.0,95.0,94.0,100.0,97.0,100.0,100.0,100.0,101.0,101.0,100.0,100.0,100.0,100.0,100.0,94.0,100.0,96.0,96.0,94,100,0.0,100,0.0,94,0.0,94,0.0,111,0.0,94,0.0,94,0.0,94,0.0,100,0.0,,,,,,,94,0.0,95,0.0,94,0.0,107,0.0,114,0.0,94.0,0.0
j120,j12026_1,j12026_1.sm,232.0,233.0,214.0,212.0,251.0,252.0,232.0,244.0,256.0,255.0,233.0,229.0,242.0,216.0,212.0,213.0,212.0,223.0,244.0,219.0,292.0,279.0,218.0,218.0,212.0,209.0,229.0,232.0,212.0,241.0,235.0,229.0,209.0,216.0,236.0,207.0,215.0,210.0,212.0,203.0,212.0,208.0,242.0,251.0,168,232,0.0,233,0.0,214,0.0,212,0.0,251,0.0,248,4.0,232,0.0,240,16.0,255,0.0,,,,,,,223,0.0,244,0.0,219,0.0,292,0.0,279,0.0,203.0,35.0
j120,j12026_10,j12026_10.sm,266.0,277.0,237.0,233.0,301.0,256.0,235.0,282.0,275.0,269.0,269.0,255.0,245.0,224.0,297.0,233.0,239.0,248.0,264.0,224.0,315.0,315.0,254.0,256.0,224.0,219.0,269.0,244.0,231.0,280.0,272.0,244.0,227.0,246.0,235.0,238.0,229.0,226.0,231.0,219.0,240.0,225.0,274.0,284.0,183,266,0.0,277,0.0,237,0.0,233,0.0,301,0.0,257,-1.0,235,0.0,268,7.0,269,0.0,,,,,,,249,-1.0,264,0.0,224,0.0,315,0.0,315,0.0,219.0,36.0
j120,j12026_2,j12026_2.sm,228.0,217.0,214.0,212.0,299.0,246.0,221.0,249.0,291.0,255.0,226.0,221.0,229.0,216.0,279.0,210.0,222.0,205.0,234.0,208.0,288.0,276.0,216.0,215.0,199.0,199.0,221.0,219.0,211.0,244.0,231.0,219.0,230.0,209.0,222.0,214.0,216.0,202.0,194.0,205.0,210.0,202.0,239.0,249.0,169,228,0.0,217,0.0,214,0.0,212,0.0,299,0.0,259,-13.0,221,0.0,231,60.0,255,0.0,,,,,,,205,0.0,232,2.0,208,0.0,288,0.0,269,7.0,194.0,25.0
j120,j12026_3,j12026_3.sm,220.0,214.0,210.0,206.0,226.0,253.0,202.0,259.0,251.0,245.0,217.0,256.0,252.0,212.0,243.0,212.0,208.0,209.0,223.0,214.0,233.0,271.0,216.0,216.0,211.0,202.0,215.0,232.0,199.0,235.0,241.0,235.0,204.0,215.0,214.0,200.0,230.0,209.0,205.0,208.0,228.0,206.0,237.0,241.0,165,220,0.0,214,0.0,210,0.0,206,0.0,226,0.0,229,24.0,202,0.0,240,11.0,245,0.0,,,,,,,209,0.0,223,0.0,214,0.0,233,0.0,271,0.0,199.0,34.0
j120,j12026_4,j12026_4.sm,236.0,238.0,209.0,215.0,266.0,242.0,209.0,276.0,262.0,247.0,247.0,263.0,247.0,218.0,215.0,211.0,221.0,208.0,237.0,212.0,276.0,247.0,228.0,224.0,202.0,199.0,231.0,232.0,229.0,234.0,241.0,226.0,216.0,226.0,212.0,238.0,231.0,211.0,202.0,202.0,233.0,192.0,247.0,240.0,171,236,0.0,238,0.0,209,0.0,215,0.0,266,0.0,254,-12.0,209,0.0,252,10.0,247,0.0,,,,,,,208,0.0,237,0.0,212,0.0,276,0.0,247,0.0,192.0,21.0
j120,j12026_5,j12026_5.sm,211.0,208.0,190.0,197.0,260.0,253.0,196.0,239.0,227.0,223.0,212.0,221.0,236.0,208.0,263.0,187.0,189.0,186.0,213.0,184.0,277.0,236.0,197.0,192.0,188.0,186.0,199.0,206.0,183.0,213.0,195.0,198.0,189.0,191.0,184.0,186.0,187.0,192.0,186.0,183.0,199.0,187.0,196.0,204.0,153,211,0.0,208,0.0,190,0.0,197,0.0,260,0.0,207,46.0,196,0.0,226,1.0,223,0.0,,,,,,,187,-1.0,213,0.0,184,0.0,277,0.0,236,0.0,183.0,30.0
j120,j12026_6,j12026_6.sm,254.0,261.0,234.0,247.0,273.0,312.0,224.0,270.0,269.0,277.0,252.0,256.0,258.0,250.0,293.0,229.0,236.0,228.0,263.0,239.0,309.0,339.0,235.0,249.0,232.0,224.0,263.0,258.0,225.0,275.0,283.0,260.0,247.0,221.0,245.0,257.0,227.0,223.0,222.0,217.0,260.0,213.0,273.0,294.0,185,254,0.0,261,0.0,234,0.0,247,0.0,273,0.0,280,32.0,224,0.0,246,23.0,277,0.0,,,,,,,232,-4.0,263,0.0,239,0.0,309,0.0,339,0.0,213.0,28.0
j120,j12026_7,j12026_7.sm,220.0,225.0,200.0,201.0,250.0,224.0,204.0,231.0,227.0,226.0,207.0,216.0,232.0,230.0,230.0,202.0,193.0,202.0,214.0,197.0,243.0,254.0,208.0,203.0,205.0,200.0,218.0,208.0,204.0,240.0,239.0,228.0,200.0,208.0,204.0,224.0,212.0,204.0,202.0,203.0,209.0,189.0,219.0,233.0,157,220,0.0,225,0.0,200,0.0,201,0.0,250,0.0,223,1.0,204,0.0,218,9.0,226,0.0,,,,,,,202,0.0,214,0.0,195,2.0,243,0.0,254,0.0,189.0,32.0
j120,j12026_8,j12026_8.sm,241.0,238.0,206.0,214.0,275.0,249.0,221.0,281.0,241.0,254.0,221.0,261.0,238.0,231.0,281.0,223.0,210.0,217.0,255.0,215.0,265.0,288.0,232.0,223.0,210.0,214.0,256.0,248.0,221.0,243.0,254.0,227.0,226.0,237.0,213.0,209.0,214.0,214.0,210.0,209.0,243.0,205.0,252.0,245.0,175,241,0.0,238,0.0,206,0.0,214,0.0,275,0.0,238,11.0,221,0.0,260,-19.0,254,0.0,,,,,,,212,5.0,255,0.0,215,0.0,265,0.0,288,0.0,205.0,30.0
j120,j12026_9,j12026_9.sm,244.0,260.0,222.0,223.0,282.0,262.0,201.0,288.0,294.0,264.0,221.0,239.0,230.0,234.0,276.0,215.0,220.0,216.0,253.0,208.0,287.0,311.0,240.0,239.0,219.0,218.0,222.0,239.0,204.0,239.0,233.0,226.0,229.0,235.0,207.0,229.0,220.0,214.0,219.0,217.0,224.0,207.0,237.0,262.0,171,244,0.0,260,0.0,222,0.0,223,0.0,282,0.0,274,-12.0,201,0.0,243,51.0,264,0.0,,,,,,,215,1.0,253,0.0,208,0.0,287,0.0,311,0.0,201.0,30.0
j120,j12027_1,j12027_1.sm,133.0,135.0,126.0,123.0,156.0,144.0,130.0,158.0,156.0,152.0,138.0,158.0,149.0,132.0,123.0,123.0,123.0,123.0,130.0,124.0,163.0,147.0,135.0,128.0,123.0,120.0,130.0,132.0,125.0,137.0,139.0,138.0,136.0,129.0,127.0,126.0,124.0,121.0,124.0,126.0,126.0,123.0,151.0,152.0,108,133,0.0,135,0.0,126,0.0,123,0.0,156,0.0,138,6.0,130,0.0,134,22.0,152,0.0,,,,,,,123,0.0,133,-3.0,124,0.0,163,0.0,147,0.0,120.0,12.0
j120,j12027_10,j12027_10.sm,155.0,163.0,138.0,143.0,169.0,191.0,135.0,169.0,180.0,175.0,157.0,161.0,164.0,141.0,143.0,139.0,137.0,139.0,162.0,138.0,176.0,193.0,148.0,155.0,138.0,134.0,176.0,166.0,150.0,149.0,162.0,152.0,138.0,144.0,147.0,139.0,133.0,138.0,138.0,132.0,155.0,129.0,170.0,168.0,115,155,0.0,163,0.0,138,0.0,143,0.0,169,0.0,180,11.0,135,0.0,179,1.0,175,0.0,,,,,,,142,-3.0,162,0.0,138,0.0,176,0.0,193,0.0,129.0,14.0
j120,j12027_2,j12027_2.sm,149.0,163.0,142.0,144.0,176.0,191.0,137.0,172.0,160.0,160.0,162.0,161.0,173.0,145.0,144.0,138.0,139.0,139.0,146.0,141.0,172.0,194.0,144.0,149.0,137.0,141.0,152.0,166.0,133.0,147.0,164.0,143.0,143.0,146.0,145.0,137.0,142.0,138.0,139.0,136.0,139.0,129.0,146.0,150.0,114,149,0.0,163,0.0,142,0.0,144,0.0,176,0.0,146,45.0,137,0.0,153,7.0,160,0.0,,,,,,,139,0.0,147,-1.0,141,0.0,172,0.0,194,0.0,129.0,15.0
j120,j12027_3,j12027_3.sm,186.0,192.0,165.0,168.0,200.0,193.0,170.0,211.0,190.0,188.0,179.0,203.0,204.0,173.0,168.0,172.0,169.0,174.0,183.0,162.0,188.0,230.0,187.0,171.0,163.0,162.0,187.0,182.0,161.0,184.0,166.0,173.0,170.0,203.0,164.0,167.0,162.0,159.0,156.0,163.0,182.0,162.0,169.0,199.0,144,186,0.0,192,0.0,165,0.0,168,0.0,200,0.0,190,3.0,170,0.0,193,-3.0,188,0.0,,,,,,,174,0.0,199,-16.0,164,-2.0,188,0.0,230,0.0,156.0,12.0
j120,j12027_4,j12027_4.sm,138.0,144.0,126.0,129.0,161.0,174.0,132.0,171.0,179.0,150.0,134.0,159.0,151.0,137.0,129.0,129.0,129.0,125.0,135.0,122.0,174.0,182.0,128.0,127.0,120.0,125.0,142.0,139.0,120.0,138.0,136.0,140.0,129.0,140.0,141.0,124.0,123.0,119.0,125.0,125.0,136.0,127.0,155.0,152.0,107,138,0.0,144,0.0,126,0.0,129,0.0,161,0.0,163,11.0,132,0.0,147,32.0,150,0.0,,,,,,,125,0.0,133,2.0,122,0.0,174,0.0,182,0.0,119.0,12.0
j120,j12027_5,j12027_5.sm,136.0,142.0,129.0,133.0,164.0,147.0,138.0,160.0,158.0,155.0,144.0,159.0,155.0,137.0,133.0,129.0,130.0,138.0,146.0,132.0,184.0,160.0,134.0,138.0,131.0,127.0,139.0,136.0,128.0,154.0,137.0,152.0,138.0,134.0,138.0,139.0,125.0,125.0,126.0,131.0,138.0,125.0,153.0,145.0,111,136,0.0,142,0.0,129,0.0,133,0.0,164,0.0,140,7.0,138,0.0,152,6.0,155,0.0,,,,,,,138,0.0,146,0.0,132,0.0,184,0.0,160,0.0,125.0,14.0
j120,j12027_6,j12027_6.sm,180.0,198.0,181.0,193.0,201.0,210.0,185.0,206.0,203.0,206.0,178.0,186.0,191.0,194.0,188.0,174.0,184.0,172.0,197.0,176.0,214.0,270.0,184.0,178.0,171.0,169.0,203.0,192.0,168.0,199.0,189.0,197.0,180.0,173.0,212.0,192.0,172.0,169.0,169.0,168.0,179.0,161.0,210.0,204.0,145,180,0.0,198,0.0,181,0.0,193,0.0,201,0.0,209,1.0,185,0.0,189,14.0,206,0.0,,,,,,,172,0.0,197,0.0,176,0.0,214,0.0,270,0.0,161.0,16.0
j120,j12027_7,j12027_7.sm,169.0,168.0,148.0,147.0,197.0,180.0,151.0,177.0,180.0,172.0,181.0,184.0,187.0,171.0,188.0,152.0,148.0,150.0,179.0,153.0,188.0,216.0,166.0,161.0,143.0,147.0,172.0,161.0,156.0,184.0,173.0,163.0,167.0,162.0,165.0,161.0,155.0,144.0,143.0,147.0,160.0,148.0,181.0,187.0,124,169,0.0,168,0.0,148,0.0,147,0.0,197,0.0,178,2.0,151,0.0,170,10.0,172,0.0,,,,,,,150,0.0,168,11.0,152,1.0,188,0.0,216,0.0,143.0,19.0
j120,j12027_8,j12027_8.sm,188.0,194.0,166.0,175.0,207.0,193.0,178.0,217.0,193.0,216.0,183.0,191.0,189.0,173.0,175.0,174.0,175.0,165.0,189.0,171.0,194.0,226.0,180.0,179.0,168.0,161.0,183.0,176.0,166.0,193.0,191.0,172.0,160.0,172.0,169.0,169.0,165.0,166.0,166.0,161.0,182.0,161.0,194.0,202.0,140,188,0.0,194,0.0,166,0.0,175,0.0,207,0.0,186,7.0,178,0.0,187,6.0,216,0.0,,,,,,,161,4.0,193,-4.0,171,0.0,194,0.0,226,0.0,160.0,20.0
j120,j12027_9,j12027_9.sm,157.0,171.0,159.0,157.0,201.0,178.0,154.0,208.0,203.0,173.0,174.0,173.0,167.0,167.0,179.0,158.0,160.0,153.0,168.0,157.0,206.0,215.0,155.0,153.0,148.0,146.0,172.0,160.0,151.0,167.0,174.0,153.0,152.0,156.0,170.0,154.0,154.0,156.0,149.0,152.0,156.0,148.0,185.0,194.0,127,157,0.0,171,0.0,159,0.0,157,0.0,201,0.0,185,-7.0,154,0.0,180,23.0,173,0.0,,,,,,,153,0.0,168,0.0,157,0.0,206,0.0,215,0.0,146.0,19.0
j120,j12028_1,j12028_1.sm,143.0,142.0,123.0,129.0,160.0,158.0,126.0,145.0,161.0,151.0,134.0,145.0,141.0,135.0,129.0,124.0,124.0,126.0,144.0,123.0,172.0,178.0,140.0,148.0,117.0,118.0,147.0,147.0,118.0,154.0,153.0,145.0,122.0,136.0,154.0,129.0,121.0,117.0,117.0,119.0,134.0,121.0,159.0,156.0,108,143,0.0,142,0.0,123,0.0,129,0.0,160,0.0,156,2.0,126,0.0,157,4.0,151,0.0,,,,,,,126,0.0,144,0.0,123,0.0,172,0.0,178,0.0,117.0,9.0
j120,j12028_10,j12028_10.sm,157.0,154.0,142.0,137.0,158.0,163.0,141.0,154.0,167.0,171.0,159.0,160.0,164.0,147.0,137.0,136.0,140.0,136.0,159.0,135.0,165.0,188.0,155.0,145.0,135.0,137.0,151.0,160.0,140.0,159.0,155.0,154.0,147.0,148.0,149.0,152.0,145.0,135.0,135.0,131.0,150.0,133.0,147.0,159.0,116,157,0.0,154,0.0,142,0.0,137,0.0,158,0.0,161,2.0,141,0.0,160,7.0,171,0.0,,,,,,,136,0.0,159,0.0,135,0.0,165,0.0,188,0.0,131.0,15.0
j120,j12028_2,j12028_2.sm,144.0,144.0,128.0,132.0,160.0,153.0,133.0,160.0,146.0,151.0,155.0,159.0,155.0,141.0,132.0,126.0,126.0,129.0,139.0,121.0,162.0,166.0,136.0,133.0,123.0,124.0,128.0,131.0,126.0,133.0,134.0,140.0,137.0,142.0,142.0,136.0,121.0,121.0,121.0,126.0,138.0,122.0,137.0,150.0,110,144,0.0,144,0.0,128,0.0,132,0.0,160,0.0,152,1.0,133,0.0,140,6.0,151,0.0,,,,,,,129,0.0,143,-4.0,121,0.0,162,0.0,166,0.0,121.0,11.0
j120,j12028_3,j12028_3.sm,135.0,139.0,105.0,104.0,134.0,133.0,115.0,134.0,152.0,131.0,124.0,129.0,123.0,121.0,104.0,105.0,105.0,110.0,141.0,103.0,139.0,163.0,134.0,133.0,120.0,118.0,119.0,125.0,119.0,130.0,132.0,124.0,132.0,130.0,137.0,124.0,107.0,120.0,120.0,122.0,129.0,116.0,129.0,137.0,101,135,0.0,139,0.0,105,0.0,104,0.0,134,0.0,148,-15.0,115,0.0,143,9.0,131,0.0,,,,,,,110,0.0,141,0.0,103,0.0,139,0.0,163,0.0,103.0,2.0
j120,j12028_4,j12028_4.sm,152.0,159.0,130.0,132.0,155.0,195.0,132.0,175.0,177.0,147.0,145.0,151.0,163.0,147.0,132.0,130.0,130.0,133.0,153.0,131.0,200.0,180.0,146.0,142.0,136.0,128.0,147.0,138.0,129.0,150.0,153.0,132.0,139.0,137.0,140.0,139.0,132.0,136.0,136.0,135.0,149.0,133.0,161.0,148.0,112,152,0.0,159,0.0,130,0.0,132,0.0,155,0.0,149,46.0,132,0.0,139,38.0,147,0.0,,,,,,,133,0.0,147,6.0,131,0.0,200,0.0,180,0.0,128.0,16.0
j120,j12028_5,j12028_5.sm,128.0,130.0,105.0,103.0,137.0,129.0,121.0,140.0,146.0,129.0,129.0,118.0,134.0,123.0,103.0,103.0,103.0,105.0,131.0,111.0,130.0,146.0,121.0,123.0,108.0,111.0,125.0,125.0,113.0,119.0,137.0,130.0,128.0,119.0,122.0,118.0,112.0,116.0,113.0,113.0,125.0,108.0,141.0,137.0,102,128,0.0,130,0.0,105,0.0,103,0.0,137,0.0,146,-17.0,121,0.0,124,22.0,129,0.0,,,,,,,105,0.0,134,-3.0,111,0.0,130,0.0,146,0.0,103.0,1.0
j120,j12028_6,j12028_6.sm,133.0,143.0,114.0,113.0,152.0,136.0,118.0,136.0,144.0,135.0,145.0,143.0,132.0,128.0,113.0,115.0,115.0,116.0,133.0,114.0,147.0,172.0,134.0,143.0,120.0,114.0,129.0,134.0,114.0,144.0,140.0,134.0,135.0,142.0,139.0,130.0,122.0,121.0,121.0,122.0,137.0,118.0,141.0,142.0,103,133,0.0,143,0.0,114,0.0,113,0.0,152,0.0,134,2.0,118,0.0,131,13.0,135,0.0,,,,,,,116,0.0,133,0.0,114,0.0,147,0.0,172,0.0,113.0,10.0
j120,j12028_7,j12028_7.sm,141.0,148.0,129.0,125.0,161.0,172.0,129.0,142.0,152.0,149.0,146.0,143.0,136.0,142.0,125.0,128.0,128.0,125.0,142.0,123.0,174.0,157.0,144.0,145.0,124.0,128.0,146.0,143.0,132.0,144.0,132.0,140.0,150.0,141.0,142.0,138.0,131.0,128.0,125.0,130.0,141.0,125.0,136.0,154.0,109,141,0.0,148,0.0,129,0.0,125,0.0,161,0.0,136,36.0,129,0.0,136,16.0,149,0.0,,,,,,,125,0.0,142,0.0,123,0.0,174,0.0,157,0.0,123.0,14.0
j120,j12028_8,j12028_8.sm,129.0,130.0,119.0,115.0,147.0,147.0,117.0,139.0,147.0,135.0,134.0,143.0,136.0,130.0,115.0,111.0,111.0,113.0,132.0,113.0,140.0,165.0,127.0,125.0,118.0,122.0,124.0,134.0,120.0,132.0,153.0,122.0,122.0,134.0,128.0,123.0,128.0,118.0,118.0,120.0,124.0,118.0,129.0,149.0,99,129,0.0,130,0.0,119,0.0,115,0.0,147,0.0,135,12.0,117,0.0,138,9.0,135,0.0,,,,,,,113,0.0,132,0.0,113,0.0,140,0.0,165,0.0,111.0,12.0
j120,j12028_9,j12028_9.sm,132.0,135.0,119.0,118.0,125.0,151.0,117.0,128.0,126.0,142.0,126.0,142.0,140.0,122.0,118.0,117.0,117.0,115.0,134.0,113.0,129.0,155.0,122.0,125.0,112.0,112.0,124.0,123.0,115.0,133.0,130.0,122.0,114.0,124.0,114.0,118.0,119.0,115.0,112.0,110.0,125.0,111.0,127.0,129.0,98,132,0.0,135,0.0,119,0.0,118,0.0,125,0.0,141,10.0,117,0.0,138,-12.0,142,0.0,,,,,,,113,2.0,134,0.0,115,-2.0,129,0.0,155,0.0,110.0,12.0
j120,j12029_1,j12029_1.sm,129.0,128.0,104.0,104.0,134.0,123.0,106.0,124.0,131.0,132.0,123.0,123.0,128.0,121.0,104.0,104.0,104.0,104.0,129.0,104.0,151.0,134.0,126.0,126.0,106.0,106.0,119.0,126.0,107.0,112.0,125.0,123.0,113.0,120.0,124.0,117.0,106.0,110.0,106.0,104.0,124.0,110.0,126.0,131.0,104,129,0.0,128,0.0,104,0.0,104,0.0,134,0.0,136,-13.0,106,0.0,131,0.0,132,0.0,,,,,,,104,0.0,129,0.0,104,0.0,151,0.0,134,0.0,104.0,0.0
j120,j12029_10,j12029_10.sm,118.0,119.0,96.0,96.0,117.0,130.0,100.0,122.0,140.0,119.0,115.0,113.0,115.0,107.0,96.0,96.0,96.0,96.0,113.0,96.0,140.0,152.0,114.0,118.0,103.0,107.0,115.0,116.0,105.0,114.0,130.0,122.0,119.0,107.0,106.0,105.0,107.0,103.0,103.0,108.0,114.0,108.0,122.0,124.0,96,118,0.0,119,0.0,96,0.0,96,0.0,117,0.0,113,17.0,100,0.0,112,28.0,119,0.0,,,,,,,96,0.0,113,0.0,96,0.0,140,0.0,152,0.0,96.0,0.0
j120,j12029_2,j12029_2.sm,112.0,109.0,95.0,91.0,120.0,126.0,99.0,124.0,131.0,106.0,119.0,104.0,108.0,110.0,91.0,94.0,94.0,91.0,113.0,91.0,127.0,129.0,100.0,101.0,93.0,95.0,100.0,111.0,108.0,117.0,98.0,107.0,99.0,109.0,106.0,105.0,94.0,94.0,93.0,98.0,99.0,96.0,112.0,113.0,91,112,0.0,109,0.0,95,0.0,91,0.0,120,0.0,127,-1.0,99,0.0,111,20.0,106,0.0,,,,,,,91,0.0,113,0.0,91,0.0,127,0.0,129,0.0,91.0,0.0
j120,j12029_3,j12029_3.sm,113.0,115.0,109.0,109.0,131.0,124.0,110.0,121.0,136.0,121.0,122.0,125.0,124.0,125.0,109.0,108.0,108.0,109.0,113.0,108.0,130.0,128.0,116.0,108.0,106.0,106.0,111.0,113.0,108.0,123.0,125.0,122.0,116.0,111.0,112.0,119.0,107.0,108.0,108.0,103.0,108.0,105.0,113.0,119.0,97,113,0.0,115,0.0,109,0.0,109,0.0,131,0.0,126,-2.0,110,0.0,125,11.0,121,0.0,,,,,,,109,0.0,113,0.0,106,2.0,130,0.0,128,0.0,103.0,6.0
j120,j12029_4,j12029_4.sm,97.0,98.0,85.0,86.0,112.0,111.0,93.0,107.0,112.0,108.0,101.0,99.0,101.0,95.0,86.0,85.0,85.0,85.0,93.0,90.0,102.0,107.0,96.0,96.0,91.0,88.0,100.0,95.0,91.0,114.0,108.0,98.0,93.0,90.0,99.0,107.0,87.0,89.0,89.0,85.0,92.0,87.0,110.0,103.0,80,97,0.0,98,0.0,85,0.0,86,0.0,112,0.0,106,5.0,93,0.0,104,8.0,108,0.0,,,,,,,85,0.0,93,0.0,90,0.0,102,0.0,107,0.0,85.0,5.0
j120,j12029_5,j12029_5.sm,127.0,133.0,109.0,112.0,135.0,156.0,114.0,135.0,133.0,135.0,125.0,128.0,127.0,111.0,112.0,108.0,108.0,108.0,129.0,105.0,135.0,156.0,128.0,119.0,111.0,109.0,128.0,120.0,120.0,124.0,128.0,121.0,120.0,119.0,116.0,117.0,109.0,111.0,111.0,114.0,121.0,106.0,127.0,134.0,102,127,0.0,133,0.0,109,0.0,112,0.0,135,0.0,127,29.0,114,0.0,130,3.0,135,0.0,,,,,,,108,0.0,127,2.0,105,0.0,135,0.0,156,0.0,105.0,3.0
j120,j12029_6,j12029_6.sm,110.0,116.0,104.0,103.0,119.0,121.0,107.0,132.0,124.0,122.0,110.0,125.0,127.0,111.0,103.0,110.0,110.0,104.0,113.0,103.0,132.0,144.0,105.0,114.0,108.0,102.0,115.0,122.0,104.0,117.0,119.0,115.0,109.0,111.0,125.0,110.0,104.0,109.0,109.0,102.0,104.0,103.0,124.0,125.0,90,110,0.0,116,0.0,104,0.0,103,0.0,119,0.0,123,-2.0,107,0.0,116,8.0,122,0.0,,,,,,,104,0.0,113,0.0,103,0.0,132,0.0,144,0.0,102.0,12.0
j120,j12029_7,j12029_7.sm,106.0,110.0,97.0,97.0,117.0,131.0,98.0,128.0,119.0,137.0,114.0,129.0,126.0,107.0,97.0,97.0,97.0,97.0,107.0,97.0,116.0,126.0,109.0,105.0,99.0,100.0,105.0,105.0,100.0,102.0,101.0,109.0,117.0,131.0,106.0,105.0,100.0,100.0,99.0,102.0,102.0,102.0,107.0,106.0,97,106,0.0,110,0.0,97,0.0,97,0.0,117,0.0,124,7.0,98,0.0,110,9.0,137,0.0,,,,,,,98,-1.0,107,0.0,97,0.0,116,0.0,126,0.0,97.0,0.0
j120,j12029_8,j12029_8.sm,100.0,96.0,87.0,90.0,99.0,98.0,90.0,121.0,117.0,103.0,96.0,106.0,108.0,97.0,90.0,88.0,88.0,94.0,99.0,87.0,109.0,121.0,99.0,95.0,84.0,87.0,89.0,100.0,95.0,101.0,105.0,100.0,93.0,100.0,91.0,89.0,85.0,95.0,93.0,91.0,99.0,90.0,104.0,104.0,80,100,0.0,96,0.0,87,0.0,90,0.0,99,0.0,101,-3.0,90,0.0,108,9.0,103,0.0,,,,,,,94,0.0,99,0.0,87,0.0,109,0.0,121,0.0,84.0,4.0
j120,j12029_9,j12029_9.sm,114.0,118.0,100.0,105.0,123.0,118.0,102.0,124.0,114.0,127.0,117.0,128.0,125.0,113.0,105.0,101.0,101.0,102.0,116.0,100.0,118.0,130.0,114.0,111.0,107.0,106.0,103.0,114.0,107.0,111.0,110.0,116.0,112.0,113.0,118.0,106.0,106.0,107.0,107.0,109.0,115.0,106.0,113.0,123.0,97,114,0.0,118,0.0,100,0.0,105,0.0,123,0.0,112,6.0,102,0.0,123,-9.0,127,0.0,,,,,,,102,0.0,116,0.0,100,0.0,118,0.0,130,0.0,100.0,3.0
j120,j1202_1,j1202_1.sm,105.0,109.0,98.0,97.0,130.0,130.0,98.0,125.0,120.0,111.0,104.0,119.0,119.0,104.0,136.0,91.0,98.0,91.0,104.0,91.0,128.0,136.0,106.0,106.0,96.0,95.0,108.0,116.0,94.0,121.0,115.0,121.0,102.0,97.0,97.0,102.0,104.0,95.0,96.0,95.0,102.0,94.0,120.0,130.0,87,105,0.0,109,0.0,98,0.0,97,0.0,130,0.0,108,22.0,98,0.0,110,10.0,111,0.0,,,,,,,91,0.0,104,0.0,91,0.0,128,0.0,136,0.0,91.0,4.0
j120,j1202_10,j1202_10.sm,123.0,123.0,103.0,109.0,138.0,142.0,130.0,147.0,159.0,123.0,125.0,137.0,137.0,125.0,131.0,113.0,103.0,109.0,122.0,108.0,150.0,157.0,118.0,115.0,111.0,110.0,116.0,132.0,123.0,130.0,147.0,129.0,118.0,115.0,115.0,118.0,116.0,111.0,111.0,107.0,120.0,107.0,135.0,142.0,96,123,0.0,123,0.0,103,0.0,109,0.0,138,0.0,126,16.0,130,0.0,136,23.0,123,0.0,,,,,,,109,0.0,122,0.0,108,0.0,150,0.0,157,0.0,103.0,7.0
j120,j1202_2,j1202_2.sm,95.0,97.0,80.0,80.0,118.0,97.0,91.0,101.0,105.0,100.0,93.0,98.0,98.0,93.0,82.0,81.0,80.0,80.0,100.0,83.0,100.0,118.0,90.0,97.0,82.0,87.0,84.0,93.0,87.0,89.0,101.0,96.0,95.0,86.0,86.0,95.0,87.0,83.0,83.0,87.0,95.0,87.0,87.0,106.0,75,95,0.0,97,0.0,80,0.0,80,0.0,118,0.0,93,4.0,91,0.0,99,6.0,100,0.0,,,,,,,80,0.0,96,4.0,83,0.0,100,0.0,118,0.0,80.0,5.0
j120,j1202_3,j1202_3.sm,114.0,110.0,107.0,105.0,117.0,123.0,113.0,142.0,123.0,131.0,119.0,114.0,114.0,119.0,126.0,109.0,107.0,105.0,118.0,107.0,127.0,142.0,112.0,111.0,110.0,104.0,103.0,127.0,107.0,126.0,152.0,148.0,122.0,114.0,114.0,122.0,107.0,112.0,110.0,100.0,109.0,100.0,124.0,131.0,92,114,0.0,110,0.0,107,0.0,105,0.0,117,0.0,147,-24.0,113,0.0,119,4.0,131,0.0,,,,,,,105,0.0,118,0.0,107,0.0,127,0.0,142,0.0,100.0,8.0
j120,j1202_4,j1202_4.sm,121.0,130.0,109.0,114.0,122.0,122.0,105.0,120.0,122.0,117.0,118.0,123.0,123.0,118.0,134.0,112.0,109.0,111.0,120.0,111.0,120.0,150.0,129.0,122.0,104.0,102.0,127.0,125.0,112.0,128.0,125.0,136.0,105.0,136.0,136.0,105.0,107.0,102.0,104.0,104.0,123.0,104.0,127.0,140.0,95,121,0.0,130,0.0,109,0.0,114,0.0,122,0.0,114,8.0,105,0.0,104,18.0,117,0.0,,,,,,,111,0.0,120,0.0,111,0.0,120,0.0,150,0.0,102.0,7.0
j120,j1202_5,j1202_5.sm,127.0,133.0,114.0,114.0,147.0,125.0,119.0,145.0,143.0,136.0,123.0,130.0,130.0,123.0,135.0,112.0,114.0,121.0,131.0,121.0,126.0,172.0,128.0,122.0,118.0,115.0,127.0,125.0,118.0,133.0,119.0,126.0,127.0,129.0,129.0,127.0,116.0,115.0,115.0,126.0,128.0,115.0,117.0,130.0,103,127,0.0,133,0.0,114,0.0,114,0.0,147,0.0,143,-18.0,119,0.0,150,-7.0,136,0.0,,,,,,,121,0.0,130,1.0,121,0.0,126,0.0,172,0.0,112.0,9.0
j120,j1202_6,j1202_6.sm,106.0,112.0,100.0,106.0,118.0,129.0,107.0,133.0,140.0,122.0,120.0,116.0,116.0,120.0,140.0,107.0,100.0,106.0,108.0,101.0,144.0,140.0,104.0,105.0,105.0,105.0,110.0,107.0,102.0,120.0,104.0,104.0,112.0,108.0,108.0,112.0,99.0,105.0,105.0,107.0,106.0,105.0,110.0,116.0,92,106,0.0,112,0.0,100,0.0,106,0.0,118,0.0,109,20.0,107,0.0,121,19.0,122,0.0,,,,,,,106,0.0,108,0.0,101,0.0,144,0.0,140,0.0,99.0,7.0
j120,j1202_7,j1202_7.sm,111.0,121.0,98.0,98.0,132.0,126.0,111.0,129.0,110.0,129.0,109.0,117.0,117.0,109.0,124.0,99.0,98.0,98.0,119.0,98.0,111.0,142.0,112.0,114.0,108.0,106.0,126.0,124.0,99.0,102.0,112.0,112.0,111.0,121.0,121.0,111.0,95.0,109.0,109.0,109.0,113.0,110.0,106.0,125.0,90,111,0.0,121,0.0,98,0.0,98,0.0,132,0.0,136,-10.0,111,0.0,120,-10.0,129,0.0,,,,,,,98,0.0,119,0.0,98,0.0,111,0.0,142,0.0,95.0,5.0
j120,j1202_8,j1202_8.sm,114.0,121.0,95.0,85.0,111.0,109.0,92.0,110.0,110.0,128.0,119.0,116.0,116.0,119.0,103.0,96.0,95.0,86.0,114.0,85.0,123.0,134.0,110.0,109.0,100.0,89.0,114.0,106.0,97.0,109.0,99.0,109.0,103.0,107.0,107.0,103.0,89.0,102.0,102.0,93.0,111.0,97.0,112.0,115.0,83,114,0.0,121,0.0,95,0.0,85,0.0,111,0.0,122,-13.0,92,0.0,119,-9.0,128,0.0,,,,,,,86,0.0,114,0.0,85,0.0,123,0.0,134,0.0,85.0,2.0
j120,j1202_9,j1202_9.sm,121.0,120.0,106.0,111.0,131.0,135.0,112.0,120.0,134.0,125.0,121.0,150.0,150.0,121.0,111.0,111.0,107.0,106.0,121.0,108.0,132.0,150.0,120.0,113.0,99.0,99.0,123.0,113.0,102.0,129.0,124.0,127.0,108.0,135.0,135.0,108.0,99.0,99.0,99.0,99.0,116.0,99.0,130.0,152.0,94,121,0.0,120,0.0,106,0.0,111,0.0,131,0.0,136,-1.0,112,0.0,137,-3.0,125,0.0,,,,,,,106,0.0,121,0.0,108,0.0,132,0.0,150,0.0,99.0,5.0
j120,j12030_1,j12030_1.sm,118.0,119.0,102.0,104.0,126.0,134.0,109.0,123.0,128.0,129.0,119.0,133.0,129.0,121.0,104.0,102.0,102.0,105.0,114.0,102.0,122.0,142.0,115.0,115.0,109.0,103.0,112.0,116.0,105.0,122.0,119.0,119.0,115.0,121.0,127.0,114.0,103.0,109.0,109.0,108.0,114.0,104.0,120.0,128.0,102,118,0.0,119,0.0,102,0.0,104,0.0,126,0.0,126,8.0,109,0.0,119,9.0,129,0.0,,,,,,,105,0.0,114,0.0,102,0.0,122,0.0,142,0.0,102.0,0.0
j120,j12030_10,j12030_10.sm,99.0,101.0,86.0,87.0,103.0,106.0,88.0,114.0,108.0,104.0,101.0,109.0,94.0,98.0,87.0,86.0,86.0,86.0,99.0,86.0,114.0,109.0,97.0,98.0,89.0,90.0,96.0,94.0,92.0,108.0,104.0,95.0,100.0,98.0,98.0,94.0,90.0,90.0,90.0,91.0,99.0,91.0,94.0,98.0,86,99,0.0,101,0.0,86,0.0,87,0.0,103,0.0,105,1.0,88,0.0,98,10.0,104,0.0,,,,,,,86,0.0,99,0.0,86,0.0,114,0.0,109,0.0,86.0,0.0
j120,j12030_2,j12030_2.sm,123.0,133.0,112.0,112.0,140.0,134.0,112.0,116.0,126.0,117.0,116.0,129.0,138.0,120.0,112.0,112.0,112.0,112.0,125.0,112.0,132.0,145.0,122.0,121.0,119.0,112.0,120.0,118.0,113.0,128.0,123.0,116.0,115.0,123.0,119.0,121.0,112.0,119.0,120.0,123.0,115.0,114.0,122.0,127.0,112,123,0.0,133,0.0,112,0.0,112,0.0,140,0.0,126,8.0,112,0.0,126,0.0,117,0.0,,,,,,,112,0.0,125,0.0,112,0.0,132,0.0,145,0.0,112.0,0.0
j120,j12030_3,j12030_3.sm,115.0,122.0,108.0,108.0,117.0,122.0,117.0,123.0,118.0,119.0,121.0,126.0,125.0,108.0,108.0,108.0,108.0,108.0,118.0,108.0,125.0,132.0,119.0,116.0,110.0,110.0,108.0,121.0,110.0,115.0,120.0,110.0,109.0,112.0,115.0,111.0,110.0,110.0,110.0,108.0,123.0,108.0,132.0,118.0,108,115,0.0,122,0.0,108,0.0,108,0.0,117,0.0,123,-1.0,117,0.0,122,-4.0,119,0.0,,,,,,,108,0.0,118,0.0,108,0.0,125,0.0,132,0.0,108.0,0.0
j120,j12030_4,j12030_4.sm,95.0,96.0,83.0,83.0,109.0,117.0,88.0,101.0,100.0,99.0,100.0,102.0,93.0,90.0,83.0,83.0,83.0,85.0,95.0,85.0,110.0,117.0,95.0,94.0,85.0,89.0,96.0,98.0,88.0,98.0,103.0,98.0,89.0,93.0,96.0,91.0,89.0,87.0,84.0,87.0,92.0,87.0,92.0,106.0,83,95,0.0,96,0.0,83,0.0,83,0.0,109,0.0,98,19.0,88,0.0,95,5.0,99,0.0,,,,,,,85,0.0,97,-2.0,85,0.0,110,0.0,117,0.0,83.0,0.0
j120,j12030_5,j12030_5.sm,102.0,105.0,94.0,97.0,110.0,126.0,93.0,136.0,118.0,116.0,107.0,105.0,108.0,106.0,97.0,96.0,96.0,92.0,105.0,91.0,138.0,121.0,100.0,103.0,93.0,97.0,108.0,111.0,96.0,111.0,117.0,107.0,100.0,101.0,106.0,100.0,95.0,96.0,94.0,100.0,99.0,98.0,120.0,120.0,83,102,0.0,105,0.0,94,0.0,97,0.0,110,0.0,122,4.0,93,0.0,115,3.0,116,0.0,,,,,,,94,-2.0,105,0.0,91,0.0,138,0.0,121,0.0,91.0,8.0
j120,j12030_6,j12030_6.sm,92.0,100.0,79.0,79.0,106.0,109.0,83.0,96.0,102.0,98.0,94.0,103.0,97.0,89.0,79.0,80.0,80.0,82.0,96.0,79.0,116.0,111.0,94.0,97.0,82.0,82.0,93.0,93.0,89.0,100.0,94.0,97.0,92.0,90.0,92.0,91.0,82.0,81.0,82.0,86.0,91.0,84.0,99.0,101.0,79,92,0.0,100,0.0,79,0.0,79,0.0,106,0.0,97,12.0,83,0.0,94,8.0,98,0.0,,,,,,,82,0.0,96,0.0,79,0.0,116,0.0,111,0.0,79.0,0.0
j120,j12030_7,j12030_7.sm,108.0,113.0,99.0,101.0,116.0,124.0,106.0,125.0,131.0,122.0,115.0,122.0,113.0,113.0,101.0,99.0,99.0,102.0,112.0,100.0,119.0,132.0,107.0,112.0,104.0,100.0,109.0,109.0,102.0,106.0,111.0,115.0,112.0,116.0,110.0,114.0,100.0,104.0,104.0,99.0,105.0,98.0,115.0,121.0,93,108,0.0,113,0.0,99,0.0,101,0.0,116,0.0,125,-1.0,106,0.0,135,-4.0,122,0.0,,,,,,,102,0.0,112,0.0,100,0.0,119,0.0,132,0.0,98.0,5.0
j120,j12030_8,j12030_8.sm,90.0,90.0,79.0,79.0,98.0,97.0,81.0,101.0,109.0,95.0,96.0,89.0,92.0,98.0,79.0,79.0,79.0,80.0,90.0,79.0,99.0,104.0,91.0,87.0,86.0,87.0,93.0,89.0,92.0,100.0,91.0,91.0,93.0,91.0,92.0,89.0,83.0,83.0,83.0,84.0,87.0,84.0,94.0,97.0,79,90,0.0,90,0.0,79,0.0,79,0.0,98,0.0,95,2.0,81,0.0,101,8.0,95,0.0,,,,,,,80,0.0,90,0.0,79,0.0,99,0.0,104,0.0,79.0,0.0
j120,j12030_9,j12030_9.sm,109.0,114.0,93.0,93.0,117.0,108.0,99.0,104.0,105.0,113.0,105.0,120.0,114.0,104.0,93.0,93.0,93.0,94.0,107.0,94.0,115.0,126.0,101.0,101.0,98.0,98.0,99.0,102.0,101.0,115.0,111.0,99.0,105.0,96.0,106.0,100.0,98.0,98.0,98.0,94.0,105.0,95.0,108.0,107.0,93,109,0.0,114,0.0,93,0.0,93,0.0,117,0.0,121,-13.0,99,0.0,101,4.0,113,0.0,,,,,,,93,1.0,107,0.0,94,0.0,115,0.0,126,0.0,93.0,0.0
j120,j12031_1,j12031_1.sm,265.0,270.0,242.0,243.0,315.0,303.0,246.0,283.0,254.0,270.0,269.0,270.0,279.0,256.0,310.0,239.0,237.0,246.0,262.0,231.0,281.0,306.0,245.0,243.0,231.0,226.0,257.0,258.0,230.0,248.0,258.0,246.0,247.0,231.0,237.0,235.0,248.0,229.0,229.0,227.0,257.0,220.0,256.0,255.0,196,265,0.0,270,0.0,242,0.0,243,0.0,315,0.0,284,19.0,246,0.0,267,-13.0,270,0.0,,,,,,,245,1.0,263,-1.0,231,0.0,281,0.0,306,0.0,220.0,24.0
j120,j12031_10,j12031_10.sm,288.0,308.0,285.0,292.0,350.0,330.0,299.0,333.0,332.0,309.0,305.0,318.0,323.0,297.0,345.0,299.0,285.0,285.0,309.0,287.0,329.0,311.0,286.0,266.0,277.0,272.0,284.0,298.0,279.0,326.0,300.0,299.0,300.0,286.0,279.0,278.0,284.0,273.0,275.0,281.0,274.0,269.0,330.0,335.0,225,288,0.0,308,0.0,285,0.0,292,0.0,350,0.0,310,20.0,299,0.0,303,29.0,309,0.0,,,,,,,283,2.0,307,2.0,287,0.0,329,0.0,311,0.0,266.0,41.0
j120,j12031_2,j12031_2.sm,247.0,243.0,238.0,242.0,284.0,272.0,240.0,311.0,267.0,265.0,261.0,264.0,274.0,252.0,285.0,239.0,230.0,229.0,243.0,234.0,316.0,282.0,221.0,231.0,230.0,224.0,251.0,232.0,218.0,269.0,254.0,243.0,257.0,241.0,229.0,228.0,243.0,218.0,229.0,232.0,235.0,213.0,252.0,258.0,192,247,0.0,243,0.0,238,0.0,242,0.0,284,0.0,254,18.0,240,0.0,261,6.0,265,0.0,,,,,,,235,-6.0,246,-3.0,234,0.0,316,0.0,282,0.0,213.0,21.0
j120,j12031_3,j12031_3.sm,221.0,227.0,209.0,209.0,299.0,234.0,222.0,265.0,262.0,228.0,236.0,238.0,242.0,217.0,277.0,199.0,202.0,218.0,231.0,203.0,267.0,286.0,215.0,217.0,202.0,213.0,244.0,220.0,212.0,257.0,248.0,232.0,208.0,195.0,206.0,205.0,230.0,196.0,201.0,201.0,214.0,194.0,251.0,231.0,173,221,0.0,227,0.0,209,0.0,209,0.0,299,0.0,235,-1.0,222,0.0,232,30.0,228,0.0,,,,,,,214,4.0,230,1.0,203,0.0,271,-4.0,286,0.0,194.0,21.0
j120,j12031_4,j12031_4.sm,295.0,310.0,270.0,260.0,326.0,324.0,276.0,343.0,335.0,309.0,306.0,295.0,298.0,279.0,328.0,270.0,269.0,283.0,300.0,266.0,352.0,364.0,289.0,294.0,262.0,263.0,284.0,289.0,261.0,319.0,304.0,292.0,275.0,279.0,289.0,265.0,276.0,257.0,268.0,277.0,297.0,248.0,321.0,318.0,218,295,0.0,310,0.0,270,0.0,260,0.0,326,0.0,306,18.0,276,0.0,292,43.0,309,0.0,,,,,,,277,6.0,302,-2.0,266,0.0,352,0.0,364,0.0,248.0,30.0
j120,j12031_5,j12031_5.sm,274.0,275.0,241.0,247.0,298.0,297.0,249.0,293.0,281.0,257.0,259.0,272.0,285.0,262.0,308.0,240.0,239.0,246.0,274.0,240.0,292.0,277.0,253.0,250.0,232.0,228.0,264.0,264.0,240.0,314.0,289.0,264.0,256.0,250.0,253.0,239.0,271.0,230.0,233.0,243.0,245.0,228.0,286.0,294.0,199,274,0.0,275,0.0,241,0.0,247,0.0,298,0.0,268,29.0,249,0.0,274,7.0,257,0.0,,,,,,,248,-2.0,273,1.0,239,1.0,292,0.0,277,0.0,228.0,29.0
j120,j12031_6,j12031_6.sm,250.0,259.0,223.0,232.0,267.0,269.0,230.0,275.0,303.0,249.0,254.0,246.0,253.0,237.0,271.0,221.0,226.0,236.0,255.0,233.0,289.0,299.0,242.0,239.0,227.0,219.0,246.0,252.0,223.0,270.0,264.0,254.0,225.0,235.0,212.0,235.0,239.0,223.0,226.0,221.0,250.0,213.0,275.0,271.0,190,250,0.0,259,0.0,223,0.0,232,0.0,267,0.0,266,3.0,230,0.0,248,55.0,249,0.0,,,,,,,240,-4.0,255,0.0,234,-1.0,289,0.0,299,0.0,212.0,22.0
j120,j12031_7,j12031_7.sm,265.0,277.0,250.0,252.0,320.0,303.0,257.0,306.0,306.0,283.0,280.0,280.0,286.0,259.0,252.0,251.0,250.0,245.0,271.0,243.0,297.0,314.0,255.0,266.0,235.0,228.0,261.0,259.0,231.0,258.0,266.0,252.0,241.0,238.0,239.0,242.0,239.0,230.0,237.0,235.0,254.0,228.0,249.0,270.0,204,265,0.0,277,0.0,250,0.0,252,0.0,320,0.0,276,27.0,257,0.0,272,34.0,283,0.0,,,,,,,242,3.0,271,0.0,244,-1.0,297,0.0,314,0.0,228.0,24.0
j120,j12031_8,j12031_8.sm,246.0,259.0,243.0,242.0,292.0,261.0,235.0,293.0,279.0,260.0,256.0,259.0,259.0,253.0,276.0,238.0,235.0,235.0,260.0,236.0,283.0,291.0,230.0,235.0,225.0,225.0,255.0,243.0,228.0,264.0,270.0,269.0,236.0,230.0,232.0,239.0,240.0,222.0,222.0,226.0,239.0,215.0,279.0,287.0,191,246,0.0,259,0.0,243,0.0,242,0.0,292,0.0,249,12.0,235,0.0,259,20.0,260,0.0,,,,,,,236,-1.0,263,-3.0,236,0.0,283,0.0,291,0.0,215.0,24.0
j120,j12031_9,j12031_9.sm,254.0,251.0,234.0,237.0,253.0,255.0,232.0,264.0,275.0,250.0,268.0,249.0,274.0,249.0,237.0,227.0,238.0,233.0,261.0,225.0,256.0,288.0,240.0,234.0,221.0,227.0,250.0,239.0,221.0,252.0,260.0,255.0,250.0,251.0,226.0,215.0,241.0,216.0,227.0,211.0,243.0,217.0,268.0,262.0,188,254,0.0,251,0.0,234,0.0,237,0.0,253,0.0,252,3.0,232,0.0,259,16.0,250,0.0,,,,,,,229,4.0,264,-3.0,225,0.0,256,0.0,288,0.0,211.0,23.0
j120,j12032_1,j12032_1.sm,183.0,194.0,172.0,172.0,198.0,205.0,172.0,202.0,204.0,186.0,191.0,191.0,189.0,175.0,172.0,173.0,173.0,182.0,190.0,171.0,209.0,217.0,179.0,178.0,170.0,168.0,175.0,193.0,166.0,176.0,188.0,187.0,176.0,177.0,179.0,178.0,166.0,167.0,167.0,169.0,176.0,162.0,203.0,204.0,147,183,0.0,194,0.0,172,0.0,172,0.0,198,0.0,193,12.0,172,0.0,182,22.0,186,0.0,,,,,,,182,0.0,190,0.0,171,0.0,209,0.0,217,0.0,162.0,15.0
j120,j12032_10,j12032_10.sm,173.0,172.0,156.0,152.0,206.0,180.0,155.0,203.0,182.0,175.0,169.0,173.0,180.0,166.0,152.0,155.0,155.0,158.0,172.0,150.0,180.0,202.0,156.0,171.0,147.0,149.0,164.0,165.0,145.0,179.0,191.0,162.0,159.0,167.0,162.0,160.0,147.0,150.0,147.0,145.0,168.0,142.0,179.0,193.0,130,173,0.0,172,0.0,156,0.0,152,0.0,206,0.0,168,12.0,155,0.0,171,11.0,175,0.0,,,,,,,156,2.0,172,0.0,150,0.0,180,0.0,202,0.0,142.0,12.0
j120,j12032_2,j12032_2.sm,168.0,174.0,159.0,161.0,199.0,200.0,160.0,193.0,195.0,180.0,178.0,187.0,176.0,170.0,161.0,163.0,163.0,161.0,173.0,155.0,192.0,216.0,165.0,161.0,153.0,155.0,160.0,159.0,148.0,167.0,170.0,166.0,151.0,152.0,160.0,152.0,151.0,151.0,152.0,150.0,161.0,145.0,171.0,182.0,131,168,0.0,174,0.0,159,0.0,161,0.0,199,0.0,185,15.0,160,0.0,185,10.0,180,0.0,,,,,,,161,0.0,172,1.0,155,0.0,192,0.0,216,0.0,145.0,14.0
j120,j12032_3,j12032_3.sm,180.0,192.0,167.0,170.0,194.0,201.0,178.0,199.0,220.0,217.0,192.0,198.0,195.0,177.0,170.0,172.0,172.0,176.0,182.0,173.0,197.0,228.0,177.0,175.0,163.0,159.0,177.0,196.0,167.0,188.0,202.0,192.0,176.0,175.0,182.0,175.0,162.0,161.0,167.0,168.0,179.0,160.0,187.0,188.0,145,180,0.0,192,0.0,167,0.0,170,0.0,194,0.0,202,-1.0,178,0.0,212,8.0,217,0.0,,,,,,,175,1.0,182,0.0,173,0.0,197,0.0,228,0.0,159.0,14.0
j120,j12032_4,j12032_4.sm,180.0,189.0,162.0,167.0,204.0,198.0,160.0,190.0,194.0,173.0,182.0,186.0,192.0,175.0,167.0,160.0,160.0,160.0,184.0,159.0,211.0,208.0,177.0,171.0,152.0,156.0,181.0,171.0,153.0,182.0,188.0,179.0,168.0,164.0,164.0,170.0,158.0,159.0,153.0,156.0,171.0,153.0,186.0,185.0,135,180,0.0,189,0.0,162,0.0,167,0.0,204,0.0,180,18.0,160,0.0,175,19.0,173,0.0,,,,,,,158,2.0,184,0.0,155,4.0,211,0.0,208,0.0,152.0,17.0
j120,j12032_5,j12032_5.sm,175.0,179.0,170.0,170.0,199.0,184.0,167.0,207.0,197.0,180.0,184.0,189.0,179.0,176.0,170.0,167.0,167.0,163.0,180.0,168.0,196.0,197.0,170.0,165.0,163.0,158.0,182.0,178.0,160.0,177.0,188.0,178.0,161.0,173.0,159.0,161.0,156.0,154.0,162.0,157.0,171.0,154.0,192.0,188.0,138,175,0.0,179,0.0,170,0.0,170,0.0,199,0.0,188,-4.0,167,0.0,185,12.0,180,0.0,,,,,,,158,5.0,180,0.0,167,1.0,196,0.0,197,0.0,154.0,16.0
j120,j12032_6,j12032_6.sm,165.0,175.0,148.0,151.0,180.0,177.0,162.0,183.0,180.0,177.0,179.0,174.0,164.0,168.0,151.0,149.0,149.0,155.0,169.0,152.0,174.0,188.0,161.0,160.0,149.0,147.0,176.0,168.0,150.0,170.0,172.0,167.0,166.0,155.0,157.0,155.0,151.0,143.0,141.0,156.0,161.0,145.0,170.0,182.0,128,165,0.0,175,0.0,148,0.0,151,0.0,180,0.0,185,-8.0,162,0.0,168,12.0,177,0.0,,,,,,,155,0.0,170,-1.0,152,0.0,174,0.0,188,0.0,141.0,13.0
j120,j12032_7,j12032_7.sm,160.0,165.0,143.0,145.0,183.0,186.0,150.0,176.0,182.0,168.0,172.0,169.0,164.0,157.0,145.0,141.0,141.0,147.0,168.0,144.0,189.0,193.0,161.0,159.0,136.0,137.0,152.0,164.0,137.0,154.0,155.0,157.0,160.0,162.0,155.0,151.0,140.0,134.0,133.0,135.0,165.0,135.0,167.0,173.0,122,160,0.0,165,0.0,143,0.0,145,0.0,183,0.0,165,21.0,150,0.0,156,26.0,168,0.0,,,,,,,149,-2.0,168,0.0,144,0.0,189,0.0,193,0.0,133.0,11.0
j120,j12032_8,j12032_8.sm,163.0,169.0,155.0,157.0,185.0,183.0,160.0,191.0,184.0,178.0,190.0,175.0,187.0,166.0,157.0,157.0,157.0,154.0,168.0,156.0,175.0,209.0,168.0,165.0,153.0,152.0,170.0,168.0,157.0,178.0,183.0,160.0,165.0,166.0,165.0,159.0,158.0,154.0,152.0,147.0,156.0,149.0,172.0,170.0,135,163,0.0,169,0.0,155,0.0,157,0.0,185,0.0,178,5.0,160,0.0,175,9.0,178,0.0,,,,,,,154,0.0,170,-2.0,158,-2.0,175,0.0,209,0.0,147.0,12.0
j120,j12032_9,j12032_9.sm,159.0,163.0,145.0,150.0,170.0,166.0,151.0,175.0,171.0,169.0,161.0,160.0,160.0,160.0,150.0,144.0,144.0,149.0,159.0,147.0,180.0,206.0,156.0,153.0,141.0,143.0,165.0,168.0,142.0,173.0,158.0,155.0,150.0,148.0,165.0,147.0,140.0,142.0,142.0,145.0,152.0,144.0,168.0,171.0,127,159,0.0,163,0.0,145,0.0,150,0.0,170,0.0,158,8.0,151,0.0,149,22.0,169,0.0,,,,,,,149,0.0,159,0.0,145,2.0,180,0.0,206,0.0,140.0,13.0
j120,j12033_1,j12033_1.sm,140.0,146.0,122.0,121.0,159.0,161.0,135.0,171.0,147.0,151.0,138.0,140.0,147.0,145.0,121.0,123.0,123.0,130.0,144.0,123.0,154.0,166.0,134.0,135.0,119.0,117.0,154.0,145.0,135.0,134.0,145.0,142.0,142.0,135.0,143.0,142.0,128.0,119.0,120.0,121.0,136.0,120.0,133.0,159.0,107,140,0.0,146,0.0,122,0.0,121,0.0,159,0.0,167,-6.0,135,0.0,143,4.0,151,0.0,,,,,,,131,-1.0,144,0.0,124,-1.0,154,0.0,172,-6.0,117.0,10.0
j120,j12033_10,j12033_10.sm,129.0,139.0,122.0,129.0,146.0,148.0,124.0,156.0,169.0,144.0,146.0,148.0,153.0,127.0,129.0,122.0,122.0,127.0,131.0,124.0,141.0,153.0,126.0,133.0,117.0,117.0,135.0,130.0,122.0,138.0,141.0,131.0,126.0,131.0,129.0,124.0,115.0,118.0,116.0,120.0,125.0,116.0,141.0,140.0,106,129,0.0,139,0.0,122,0.0,129,0.0,146,0.0,139,9.0,124,0.0,147,22.0,144,0.0,,,,,,,127,0.0,131,0.0,122,2.0,141,0.0,153,0.0,115.0,9.0
j120,j12033_2,j12033_2.sm,145.0,146.0,134.0,130.0,159.0,168.0,134.0,165.0,155.0,145.0,150.0,155.0,157.0,140.0,130.0,135.0,135.0,130.0,147.0,130.0,167.0,163.0,137.0,145.0,128.0,127.0,145.0,136.0,128.0,142.0,143.0,139.0,140.0,132.0,138.0,134.0,130.0,129.0,125.0,128.0,142.0,127.0,142.0,148.0,112,145,0.0,146,0.0,134,0.0,130,0.0,159,0.0,151,17.0,134,0.0,146,9.0,145,0.0,,,,,,,134,-4.0,143,4.0,130,0.0,167,0.0,163,0.0,125.0,13.0
j120,j12033_3,j12033_3.sm,142.0,142.0,127.0,125.0,166.0,166.0,134.0,188.0,160.0,150.0,148.0,142.0,142.0,140.0,125.0,124.0,124.0,129.0,143.0,126.0,142.0,183.0,136.0,135.0,120.0,119.0,139.0,131.0,125.0,148.0,142.0,133.0,130.0,137.0,128.0,134.0,120.0,121.0,120.0,120.0,137.0,119.0,144.0,136.0,107,142,0.0,142,0.0,127,0.0,125,0.0,166,0.0,146,20.0,134,0.0,145,15.0,150,0.0,,,,,,,130,-1.0,143,0.0,126,0.0,142,0.0,183,0.0,119.0,12.0
j120,j12033_4,j12033_4.sm,147.0,149.0,131.0,132.0,172.0,165.0,134.0,166.0,160.0,156.0,149.0,162.0,151.0,135.0,132.0,130.0,130.0,131.0,147.0,129.0,177.0,175.0,147.0,140.0,127.0,124.0,155.0,152.0,127.0,148.0,142.0,142.0,139.0,131.0,140.0,132.0,123.0,127.0,124.0,127.0,148.0,126.0,153.0,150.0,112,147,0.0,149,0.0,131,0.0,132,0.0,172,0.0,148,17.0,134,0.0,154,6.0,156,0.0,,,,,,,130,1.0,142,5.0,132,-3.0,177,0.0,175,0.0,123.0,11.0
j120,j12033_5,j12033_5.sm,191.0,198.0,167.0,166.0,208.0,195.0,171.0,224.0,211.0,201.0,203.0,212.0,202.0,181.0,166.0,168.0,168.0,165.0,189.0,168.0,203.0,226.0,178.0,185.0,156.0,156.0,181.0,188.0,164.0,179.0,189.0,186.0,187.0,181.0,179.0,180.0,163.0,165.0,156.0,169.0,179.0,164.0,181.0,208.0,142,191,0.0,198,0.0,167,0.0,166,0.0,208,0.0,179,16.0,171,0.0,200,11.0,201,0.0,,,,,,,167,-2.0,189,0.0,168,0.0,203,0.0,226,0.0,156.0,14.0
j120,j12033_6,j12033_6.sm,155.0,156.0,133.0,137.0,153.0,152.0,143.0,156.0,162.0,151.0,145.0,145.0,144.0,138.0,137.0,131.0,131.0,137.0,149.0,133.0,155.0,163.0,152.0,147.0,129.0,129.0,148.0,151.0,132.0,142.0,159.0,150.0,150.0,150.0,151.0,142.0,129.0,126.0,130.0,132.0,150.0,128.0,152.0,159.0,115,155,0.0,156,0.0,133,0.0,137,0.0,153,0.0,162,-10.0,143,0.0,149,13.0,151,0.0,,,,,,,137,0.0,149,0.0,133,0.0,155,0.0,163,0.0,126.0,11.0
j120,j12033_7,j12033_7.sm,156.0,155.0,139.0,137.0,169.0,154.0,145.0,164.0,157.0,163.0,159.0,159.0,173.0,152.0,137.0,136.0,136.0,145.0,160.0,137.0,180.0,197.0,153.0,149.0,139.0,137.0,157.0,156.0,137.0,146.0,159.0,152.0,153.0,154.0,139.0,145.0,139.0,139.0,141.0,147.0,152.0,136.0,163.0,155.0,123,156,0.0,155,0.0,139,0.0,137,0.0,169,0.0,161,-7.0,145,0.0,150,7.0,163,0.0,,,,,,,145,0.0,158,2.0,137,0.0,180,0.0,197,0.0,136.0,13.0
j120,j12033_8,j12033_8.sm,143.0,147.0,130.0,128.0,161.0,162.0,139.0,153.0,151.0,146.0,144.0,146.0,134.0,147.0,128.0,130.0,130.0,133.0,145.0,128.0,150.0,178.0,139.0,138.0,120.0,124.0,130.0,136.0,126.0,135.0,138.0,138.0,139.0,129.0,132.0,135.0,124.0,124.0,125.0,128.0,133.0,119.0,145.0,143.0,111,143,0.0,147,0.0,130,0.0,128,0.0,161,0.0,147,15.0,139,0.0,145,6.0,146,0.0,,,,,,,131,2.0,144,1.0,126,2.0,150,0.0,178,0.0,119.0,8.0
j120,j12033_9,j12033_9.sm,144.0,157.0,135.0,137.0,165.0,162.0,134.0,164.0,149.0,154.0,140.0,153.0,148.0,149.0,137.0,134.0,134.0,136.0,154.0,132.0,158.0,163.0,142.0,146.0,123.0,125.0,146.0,135.0,128.0,141.0,143.0,148.0,143.0,127.0,145.0,144.0,124.0,124.0,123.0,130.0,144.0,124.0,151.0,147.0,113,144,0.0,157,0.0,135,0.0,137,0.0,165,0.0,147,15.0,134,0.0,142,7.0,154,0.0,,,,,,,136,0.0,153,1.0,133,-1.0,158,0.0,163,0.0,123.0,10.0
j120,j12034_1,j12034_1.sm,98.0,100.0,84.0,84.0,120.0,115.0,92.0,120.0,106.0,112.0,109.0,102.0,117.0,106.0,84.0,84.0,84.0,88.0,99.0,86.0,112.0,116.0,95.0,96.0,83.0,86.0,102.0,99.0,91.0,96.0,98.0,100.0,98.0,105.0,102.0,101.0,85.0,84.0,86.0,88.0,96.0,84.0,112.0,111.0,78,98,0.0,100,0.0,84,0.0,84,0.0,120,0.0,102,13.0,92,0.0,108,-2.0,112,0.0,,,,,,,89,-1.0,100,-1.0,86,0.0,112,0.0,116,0.0,83.0,5.0
j120,j12034_10,j12034_10.sm,130.0,129.0,104.0,108.0,128.0,145.0,110.0,136.0,134.0,121.0,128.0,125.0,126.0,117.0,108.0,103.0,103.0,109.0,130.0,108.0,148.0,151.0,125.0,123.0,109.0,108.0,121.0,117.0,111.0,123.0,137.0,131.0,123.0,112.0,117.0,120.0,108.0,109.0,109.0,109.0,125.0,111.0,119.0,138.0,101,130,0.0,129,0.0,104,0.0,108,0.0,128,0.0,128,17.0,110,0.0,126,8.0,121,0.0,,,,,,,109,0.0,130,0.0,108,0.0,148,0.0,151,0.0,103.0,2.0
j120,j12034_2,j12034_2.sm,128.0,129.0,114.0,115.0,152.0,144.0,115.0,148.0,159.0,135.0,139.0,142.0,134.0,129.0,115.0,115.0,115.0,116.0,128.0,115.0,169.0,161.0,123.0,129.0,115.0,115.0,140.0,132.0,114.0,149.0,132.0,130.0,127.0,128.0,130.0,129.0,113.0,113.0,113.0,120.0,125.0,118.0,144.0,153.0,105,128,0.0,129,0.0,114,0.0,115,0.0,152,0.0,138,6.0,115,0.0,134,25.0,135,0.0,,,,,,,116,0.0,127,1.0,115,0.0,169,0.0,161,0.0,113.0,8.0
j120,j12034_3,j12034_3.sm,116.0,129.0,113.0,116.0,140.0,127.0,114.0,149.0,134.0,131.0,138.0,134.0,142.0,130.0,116.0,115.0,115.0,114.0,123.0,112.0,132.0,151.0,116.0,121.0,108.0,112.0,120.0,122.0,111.0,130.0,129.0,129.0,118.0,124.0,126.0,119.0,112.0,108.0,111.0,114.0,120.0,109.0,135.0,130.0,101,116,0.0,129,0.0,113,0.0,116,0.0,140,0.0,128,-1.0,114,0.0,124,10.0,131,0.0,,,,,,,114,0.0,124,-1.0,112,0.0,132,0.0,151,0.0,108.0,7.0
j120,j12034_4,j12034_4.sm,121.0,124.0,102.0,102.0,124.0,129.0,103.0,146.0,128.0,132.0,124.0,128.0,128.0,127.0,102.0,102.0,102.0,104.0,122.0,104.0,128.0,136.0,117.0,119.0,106.0,102.0,134.0,126.0,113.0,128.0,122.0,145.0,121.0,119.0,121.0,117.0,104.0,104.0,107.0,104.0,115.0,108.0,131.0,122.0,95,121,0.0,124,0.0,102,0.0,102,0.0,124,0.0,125,4.0,103,0.0,128,0.0,132,0.0,,,,,,,104,0.0,122,0.0,103,1.0,128,0.0,136,0.0,102.0,7.0
j120,j12034_5,j12034_5.sm,130.0,132.0,116.0,118.0,140.0,142.0,123.0,143.0,150.0,144.0,125.0,133.0,133.0,129.0,118.0,114.0,114.0,124.0,126.0,117.0,147.0,149.0,131.0,126.0,112.0,113.0,130.0,121.0,114.0,141.0,131.0,126.0,123.0,118.0,126.0,121.0,112.0,113.0,112.0,114.0,125.0,112.0,140.0,151.0,103,130,0.0,132,0.0,116,0.0,118,0.0,140,0.0,147,-5.0,123,0.0,149,1.0,144,0.0,,,,,,,124,0.0,126,0.0,117,0.0,147,0.0,149,0.0,112.0,9.0
j120,j12034_6,j12034_6.sm,121.0,126.0,101.0,105.0,134.0,133.0,114.0,126.0,132.0,125.0,135.0,138.0,137.0,132.0,105.0,101.0,101.0,107.0,122.0,106.0,146.0,142.0,121.0,123.0,108.0,112.0,137.0,124.0,115.0,126.0,127.0,128.0,122.0,119.0,122.0,126.0,108.0,108.0,108.0,114.0,122.0,110.0,142.0,131.0,100,121,0.0,126,0.0,101,0.0,105,0.0,134,0.0,133,0.0,114,0.0,127,5.0,125,0.0,,,,,,,107,0.0,121,1.0,106,0.0,146,0.0,142,0.0,101.0,1.0
j120,j12034_7,j12034_7.sm,137.0,133.0,112.0,117.0,143.0,140.0,122.0,143.0,133.0,136.0,132.0,143.0,139.0,121.0,117.0,113.0,113.0,119.0,134.0,115.0,145.0,170.0,134.0,129.0,113.0,111.0,136.0,134.0,113.0,140.0,139.0,129.0,134.0,139.0,140.0,125.0,111.0,117.0,118.0,116.0,130.0,113.0,128.0,145.0,105,137,0.0,133,0.0,112,0.0,117,0.0,143,0.0,142,-2.0,122,0.0,134,-1.0,136,0.0,,,,,,,119,0.0,134,0.0,115,0.0,145,0.0,170,0.0,111.0,6.0
j120,j12034_8,j12034_8.sm,111.0,110.0,100.0,101.0,124.0,128.0,114.0,144.0,121.0,117.0,131.0,109.0,123.0,117.0,101.0,99.0,99.0,103.0,110.0,100.0,139.0,130.0,105.0,107.0,96.0,97.0,118.0,114.0,111.0,122.0,129.0,112.0,111.0,109.0,112.0,113.0,97.0,95.0,95.0,105.0,109.0,96.0,117.0,114.0,89,111,0.0,110,0.0,100,0.0,101,0.0,124,0.0,116,12.0,114,0.0,124,-3.0,117,0.0,,,,,,,103,0.0,111,-1.0,100,0.0,139,0.0,130,0.0,95.0,6.0
j120,j12034_9,j12034_9.sm,123.0,124.0,107.0,110.0,130.0,131.0,114.0,128.0,132.0,126.0,122.0,119.0,123.0,114.0,110.0,106.0,106.0,108.0,120.0,110.0,134.0,155.0,119.0,113.0,101.0,103.0,118.0,119.0,104.0,125.0,121.0,115.0,113.0,128.0,116.0,112.0,103.0,101.0,100.0,107.0,117.0,101.0,122.0,128.0,94,123,0.0,124,0.0,107,0.0,110,0.0,130,0.0,125,6.0,114,0.0,122,10.0,126,0.0,,,,,,,109,-1.0,120,0.0,110,0.0,134,0.0,155,0.0,100.0,6.0
j120,j12035_1,j12035_1.sm,96.0,102.0,87.0,87.0,98.0,108.0,87.0,99.0,98.0,103.0,93.0,96.0,98.0,89.0,87.0,87.0,87.0,87.0,100.0,87.0,107.0,110.0,97.0,100.0,90.0,88.0,101.0,94.0,89.0,106.0,95.0,94.0,91.0,94.0,94.0,92.0,88.0,90.0,90.0,88.0,101.0,88.0,108.0,103.0,87,96,0.0,102,0.0,87,0.0,87,0.0,98,0.0,99,9.0,87,0.0,98,0.0,103,0.0,,,,,,,87,0.0,100,0.0,87,0.0,107,0.0,110,0.0,87.0,0.0
j120,j12035_10,j12035_10.sm,101.0,106.0,86.0,86.0,100.0,107.0,94.0,103.0,112.0,106.0,109.0,102.0,108.0,95.0,86.0,86.0,86.0,87.0,100.0,87.0,109.0,114.0,99.0,102.0,91.0,88.0,97.0,97.0,89.0,100.0,110.0,98.0,94.0,99.0,104.0,97.0,88.0,89.0,89.0,90.0,99.0,89.0,100.0,112.0,86,101,0.0,106,0.0,86,0.0,86,0.0,100,0.0,105,2.0,94,0.0,103,9.0,106,0.0,,,,,,,87,0.0,100,0.0,86,1.0,109,0.0,114,0.0,86.0,0.0
j120,j12035_2,j12035_2.sm,138.0,144.0,119.0,122.0,178.0,157.0,126.0,153.0,160.0,135.0,157.0,157.0,146.0,142.0,122.0,119.0,119.0,130.0,141.0,125.0,167.0,180.0,135.0,140.0,118.0,122.0,139.0,143.0,122.0,147.0,136.0,146.0,140.0,139.0,149.0,139.0,119.0,121.0,118.0,121.0,133.0,117.0,142.0,157.0,111,138,0.0,144,0.0,119,0.0,122,0.0,178,0.0,149,8.0,126,0.0,152,8.0,135,0.0,,,,,,,130,0.0,141,0.0,127,-2.0,167,0.0,180,0.0,117.0,6.0
j120,j12035_3,j12035_3.sm,93.0,97.0,83.0,84.0,107.0,101.0,91.0,112.0,98.0,99.0,97.0,105.0,101.0,101.0,84.0,82.0,82.0,87.0,97.0,84.0,113.0,106.0,91.0,92.0,82.0,81.0,100.0,89.0,85.0,103.0,98.0,91.0,100.0,95.0,91.0,94.0,82.0,80.0,81.0,80.0,95.0,82.0,100.0,106.0,77,93,0.0,97,0.0,83,0.0,84,0.0,107,0.0,103,-2.0,91,0.0,99,-1.0,99,0.0,,,,,,,87,0.0,94,3.0,84,0.0,113,0.0,106,0.0,80.0,3.0
j120,j12035_4,j12035_4.sm,127.0,126.0,106.0,106.0,135.0,134.0,115.0,149.0,126.0,127.0,135.0,125.0,134.0,119.0,106.0,104.0,104.0,107.0,125.0,106.0,136.0,148.0,124.0,125.0,109.0,104.0,129.0,130.0,114.0,128.0,122.0,114.0,128.0,120.0,124.0,120.0,110.0,114.0,110.0,109.0,122.0,107.0,124.0,131.0,101,127,0.0,126,0.0,106,0.0,106,0.0,135,0.0,138,-4.0,115,0.0,123,3.0,127,0.0,,,,,,,107,0.0,125,0.0,106,0.0,136,0.0,148,0.0,104.0,3.0
j120,j12035_5,j12035_5.sm,115.0,119.0,101.0,103.0,125.0,126.0,107.0,141.0,123.0,124.0,122.0,135.0,124.0,119.0,103.0,104.0,104.0,110.0,115.0,102.0,140.0,146.0,110.0,114.0,104.0,100.0,120.0,118.0,106.0,123.0,119.0,122.0,111.0,121.0,117.0,110.0,101.0,103.0,104.0,103.0,115.0,104.0,122.0,122.0,92,115,0.0,119,0.0,101,0.0,103,0.0,125,0.0,127,-1.0,107,0.0,124,-1.0,124,0.0,,,,,,,110,0.0,115,0.0,102,0.0,140,0.0,146,0.0,100.0,8.0
j120,j12035_6,j12035_6.sm,101.0,101.0,86.0,86.0,111.0,113.0,91.0,111.0,111.0,115.0,102.0,110.0,115.0,101.0,86.0,86.0,86.0,88.0,101.0,87.0,120.0,130.0,98.0,101.0,89.0,87.0,103.0,95.0,92.0,108.0,118.0,112.0,96.0,108.0,94.0,100.0,87.0,88.0,88.0,91.0,99.0,91.0,108.0,115.0,86,101,0.0,101,0.0,86,0.0,86,0.0,111,0.0,112,1.0,91,0.0,100,11.0,115,0.0,,,,,,,88,0.0,101,0.0,87,0.0,120,0.0,130,0.0,86.0,0.0
j120,j12035_7,j12035_7.sm,111.0,114.0,99.0,99.0,138.0,117.0,99.0,141.0,122.0,113.0,121.0,116.0,109.0,114.0,99.0,99.0,99.0,99.0,114.0,99.0,138.0,124.0,110.0,114.0,103.0,100.0,111.0,110.0,102.0,109.0,115.0,121.0,121.0,115.0,109.0,109.0,100.0,103.0,102.0,101.0,111.0,103.0,115.0,125.0,99,111,0.0,114,0.0,99,0.0,99,0.0,138,0.0,124,-7.0,99,0.0,112,10.0,113,0.0,,,,,,,99,0.0,114,0.0,99,0.0,138,0.0,124,0.0,99.0,0.0
j120,j12035_8,j12035_8.sm,120.0,118.0,104.0,103.0,122.0,131.0,106.0,143.0,136.0,129.0,136.0,125.0,133.0,121.0,103.0,103.0,103.0,106.0,118.0,105.0,130.0,142.0,116.0,116.0,109.0,110.0,123.0,117.0,112.0,120.0,118.0,115.0,114.0,130.0,116.0,119.0,107.0,109.0,109.0,104.0,116.0,106.0,124.0,122.0,101,120,0.0,118,0.0,104,0.0,103,0.0,122,0.0,132,-1.0,106,0.0,123,13.0,129,0.0,,,,,,,106,0.0,118,0.0,105,0.0,130,0.0,142,0.0,103.0,2.0
j120,j12035_9,j12035_9.sm,116.0,110.0,99.0,97.0,120.0,124.0,100.0,114.0,116.0,116.0,115.0,130.0,132.0,105.0,97.0,99.0,99.0,99.0,112.0,100.0,126.0,138.0,109.0,110.0,99.0,99.0,109.0,114.0,102.0,110.0,118.0,120.0,99.0,105.0,105.0,102.0,98.0,98.0,101.0,100.0,108.0,97.0,117.0,129.0,91,116,0.0,110,0.0,99,0.0,97,0.0,120,0.0,115,9.0,100,0.0,124,-8.0,116,0.0,,,,,,,99,0.0,112,0.0,100,0.0,126,0.0,138,0.0,97.0,6.0
j120,j12036_1,j12036_1.sm,258.0,269.0,257.0,256.0,287.0,295.0,252.0,270.0,288.0,265.0,258.0,266.0,272.0,277.0,315.0,252.0,255.0,263.0,260.0,254.0,284.0,293.0,249.0,242.0,238.0,240.0,258.0,251.0,242.0,285.0,283.0,266.0,238.0,242.0,242.0,269.0,249.0,241.0,235.0,252.0,248.0,233.0,265.0,274.0,209,258,0.0,269,0.0,257,0.0,256,0.0,287,0.0,272,23.0,252,0.0,256,32.0,265,0.0,,,,,,,256,7.0,260,0.0,254,0.0,284,0.0,293,0.0,233.0,24.0
j120,j12036_10,j12036_10.sm,276.0,276.0,261.0,255.0,300.0,293.0,259.0,303.0,296.0,269.0,269.0,276.0,276.0,273.0,283.0,264.0,263.0,254.0,270.0,259.0,317.0,315.0,259.0,259.0,244.0,252.0,264.0,268.0,243.0,292.0,290.0,269.0,254.0,247.0,251.0,261.0,257.0,245.0,242.0,240.0,257.0,235.0,296.0,295.0,215,276,0.0,276,0.0,261,0.0,255,0.0,300,0.0,285,8.0,259,0.0,266,30.0,269,0.0,,,,,,,256,-2.0,273,-3.0,259,0.0,317,0.0,315,0.0,235.0,20.0
j120,j12036_2,j12036_2.sm,279.0,280.0,279.0,269.0,309.0,315.0,271.0,285.0,294.0,290.0,273.0,285.0,276.0,300.0,299.0,272.0,277.0,269.0,281.0,270.0,292.0,319.0,254.0,265.0,254.0,256.0,280.0,268.0,255.0,276.0,303.0,279.0,261.0,260.0,269.0,270.0,260.0,248.0,253.0,262.0,269.0,256.0,276.0,299.0,222,279,0.0,280,0.0,279,0.0,269,0.0,309,0.0,288,27.0,271,0.0,274,20.0,290,0.0,,,,,,,270,-1.0,277,4.0,270,0.0,292,0.0,319,0.0,248.0,26.0
j120,j12036_3,j12036_3.sm,283.0,290.0,271.0,274.0,333.0,316.0,272.0,306.0,331.0,293.0,280.0,282.0,286.0,290.0,286.0,275.0,276.0,269.0,284.0,272.0,306.0,337.0,268.0,273.0,267.0,264.0,295.0,290.0,260.0,297.0,314.0,290.0,268.0,268.0,276.0,292.0,286.0,268.0,264.0,258.0,268.0,255.0,298.0,317.0,228,283,0.0,290,0.0,271,0.0,274,0.0,333,0.0,293,23.0,272,0.0,291,40.0,293,0.0,,,,,,,274,-5.0,285,-1.0,272,0.0,306,0.0,337,0.0,255.0,27.0
j120,j12036_4,j12036_4.sm,293.0,296.0,286.0,295.0,328.0,312.0,292.0,328.0,322.0,305.0,300.0,284.0,310.0,299.0,326.0,284.0,290.0,278.0,296.0,283.0,310.0,336.0,287.0,280.0,276.0,277.0,300.0,287.0,273.0,303.0,304.0,303.0,291.0,267.0,275.0,291.0,286.0,270.0,276.0,266.0,280.0,264.0,300.0,309.0,235,293,0.0,296,0.0,286,0.0,295,0.0,328,0.0,306,6.0,292,0.0,295,27.0,305,0.0,,,,,,,284,-6.0,294,2.0,283,0.0,310,0.0,336,0.0,264.0,29.0
j120,j12036_5,j12036_5.sm,296.0,294.0,280.0,278.0,324.0,308.0,273.0,311.0,322.0,305.0,272.0,287.0,316.0,292.0,310.0,274.0,272.0,281.0,287.0,273.0,299.0,320.0,271.0,270.0,261.0,266.0,302.0,270.0,257.0,296.0,314.0,296.0,263.0,273.0,280.0,271.0,262.0,257.0,267.0,257.0,276.0,263.0,303.0,304.0,228,296,0.0,294,0.0,280,0.0,278,0.0,324,0.0,294,14.0,273,0.0,294,28.0,305,0.0,,,,,,,279,2.0,289,-2.0,273,0.0,299,0.0,320,0.0,257.0,29.0
j120,j12036_6,j12036_6.sm,287.0,299.0,281.0,274.0,305.0,311.0,273.0,304.0,309.0,315.0,286.0,301.0,299.0,295.0,326.0,277.0,271.0,274.0,297.0,277.0,328.0,329.0,268.0,276.0,263.0,265.0,282.0,307.0,263.0,283.0,278.0,281.0,274.0,306.0,266.0,270.0,277.0,266.0,264.0,271.0,276.0,263.0,280.0,310.0,224,287,0.0,299,0.0,281,0.0,274,0.0,305,0.0,295,16.0,273,0.0,289,20.0,315,0.0,,,,,,,287,-13.0,295,2.0,269,8.0,328,0.0,329,0.0,263.0,39.0
j120,j12036_7,j12036_7.sm,258.0,265.0,248.0,248.0,297.0,282.0,249.0,293.0,277.0,256.0,253.0,282.0,276.0,261.0,248.0,249.0,249.0,252.0,262.0,250.0,319.0,318.0,243.0,250.0,234.0,233.0,266.0,243.0,230.0,287.0,267.0,250.0,238.0,238.0,244.0,258.0,235.0,235.0,231.0,247.0,245.0,237.0,283.0,286.0,207,258,0.0,265,0.0,248,0.0,248,0.0,297,0.0,266,16.0,249,0.0,265,12.0,256,0.0,,,,,,,252,0.0,260,2.0,251,-1.0,319,0.0,318,0.0,230.0,23.0
j120,j12036_8,j12036_8.sm,228.0,231.0,205.0,208.0,267.0,241.0,207.0,247.0,241.0,223.0,206.0,231.0,222.0,224.0,245.0,211.0,200.0,208.0,227.0,204.0,255.0,252.0,208.0,207.0,200.0,195.0,235.0,218.0,194.0,217.0,225.0,223.0,198.0,213.0,210.0,207.0,203.0,192.0,198.0,191.0,208.0,197.0,224.0,234.0,171,228,0.0,231,0.0,205,0.0,208,0.0,267,0.0,230,11.0,207,0.0,215,26.0,223,0.0,,,,,,,211,-3.0,227,0.0,204,0.0,255,0.0,252,0.0,191.0,20.0
j120,j12036_9,j12036_9.sm,287.0,293.0,269.0,272.0,311.0,296.0,273.0,305.0,307.0,291.0,272.0,286.0,282.0,311.0,287.0,270.0,272.0,280.0,284.0,266.0,326.0,329.0,276.0,275.0,255.0,256.0,286.0,282.0,260.0,283.0,285.0,296.0,268.0,271.0,280.0,269.0,263.0,254.0,250.0,268.0,269.0,251.0,279.0,308.0,219,287,0.0,293,0.0,269,0.0,272,0.0,311,0.0,297,-1.0,273,0.0,283,24.0,291,0.0,,,,,,,276,4.0,283,1.0,266,0.0,326,0.0,329,0.0,250.0,31.0
j120,j12037_1,j12037_1.sm,180.0,186.0,170.0,172.0,210.0,198.0,172.0,207.0,191.0,182.0,176.0,193.0,193.0,189.0,172.0,172.0,172.0,168.0,183.0,166.0,196.0,212.0,181.0,177.0,163.0,161.0,173.0,176.0,166.0,189.0,188.0,173.0,169.0,173.0,174.0,173.0,162.0,162.0,162.0,160.0,174.0,157.0,176.0,189.0,145,180,0.0,186,0.0,170,0.0,172,0.0,210,0.0,193,5.0,172,0.0,186,5.0,182,0.0,,,,,,,170,-2.0,183,0.0,166,0.0,187,9.0,215,-3.0,157.0,12.0
j120,j12037_10,j12037_10.sm,159.0,166.0,152.0,155.0,186.0,181.0,153.0,181.0,185.0,174.0,159.0,174.0,168.0,164.0,155.0,155.0,155.0,159.0,158.0,150.0,184.0,198.0,154.0,159.0,143.0,144.0,171.0,163.0,145.0,163.0,170.0,169.0,154.0,162.0,152.0,166.0,144.0,146.0,145.0,150.0,152.0,147.0,163.0,177.0,131,159,0.0,166,0.0,152,0.0,155,0.0,186,0.0,171,10.0,153,0.0,170,15.0,174,0.0,,,,,,,159,0.0,158,0.0,148,2.0,184,0.0,198,0.0,143.0,12.0
j120,j12037_2,j12037_2.sm,168.0,179.0,169.0,172.0,195.0,189.0,171.0,192.0,198.0,186.0,173.0,179.0,177.0,187.0,172.0,169.0,169.0,168.0,168.0,171.0,195.0,199.0,167.0,167.0,155.0,158.0,168.0,171.0,159.0,171.0,177.0,170.0,164.0,170.0,175.0,172.0,163.0,159.0,159.0,160.0,162.0,157.0,176.0,179.0,145,168,0.0,179,0.0,169,0.0,172,0.0,195,0.0,185,4.0,171,0.0,179,19.0,186,0.0,,,,,,,168,0.0,168,0.0,171,0.0,195,0.0,199,0.0,155.0,10.0
j120,j12037_3,j12037_3.sm,180.0,185.0,161.0,167.0,194.0,175.0,167.0,203.0,184.0,196.0,173.0,171.0,185.0,191.0,167.0,161.0,161.0,169.0,182.0,164.0,187.0,216.0,176.0,177.0,155.0,156.0,184.0,170.0,164.0,184.0,171.0,178.0,167.0,163.0,170.0,179.0,158.0,156.0,156.0,155.0,175.0,156.0,197.0,183.0,139,180,0.0,185,0.0,161,0.0,167,0.0,194,0.0,186,-11.0,167,0.0,178,6.0,196,0.0,,,,,,,168,1.0,181,1.0,164,0.0,181,6.0,216,0.0,155.0,16.0
j120,j12037_4,j12037_4.sm,201.0,205.0,189.0,190.0,222.0,226.0,192.0,224.0,209.0,205.0,198.0,199.0,202.0,206.0,190.0,188.0,188.0,201.0,195.0,194.0,221.0,244.0,197.0,190.0,182.0,179.0,195.0,192.0,181.0,203.0,210.0,202.0,185.0,183.0,187.0,196.0,183.0,180.0,182.0,176.0,186.0,182.0,205.0,225.0,162,201,0.0,205,0.0,189,0.0,190,0.0,222,0.0,199,27.0,192,0.0,211,-2.0,205,0.0,,,,,,,200,1.0,195,0.0,194,0.0,221,0.0,244,0.0,176.0,14.0
j120,j12037_5,j12037_5.sm,253.0,255.0,238.0,240.0,273.0,284.0,241.0,288.0,293.0,267.0,248.0,257.0,248.0,279.0,240.0,238.0,238.0,242.0,258.0,235.0,286.0,295.0,244.0,246.0,226.0,228.0,257.0,245.0,232.0,271.0,257.0,249.0,231.0,236.0,232.0,246.0,232.0,227.0,226.0,230.0,240.0,229.0,255.0,271.0,204,253,0.0,255,0.0,238,0.0,240,0.0,273,0.0,275,9.0,241,0.0,257,36.0,267,0.0,,,,,,,248,-6.0,258,0.0,230,5.0,286,0.0,295,0.0,226.0,22.0
j120,j12037_6,j12037_6.sm,207.0,212.0,185.0,191.0,237.0,214.0,192.0,210.0,246.0,223.0,212.0,227.0,217.0,226.0,191.0,182.0,182.0,187.0,206.0,183.0,214.0,234.0,194.0,202.0,183.0,181.0,203.0,206.0,186.0,221.0,212.0,202.0,205.0,203.0,198.0,199.0,181.0,182.0,182.0,181.0,202.0,177.0,210.0,217.0,163,207,0.0,212,0.0,185,0.0,191,0.0,237,0.0,212,2.0,192,0.0,206,40.0,223,0.0,,,,,,,188,-1.0,204,2.0,183,0.0,214,0.0,239,-5.0,177.0,14.0
j120,j12037_7,j12037_7.sm,195.0,197.0,192.0,191.0,221.0,232.0,190.0,240.0,205.0,211.0,199.0,210.0,218.0,200.0,191.0,189.0,189.0,191.0,198.0,191.0,213.0,233.0,188.0,186.0,181.0,179.0,196.0,193.0,182.0,220.0,215.0,195.0,181.0,198.0,192.0,195.0,183.0,180.0,177.0,176.0,184.0,175.0,201.0,208.0,160,195,0.0,197,0.0,192,0.0,191,0.0,221,0.0,205,27.0,190,0.0,207,-2.0,211,0.0,,,,,,,196,-5.0,199,-1.0,189,2.0,213,0.0,233,0.0,175.0,15.0
j120,j12037_8,j12037_8.sm,226.0,231.0,212.0,209.0,247.0,234.0,213.0,265.0,249.0,215.0,218.0,223.0,232.0,245.0,209.0,212.0,212.0,215.0,226.0,212.0,273.0,255.0,225.0,223.0,202.0,202.0,228.0,233.0,202.0,235.0,214.0,235.0,208.0,235.0,223.0,238.0,206.0,200.0,197.0,207.0,224.0,197.0,243.0,234.0,178,226,0.0,231,0.0,212,0.0,209,0.0,247,0.0,233,1.0,213,0.0,240,9.0,215,0.0,,,,,,,215,0.0,226,0.0,212,0.0,275,-2.0,259,-4.0,197.0,19.0
j120,j12037_9,j12037_9.sm,176.0,186.0,167.0,169.0,189.0,202.0,167.0,182.0,185.0,179.0,182.0,190.0,190.0,186.0,169.0,164.0,164.0,172.0,180.0,166.0,185.0,202.0,173.0,176.0,161.0,161.0,170.0,174.0,165.0,167.0,185.0,177.0,169.0,169.0,175.0,177.0,161.0,157.0,161.0,168.0,172.0,158.0,189.0,190.0,142,176,0.0,186,0.0,167,0.0,169,0.0,189,0.0,185,17.0,167,0.0,173,12.0,179,0.0,,,,,,,173,-1.0,181,-1.0,166,0.0,185,0.0,202,0.0,157.0,15.0
j120,j12038_1,j12038_1.sm,140.0,146.0,122.0,121.0,152.0,150.0,130.0,147.0,162.0,141.0,140.0,139.0,139.0,147.0,121.0,121.0,121.0,125.0,140.0,122.0,142.0,162.0,141.0,139.0,118.0,118.0,142.0,134.0,126.0,149.0,141.0,136.0,135.0,139.0,138.0,146.0,116.0,116.0,117.0,121.0,139.0,116.0,136.0,152.0,108,140,0.0,146,0.0,122,0.0,121,0.0,152,0.0,146,4.0,130,0.0,141,21.0,141,0.0,,,,,,,126,-1.0,139,1.0,122,0.0,142,0.0,162,0.0,116.0,8.0
j120,j12038_10,j12038_10.sm,165.0,168.0,157.0,159.0,185.0,185.0,159.0,191.0,176.0,173.0,162.0,176.0,170.0,184.0,159.0,159.0,159.0,159.0,168.0,157.0,173.0,193.0,164.0,160.0,151.0,150.0,170.0,159.0,155.0,172.0,169.0,168.0,160.0,162.0,159.0,166.0,153.0,152.0,151.0,150.0,163.0,148.0,167.0,176.0,139,165,0.0,168,0.0,157,0.0,159,0.0,185,0.0,169,16.0,159,0.0,163,13.0,173,0.0,,,,,,,155,4.0,168,0.0,157,0.0,173,0.0,193,0.0,148.0,9.0
j120,j12038_2,j12038_2.sm,147.0,150.0,144.0,147.0,172.0,163.0,147.0,167.0,169.0,167.0,149.0,157.0,172.0,173.0,147.0,143.0,143.0,143.0,148.0,143.0,168.0,169.0,145.0,141.0,135.0,137.0,150.0,149.0,137.0,151.0,149.0,149.0,147.0,139.0,148.0,144.0,137.0,135.0,137.0,140.0,143.0,137.0,157.0,150.0,124,147,0.0,150,0.0,144,0.0,147,0.0,172,0.0,157,6.0,147,0.0,164,5.0,167,0.0,,,,,,,144,-1.0,148,0.0,143,0.0,168,0.0,169,0.0,135.0,11.0
j120,j12038_3,j12038_3.sm,174.0,181.0,172.0,175.0,209.0,205.0,176.0,188.0,188.0,188.0,176.0,190.0,186.0,191.0,175.0,173.0,173.0,179.0,183.0,178.0,194.0,209.0,174.0,175.0,166.0,166.0,187.0,174.0,168.0,196.0,181.0,183.0,172.0,175.0,175.0,183.0,165.0,168.0,168.0,171.0,171.0,167.0,183.0,199.0,155,174,0.0,181,0.0,172,0.0,175,0.0,209,0.0,191,14.0,176,0.0,187,1.0,188,0.0,,,,,,,179,0.0,181,2.0,178,0.0,194,0.0,209,0.0,165.0,10.0
j120,j12038_4,j12038_4.sm,182.0,183.0,158.0,158.0,196.0,169.0,164.0,180.0,190.0,179.0,183.0,183.0,183.0,190.0,158.0,156.0,156.0,161.0,182.0,158.0,187.0,217.0,180.0,178.0,152.0,154.0,194.0,170.0,155.0,178.0,173.0,191.0,175.0,165.0,177.0,184.0,153.0,152.0,153.0,156.0,178.0,152.0,175.0,183.0,140,182,0.0,183,0.0,158,0.0,158,0.0,196,0.0,190,-21.0,164,0.0,187,3.0,179,0.0,,,,,,,161,0.0,182,0.0,158,0.0,187,0.0,217,0.0,152.0,12.0
j120,j12038_5,j12038_5.sm,139.0,142.0,126.0,130.0,150.0,148.0,130.0,150.0,157.0,154.0,137.0,137.0,140.0,144.0,130.0,123.0,123.0,127.0,134.0,125.0,150.0,178.0,132.0,135.0,121.0,125.0,140.0,129.0,128.0,132.0,149.0,126.0,126.0,133.0,128.0,134.0,122.0,122.0,121.0,122.0,132.0,121.0,136.0,146.0,113,139,0.0,142,0.0,126,0.0,130,0.0,150,0.0,146,2.0,130,0.0,141,16.0,154,0.0,,,,,,,127,0.0,133,1.0,127,-2.0,150,0.0,178,0.0,121.0,8.0
j120,j12038_6,j12038_6.sm,154.0,157.0,139.0,142.0,155.0,170.0,140.0,165.0,162.0,155.0,143.0,161.0,165.0,178.0,142.0,140.0,140.0,144.0,150.0,139.0,166.0,181.0,150.0,149.0,132.0,137.0,148.0,142.0,140.0,161.0,159.0,153.0,138.0,148.0,166.0,151.0,135.0,132.0,132.0,135.0,150.0,134.0,147.0,163.0,122,154,0.0,157,0.0,139,0.0,142,0.0,155,0.0,151,19.0,140,0.0,148,14.0,155,0.0,,,,,,,148,-4.0,150,0.0,139,0.0,174,-8.0,181,0.0,132.0,10.0
j120,j12038_7,j12038_7.sm,131.0,130.0,116.0,120.0,139.0,138.0,128.0,150.0,130.0,143.0,141.0,133.0,136.0,135.0,120.0,113.0,113.0,124.0,128.0,119.0,147.0,148.0,125.0,126.0,115.0,115.0,128.0,124.0,123.0,134.0,134.0,130.0,133.0,125.0,129.0,129.0,113.0,111.0,111.0,118.0,125.0,118.0,133.0,134.0,105,131,0.0,130,0.0,116,0.0,120,0.0,139,0.0,136,2.0,128,0.0,138,-8.0,143,0.0,,,,,,,119,5.0,128,0.0,119,0.0,147,0.0,148,0.0,111.0,6.0
j120,j12038_8,j12038_8.sm,153.0,154.0,141.0,148.0,172.0,158.0,152.0,193.0,164.0,176.0,153.0,192.0,186.0,159.0,148.0,146.0,146.0,149.0,153.0,144.0,187.0,179.0,147.0,147.0,134.0,138.0,164.0,149.0,140.0,173.0,169.0,151.0,144.0,144.0,145.0,150.0,135.0,135.0,132.0,139.0,147.0,131.0,164.0,164.0,125,153,0.0,154,0.0,141,0.0,148,0.0,172,0.0,167,-9.0,152,0.0,157,7.0,176,0.0,,,,,,,142,7.0,153,0.0,145,-1.0,187,0.0,179,0.0,131.0,6.0
j120,j12038_9,j12038_9.sm,184.0,181.0,151.0,153.0,174.0,187.0,157.0,176.0,192.0,172.0,166.0,183.0,175.0,167.0,153.0,154.0,154.0,155.0,186.0,157.0,174.0,212.0,179.0,188.0,148.0,153.0,180.0,172.0,153.0,170.0,163.0,170.0,163.0,178.0,178.0,169.0,149.0,148.0,148.0,152.0,181.0,148.0,180.0,187.0,134,184,0.0,181,0.0,151,0.0,153,0.0,174,0.0,189,-2.0,157,0.0,181,11.0,172,0.0,,,,,,,153,2.0,186,0.0,157,0.0,174,0.0,212,0.0,148.0,14.0
j120,j12039_1,j12039_1.sm,122.0,127.0,104.0,108.0,147.0,133.0,108.0,125.0,125.0,117.0,121.0,124.0,134.0,131.0,108.0,105.0,105.0,108.0,124.0,108.0,131.0,149.0,119.0,120.0,101.0,101.0,127.0,129.0,101.0,118.0,132.0,114.0,120.0,123.0,122.0,114.0,100.0,100.0,102.0,106.0,120.0,103.0,127.0,135.0,95,122,0.0,127,0.0,104,0.0,108,0.0,147,0.0,117,16.0,108,0.0,121,4.0,117,0.0,,,,,,,107,1.0,124,0.0,108,0.0,131,0.0,149,0.0,100.0,5.0
j120,j12039_10,j12039_10.sm,134.0,144.0,122.0,126.0,149.0,154.0,126.0,145.0,151.0,144.0,135.0,140.0,135.0,153.0,126.0,122.0,122.0,134.0,142.0,126.0,151.0,175.0,136.0,135.0,118.0,115.0,148.0,134.0,124.0,153.0,135.0,127.0,135.0,130.0,138.0,132.0,118.0,119.0,117.0,120.0,132.0,120.0,141.0,142.0,110,134,0.0,144,0.0,122,0.0,126,0.0,149,0.0,133,21.0,126,0.0,137,14.0,144,0.0,,,,,,,126,8.0,142,0.0,126,0.0,151,0.0,175,0.0,115.0,5.0
j120,j12039_2,j12039_2.sm,139.0,146.0,124.0,122.0,150.0,153.0,126.0,163.0,159.0,151.0,133.0,158.0,161.0,146.0,122.0,121.0,121.0,126.0,140.0,124.0,166.0,154.0,138.0,137.0,119.0,119.0,139.0,140.0,124.0,155.0,147.0,132.0,134.0,135.0,135.0,134.0,118.0,116.0,119.0,121.0,134.0,117.0,153.0,163.0,108,139,0.0,146,0.0,124,0.0,122,0.0,150,0.0,146,7.0,126,0.0,144,15.0,151,0.0,,,,,,,126,0.0,140,0.0,124,0.0,166,0.0,154,0.0,116.0,8.0
j120,j12039_3,j12039_3.sm,136.0,145.0,122.0,124.0,147.0,139.0,127.0,160.0,171.0,146.0,136.0,152.0,150.0,141.0,124.0,122.0,122.0,125.0,139.0,123.0,165.0,162.0,132.0,133.0,122.0,122.0,142.0,135.0,126.0,152.0,132.0,134.0,132.0,140.0,144.0,132.0,122.0,121.0,120.0,122.0,136.0,120.0,152.0,153.0,111,136,0.0,145,0.0,122,0.0,124,0.0,147,0.0,137,2.0,127,0.0,134,37.0,146,0.0,,,,,,,132,-7.0,139,0.0,123,0.0,165,0.0,162,0.0,120.0,9.0
j120,j12039_4,j12039_4.sm,121.0,118.0,106.0,109.0,129.0,142.0,112.0,141.0,133.0,128.0,120.0,122.0,131.0,133.0,109.0,107.0,107.0,115.0,117.0,111.0,135.0,144.0,113.0,113.0,105.0,108.0,124.0,118.0,109.0,139.0,120.0,118.0,115.0,113.0,117.0,119.0,104.0,104.0,105.0,108.0,113.0,106.0,114.0,126.0,98,121,0.0,118,0.0,106,0.0,109,0.0,129,0.0,118,24.0,112,0.0,121,12.0,128,0.0,,,,,,,114,1.0,117,0.0,109,2.0,135,0.0,144,0.0,104.0,6.0
j120,j12039_5,j12039_5.sm,138.0,139.0,112.0,117.0,138.0,140.0,115.0,129.0,126.0,128.0,129.0,144.0,152.0,141.0,117.0,113.0,113.0,111.0,138.0,113.0,127.0,160.0,137.0,136.0,108.0,109.0,129.0,125.0,113.0,126.0,125.0,129.0,120.0,140.0,132.0,130.0,109.0,110.0,108.0,107.0,132.0,111.0,144.0,141.0,106,138,0.0,139,0.0,112,0.0,117,0.0,138,0.0,137,3.0,115,0.0,122,4.0,128,0.0,,,,,,,116,-5.0,138,0.0,113,0.0,127,0.0,160,0.0,107.0,1.0
j120,j12039_6,j12039_6.sm,123.0,125.0,100.0,97.0,127.0,132.0,100.0,119.0,136.0,121.0,118.0,133.0,136.0,126.0,97.0,98.0,98.0,100.0,125.0,99.0,126.0,138.0,122.0,122.0,98.0,98.0,123.0,123.0,100.0,111.0,116.0,124.0,115.0,118.0,117.0,123.0,98.0,98.0,98.0,103.0,122.0,99.0,119.0,131.0,95,123,0.0,125,0.0,100,0.0,97,0.0,127,0.0,122,10.0,100,0.0,123,13.0,121,0.0,,,,,,,100,0.0,125,0.0,97,2.0,126,0.0,138,0.0,97.0,2.0
j120,j12039_7,j12039_7.sm,125.0,125.0,116.0,119.0,142.0,134.0,119.0,137.0,140.0,128.0,118.0,133.0,132.0,129.0,119.0,115.0,115.0,120.0,123.0,116.0,136.0,149.0,122.0,121.0,110.0,113.0,132.0,128.0,117.0,125.0,123.0,124.0,116.0,126.0,123.0,135.0,114.0,110.0,111.0,113.0,119.0,113.0,135.0,133.0,104,125,0.0,125,0.0,116,0.0,119,0.0,142,0.0,134,0.0,119,0.0,122,18.0,128,0.0,,,,,,,120,0.0,123,0.0,116,0.0,136,0.0,149,0.0,110.0,6.0
j120,j12039_8,j12039_8.sm,127.0,131.0,110.0,110.0,131.0,127.0,116.0,131.0,132.0,123.0,116.0,131.0,133.0,118.0,110.0,110.0,110.0,116.0,129.0,110.0,136.0,155.0,123.0,127.0,104.0,107.0,125.0,122.0,111.0,124.0,126.0,126.0,113.0,128.0,123.0,123.0,105.0,106.0,105.0,109.0,123.0,105.0,124.0,133.0,96,127,0.0,131,0.0,110,0.0,110,0.0,131,0.0,135,-8.0,116,0.0,121,11.0,123,0.0,,,,,,,116,0.0,128,1.0,110,0.0,136,0.0,155,0.0,104.0,8.0
j120,j12039_9,j12039_9.sm,112.0,115.0,105.0,105.0,129.0,112.0,104.0,125.0,129.0,114.0,110.0,121.0,123.0,113.0,105.0,104.0,104.0,107.0,113.0,107.0,124.0,128.0,111.0,111.0,98.0,100.0,113.0,112.0,100.0,121.0,113.0,110.0,108.0,110.0,112.0,108.0,98.0,99.0,98.0,101.0,106.0,101.0,113.0,123.0,92,112,0.0,115,0.0,105,0.0,105,0.0,129,0.0,122,-10.0,104,0.0,114,15.0,114,0.0,,,,,,,107,0.0,113,0.0,107,0.0,124,0.0,128,0.0,98.0,6.0
j120,j1203_1,j1203_1.sm,97.0,101.0,87.0,89.0,118.0,107.0,94.0,109.0,111.0,101.0,100.0,111.0,111.0,100.0,89.0,87.0,87.0,87.0,96.0,89.0,106.0,117.0,96.0,98.0,87.0,89.0,108.0,89.0,89.0,109.0,104.0,95.0,88.0,98.0,98.0,88.0,95.0,87.0,87.0,89.0,95.0,89.0,111.0,115.0,80,97,0.0,101,0.0,87,0.0,89,0.0,118,0.0,110,-3.0,94,0.0,99,12.0,101,0.0,,,,,,,87,0.0,96,0.0,89,0.0,106,0.0,117,0.0,87.0,7.0
j120,j1203_10,j1203_10.sm,112.0,118.0,103.0,103.0,144.0,130.0,103.0,119.0,164.0,139.0,103.0,138.0,138.0,103.0,108.0,103.0,103.0,103.0,118.0,103.0,122.0,159.0,112.0,114.0,106.0,110.0,107.0,110.0,106.0,111.0,152.0,127.0,106.0,113.0,113.0,106.0,110.0,106.0,106.0,110.0,107.0,110.0,106.0,151.0,103,112,0.0,118,0.0,103,0.0,103,0.0,144,0.0,123,7.0,103,0.0,139,25.0,139,0.0,,,,,,,103,0.0,118,0.0,103,0.0,122,0.0,159,0.0,103.0,0.0
j120,j1203_2,j1203_2.sm,99.0,98.0,88.0,88.0,96.0,116.0,92.0,100.0,100.0,100.0,88.0,100.0,100.0,88.0,88.0,88.0,88.0,88.0,106.0,88.0,100.0,110.0,95.0,97.0,93.0,93.0,97.0,93.0,93.0,99.0,93.0,93.0,93.0,94.0,94.0,93.0,93.0,93.0,93.0,93.0,97.0,93.0,97.0,107.0,88,99,0.0,98,0.0,88,0.0,88,0.0,96,0.0,101,15.0,92,0.0,100,0.0,100,0.0,,,,,,,88,0.0,106,0.0,88,0.0,100,0.0,110,0.0,88.0,0.0
j120,j1203_3,j1203_3.sm,109.0,113.0,100.0,100.0,111.0,109.0,100.0,114.0,128.0,102.0,107.0,111.0,111.0,107.0,100.0,100.0,100.0,100.0,110.0,100.0,120.0,130.0,110.0,108.0,108.0,108.0,111.0,112.0,108.0,119.0,109.0,124.0,109.0,107.0,107.0,109.0,108.0,108.0,108.0,105.0,111.0,105.0,116.0,112.0,100,109,0.0,113,0.0,100,0.0,100,0.0,111,0.0,119,-10.0,100,0.0,112,16.0,102,0.0,,,,,,,100,0.0,110,0.0,100,0.0,120,0.0,130,0.0,100.0,0.0
j120,j1203_4,j1203_4.sm,87.0,91.0,78.0,75.0,96.0,95.0,81.0,91.0,101.0,91.0,90.0,103.0,103.0,90.0,75.0,78.0,78.0,82.0,88.0,79.0,104.0,112.0,87.0,89.0,79.0,79.0,88.0,89.0,84.0,100.0,106.0,96.0,78.0,94.0,94.0,78.0,76.0,79.0,79.0,79.0,87.0,79.0,94.0,93.0,71,87,0.0,91,0.0,78,0.0,75,0.0,96,0.0,89,6.0,81,0.0,99,2.0,91,0.0,,,,,,,82,0.0,90,-2.0,79,0.0,104,0.0,112,0.0,75.0,4.0
j120,j1203_5,j1203_5.sm,97.0,103.0,84.0,89.0,116.0,109.0,89.0,116.0,114.0,104.0,104.0,102.0,102.0,104.0,89.0,89.0,84.0,89.0,95.0,89.0,107.0,115.0,96.0,98.0,90.0,89.0,90.0,99.0,92.0,101.0,102.0,114.0,94.0,105.0,105.0,94.0,90.0,89.0,90.0,89.0,100.0,89.0,105.0,105.0,84,97,0.0,103,0.0,84,0.0,89,0.0,116,0.0,104,5.0,89,0.0,99,15.0,104,0.0,,,,,,,89,0.0,98,-3.0,89,0.0,107,0.0,115,0.0,84.0,0.0
j120,j1203_6,j1203_6.sm,121.0,127.0,102.0,102.0,137.0,113.0,102.0,132.0,114.0,115.0,102.0,110.0,110.0,102.0,102.0,102.0,102.0,102.0,116.0,102.0,106.0,138.0,114.0,113.0,106.0,106.0,113.0,126.0,110.0,114.0,116.0,114.0,108.0,121.0,121.0,108.0,106.0,106.0,106.0,106.0,116.0,106.0,113.0,112.0,102,121,0.0,127,0.0,102,0.0,102,0.0,137,0.0,112,1.0,102,0.0,122,-8.0,115,0.0,,,,,,,102,0.0,116,0.0,102,0.0,106,0.0,138,0.0,102.0,0.0
j120,j1203_7,j1203_7.sm,103.0,107.0,97.0,97.0,114.0,107.0,97.0,117.0,112.0,102.0,97.0,104.0,104.0,97.0,97.0,97.0,97.0,97.0,110.0,97.0,111.0,114.0,103.0,100.0,99.0,99.0,101.0,100.0,98.0,110.0,103.0,109.0,102.0,107.0,107.0,102.0,99.0,99.0,99.0,98.0,103.0,98.0,110.0,102.0,93,103,0.0,107,0.0,97,0.0,97,0.0,114,0.0,109,-2.0,97,0.0,98,14.0,102,0.0,,,,,,,97,0.0,110,0.0,97,0.0,111,0.0,114,0.0,97.0,4.0
j120,j1203_8,j1203_8.sm,100.0,101.0,84.0,83.0,109.0,111.0,86.0,133.0,127.0,129.0,85.0,90.0,90.0,85.0,83.0,84.0,84.0,83.0,100.0,83.0,133.0,121.0,98.0,106.0,88.0,87.0,116.0,102.0,93.0,106.0,92.0,96.0,93.0,97.0,97.0,93.0,87.0,87.0,87.0,93.0,100.0,93.0,106.0,102.0,77,100,0.0,101,0.0,84,0.0,83,0.0,109,0.0,105,6.0,86,0.0,102,25.0,129,0.0,,,,,,,83,0.0,100,0.0,83,0.0,133,0.0,121,0.0,83.0,6.0
j120,j1203_9,j1203_9.sm,100.0,100.0,86.0,86.0,103.0,106.0,86.0,103.0,102.0,88.0,88.0,92.0,92.0,88.0,86.0,86.0,86.0,86.0,97.0,86.0,108.0,105.0,102.0,89.0,89.0,88.0,89.0,99.0,88.0,91.0,103.0,101.0,89.0,102.0,102.0,89.0,88.0,89.0,89.0,89.0,101.0,89.0,95.0,99.0,86,100,0.0,100,0.0,86,0.0,86,0.0,103,0.0,107,-1.0,86,0.0,101,1.0,88,0.0,,,,,,,86,0.0,97,0.0,86,0.0,108,0.0,105,0.0,86.0,0.0
j120,j12040_1,j12040_1.sm,97.0,96.0,92.0,92.0,103.0,101.0,91.0,107.0,104.0,107.0,91.0,109.0,104.0,98.0,92.0,90.0,90.0,93.0,95.0,91.0,102.0,112.0,93.0,91.0,85.0,91.0,97.0,94.0,86.0,98.0,98.0,100.0,91.0,99.0,95.0,96.0,86.0,86.0,85.0,84.0,94.0,85.0,103.0,103.0,81,97,0.0,96,0.0,92,0.0,92,0.0,103,0.0,100,1.0,91,0.0,105,-1.0,107,0.0,,,,,,,90,3.0,95,0.0,92,-1.0,102,0.0,112,0.0,84.0,3.0
j120,j12040_10,j12040_10.sm,115.0,119.0,96.0,96.0,117.0,120.0,96.0,109.0,120.0,111.0,118.0,114.0,118.0,108.0,96.0,96.0,96.0,96.0,114.0,96.0,113.0,138.0,114.0,111.0,96.0,97.0,107.0,107.0,99.0,97.0,106.0,107.0,117.0,120.0,119.0,104.0,97.0,98.0,97.0,97.0,112.0,98.0,121.0,120.0,96,115,0.0,119,0.0,96,0.0,96,0.0,117,0.0,110,10.0,96,0.0,112,8.0,111,0.0,,,,,,,96,0.0,114,0.0,96,0.0,113,0.0,138,0.0,96.0,0.0
j120,j12040_2,j12040_2.sm,108.0,108.0,94.0,99.0,116.0,114.0,104.0,119.0,115.0,110.0,107.0,106.0,117.0,111.0,99.0,96.0,96.0,100.0,107.0,97.0,114.0,126.0,106.0,107.0,94.0,95.0,105.0,107.0,97.0,106.0,118.0,110.0,105.0,109.0,106.0,101.0,95.0,95.0,97.0,96.0,105.0,98.0,114.0,119.0,90,108,0.0,108,0.0,94,0.0,99,0.0,116,0.0,119,-5.0,104,0.0,106,9.0,110,0.0,,,,,,,100,0.0,107,0.0,97,0.0,114,0.0,126,0.0,94.0,4.0
j120,j12040_3,j12040_3.sm,105.0,107.0,91.0,96.0,121.0,126.0,99.0,116.0,109.0,111.0,109.0,115.0,106.0,110.0,96.0,91.0,91.0,94.0,104.0,93.0,104.0,123.0,103.0,106.0,90.0,93.0,112.0,107.0,94.0,105.0,111.0,107.0,107.0,103.0,103.0,106.0,91.0,90.0,90.0,93.0,104.0,90.0,108.0,111.0,87,105,0.0,107,0.0,91,0.0,96,0.0,121,0.0,112,14.0,99,0.0,121,-12.0,111,0.0,,,,,,,94,0.0,104,0.0,93,0.0,110,-6.0,123,0.0,90.0,3.0
j120,j12040_4,j12040_4.sm,128.0,132.0,112.0,112.0,135.0,133.0,112.0,147.0,136.0,126.0,120.0,141.0,131.0,127.0,112.0,112.0,112.0,112.0,129.0,112.0,146.0,148.0,127.0,129.0,112.0,113.0,133.0,127.0,113.0,135.0,133.0,128.0,124.0,135.0,137.0,126.0,113.0,112.0,112.0,115.0,128.0,114.0,137.0,134.0,112,128,0.0,132,0.0,112,0.0,112,0.0,135,0.0,130,3.0,112,0.0,129,7.0,126,0.0,,,,,,,112,0.0,129,0.0,112,0.0,146,0.0,148,0.0,112.0,0.0
j120,j12040_5,j12040_5.sm,121.0,118.0,103.0,104.0,130.0,133.0,110.0,130.0,129.0,118.0,119.0,125.0,124.0,122.0,104.0,102.0,102.0,105.0,117.0,105.0,133.0,147.0,118.0,116.0,102.0,101.0,121.0,117.0,107.0,120.0,124.0,122.0,109.0,127.0,115.0,132.0,101.0,102.0,104.0,108.0,114.0,104.0,125.0,121.0,101,121,0.0,118,0.0,103,0.0,104,0.0,130,0.0,119,14.0,110,0.0,115,14.0,118,0.0,,,,,,,105,0.0,117,0.0,105,0.0,133,0.0,147,0.0,101.0,0.0
j120,j12040_6,j12040_6.sm,104.0,104.0,90.0,90.0,115.0,104.0,90.0,107.0,107.0,107.0,99.0,112.0,109.0,99.0,90.0,90.0,90.0,90.0,102.0,90.0,107.0,121.0,102.0,102.0,91.0,91.0,103.0,99.0,90.0,109.0,102.0,104.0,98.0,104.0,96.0,97.0,91.0,91.0,91.0,91.0,102.0,91.0,107.0,105.0,90,104,0.0,104,0.0,90,0.0,90,0.0,115,0.0,99,5.0,90,0.0,96,11.0,107,0.0,,,,,,,90,0.0,102,0.0,90,0.0,107,0.0,121,0.0,90.0,0.0
j120,j12040_7,j12040_7.sm,108.0,107.0,91.0,91.0,108.0,122.0,91.0,113.0,114.0,110.0,103.0,110.0,115.0,112.0,91.0,91.0,91.0,91.0,109.0,91.0,112.0,121.0,108.0,107.0,92.0,92.0,106.0,102.0,91.0,105.0,114.0,112.0,99.0,103.0,106.0,104.0,92.0,91.0,92.0,91.0,107.0,91.0,114.0,125.0,91,108,0.0,107,0.0,91,0.0,91,0.0,108,0.0,102,20.0,91,0.0,102,12.0,110,0.0,,,,,,,91,0.0,108,1.0,91,0.0,112,0.0,121,0.0,91.0,0.0
j120,j12040_8,j12040_8.sm,117.0,117.0,100.0,100.0,119.0,129.0,103.0,110.0,114.0,113.0,108.0,120.0,125.0,115.0,100.0,99.0,99.0,101.0,114.0,100.0,117.0,140.0,115.0,117.0,99.0,102.0,114.0,107.0,99.0,127.0,109.0,112.0,104.0,111.0,107.0,115.0,100.0,101.0,100.0,103.0,111.0,98.0,125.0,120.0,97,117,0.0,117,0.0,100,0.0,100,0.0,119,0.0,124,5.0,103,0.0,112,2.0,113,0.0,,,,,,,101,0.0,116,-2.0,100,0.0,117,0.0,140,0.0,98.0,1.0
j120,j12040_9,j12040_9.sm,140.0,140.0,122.0,125.0,141.0,134.0,122.0,138.0,136.0,137.0,134.0,145.0,142.0,138.0,125.0,120.0,120.0,126.0,136.0,122.0,134.0,173.0,136.0,135.0,124.0,121.0,141.0,138.0,120.0,144.0,129.0,137.0,132.0,134.0,143.0,136.0,121.0,126.0,126.0,124.0,138.0,120.0,127.0,153.0,117,140,0.0,140,0.0,122,0.0,125,0.0,141,0.0,144,-10.0,122,0.0,136,0.0,137,0.0,,,,,,,123,3.0,135,1.0,122,0.0,134,0.0,173,0.0,120.0,3.0
j120,j12041_1,j12041_1.sm,152.0,157.0,148.0,143.0,168.0,161.0,141.0,196.0,170.0,157.0,150.0,169.0,169.0,150.0,177.0,138.0,143.0,144.0,156.0,144.0,165.0,174.0,156.0,150.0,142.0,132.0,139.0,153.0,143.0,164.0,166.0,171.0,143.0,153.0,153.0,143.0,138.0,142.0,152.0,134.0,154.0,147.0,156.0,183.0,127,152,0.0,157,0.0,148,0.0,143,0.0,168,0.0,153,8.0,141,0.0,158,12.0,157,0.0,,,,,,,144,0.0,150,6.0,144,0.0,165,0.0,174,0.0,132.0,5.0
j120,j12041_10,j12041_10.sm,199.0,197.0,159.0,156.0,194.0,195.0,159.0,182.0,196.0,170.0,166.0,172.0,172.0,166.0,170.0,160.0,163.0,158.0,202.0,159.0,186.0,238.0,183.0,180.0,153.0,154.0,174.0,187.0,157.0,186.0,200.0,174.0,152.0,175.0,175.0,152.0,154.0,154.0,153.0,153.0,190.0,151.0,183.0,209.0,136,199,0.0,197,0.0,159,0.0,156,0.0,194,0.0,175,20.0,159,0.0,161,35.0,170,0.0,,,,,,,158,0.0,195,7.0,159,0.0,186,0.0,238,0.0,151.0,15.0
j120,j12041_2,j12041_2.sm,175.0,171.0,152.0,160.0,193.0,215.0,164.0,189.0,179.0,188.0,180.0,177.0,177.0,180.0,180.0,156.0,152.0,160.0,180.0,163.0,202.0,216.0,168.0,162.0,153.0,162.0,172.0,162.0,156.0,193.0,196.0,183.0,164.0,158.0,158.0,164.0,170.0,144.0,149.0,145.0,172.0,152.0,194.0,199.0,141,175,0.0,171,0.0,152,0.0,160,0.0,193,0.0,203,12.0,164,0.0,198,-19.0,188,0.0,,,,,,,160,0.0,184,-4.0,163,0.0,202,0.0,216,0.0,144.0,3.0
j120,j12041_3,j12041_3.sm,170.0,177.0,165.0,156.0,214.0,204.0,160.0,195.0,190.0,169.0,182.0,182.0,182.0,182.0,201.0,158.0,156.0,160.0,180.0,160.0,194.0,230.0,162.0,160.0,160.0,151.0,159.0,174.0,160.0,177.0,176.0,167.0,156.0,162.0,162.0,156.0,158.0,151.0,155.0,161.0,165.0,159.0,170.0,182.0,141,170,0.0,177,0.0,165,0.0,156,0.0,214,0.0,216,-12.0,160,0.0,172,18.0,169,0.0,,,,,,,160,0.0,180,0.0,160,0.0,194,0.0,230,0.0,151.0,10.0
j120,j12041_4,j12041_4.sm,139.0,138.0,136.0,135.0,165.0,158.0,134.0,183.0,162.0,154.0,149.0,167.0,167.0,149.0,149.0,134.0,130.0,130.0,143.0,127.0,165.0,191.0,132.0,133.0,130.0,131.0,140.0,135.0,130.0,139.0,151.0,139.0,135.0,138.0,138.0,135.0,131.0,128.0,128.0,131.0,133.0,131.0,137.0,164.0,116,139,0.0,138,0.0,136,0.0,135,0.0,165,0.0,154,4.0,134,0.0,155,7.0,154,0.0,,,,,,,130,0.0,143,0.0,127,0.0,165,0.0,191,0.0,127.0,11.0
j120,j12041_5,j12041_5.sm,153.0,158.0,154.0,149.0,171.0,166.0,156.0,162.0,177.0,169.0,163.0,184.0,184.0,163.0,152.0,154.0,154.0,158.0,176.0,149.0,174.0,197.0,152.0,154.0,151.0,151.0,161.0,160.0,140.0,185.0,191.0,187.0,150.0,167.0,167.0,150.0,151.0,151.0,151.0,151.0,163.0,141.0,177.0,194.0,138,153,0.0,158,0.0,154,0.0,149,0.0,171,0.0,166,0.0,156,0.0,180,-3.0,169,0.0,,,,,,,158,0.0,174,2.0,149,0.0,174,0.0,197,0.0,140.0,2.0
j120,j12041_6,j12041_6.sm,129.0,145.0,124.0,121.0,179.0,176.0,122.0,156.0,169.0,143.0,143.0,148.0,148.0,143.0,142.0,122.0,127.0,126.0,138.0,128.0,143.0,171.0,129.0,136.0,125.0,121.0,138.0,137.0,124.0,144.0,139.0,145.0,131.0,134.0,134.0,131.0,124.0,121.0,125.0,121.0,140.0,124.0,144.0,143.0,113,129,0.0,145,0.0,124,0.0,121,0.0,179,0.0,160,16.0,122,0.0,141,28.0,143,0.0,,,,,,,126,0.0,138,0.0,128,0.0,143,0.0,171,0.0,121.0,8.0
j120,j12041_7,j12041_7.sm,137.0,129.0,142.0,134.0,142.0,136.0,131.0,140.0,143.0,148.0,142.0,152.0,152.0,142.0,134.0,134.0,142.0,129.0,144.0,121.0,167.0,183.0,130.0,135.0,126.0,124.0,130.0,128.0,122.0,174.0,155.0,153.0,132.0,128.0,128.0,132.0,123.0,124.0,128.0,127.0,133.0,123.0,154.0,158.0,109,137,0.0,129,0.0,142,0.0,134,0.0,142,0.0,135,1.0,131,0.0,145,-2.0,148,0.0,,,,,,,129,0.0,143,1.0,121,0.0,167,0.0,183,0.0,121.0,12.0
j120,j12041_8,j12041_8.sm,165.0,160.0,146.0,154.0,182.0,180.0,152.0,171.0,168.0,166.0,169.0,192.0,192.0,169.0,178.0,153.0,146.0,147.0,158.0,147.0,168.0,182.0,158.0,150.0,148.0,151.0,155.0,155.0,158.0,178.0,172.0,183.0,158.0,151.0,151.0,158.0,152.0,151.0,148.0,150.0,152.0,150.0,183.0,196.0,138,165,0.0,160,0.0,146,0.0,154,0.0,182,0.0,173,7.0,152,0.0,189,-21.0,166,0.0,,,,,,,147,0.0,158,0.0,147,0.0,168,0.0,182,0.0,146.0,8.0
j120,j12041_9,j12041_9.sm,166.0,150.0,138.0,137.0,170.0,158.0,137.0,159.0,200.0,145.0,160.0,158.0,158.0,160.0,169.0,134.0,138.0,132.0,159.0,134.0,175.0,198.0,156.0,135.0,138.0,136.0,156.0,161.0,139.0,173.0,160.0,155.0,160.0,147.0,147.0,160.0,136.0,137.0,137.0,138.0,148.0,140.0,159.0,178.0,121,166,0.0,150,0.0,138,0.0,137,0.0,170,0.0,158,0.0,137,0.0,166,34.0,145,0.0,,,,,,,132,0.0,159,0.0,134,0.0,175,0.0,198,0.0,132.0,11.0
j120,j12042_1,j12042_1.sm,140.0,139.0,121.0,123.0,164.0,156.0,119.0,157.0,157.0,158.0,137.0,153.0,153.0,137.0,158.0,123.0,121.0,119.0,136.0,122.0,166.0,184.0,137.0,135.0,119.0,117.0,147.0,141.0,127.0,133.0,133.0,131.0,140.0,136.0,136.0,140.0,124.0,121.0,122.0,120.0,140.0,124.0,132.0,134.0,108,140,0.0,139,0.0,121,0.0,123,0.0,164,0.0,128,28.0,119,0.0,157,0.0,158,0.0,,,,,,,119,0.0,136,0.0,122,0.0,166,0.0,184,0.0,117.0,9.0
j120,j12042_10,j12042_10.sm,141.0,141.0,128.0,128.0,160.0,167.0,133.0,148.0,153.0,143.0,144.0,149.0,149.0,144.0,170.0,135.0,131.0,133.0,158.0,130.0,149.0,170.0,138.0,137.0,137.0,135.0,149.0,155.0,131.0,144.0,141.0,143.0,133.0,139.0,139.0,133.0,131.0,132.0,137.0,134.0,149.0,134.0,144.0,148.0,118,141,0.0,141,0.0,128,0.0,128,0.0,160,0.0,142,25.0,133,0.0,138,15.0,143,0.0,,,,,,,133,0.0,157,1.0,130,0.0,149,0.0,170,0.0,128.0,10.0
j120,j12042_2,j12042_2.sm,155.0,151.0,126.0,126.0,179.0,162.0,134.0,159.0,153.0,149.0,156.0,184.0,184.0,156.0,164.0,126.0,126.0,126.0,154.0,126.0,143.0,180.0,152.0,146.0,139.0,139.0,169.0,149.0,138.0,156.0,152.0,149.0,142.0,150.0,150.0,142.0,139.0,139.0,139.0,147.0,144.0,147.0,151.0,154.0,126,155,0.0,151,0.0,126,0.0,126,0.0,179,0.0,156,6.0,134,0.0,139,14.0,149,0.0,,,,,,,126,0.0,154,0.0,126,0.0,143,0.0,180,0.0,126.0,0.0
j120,j12042_3,j12042_3.sm,133.0,141.0,120.0,118.0,142.0,142.0,119.0,136.0,168.0,152.0,134.0,148.0,148.0,134.0,166.0,115.0,128.0,121.0,123.0,116.0,153.0,187.0,125.0,131.0,120.0,120.0,143.0,132.0,120.0,138.0,140.0,122.0,124.0,122.0,122.0,124.0,118.0,120.0,120.0,120.0,129.0,120.0,140.0,133.0,106,133,0.0,141,0.0,120,0.0,118,0.0,142,0.0,138,4.0,119,0.0,124,44.0,152,0.0,,,,,,,121,0.0,123,0.0,116,0.0,153,0.0,187,0.0,115.0,9.0
j120,j12042_4,j12042_4.sm,139.0,137.0,118.0,119.0,148.0,168.0,122.0,142.0,156.0,144.0,124.0,143.0,143.0,124.0,164.0,120.0,118.0,117.0,146.0,117.0,153.0,157.0,133.0,126.0,122.0,121.0,127.0,124.0,114.0,140.0,139.0,135.0,134.0,128.0,128.0,134.0,126.0,121.0,120.0,120.0,126.0,119.0,126.0,145.0,104,139,0.0,137,0.0,118,0.0,119,0.0,148,0.0,135,33.0,122,0.0,130,26.0,144,0.0,,,,,,,117,0.0,136,10.0,117,0.0,153,0.0,157,0.0,114.0,10.0
j120,j12042_5,j12042_5.sm,153.0,158.0,140.0,134.0,163.0,177.0,135.0,168.0,174.0,162.0,158.0,157.0,157.0,158.0,149.0,133.0,139.0,137.0,161.0,135.0,176.0,182.0,144.0,152.0,130.0,129.0,172.0,151.0,132.0,169.0,177.0,168.0,148.0,147.0,147.0,148.0,129.0,130.0,134.0,137.0,143.0,133.0,159.0,190.0,120,153,0.0,158,0.0,140,0.0,134,0.0,163,0.0,179,-2.0,135,0.0,158,16.0,162,0.0,,,,,,,137,0.0,160,1.0,135,0.0,176,0.0,182,0.0,129.0,9.0
j120,j12042_6,j12042_6.sm,140.0,143.0,133.0,137.0,144.0,157.0,141.0,163.0,161.0,161.0,143.0,171.0,171.0,143.0,142.0,145.0,131.0,142.0,142.0,135.0,169.0,195.0,131.0,128.0,137.0,126.0,138.0,144.0,134.0,162.0,148.0,145.0,136.0,140.0,140.0,136.0,128.0,130.0,137.0,133.0,130.0,133.0,149.0,153.0,119,140,0.0,143,0.0,133,0.0,137,0.0,144,0.0,161,-4.0,141,0.0,158,3.0,161,0.0,,,,,,,142,0.0,142,0.0,135,0.0,169,0.0,195,0.0,126.0,7.0
j120,j12042_7,j12042_7.sm,152.0,151.0,131.0,127.0,153.0,160.0,137.0,140.0,144.0,153.0,140.0,158.0,158.0,140.0,138.0,129.0,131.0,129.0,147.0,129.0,145.0,190.0,153.0,144.0,129.0,127.0,138.0,139.0,139.0,169.0,135.0,146.0,140.0,150.0,150.0,140.0,127.0,127.0,129.0,129.0,142.0,137.0,167.0,171.0,123,152,0.0,151,0.0,131,0.0,127,0.0,153,0.0,162,-2.0,137,0.0,141,3.0,153,0.0,,,,,,,129,0.0,147,0.0,129,0.0,145,0.0,190,0.0,127.0,4.0
j120,j12042_8,j12042_8.sm,154.0,156.0,132.0,127.0,146.0,176.0,132.0,156.0,161.0,166.0,134.0,162.0,162.0,134.0,143.0,133.0,127.0,133.0,149.0,133.0,170.0,155.0,145.0,136.0,141.0,132.0,137.0,149.0,139.0,160.0,152.0,155.0,139.0,135.0,135.0,139.0,136.0,131.0,140.0,134.0,147.0,131.0,149.0,160.0,113,154,0.0,156,0.0,132,0.0,127,0.0,146,0.0,154,22.0,132,0.0,142,19.0,166,0.0,,,,,,,133,0.0,149,0.0,133,0.0,170,0.0,155,0.0,127.0,14.0
j120,j12042_9,j12042_9.sm,133.0,132.0,115.0,112.0,142.0,153.0,116.0,140.0,144.0,136.0,124.0,135.0,135.0,124.0,142.0,123.0,115.0,113.0,141.0,111.0,153.0,152.0,128.0,125.0,118.0,124.0,122.0,127.0,119.0,150.0,140.0,134.0,129.0,126.0,126.0,129.0,120.0,127.0,118.0,110.0,124.0,110.0,150.0,142.0,104,133,0.0,132,0.0,115,0.0,112,0.0,142,0.0,133,20.0,116,0.0,133,11.0,136,0.0,,,,,,,113,0.0,141,0.0,111,0.0,153,0.0,149,3.0,110.0,6.0
j120,j12043_1,j12043_1.sm,118.0,118.0,111.0,111.0,125.0,128.0,115.0,133.0,125.0,114.0,116.0,123.0,123.0,116.0,111.0,111.0,111.0,111.0,122.0,109.0,118.0,145.0,116.0,111.0,111.0,112.0,116.0,130.0,111.0,118.0,118.0,117.0,116.0,121.0,121.0,116.0,112.0,112.0,111.0,110.0,111.0,110.0,115.0,115.0,105,118,0.0,118,0.0,111,0.0,111,0.0,125,0.0,122,6.0,115,0.0,124,1.0,114,0.0,,,,,,,111,0.0,122,0.0,109,0.0,118,0.0,145,0.0,109.0,4.0
j120,j12043_10,j12043_10.sm,133.0,135.0,113.0,119.0,146.0,139.0,122.0,126.0,133.0,140.0,132.0,131.0,131.0,132.0,136.0,113.0,113.0,119.0,132.0,113.0,133.0,168.0,122.0,119.0,121.0,121.0,128.0,132.0,121.0,128.0,133.0,116.0,132.0,131.0,131.0,132.0,119.0,121.0,121.0,124.0,123.0,116.0,121.0,131.0,113,133,0.0,135,0.0,113,0.0,119,0.0,146,0.0,135,4.0,122,0.0,132,1.0,140,0.0,,,,,,,119,0.0,132,0.0,113,0.0,133,0.0,168,0.0,113.0,0.0
j120,j12043_2,j12043_2.sm,131.0,137.0,120.0,120.0,148.0,137.0,122.0,159.0,146.0,139.0,129.0,134.0,134.0,129.0,137.0,120.0,120.0,120.0,136.0,120.0,136.0,153.0,130.0,133.0,129.0,129.0,131.0,136.0,129.0,136.0,134.0,136.0,130.0,137.0,137.0,130.0,129.0,129.0,129.0,129.0,137.0,127.0,132.0,136.0,120,131,0.0,137,0.0,120,0.0,120,0.0,148,0.0,133,4.0,122,0.0,132,14.0,139,0.0,,,,,,,120,0.0,136,0.0,120,0.0,130,6.0,153,0.0,120.0,0.0
j120,j12043_3,j12043_3.sm,109.0,113.0,101.0,98.0,125.0,137.0,103.0,115.0,127.0,124.0,121.0,119.0,119.0,121.0,104.0,102.0,98.0,101.0,115.0,101.0,154.0,146.0,112.0,112.0,100.0,110.0,107.0,107.0,103.0,112.0,106.0,111.0,109.0,110.0,110.0,109.0,102.0,102.0,100.0,102.0,107.0,100.0,110.0,114.0,95,109,0.0,113,0.0,101,0.0,98,0.0,125,0.0,126,11.0,103,0.0,121,6.0,124,0.0,,,,,,,101,0.0,115,0.0,101,0.0,154,0.0,146,0.0,98.0,3.0
j120,j12043_4,j12043_4.sm,117.0,122.0,117.0,114.0,148.0,139.0,119.0,132.0,136.0,121.0,125.0,150.0,150.0,125.0,114.0,117.0,117.0,116.0,118.0,116.0,125.0,136.0,114.0,117.0,111.0,111.0,131.0,126.0,109.0,134.0,149.0,118.0,124.0,124.0,124.0,124.0,111.0,111.0,111.0,111.0,117.0,109.0,132.0,153.0,105,117,0.0,122,0.0,117,0.0,114,0.0,148,0.0,133,6.0,119,0.0,124,12.0,121,0.0,,,,,,,116,0.0,118,0.0,116,0.0,125,0.0,136,0.0,109.0,4.0
j120,j12043_5,j12043_5.sm,120.0,122.0,112.0,116.0,140.0,131.0,114.0,145.0,145.0,130.0,122.0,136.0,136.0,122.0,126.0,118.0,112.0,113.0,130.0,112.0,132.0,129.0,116.0,115.0,114.0,117.0,116.0,124.0,115.0,117.0,119.0,124.0,118.0,119.0,119.0,118.0,114.0,114.0,114.0,114.0,122.0,114.0,125.0,151.0,105,120,0.0,122,0.0,112,0.0,116,0.0,140,0.0,136,-5.0,114,0.0,128,17.0,130,0.0,,,,,,,113,0.0,130,0.0,112,0.0,132,0.0,129,0.0,112.0,7.0
j120,j12043_6,j12043_6.sm,111.0,115.0,111.0,106.0,135.0,120.0,107.0,130.0,128.0,130.0,117.0,123.0,123.0,117.0,106.0,111.0,110.0,106.0,114.0,116.0,124.0,140.0,110.0,116.0,104.0,106.0,111.0,116.0,110.0,128.0,121.0,126.0,109.0,109.0,109.0,109.0,111.0,106.0,106.0,110.0,114.0,112.0,120.0,137.0,98,111,0.0,115,0.0,111,0.0,106,0.0,135,0.0,130,-10.0,107,0.0,129,-1.0,130,0.0,,,,,,,106,0.0,114,0.0,116,0.0,124,0.0,140,0.0,104.0,6.0
j120,j12043_7,j12043_7.sm,136.0,137.0,122.0,122.0,138.0,162.0,141.0,164.0,146.0,156.0,148.0,152.0,152.0,148.0,140.0,133.0,122.0,133.0,145.0,134.0,152.0,149.0,136.0,134.0,133.0,133.0,134.0,149.0,134.0,160.0,148.0,136.0,138.0,138.0,138.0,138.0,133.0,133.0,133.0,134.0,143.0,134.0,160.0,160.0,122,136,0.0,137,0.0,122,0.0,122,0.0,138,0.0,143,19.0,141,0.0,151,-5.0,156,0.0,,,,,,,133,0.0,145,0.0,134,0.0,152,0.0,149,0.0,122.0,0.0
j120,j12043_8,j12043_8.sm,133.0,135.0,115.0,115.0,136.0,136.0,115.0,127.0,127.0,141.0,128.0,135.0,135.0,128.0,115.0,115.0,115.0,115.0,135.0,115.0,133.0,149.0,131.0,131.0,123.0,124.0,127.0,130.0,121.0,128.0,132.0,146.0,125.0,131.0,131.0,125.0,122.0,123.0,123.0,123.0,131.0,119.0,132.0,147.0,115,133,0.0,135,0.0,115,0.0,115,0.0,136,0.0,134,2.0,115,0.0,125,2.0,141,0.0,,,,,,,115,0.0,135,0.0,115,0.0,133,0.0,149,0.0,115.0,0.0
j120,j12043_9,j12043_9.sm,124.0,118.0,114.0,121.0,120.0,128.0,113.0,135.0,143.0,135.0,117.0,120.0,120.0,117.0,138.0,109.0,114.0,107.0,128.0,110.0,136.0,152.0,113.0,115.0,109.0,109.0,121.0,113.0,110.0,118.0,116.0,112.0,113.0,113.0,113.0,113.0,109.0,109.0,109.0,109.0,115.0,109.0,118.0,122.0,105,124,0.0,118,0.0,114,0.0,121,0.0,120,0.0,134,-6.0,113,0.0,123,20.0,135,0.0,,,,,,,107,0.0,128,0.0,110,0.0,136,0.0,152,0.0,107.0,2.0
j120,j12044_1,j12044_1.sm,116.0,110.0,100.0,100.0,121.0,118.0,100.0,109.0,104.0,114.0,105.0,116.0,116.0,105.0,116.0,100.0,100.0,100.0,119.0,100.0,104.0,147.0,105.0,106.0,103.0,103.0,109.0,110.0,104.0,117.0,113.0,108.0,111.0,114.0,114.0,111.0,103.0,103.0,103.0,104.0,112.0,104.0,115.0,118.0,100,116,0.0,110,0.0,100,0.0,100,0.0,121,0.0,114,4.0,100,0.0,129,-25.0,114,0.0,,,,,,,100,0.0,119,0.0,100,0.0,104,0.0,147,0.0,100.0,0.0
j120,j12044_10,j12044_10.sm,112.0,116.0,99.0,98.0,114.0,120.0,104.0,110.0,116.0,128.0,118.0,122.0,122.0,118.0,98.0,99.0,99.0,99.0,117.0,99.0,124.0,121.0,112.0,114.0,103.0,109.0,113.0,111.0,107.0,111.0,122.0,119.0,113.0,115.0,115.0,113.0,103.0,103.0,103.0,105.0,111.0,105.0,109.0,117.0,98,112,0.0,116,0.0,99,0.0,98,0.0,114,0.0,113,7.0,104,0.0,121,-5.0,128,0.0,,,,,,,99,0.0,117,0.0,99,0.0,124,0.0,121,0.0,98.0,0.0
j120,j12044_2,j12044_2.sm,119.0,121.0,119.0,117.0,126.0,132.0,115.0,133.0,140.0,128.0,118.0,134.0,134.0,118.0,117.0,119.0,119.0,119.0,122.0,119.0,128.0,134.0,119.0,120.0,115.0,116.0,120.0,119.0,115.0,116.0,115.0,126.0,120.0,118.0,118.0,120.0,115.0,115.0,115.0,116.0,121.0,116.0,126.0,124.0,112,119,0.0,121,0.0,119,0.0,117,0.0,126,0.0,119,13.0,115,0.0,125,15.0,128,0.0,,,,,,,119,0.0,121,1.0,119,0.0,128,0.0,134,0.0,115.0,3.0
j120,j12044_3,j12044_3.sm,110.0,116.0,107.0,107.0,129.0,136.0,107.0,131.0,121.0,121.0,114.0,132.0,132.0,114.0,114.0,107.0,107.0,107.0,121.0,107.0,124.0,142.0,112.0,112.0,112.0,109.0,111.0,112.0,109.0,115.0,112.0,118.0,114.0,116.0,116.0,114.0,109.0,112.0,112.0,109.0,112.0,109.0,114.0,135.0,107,110,0.0,116,0.0,107,0.0,107,0.0,129,0.0,131,5.0,107,0.0,119,2.0,121,0.0,,,,,,,107,0.0,121,0.0,107,0.0,124,0.0,142,0.0,107.0,0.0
j120,j12044_4,j12044_4.sm,111.0,106.0,98.0,96.0,117.0,120.0,101.0,122.0,135.0,121.0,105.0,116.0,116.0,105.0,96.0,98.0,98.0,100.0,113.0,100.0,134.0,139.0,111.0,106.0,102.0,102.0,105.0,104.0,100.0,118.0,114.0,119.0,103.0,106.0,106.0,103.0,102.0,102.0,100.0,102.0,111.0,101.0,115.0,118.0,95,111,0.0,106,0.0,98,0.0,96,0.0,117,0.0,121,-1.0,101,0.0,131,4.0,121,0.0,,,,,,,100,0.0,113,0.0,100,0.0,134,0.0,139,0.0,96.0,1.0
j120,j12044_5,j12044_5.sm,105.0,106.0,100.0,99.0,112.0,117.0,101.0,127.0,112.0,120.0,105.0,114.0,114.0,105.0,99.0,103.0,100.0,101.0,110.0,102.0,112.0,118.0,105.0,104.0,105.0,105.0,110.0,110.0,105.0,109.0,109.0,107.0,105.0,106.0,106.0,105.0,105.0,105.0,105.0,105.0,105.0,105.0,110.0,110.0,98,105,0.0,106,0.0,100,0.0,99,0.0,112,0.0,110,7.0,101,0.0,107,5.0,120,0.0,,,,,,,101,0.0,111,-1.0,102,0.0,112,0.0,118,0.0,99.0,1.0
j120,j12044_6,j12044_6.sm,116.0,120.0,106.0,106.0,139.0,118.0,109.0,138.0,125.0,114.0,113.0,119.0,119.0,113.0,106.0,106.0,106.0,106.0,121.0,106.0,113.0,150.0,113.0,116.0,113.0,113.0,124.0,113.0,113.0,119.0,131.0,115.0,113.0,113.0,113.0,113.0,113.0,113.0,113.0,113.0,116.0,113.0,129.0,131.0,106,116,0.0,120,0.0,106,0.0,106,0.0,139,0.0,126,-8.0,109,0.0,130,-5.0,114,0.0,,,,,,,106,0.0,121,0.0,106,0.0,113,0.0,150,0.0,106.0,0.0
j120,j12044_7,j12044_7.sm,107.0,109.0,105.0,103.0,125.0,112.0,112.0,131.0,128.0,122.0,107.0,116.0,116.0,107.0,103.0,105.0,105.0,105.0,113.0,103.0,110.0,146.0,107.0,107.0,98.0,101.0,107.0,110.0,99.0,103.0,109.0,110.0,104.0,107.0,107.0,104.0,99.0,103.0,105.0,99.0,107.0,98.0,109.0,138.0,98,107,0.0,109,0.0,105,0.0,103,0.0,125,0.0,112,0.0,112,0.0,111,17.0,122,0.0,,,,,,,105,0.0,113,0.0,103,0.0,110,0.0,146,0.0,98.0,0.0
j120,j12044_8,j12044_8.sm,130.0,128.0,119.0,120.0,125.0,128.0,115.0,134.0,132.0,134.0,129.0,127.0,127.0,129.0,120.0,111.0,119.0,112.0,122.0,112.0,133.0,131.0,120.0,122.0,116.0,116.0,120.0,121.0,120.0,127.0,118.0,126.0,120.0,122.0,122.0,120.0,113.0,118.0,116.0,116.0,120.0,115.0,123.0,122.0,108,130,0.0,128,0.0,119,0.0,120,0.0,125,0.0,126,2.0,115,0.0,127,5.0,134,0.0,,,,,,,112,0.0,122,0.0,112,0.0,133,0.0,131,0.0,111.0,3.0
j120,j12044_9,j12044_9.sm,104.0,105.0,93.0,93.0,118.0,110.0,101.0,99.0,102.0,101.0,96.0,97.0,97.0,96.0,93.0,91.0,91.0,93.0,99.0,91.0,106.0,123.0,94.0,100.0,93.0,93.0,105.0,96.0,96.0,105.0,100.0,106.0,95.0,97.0,97.0,95.0,93.0,93.0,93.0,93.0,102.0,93.0,108.0,97.0,91,104,0.0,105,0.0,93,0.0,93,0.0,118,0.0,100,10.0,101,0.0,99,3.0,101,0.0,,,,,,,93,0.0,99,0.0,91,0.0,106,0.0,123,0.0,91.0,0.0
j120,j12045_1,j12045_1.sm,119.0,128.0,109.0,108.0,119.0,110.0,109.0,117.0,117.0,108.0,109.0,124.0,124.0,109.0,108.0,109.0,109.0,108.0,123.0,108.0,122.0,128.0,116.0,120.0,114.0,114.0,120.0,112.0,114.0,113.0,119.0,108.0,112.0,116.0,116.0,112.0,114.0,114.0,114.0,114.0,120.0,114.0,116.0,119.0,108,119,0.0,128,0.0,109,0.0,108,0.0,119,0.0,121,-11.0,109,0.0,119,-2.0,108,0.0,,,,,,,108,0.0,123,0.0,108,0.0,122,0.0,128,0.0,108.0,0.0
j120,j12045_10,j12045_10.sm,105.0,107.0,99.0,100.0,112.0,105.0,99.0,111.0,108.0,101.0,103.0,101.0,101.0,103.0,100.0,99.0,99.0,99.0,112.0,99.0,101.0,111.0,102.0,102.0,101.0,101.0,102.0,102.0,103.0,101.0,101.0,101.0,102.0,102.0,102.0,102.0,101.0,101.0,101.0,101.0,102.0,101.0,101.0,102.0,99,105,0.0,107,0.0,99,0.0,100,0.0,112,0.0,108,-3.0,99,0.0,107,1.0,101,0.0,,,,,,,99,0.0,112,0.0,99,0.0,101,0.0,111,0.0,99.0,0.0
j120,j12045_2,j12045_2.sm,99.0,98.0,94.0,101.0,111.0,110.0,91.0,103.0,116.0,119.0,105.0,101.0,101.0,105.0,101.0,91.0,94.0,91.0,98.0,91.0,102.0,115.0,98.0,98.0,96.0,96.0,95.0,101.0,95.0,100.0,100.0,98.0,97.0,105.0,105.0,97.0,96.0,96.0,96.0,96.0,98.0,96.0,95.0,98.0,91,99,0.0,98,0.0,94,0.0,101,0.0,111,0.0,116,-6.0,91,0.0,112,4.0,119,0.0,,,,,,,91,0.0,98,0.0,91,0.0,102,0.0,115,0.0,91.0,0.0
j120,j12045_3,j12045_3.sm,109.0,105.0,98.0,98.0,113.0,107.0,98.0,127.0,106.0,107.0,109.0,112.0,112.0,109.0,98.0,98.0,98.0,98.0,103.0,98.0,105.0,119.0,109.0,107.0,102.0,101.0,107.0,101.0,106.0,108.0,110.0,110.0,109.0,108.0,108.0,109.0,102.0,101.0,102.0,106.0,99.0,106.0,107.0,114.0,98,109,0.0,105,0.0,98,0.0,98,0.0,113,0.0,110,-3.0,98,0.0,104,2.0,107,0.0,,,,,,,98,0.0,103,0.0,98,0.0,105,0.0,119,0.0,98.0,0.0
j120,j12045_4,j12045_4.sm,107.0,116.0,104.0,104.0,119.0,122.0,108.0,120.0,114.0,113.0,115.0,113.0,113.0,115.0,104.0,104.0,104.0,104.0,111.0,104.0,114.0,123.0,106.0,109.0,107.0,107.0,109.0,108.0,107.0,108.0,109.0,109.0,106.0,107.0,107.0,106.0,107.0,107.0,107.0,107.0,110.0,107.0,109.0,111.0,103,107,0.0,116,0.0,104,0.0,104,0.0,119,0.0,115,7.0,108,0.0,128,-14.0,113,0.0,,,,,,,104,0.0,109,2.0,104,0.0,114,0.0,122,1.0,104.0,1.0
j120,j12045_5,j12045_5.sm,120.0,120.0,119.0,120.0,124.0,133.0,120.0,138.0,133.0,126.0,124.0,126.0,126.0,124.0,124.0,119.0,119.0,119.0,125.0,119.0,124.0,137.0,126.0,120.0,119.0,119.0,121.0,119.0,119.0,121.0,120.0,120.0,124.0,121.0,121.0,124.0,119.0,119.0,119.0,119.0,125.0,119.0,120.0,121.0,116,120,0.0,120,0.0,119,0.0,120,0.0,124,0.0,125,8.0,120,0.0,122,11.0,126,0.0,,,,,,,119,0.0,125,0.0,119,0.0,124,0.0,137,0.0,119.0,3.0
j120,j12045_6,j12045_6.sm,128.0,132.0,125.0,125.0,146.0,134.0,125.0,136.0,150.0,131.0,139.0,145.0,145.0,139.0,153.0,125.0,125.0,125.0,136.0,125.0,136.0,142.0,125.0,133.0,125.0,125.0,136.0,127.0,126.0,126.0,133.0,125.0,126.0,125.0,125.0,126.0,125.0,125.0,125.0,125.0,136.0,128.0,126.0,139.0,125,128,0.0,132,0.0,125,0.0,125,0.0,146,0.0,141,-7.0,125,0.0,133,17.0,131,0.0,,,,,,,125,0.0,136,0.0,125,0.0,136,0.0,142,0.0,125.0,0.0
j120,j12045_7,j12045_7.sm,110.0,109.0,107.0,103.0,109.0,137.0,103.0,113.0,116.0,112.0,109.0,106.0,106.0,109.0,103.0,103.0,103.0,103.0,108.0,103.0,116.0,110.0,108.0,106.0,104.0,106.0,106.0,107.0,106.0,112.0,109.0,107.0,108.0,105.0,105.0,108.0,106.0,106.0,107.0,106.0,106.0,106.0,105.0,109.0,103,110,0.0,109,0.0,107,0.0,103,0.0,109,0.0,105,32.0,103,0.0,112,4.0,112,0.0,,,,,,,103,0.0,108,0.0,103,0.0,116,0.0,110,0.0,103.0,0.0
j120,j12045_8,j12045_8.sm,111.0,112.0,103.0,103.0,114.0,116.0,107.0,114.0,117.0,129.0,114.0,124.0,124.0,114.0,103.0,103.0,103.0,103.0,112.0,103.0,118.0,124.0,106.0,106.0,106.0,106.0,106.0,113.0,112.0,110.0,113.0,106.0,106.0,106.0,106.0,106.0,106.0,106.0,106.0,106.0,109.0,106.0,121.0,113.0,103,111,0.0,112,0.0,103,0.0,103,0.0,114,0.0,118,-2.0,107,0.0,113,4.0,129,0.0,,,,,,,103,0.0,112,0.0,103,0.0,118,0.0,124,0.0,103.0,0.0
j120,j12045_9,j12045_9.sm,116.0,120.0,114.0,114.0,126.0,125.0,114.0,126.0,124.0,115.0,114.0,121.0,121.0,114.0,114.0,114.0,114.0,114.0,118.0,114.0,130.0,139.0,116.0,120.0,116.0,116.0,120.0,114.0,116.0,115.0,115.0,116.0,116.0,116.0,116.0,116.0,116.0,116.0,116.0,116.0,119.0,116.0,115.0,119.0,114,116,0.0,120,0.0,114,0.0,114,0.0,126,0.0,114,11.0,114,0.0,115,9.0,115,0.0,,,,,,,114,0.0,118,0.0,114,0.0,130,0.0,139,0.0,114.0,0.0
j120,j12046_1,j12046_1.sm,260.0,261.0,243.0,237.0,283.0,307.0,244.0,286.0,300.0,285.0,261.0,305.0,285.0,260.0,282.0,237.0,247.0,240.0,270.0,225.0,265.0,298.0,253.0,242.0,246.0,237.0,249.0,261.0,239.0,270.0,279.0,266.0,257.0,247.0,248.0,252.0,230.0,231.0,232.0,230.0,244.0,227.0,259.0,265.0,187,260,0.0,261,0.0,243,0.0,237,0.0,283,0.0,270,37.0,244,0.0,262,38.0,285,0.0,,,,,,,230,10.0,270,0.0,225,0.0,265,0.0,298,0.0,225.0,38.0
j120,j12046_10,j12046_10.sm,277.0,268.0,230.0,228.0,299.0,269.0,236.0,283.0,270.0,291.0,256.0,266.0,265.0,250.0,296.0,232.0,231.0,244.0,286.0,238.0,294.0,296.0,256.0,239.0,215.0,227.0,239.0,255.0,218.0,256.0,277.0,246.0,237.0,247.0,275.0,237.0,232.0,223.0,215.0,223.0,250.0,218.0,294.0,281.0,187,277,0.0,268,0.0,230,0.0,228,0.0,299,0.0,274,-5.0,236,0.0,250,20.0,291,0.0,,,,,,,244,0.0,290,-4.0,236,2.0,294,0.0,296,0.0,215.0,28.0
j120,j12046_2,j12046_2.sm,262.0,265.0,239.0,240.0,293.0,267.0,244.0,316.0,293.0,278.0,269.0,262.0,277.0,263.0,301.0,251.0,239.0,251.0,285.0,238.0,288.0,331.0,262.0,267.0,226.0,248.0,295.0,277.0,232.0,296.0,287.0,283.0,267.0,244.0,283.0,278.0,270.0,240.0,229.0,253.0,267.0,232.0,276.0,278.0,197,262,0.0,265,0.0,239,0.0,240,0.0,293,0.0,266,1.0,244,0.0,285,8.0,278,0.0,,,,,,,251,0.0,285,0.0,238,0.0,288,0.0,331,0.0,226.0,29.0
j120,j12046_3,j12046_3.sm,230.0,228.0,215.0,215.0,259.0,241.0,218.0,230.0,256.0,261.0,233.0,247.0,245.0,223.0,234.0,206.0,216.0,213.0,220.0,215.0,250.0,254.0,227.0,209.0,216.0,208.0,224.0,235.0,208.0,256.0,240.0,221.0,213.0,233.0,233.0,209.0,222.0,218.0,210.0,202.0,214.0,199.0,237.0,223.0,175,230,0.0,228,0.0,215,0.0,215,0.0,259,0.0,265,-24.0,218,0.0,222,34.0,261,0.0,,,,,,,215,-2.0,220,0.0,215,0.0,250,0.0,254,0.0,199.0,24.0
j120,j12046_4,j12046_4.sm,213.0,231.0,203.0,205.0,266.0,236.0,201.0,253.0,259.0,233.0,228.0,228.0,220.0,212.0,255.0,210.0,211.0,201.0,228.0,200.0,279.0,285.0,210.0,211.0,212.0,200.0,230.0,230.0,200.0,258.0,241.0,221.0,216.0,215.0,203.0,219.0,209.0,216.0,205.0,202.0,220.0,194.0,256.0,265.0,169,213,0.0,231,0.0,203,0.0,205,0.0,266,0.0,257,-21.0,201,0.0,232,27.0,233,0.0,,,,,,,201,0.0,228,0.0,200,0.0,279,0.0,285,0.0,194.0,25.0
j120,j12046_5,j12046_5.sm,202.0,224.0,198.0,190.0,211.0,221.0,180.0,208.0,202.0,223.0,196.0,217.0,211.0,192.0,216.0,194.0,182.0,199.0,217.0,185.0,219.0,240.0,199.0,198.0,185.0,200.0,185.0,223.0,183.0,239.0,214.0,228.0,199.0,197.0,189.0,191.0,175.0,184.0,195.0,179.0,193.0,190.0,218.0,211.0,149,202,0.0,224,0.0,198,0.0,190,0.0,211,0.0,221,0.0,180,0.0,208,-6.0,223,0.0,,,,,,,199,0.0,216,1.0,185,0.0,219,0.0,240,0.0,175.0,26.0
j120,j12046_6,j12046_6.sm,237.0,238.0,229.0,230.0,268.0,270.0,218.0,271.0,262.0,261.0,268.0,251.0,262.0,226.0,230.0,231.0,240.0,224.0,246.0,212.0,248.0,264.0,217.0,222.0,220.0,207.0,235.0,246.0,224.0,262.0,265.0,240.0,234.0,216.0,226.0,220.0,208.0,222.0,220.0,214.0,223.0,210.0,262.0,266.0,177,237,0.0,238,0.0,229,0.0,230,0.0,268,0.0,253,17.0,218,0.0,269,-7.0,261,0.0,,,,,,,224,0.0,246,0.0,212,0.0,248,0.0,264,0.0,207.0,30.0
j120,j12046_7,j12046_7.sm,221.0,243.0,209.0,206.0,265.0,270.0,212.0,268.0,264.0,235.0,234.0,234.0,249.0,221.0,259.0,208.0,209.0,213.0,217.0,199.0,261.0,327.0,209.0,218.0,193.0,188.0,221.0,218.0,199.0,232.0,260.0,238.0,225.0,229.0,212.0,211.0,199.0,189.0,191.0,189.0,215.0,192.0,253.0,285.0,170,221,0.0,243,0.0,209,0.0,206,0.0,265,0.0,234,36.0,212,0.0,256,8.0,235,0.0,,,,,,,213,0.0,228,-11.0,199,0.0,261,0.0,327,0.0,188.0,18.0
j120,j12046_8,j12046_8.sm,233.0,245.0,232.0,225.0,251.0,236.0,218.0,250.0,267.0,248.0,252.0,249.0,245.0,235.0,262.0,232.0,227.0,224.0,237.0,224.0,263.0,297.0,214.0,221.0,210.0,205.0,240.0,223.0,205.0,264.0,260.0,235.0,234.0,212.0,247.0,212.0,213.0,199.0,209.0,212.0,213.0,209.0,255.0,259.0,176,233,0.0,245,0.0,232,0.0,225,0.0,251,0.0,237,-1.0,218,0.0,240,27.0,248,0.0,,,,,,,226,-2.0,237,0.0,224,0.0,263,0.0,297,0.0,199.0,23.0
j120,j12046_9,j12046_9.sm,217.0,236.0,206.0,212.0,253.0,267.0,215.0,261.0,272.0,259.0,236.0,254.0,254.0,218.0,262.0,211.0,202.0,210.0,238.0,203.0,252.0,279.0,213.0,220.0,200.0,199.0,235.0,235.0,197.0,260.0,278.0,246.0,205.0,232.0,226.0,200.0,218.0,193.0,193.0,220.0,223.0,208.0,248.0,267.0,165,217,0.0,236,0.0,206,0.0,212,0.0,253,0.0,236,31.0,215,0.0,256,16.0,259,0.0,,,,,,,210,0.0,227,11.0,203,0.0,252,0.0,279,0.0,193.0,28.0
j120,j12047_1,j12047_1.sm,182.0,194.0,167.0,170.0,222.0,220.0,178.0,235.0,191.0,185.0,192.0,192.0,199.0,185.0,209.0,168.0,169.0,177.0,191.0,169.0,240.0,230.0,179.0,178.0,161.0,162.0,184.0,177.0,168.0,178.0,194.0,177.0,187.0,167.0,172.0,181.0,160.0,162.0,165.0,156.0,180.0,162.0,202.0,214.0,137,182,0.0,194,0.0,167,0.0,170,0.0,222,0.0,207,13.0,178,0.0,194,-3.0,185,0.0,,,,,,,177,0.0,191,0.0,169,0.0,240,0.0,230,0.0,156.0,19.0
j120,j12047_10,j12047_10.sm,180.0,177.0,157.0,159.0,183.0,180.0,163.0,185.0,185.0,186.0,174.0,181.0,185.0,181.0,159.0,154.0,157.0,156.0,182.0,155.0,201.0,190.0,167.0,168.0,159.0,160.0,174.0,177.0,163.0,188.0,197.0,191.0,172.0,164.0,164.0,166.0,157.0,149.0,151.0,152.0,177.0,159.0,184.0,201.0,132,180,0.0,177,0.0,157,0.0,159,0.0,183,0.0,187,-7.0,163,0.0,174,11.0,186,0.0,,,,,,,156,0.0,182,0.0,155,0.0,201,0.0,190,0.0,149.0,17.0
j120,j12047_2,j12047_2.sm,172.0,180.0,161.0,161.0,206.0,198.0,159.0,209.0,174.0,177.0,185.0,181.0,179.0,174.0,161.0,153.0,155.0,161.0,169.0,159.0,198.0,197.0,168.0,165.0,159.0,159.0,168.0,170.0,153.0,176.0,169.0,159.0,158.0,162.0,162.0,159.0,158.0,151.0,155.0,172.0,168.0,157.0,185.0,172.0,132,172,0.0,180,0.0,161,0.0,161,0.0,206,0.0,175,23.0,159,0.0,175,-1.0,177,0.0,,,,,,,160,1.0,171,-2.0,159,0.0,198,0.0,197,0.0,151.0,19.0
j120,j12047_3,j12047_3.sm,158.0,157.0,141.0,149.0,177.0,186.0,152.0,167.0,181.0,175.0,160.0,182.0,186.0,161.0,149.0,143.0,145.0,155.0,164.0,148.0,179.0,195.0,148.0,157.0,145.0,138.0,165.0,147.0,145.0,157.0,193.0,156.0,154.0,152.0,162.0,151.0,151.0,141.0,141.0,144.0,155.0,143.0,174.0,174.0,125,158,0.0,157,0.0,141,0.0,149,0.0,177,0.0,176,10.0,152,0.0,161,20.0,175,0.0,,,,,,,155,0.0,164,0.0,151,-3.0,179,0.0,195,0.0,138.0,13.0
j120,j12047_4,j12047_4.sm,178.0,167.0,167.0,166.0,190.0,185.0,159.0,209.0,184.0,177.0,192.0,183.0,176.0,171.0,194.0,164.0,167.0,158.0,169.0,160.0,211.0,204.0,159.0,163.0,162.0,156.0,165.0,184.0,157.0,174.0,163.0,170.0,154.0,170.0,165.0,150.0,165.0,155.0,157.0,157.0,163.0,152.0,182.0,178.0,132,178,0.0,167,0.0,167,0.0,166,0.0,190,0.0,180,5.0,159,0.0,168,16.0,177,0.0,,,,,,,158,0.0,169,0.0,160,0.0,211,0.0,204,0.0,150.0,18.0
j120,j12047_5,j12047_5.sm,172.0,184.0,152.0,149.0,193.0,192.0,161.0,178.0,180.0,193.0,185.0,172.0,192.0,159.0,149.0,158.0,151.0,160.0,189.0,157.0,175.0,228.0,168.0,178.0,154.0,155.0,179.0,179.0,162.0,181.0,189.0,178.0,154.0,157.0,171.0,159.0,152.0,154.0,154.0,158.0,173.0,155.0,186.0,199.0,127,172,0.0,184,0.0,152,0.0,149,0.0,193,0.0,197,-5.0,161,0.0,166,14.0,193,0.0,,,,,,,160,0.0,187,2.0,157,0.0,175,0.0,228,0.0,149.0,22.0
j120,j12047_6,j12047_6.sm,175.0,176.0,165.0,172.0,201.0,185.0,160.0,196.0,196.0,191.0,193.0,212.0,202.0,190.0,178.0,169.0,157.0,168.0,175.0,170.0,224.0,193.0,173.0,162.0,159.0,154.0,169.0,173.0,160.0,192.0,181.0,171.0,164.0,166.0,165.0,174.0,160.0,154.0,159.0,164.0,173.0,154.0,186.0,183.0,137,175,0.0,176,0.0,165,0.0,172,0.0,201,0.0,188,-3.0,160,0.0,187,9.0,191,0.0,,,,,,,168,0.0,175,0.0,164,6.0,224,0.0,193,0.0,154.0,17.0
j120,j12047_7,j12047_7.sm,150.0,152.0,137.0,139.0,189.0,166.0,149.0,184.0,170.0,163.0,159.0,172.0,173.0,151.0,139.0,134.0,134.0,134.0,156.0,138.0,176.0,170.0,148.0,149.0,141.0,144.0,167.0,158.0,137.0,171.0,163.0,161.0,147.0,142.0,164.0,146.0,144.0,151.0,139.0,135.0,156.0,136.0,159.0,173.0,118,150,0.0,152,0.0,137,0.0,139,0.0,189,0.0,182,-16.0,149,0.0,161,9.0,163,0.0,,,,,,,134,0.0,152,4.0,138,0.0,176,0.0,170,0.0,134.0,16.0
j120,j12047_8,j12047_8.sm,171.0,172.0,171.0,174.0,188.0,184.0,178.0,198.0,201.0,186.0,194.0,205.0,183.0,183.0,179.0,173.0,169.0,165.0,174.0,160.0,215.0,200.0,168.0,164.0,157.0,166.0,181.0,168.0,166.0,198.0,186.0,177.0,167.0,174.0,165.0,170.0,164.0,166.0,168.0,173.0,164.0,153.0,191.0,187.0,133,171,0.0,172,0.0,171,0.0,174,0.0,188,0.0,192,-8.0,178,0.0,186,15.0,186,0.0,,,,,,,165,0.0,175,-1.0,160,0.0,207,8.0,200,0.0,153.0,20.0
j120,j12047_9,j12047_9.sm,175.0,189.0,164.0,170.0,227.0,217.0,170.0,217.0,220.0,200.0,184.0,203.0,205.0,175.0,170.0,168.0,165.0,177.0,181.0,168.0,209.0,220.0,182.0,182.0,167.0,165.0,180.0,192.0,166.0,197.0,198.0,178.0,181.0,174.0,172.0,172.0,171.0,171.0,171.0,166.0,182.0,161.0,184.0,192.0,144,175,0.0,189,0.0,164,0.0,170,0.0,227,0.0,182,35.0,170,0.0,184,36.0,200,0.0,,,,,,,171,6.0,181,0.0,168,0.0,209,0.0,220,0.0,161.0,17.0
j120,j12048_1,j12048_1.sm,132.0,138.0,115.0,116.0,158.0,148.0,122.0,149.0,145.0,148.0,133.0,137.0,154.0,131.0,116.0,114.0,114.0,122.0,136.0,118.0,140.0,154.0,124.0,127.0,114.0,115.0,132.0,130.0,122.0,133.0,139.0,147.0,121.0,121.0,131.0,117.0,121.0,116.0,114.0,118.0,134.0,117.0,122.0,141.0,100,132,0.0,138,0.0,115,0.0,116,0.0,158,0.0,141,7.0,122,0.0,143,2.0,148,0.0,,,,,,,117,5.0,135,1.0,118,0.0,140,0.0,154,0.0,114.0,14.0
j120,j12048_10,j12048_10.sm,147.0,144.0,126.0,132.0,154.0,158.0,141.0,149.0,160.0,165.0,161.0,149.0,155.0,142.0,161.0,130.0,129.0,133.0,144.0,130.0,157.0,169.0,131.0,131.0,128.0,127.0,143.0,153.0,123.0,162.0,160.0,138.0,148.0,153.0,130.0,137.0,127.0,128.0,127.0,127.0,135.0,127.0,145.0,162.0,111,147,0.0,144,0.0,126,0.0,132,0.0,154,0.0,174,-16.0,141,0.0,146,14.0,165,0.0,,,,,,,133,0.0,144,0.0,130,0.0,157,0.0,169,0.0,123.0,12.0
j120,j12048_2,j12048_2.sm,135.0,140.0,127.0,130.0,161.0,147.0,134.0,159.0,151.0,146.0,137.0,166.0,150.0,131.0,130.0,131.0,133.0,136.0,138.0,132.0,159.0,174.0,129.0,134.0,122.0,123.0,138.0,138.0,125.0,137.0,147.0,139.0,128.0,133.0,139.0,131.0,124.0,120.0,123.0,125.0,136.0,123.0,141.0,148.0,112,135,0.0,140,0.0,127,0.0,130,0.0,161,0.0,166,-19.0,134,0.0,145,6.0,146,0.0,,,,,,,136,0.0,141,-3.0,132,0.0,159,0.0,174,0.0,120.0,8.0
j120,j12048_3,j12048_3.sm,152.0,156.0,130.0,133.0,167.0,166.0,137.0,160.0,168.0,165.0,154.0,156.0,155.0,163.0,133.0,135.0,133.0,138.0,156.0,136.0,166.0,173.0,143.0,138.0,127.0,132.0,140.0,142.0,132.0,141.0,149.0,156.0,137.0,132.0,131.0,151.0,128.0,131.0,131.0,127.0,139.0,132.0,148.0,160.0,111,152,0.0,156,0.0,130,0.0,133,0.0,167,0.0,161,5.0,137,0.0,154,14.0,165,0.0,,,,,,,138,0.0,158,-2.0,129,7.0,166,0.0,173,0.0,127.0,16.0
j120,j12048_4,j12048_4.sm,159.0,160.0,157.0,153.0,180.0,176.0,159.0,179.0,189.0,166.0,168.0,187.0,179.0,164.0,153.0,153.0,160.0,147.0,164.0,149.0,198.0,183.0,153.0,153.0,146.0,143.0,159.0,152.0,147.0,170.0,154.0,157.0,153.0,149.0,157.0,154.0,145.0,139.0,140.0,147.0,153.0,134.0,179.0,171.0,127,159,0.0,160,0.0,157,0.0,153,0.0,180,0.0,159,17.0,159,0.0,176,13.0,166,0.0,,,,,,,147,0.0,164,0.0,149,0.0,198,0.0,183,0.0,134.0,7.0
j120,j12048_5,j12048_5.sm,127.0,134.0,125.0,131.0,160.0,135.0,135.0,143.0,140.0,144.0,136.0,146.0,144.0,131.0,131.0,125.0,125.0,126.0,134.0,123.0,159.0,170.0,124.0,125.0,119.0,123.0,133.0,136.0,125.0,146.0,138.0,149.0,128.0,125.0,139.0,128.0,125.0,119.0,122.0,130.0,126.0,123.0,134.0,149.0,110,127,0.0,134,0.0,125,0.0,131,0.0,160,0.0,137,-2.0,135,0.0,138,2.0,144,0.0,,,,,,,125,1.0,140,-6.0,123,0.0,159,0.0,170,0.0,119.0,9.0
j120,j12048_6,j12048_6.sm,138.0,127.0,125.0,124.0,147.0,141.0,122.0,146.0,139.0,138.0,144.0,136.0,144.0,135.0,124.0,122.0,122.0,118.0,133.0,119.0,146.0,156.0,126.0,124.0,114.0,115.0,124.0,126.0,117.0,126.0,129.0,132.0,122.0,131.0,124.0,119.0,119.0,119.0,114.0,122.0,126.0,119.0,138.0,137.0,105,138,0.0,127,0.0,125,0.0,124,0.0,147,0.0,137,4.0,122,0.0,138,1.0,138,0.0,,,,,,,118,0.0,135,-2.0,119,0.0,146,0.0,156,0.0,114.0,9.0
j120,j12048_7,j12048_7.sm,140.0,136.0,125.0,129.0,151.0,137.0,127.0,159.0,138.0,136.0,138.0,142.0,142.0,134.0,129.0,124.0,124.0,123.0,135.0,122.0,154.0,162.0,133.0,129.0,127.0,121.0,133.0,127.0,123.0,137.0,136.0,138.0,129.0,137.0,127.0,125.0,121.0,122.0,120.0,121.0,135.0,120.0,145.0,147.0,106,140,0.0,136,0.0,125,0.0,129,0.0,151,0.0,138,-1.0,127,0.0,133,5.0,136,0.0,,,,,,,123,0.0,135,0.0,122,0.0,154,0.0,162,0.0,120.0,14.0
j120,j12048_8,j12048_8.sm,139.0,147.0,137.0,138.0,169.0,143.0,138.0,159.0,158.0,159.0,157.0,161.0,153.0,145.0,138.0,134.0,135.0,132.0,147.0,132.0,145.0,181.0,136.0,137.0,129.0,129.0,142.0,142.0,132.0,144.0,136.0,139.0,147.0,156.0,132.0,141.0,129.0,130.0,129.0,135.0,136.0,131.0,143.0,169.0,116,139,0.0,147,0.0,137,0.0,138,0.0,169,0.0,152,-9.0,138,0.0,155,3.0,159,0.0,,,,,,,132,0.0,147,0.0,132,0.0,145,0.0,181,0.0,129.0,13.0
j120,j12048_9,j12048_9.sm,143.0,147.0,133.0,140.0,161.0,170.0,143.0,167.0,158.0,139.0,148.0,148.0,146.0,152.0,140.0,133.0,135.0,133.0,145.0,129.0,176.0,192.0,138.0,147.0,131.0,127.0,145.0,139.0,132.0,150.0,149.0,153.0,159.0,152.0,130.0,146.0,130.0,129.0,131.0,134.0,146.0,136.0,151.0,158.0,113,143,0.0,147,0.0,133,0.0,140,0.0,161,0.0,150,20.0,143,0.0,151,7.0,139,0.0,,,,,,,133,0.0,145,0.0,129,0.0,176,0.0,192,0.0,127.0,14.0
j120,j12049_1,j12049_1.sm,116.0,120.0,99.0,101.0,129.0,123.0,97.0,120.0,133.0,115.0,111.0,114.0,113.0,115.0,101.0,100.0,100.0,100.0,115.0,98.0,138.0,157.0,107.0,112.0,105.0,101.0,119.0,118.0,104.0,111.0,114.0,113.0,113.0,120.0,111.0,112.0,101.0,100.0,105.0,105.0,115.0,106.0,118.0,116.0,96,116,0.0,120,0.0,99,0.0,101,0.0,129,0.0,125,-2.0,97,0.0,122,11.0,115,0.0,,,,,,,100,0.0,115,0.0,98,0.0,138,0.0,157,0.0,97.0,1.0
j120,j12049_10,j12049_10.sm,115.0,125.0,110.0,104.0,124.0,133.0,107.0,138.0,135.0,132.0,122.0,140.0,121.0,124.0,104.0,113.0,113.0,112.0,119.0,108.0,131.0,152.0,113.0,107.0,107.0,107.0,128.0,113.0,106.0,133.0,133.0,116.0,121.0,111.0,116.0,116.0,109.0,105.0,106.0,107.0,115.0,110.0,122.0,132.0,97,115,0.0,125,0.0,110,0.0,104,0.0,124,0.0,143,-10.0,107,0.0,122,13.0,132,0.0,,,,,,,112,0.0,119,0.0,108,0.0,131,0.0,152,0.0,104.0,7.0
j120,j12049_2,j12049_2.sm,133.0,139.0,122.0,125.0,149.0,152.0,130.0,153.0,154.0,148.0,142.0,146.0,147.0,139.0,125.0,122.0,122.0,130.0,141.0,120.0,166.0,165.0,136.0,129.0,132.0,124.0,130.0,139.0,129.0,147.0,149.0,141.0,133.0,132.0,140.0,141.0,122.0,131.0,132.0,131.0,133.0,127.0,144.0,154.0,109,133,0.0,139,0.0,122,0.0,125,0.0,149,0.0,156,-4.0,130,0.0,149,5.0,148,0.0,,,,,,,130,0.0,141,0.0,120,0.0,166,0.0,165,0.0,120.0,11.0
j120,j12049_3,j12049_3.sm,116.0,122.0,107.0,108.0,150.0,130.0,117.0,129.0,134.0,115.0,118.0,123.0,125.0,121.0,108.0,108.0,108.0,109.0,119.0,106.0,129.0,168.0,113.0,118.0,108.0,107.0,121.0,118.0,121.0,123.0,129.0,124.0,112.0,109.0,111.0,114.0,113.0,108.0,108.0,109.0,111.0,106.0,132.0,123.0,96,116,0.0,122,0.0,107,0.0,108,0.0,150,0.0,126,4.0,117,0.0,121,13.0,115,0.0,,,,,,,109,0.0,119,0.0,106,0.0,129,0.0,168,0.0,106.0,10.0
j120,j12049_4,j12049_4.sm,113.0,125.0,105.0,107.0,138.0,126.0,109.0,137.0,125.0,121.0,128.0,121.0,121.0,118.0,107.0,104.0,104.0,107.0,111.0,105.0,132.0,137.0,114.0,119.0,111.0,110.0,127.0,119.0,115.0,126.0,122.0,117.0,115.0,122.0,116.0,119.0,110.0,114.0,114.0,106.0,112.0,110.0,120.0,117.0,96,113,0.0,125,0.0,105,0.0,107,0.0,138,0.0,121,5.0,109,0.0,131,-6.0,121,0.0,,,,,,,107,0.0,111,0.0,105,0.0,132,0.0,137,0.0,104.0,8.0
j120,j12049_5,j12049_5.sm,106.0,118.0,100.0,103.0,124.0,123.0,104.0,128.0,127.0,114.0,118.0,120.0,121.0,113.0,103.0,98.0,98.0,102.0,112.0,102.0,115.0,121.0,102.0,112.0,98.0,100.0,107.0,104.0,98.0,121.0,105.0,106.0,107.0,111.0,111.0,107.0,97.0,100.0,98.0,97.0,108.0,98.0,108.0,108.0,89,106,0.0,118,0.0,100,0.0,103,0.0,124,0.0,122,1.0,104,0.0,105,22.0,114,0.0,,,,,,,102,0.0,112,0.0,102,0.0,115,0.0,121,0.0,97.0,8.0
j120,j12049_6,j12049_6.sm,153.0,152.0,128.0,128.0,153.0,148.0,128.0,153.0,154.0,137.0,153.0,148.0,147.0,151.0,128.0,129.0,129.0,128.0,156.0,129.0,140.0,169.0,152.0,146.0,135.0,140.0,148.0,149.0,141.0,151.0,158.0,160.0,144.0,147.0,150.0,145.0,141.0,142.0,133.0,132.0,152.0,132.0,156.0,167.0,128,153,0.0,152,0.0,128,0.0,128,0.0,153,0.0,158,-10.0,128,0.0,156,-2.0,137,0.0,,,,,,,134,-6.0,156,0.0,129,0.0,140,0.0,169,0.0,128.0,0.0
j120,j12049_7,j12049_7.sm,113.0,124.0,112.0,115.0,127.0,133.0,116.0,139.0,130.0,124.0,118.0,132.0,135.0,122.0,115.0,113.0,113.0,111.0,123.0,110.0,152.0,141.0,111.0,115.0,110.0,107.0,120.0,117.0,115.0,124.0,116.0,116.0,114.0,119.0,112.0,115.0,108.0,108.0,110.0,108.0,121.0,106.0,125.0,121.0,99,113,0.0,124,0.0,112,0.0,115,0.0,127,0.0,120,13.0,116,0.0,124,6.0,124,0.0,,,,,,,111,0.0,123,0.0,110,0.0,152,0.0,141,0.0,106.0,7.0
j120,j12049_8,j12049_8.sm,144.0,154.0,123.0,132.0,152.0,160.0,128.0,153.0,169.0,160.0,148.0,154.0,155.0,140.0,132.0,124.0,124.0,131.0,144.0,133.0,180.0,184.0,141.0,141.0,125.0,122.0,133.0,138.0,132.0,131.0,161.0,148.0,132.0,145.0,136.0,142.0,124.0,122.0,125.0,129.0,139.0,127.0,142.0,152.0,113,144,0.0,154,0.0,123,0.0,132,0.0,152,0.0,166,-6.0,128,0.0,159,10.0,160,0.0,,,,,,,131,0.0,144,0.0,133,0.0,180,0.0,184,0.0,122.0,9.0
j120,j12049_9,j12049_9.sm,116.0,122.0,106.0,107.0,131.0,122.0,110.0,133.0,135.0,119.0,115.0,115.0,129.0,117.0,107.0,106.0,106.0,111.0,119.0,106.0,141.0,132.0,114.0,119.0,106.0,107.0,114.0,116.0,105.0,122.0,120.0,107.0,109.0,128.0,114.0,113.0,104.0,107.0,105.0,104.0,113.0,106.0,126.0,123.0,97,116,0.0,122,0.0,106,0.0,107,0.0,131,0.0,134,-12.0,110,0.0,115,20.0,119,0.0,,,,,,,111,0.0,119,0.0,106,0.0,141,0.0,132,0.0,104.0,7.0
j120,j1204_1,j1204_1.sm,83.0,83.0,79.0,84.0,96.0,112.0,89.0,93.0,86.0,106.0,90.0,101.0,101.0,90.0,85.0,79.0,79.0,79.0,89.0,79.0,89.0,96.0,85.0,83.0,81.0,79.0,92.0,86.0,89.0,87.0,85.0,88.0,83.0,83.0,83.0,83.0,76.0,76.0,81.0,80.0,82.0,80.0,81.0,87.0,74,83,0.0,83,0.0,79,0.0,84,0.0,96,0.0,83,29.0,89,0.0,103,-17.0,106,0.0,,,,,,,79,0.0,89,0.0,79,0.0,89,0.0,96,0.0,76.0,2.0
j120,j1204_10,j1204_10.sm,86.0,87.0,77.0,77.0,83.0,91.0,77.0,82.0,101.0,85.0,81.0,85.0,85.0,81.0,77.0,77.0,77.0,77.0,86.0,77.0,81.0,98.0,85.0,86.0,78.0,78.0,83.0,92.0,80.0,98.0,98.0,84.0,87.0,87.0,87.0,87.0,78.0,81.0,78.0,81.0,93.0,81.0,80.0,89.0,77,86,0.0,87,0.0,77,0.0,77,0.0,83,0.0,93,-2.0,77,0.0,87,14.0,85,0.0,,,,,,,77,0.0,86,0.0,77,0.0,81,0.0,98,0.0,77.0,0.0
j120,j1204_2,j1204_2.sm,118.0,119.0,107.0,107.0,117.0,123.0,107.0,116.0,121.0,107.0,107.0,111.0,111.0,107.0,107.0,107.0,107.0,107.0,114.0,107.0,127.0,145.0,118.0,113.0,115.0,115.0,114.0,115.0,115.0,116.0,115.0,119.0,115.0,116.0,116.0,115.0,115.0,115.0,115.0,115.0,113.0,115.0,119.0,114.0,107,118,0.0,119,0.0,107,0.0,107,0.0,117,0.0,113,10.0,107,0.0,107,14.0,107,0.0,,,,,,,107,0.0,114,0.0,107,0.0,127,0.0,145,0.0,107.0,0.0
j120,j1204_3,j1204_3.sm,105.0,107.0,95.0,95.0,112.0,115.0,99.0,136.0,143.0,110.0,96.0,119.0,119.0,96.0,95.0,95.0,95.0,95.0,104.0,95.0,110.0,128.0,108.0,103.0,96.0,96.0,104.0,100.0,97.0,103.0,104.0,118.0,98.0,104.0,104.0,98.0,96.0,96.0,96.0,96.0,104.0,96.0,104.0,127.0,95,105,0.0,107,0.0,95,0.0,95,0.0,112,0.0,125,-10.0,99,0.0,110,33.0,110,0.0,,,,,,,95,0.0,105,-1.0,95,0.0,110,0.0,128,0.0,95.0,0.0
j120,j1204_4,j1204_4.sm,82.0,92.0,75.0,75.0,109.0,109.0,82.0,98.0,104.0,91.0,84.0,82.0,82.0,84.0,75.0,75.0,75.0,76.0,90.0,76.0,123.0,109.0,84.0,83.0,82.0,78.0,87.0,84.0,84.0,91.0,92.0,85.0,86.0,96.0,96.0,86.0,77.0,80.0,82.0,78.0,89.0,78.0,89.0,87.0,75,82,0.0,92,0.0,75,0.0,75,0.0,109,0.0,99,10.0,82,0.0,97,7.0,91,0.0,,,,,,,76,0.0,90,0.0,76,0.0,123,0.0,109,0.0,75.0,0.0
j120,j1204_5,j1204_5.sm,82.0,87.0,77.0,74.0,93.0,95.0,78.0,93.0,96.0,84.0,85.0,90.0,90.0,85.0,74.0,74.0,75.0,74.0,85.0,74.0,97.0,105.0,81.0,83.0,76.0,75.0,85.0,85.0,79.0,81.0,100.0,101.0,83.0,79.0,79.0,83.0,75.0,76.0,76.0,76.0,84.0,76.0,87.0,104.0,74,82,0.0,87,0.0,77,0.0,74,0.0,93,0.0,87,8.0,78,0.0,90,6.0,84,0.0,,,,,,,74,0.0,85,0.0,74,0.0,97,0.0,105,0.0,74.0,0.0
j120,j1204_6,j1204_6.sm,96.0,101.0,96.0,93.0,109.0,123.0,94.0,105.0,115.0,98.0,105.0,99.0,99.0,105.0,93.0,93.0,93.0,92.0,101.0,93.0,114.0,113.0,95.0,94.0,93.0,92.0,96.0,92.0,92.0,102.0,93.0,104.0,97.0,104.0,104.0,97.0,92.0,93.0,93.0,92.0,94.0,92.0,106.0,101.0,90,96,0.0,101,0.0,96,0.0,93,0.0,109,0.0,104,19.0,94,0.0,101,14.0,98,0.0,,,,,,,92,0.0,101,0.0,93,0.0,114,0.0,113,0.0,92.0,2.0
j120,j1204_7,j1204_7.sm,96.0,99.0,86.0,86.0,98.0,126.0,85.0,108.0,114.0,107.0,87.0,99.0,99.0,87.0,86.0,87.0,87.0,85.0,98.0,85.0,111.0,100.0,96.0,90.0,86.0,86.0,90.0,101.0,90.0,98.0,95.0,96.0,90.0,105.0,105.0,90.0,86.0,86.0,86.0,86.0,97.0,86.0,98.0,110.0,81,96,0.0,99,0.0,86,0.0,86,0.0,98,0.0,101,25.0,85,0.0,96,18.0,107,0.0,,,,,,,85,0.0,98,0.0,85,0.0,111,0.0,100,0.0,85.0,4.0
j120,j1204_8,j1204_8.sm,96.0,98.0,90.0,90.0,114.0,103.0,90.0,96.0,102.0,92.0,90.0,97.0,97.0,90.0,90.0,90.0,90.0,90.0,95.0,90.0,113.0,103.0,94.0,100.0,90.0,90.0,99.0,102.0,90.0,101.0,95.0,91.0,91.0,96.0,96.0,91.0,90.0,90.0,90.0,90.0,97.0,90.0,96.0,100.0,90,96,0.0,98,0.0,90,0.0,90,0.0,114,0.0,99,4.0,90,0.0,90,12.0,92,0.0,,,,,,,90,0.0,95,0.0,90,0.0,113,0.0,103,0.0,90.0,0.0
j120,j1204_9,j1204_9.sm,86.0,86.0,79.0,79.0,98.0,99.0,81.0,112.0,99.0,89.0,82.0,94.0,94.0,82.0,79.0,79.0,79.0,79.0,90.0,79.0,98.0,109.0,85.0,85.0,80.0,80.0,85.0,85.0,80.0,81.0,92.0,84.0,85.0,84.0,84.0,85.0,80.0,80.0,80.0,80.0,84.0,80.0,86.0,84.0,79,86,0.0,86,0.0,79,0.0,79,0.0,98,0.0,93,6.0,81,0.0,81,18.0,89,0.0,,,,,,,79,0.0,90,0.0,79,0.0,98,0.0,109,0.0,79.0,0.0
j120,j12050_1,j12050_1.sm,122.0,128.0,116.0,116.0,136.0,138.0,119.0,125.0,131.0,128.0,131.0,129.0,132.0,130.0,116.0,116.0,116.0,120.0,128.0,116.0,135.0,142.0,122.0,122.0,120.0,120.0,126.0,125.0,122.0,129.0,130.0,125.0,122.0,123.0,136.0,128.0,121.0,120.0,120.0,121.0,122.0,121.0,129.0,127.0,116,122,0.0,128,0.0,116,0.0,116,0.0,136,0.0,128,10.0,119,0.0,126,5.0,128,0.0,,,,,,,120,0.0,128,0.0,116,0.0,135,0.0,142,0.0,116.0,0.0
j120,j12050_10,j12050_10.sm,121.0,125.0,110.0,109.0,129.0,126.0,119.0,148.0,137.0,135.0,127.0,133.0,131.0,127.0,109.0,110.0,110.0,111.0,122.0,111.0,147.0,147.0,121.0,122.0,112.0,115.0,124.0,122.0,115.0,116.0,125.0,125.0,119.0,117.0,124.0,116.0,112.0,114.0,112.0,115.0,122.0,115.0,128.0,125.0,103,121,0.0,125,0.0,110,0.0,109,0.0,129,0.0,133,-7.0,119,0.0,130,7.0,135,0.0,,,,,,,111,0.0,124,-2.0,111,0.0,147,0.0,147,0.0,109.0,6.0
j120,j12050_2,j12050_2.sm,131.0,132.0,122.0,127.0,151.0,140.0,124.0,156.0,134.0,133.0,142.0,141.0,150.0,126.0,127.0,125.0,125.0,131.0,133.0,127.0,142.0,144.0,129.0,134.0,120.0,129.0,135.0,133.0,125.0,142.0,140.0,130.0,127.0,130.0,126.0,123.0,127.0,123.0,121.0,119.0,129.0,119.0,139.0,134.0,112,131,0.0,132,0.0,122,0.0,127,0.0,151,0.0,133,7.0,124,0.0,126,8.0,133,0.0,,,,,,,131,0.0,135,-2.0,127,0.0,142,0.0,144,0.0,119.0,7.0
j120,j12050_3,j12050_3.sm,132.0,139.0,116.0,116.0,146.0,151.0,119.0,142.0,147.0,120.0,120.0,121.0,132.0,119.0,116.0,116.0,116.0,112.0,130.0,113.0,144.0,137.0,125.0,136.0,114.0,114.0,138.0,124.0,118.0,139.0,124.0,122.0,125.0,121.0,122.0,117.0,114.0,114.0,114.0,116.0,126.0,116.0,138.0,146.0,111,132,0.0,139,0.0,116,0.0,116,0.0,146,0.0,120,31.0,119,0.0,135,12.0,120,0.0,,,,,,,112,0.0,130,0.0,113,0.0,144,0.0,137,0.0,112.0,1.0
j120,j12050_4,j12050_4.sm,117.0,118.0,109.0,112.0,128.0,138.0,116.0,142.0,140.0,120.0,116.0,120.0,121.0,115.0,112.0,111.0,111.0,115.0,117.0,112.0,140.0,142.0,116.0,115.0,108.0,109.0,117.0,113.0,107.0,119.0,120.0,129.0,115.0,115.0,113.0,114.0,108.0,108.0,108.0,107.0,113.0,107.0,116.0,119.0,100,117,0.0,118,0.0,109,0.0,112,0.0,128,0.0,124,14.0,116,0.0,118,22.0,120,0.0,,,,,,,115,0.0,117,0.0,112,0.0,140,0.0,142,0.0,107.0,7.0
j120,j12050_5,j12050_5.sm,123.0,124.0,108.0,115.0,134.0,133.0,110.0,151.0,129.0,132.0,116.0,131.0,134.0,120.0,115.0,106.0,106.0,109.0,114.0,106.0,142.0,142.0,116.0,117.0,108.0,105.0,117.0,114.0,118.0,125.0,123.0,115.0,118.0,115.0,121.0,114.0,103.0,109.0,109.0,113.0,114.0,115.0,126.0,126.0,100,123,0.0,124,0.0,108,0.0,115,0.0,134,0.0,137,-4.0,110,0.0,118,11.0,132,0.0,,,,,,,109,0.0,114,0.0,106,0.0,142,0.0,142,0.0,103.0,3.0
j120,j12050_6,j12050_6.sm,114.0,117.0,102.0,103.0,134.0,143.0,109.0,126.0,124.0,121.0,111.0,120.0,112.0,113.0,103.0,102.0,102.0,103.0,114.0,103.0,136.0,132.0,111.0,118.0,103.0,103.0,120.0,109.0,105.0,116.0,109.0,114.0,113.0,111.0,119.0,112.0,103.0,102.0,102.0,102.0,115.0,103.0,114.0,122.0,102,114,0.0,117,0.0,102,0.0,103,0.0,134,0.0,115,28.0,109,0.0,110,14.0,121,0.0,,,,,,,103,0.0,114,0.0,103,0.0,136,0.0,132,0.0,102.0,0.0
j120,j12050_7,j12050_7.sm,153.0,158.0,137.0,137.0,165.0,152.0,137.0,151.0,137.0,143.0,142.0,149.0,152.0,145.0,137.0,137.0,137.0,137.0,156.0,137.0,148.0,191.0,145.0,145.0,142.0,140.0,149.0,145.0,139.0,146.0,140.0,142.0,142.0,146.0,144.0,139.0,140.0,140.0,140.0,138.0,155.0,137.0,145.0,151.0,137,153,0.0,158,0.0,137,0.0,137,0.0,165,0.0,145,7.0,137,0.0,139,-2.0,143,0.0,,,,,,,137,0.0,156,0.0,137,0.0,148,0.0,191,0.0,137.0,0.0
j120,j12050_8,j12050_8.sm,125.0,125.0,112.0,112.0,134.0,131.0,112.0,136.0,151.0,119.0,128.0,129.0,131.0,116.0,112.0,112.0,112.0,112.0,122.0,112.0,125.0,154.0,126.0,123.0,115.0,117.0,128.0,121.0,116.0,132.0,116.0,126.0,119.0,124.0,122.0,118.0,117.0,115.0,115.0,119.0,122.0,119.0,127.0,122.0,112,125,0.0,125,0.0,112,0.0,112,0.0,134,0.0,140,-9.0,112,0.0,121,30.0,119,0.0,,,,,,,112,0.0,122,0.0,112,0.0,125,0.0,154,0.0,112.0,0.0
j120,j12050_9,j12050_9.sm,116.0,116.0,102.0,110.0,119.0,121.0,106.0,113.0,134.0,125.0,123.0,136.0,124.0,112.0,110.0,102.0,102.0,102.0,118.0,104.0,122.0,135.0,113.0,116.0,104.0,105.0,124.0,113.0,114.0,105.0,120.0,114.0,116.0,112.0,109.0,107.0,105.0,104.0,104.0,105.0,119.0,103.0,121.0,123.0,101,116,0.0,116,0.0,102,0.0,110,0.0,119,0.0,121,0.0,106,0.0,117,17.0,125,0.0,,,,,,,102,0.0,118,0.0,104,0.0,122,0.0,135,0.0,102.0,1.0
j120,j12051_1,j12051_1.sm,272.0,280.0,249.0,250.0,307.0,308.0,257.0,327.0,287.0,278.0,271.0,269.0,272.0,265.0,316.0,255.0,252.0,256.0,289.0,260.0,319.0,314.0,277.0,268.0,252.0,242.0,293.0,266.0,253.0,306.0,285.0,275.0,260.0,247.0,261.0,252.0,263.0,244.0,240.0,245.0,273.0,238.0,292.0,292.0,205,272,0.0,280,0.0,249,0.0,250,0.0,307,0.0,294,14.0,257,0.0,275,12.0,278,0.0,,,,,,,261,-5.0,289,0.0,260,0.0,319,0.0,330,-16.0,238.0,33.0
j120,j12051_10,j12051_10.sm,294.0,315.0,291.0,284.0,343.0,334.0,291.0,354.0,327.0,317.0,307.0,343.0,313.0,304.0,353.0,286.0,294.0,283.0,319.0,271.0,350.0,337.0,289.0,278.0,269.0,267.0,309.0,302.0,286.0,325.0,301.0,304.0,289.0,293.0,292.0,279.0,283.0,266.0,270.0,256.0,287.0,259.0,306.0,326.0,225,294,0.0,315,0.0,291,0.0,284,0.0,343,0.0,313,21.0,291,0.0,319,8.0,317,0.0,,,,,,,282,1.0,316,3.0,271,0.0,350,0.0,337,0.0,256.0,31.0
j120,j12051_2,j12051_2.sm,282.0,291.0,281.0,278.0,332.0,338.0,275.0,304.0,316.0,302.0,293.0,287.0,302.0,297.0,384.0,271.0,265.0,276.0,288.0,266.0,305.0,325.0,276.0,269.0,256.0,254.0,284.0,272.0,259.0,326.0,300.0,280.0,275.0,274.0,269.0,260.0,287.0,250.0,253.0,260.0,270.0,259.0,295.0,321.0,220,282,0.0,291,0.0,281,0.0,278,0.0,332,0.0,291,47.0,275,0.0,276,40.0,302,0.0,,,,,,,278,-2.0,288,0.0,266,0.0,305,0.0,325,0.0,250.0,30.0
j120,j12051_3,j12051_3.sm,281.0,285.0,276.0,271.0,302.0,312.0,268.0,334.0,335.0,341.0,283.0,300.0,272.0,289.0,305.0,274.0,280.0,270.0,288.0,271.0,314.0,330.0,261.0,253.0,263.0,252.0,268.0,275.0,258.0,320.0,296.0,280.0,277.0,260.0,273.0,272.0,271.0,264.0,262.0,276.0,274.0,252.0,299.0,307.0,219,281,0.0,285,0.0,276,0.0,271,0.0,302,0.0,298,14.0,268,0.0,302,33.0,341,0.0,,,,,,,270,0.0,288,0.0,271,0.0,314,0.0,330,0.0,252.0,33.0
j120,j12051_4,j12051_4.sm,283.0,284.0,259.0,261.0,317.0,298.0,269.0,332.0,297.0,300.0,290.0,290.0,305.0,289.0,316.0,266.0,253.0,265.0,275.0,252.0,336.0,348.0,265.0,267.0,260.0,253.0,276.0,305.0,256.0,319.0,302.0,309.0,255.0,259.0,269.0,274.0,264.0,244.0,249.0,249.0,257.0,247.0,304.0,309.0,211,283,0.0,284,0.0,259,0.0,261,0.0,317,0.0,297,1.0,269,0.0,316,-19.0,300,0.0,,,,,,,264,1.0,282,-7.0,252,0.0,336,0.0,348,0.0,244.0,33.0
j120,j12051_5,j12051_5.sm,310.0,316.0,290.0,297.0,365.0,347.0,295.0,357.0,322.0,329.0,315.0,327.0,309.0,303.0,327.0,287.0,289.0,297.0,324.0,280.0,343.0,356.0,288.0,301.0,275.0,275.0,298.0,295.0,274.0,327.0,315.0,293.0,271.0,269.0,272.0,284.0,286.0,273.0,285.0,278.0,287.0,266.0,310.0,324.0,229,310,0.0,316,0.0,290,0.0,297,0.0,365,0.0,332,15.0,295,0.0,315,7.0,329,0.0,,,,,,,297,0.0,324,0.0,280,0.0,343,0.0,356,0.0,266.0,37.0
j120,j12051_6,j12051_6.sm,291.0,302.0,285.0,286.0,322.0,303.0,282.0,289.0,327.0,286.0,284.0,301.0,289.0,275.0,343.0,262.0,267.0,272.0,298.0,267.0,330.0,298.0,266.0,281.0,271.0,259.0,288.0,294.0,263.0,289.0,309.0,285.0,269.0,269.0,272.0,267.0,274.0,258.0,262.0,258.0,282.0,262.0,303.0,319.0,214,291,0.0,302,0.0,285,0.0,286,0.0,322,0.0,295,8.0,282,0.0,284,43.0,286,0.0,,,,,,,273,-1.0,298,0.0,267,0.0,330,0.0,298,0.0,258.0,44.0
j120,j12051_7,j12051_7.sm,270.0,273.0,262.0,260.0,316.0,315.0,278.0,309.0,304.0,282.0,278.0,281.0,286.0,284.0,312.0,267.0,254.0,255.0,282.0,258.0,339.0,301.0,251.0,255.0,252.0,247.0,288.0,269.0,255.0,282.0,289.0,273.0,270.0,266.0,259.0,258.0,265.0,248.0,259.0,255.0,255.0,258.0,277.0,270.0,211,270,0.0,273,0.0,262,0.0,260,0.0,316,0.0,292,23.0,278,0.0,281,23.0,282,0.0,,,,,,,256,-1.0,279,3.0,254,4.0,339,0.0,301,0.0,247.0,36.0
j120,j12051_8,j12051_8.sm,263.0,275.0,267.0,273.0,287.0,283.0,264.0,285.0,263.0,291.0,268.0,272.0,293.0,273.0,310.0,246.0,271.0,255.0,293.0,252.0,282.0,308.0,270.0,265.0,262.0,257.0,272.0,262.0,250.0,315.0,279.0,278.0,266.0,267.0,239.0,276.0,262.0,250.0,262.0,252.0,276.0,251.0,280.0,287.0,206,263,0.0,275,0.0,267,0.0,273,0.0,287,0.0,275,8.0,264,0.0,270,-7.0,291,0.0,,,,,,,255,0.0,288,5.0,252,0.0,282,0.0,308,0.0,239.0,33.0
j120,j12051_9,j12051_9.sm,275.0,289.0,257.0,269.0,325.0,297.0,266.0,325.0,334.0,301.0,285.0,289.0,293.0,276.0,324.0,255.0,255.0,263.0,272.0,255.0,323.0,343.0,260.0,261.0,248.0,251.0,275.0,268.0,253.0,295.0,325.0,277.0,253.0,256.0,263.0,264.0,260.0,252.0,247.0,261.0,262.0,242.0,327.0,326.0,210,275,0.0,289,0.0,257,0.0,269,0.0,325,0.0,293,4.0,266,0.0,289,45.0,301,0.0,,,,,,,263,0.0,275,-3.0,255,0.0,323,0.0,343,0.0,242.0,32.0
j120,j12052_1,j12052_1.sm,223.0,240.0,208.0,211.0,263.0,237.0,212.0,266.0,256.0,243.0,241.0,248.0,250.0,232.0,268.0,214.0,207.0,214.0,242.0,213.0,266.0,289.0,216.0,224.0,206.0,201.0,249.0,235.0,200.0,225.0,238.0,222.0,214.0,217.0,212.0,217.0,222.0,212.0,204.0,210.0,232.0,203.0,229.0,231.0,176,223,0.0,240,0.0,208,0.0,211,0.0,263,0.0,232,5.0,212,0.0,234,22.0,243,0.0,,,,,,,213,1.0,243,-1.0,213,0.0,266,0.0,289,0.0,200.0,24.0
j120,j12052_10,j12052_10.sm,196.0,195.0,184.0,184.0,211.0,212.0,178.0,201.0,189.0,194.0,201.0,206.0,194.0,190.0,184.0,182.0,182.0,192.0,192.0,181.0,203.0,218.0,183.0,181.0,173.0,169.0,175.0,181.0,163.0,197.0,185.0,177.0,177.0,182.0,186.0,179.0,178.0,170.0,178.0,171.0,174.0,164.0,179.0,184.0,143,196,0.0,195,0.0,184,0.0,184,0.0,211,0.0,190,22.0,178,0.0,184,5.0,194,0.0,,,,,,,191,1.0,188,4.0,184,-3.0,203,0.0,218,0.0,163.0,20.0
j120,j12052_2,j12052_2.sm,223.0,231.0,216.0,231.0,247.0,252.0,226.0,263.0,270.0,244.0,247.0,252.0,247.0,235.0,231.0,231.0,225.0,226.0,234.0,221.0,261.0,287.0,220.0,215.0,200.0,205.0,233.0,230.0,206.0,254.0,230.0,228.0,229.0,205.0,212.0,207.0,209.0,214.0,210.0,212.0,224.0,206.0,232.0,249.0,183,223,0.0,231,0.0,216,0.0,231,0.0,247,0.0,235,17.0,226,0.0,228,42.0,244,0.0,,,,,,,234,-8.0,233,1.0,221,0.0,261,0.0,287,0.0,200.0,17.0
j120,j12052_3,j12052_3.sm,175.0,178.0,160.0,168.0,199.0,176.0,162.0,188.0,185.0,164.0,169.0,175.0,180.0,162.0,168.0,165.0,160.0,161.0,175.0,155.0,188.0,207.0,161.0,170.0,152.0,162.0,180.0,172.0,154.0,178.0,176.0,174.0,160.0,168.0,161.0,154.0,159.0,159.0,155.0,157.0,170.0,150.0,171.0,184.0,134,175,0.0,178,0.0,160,0.0,168,0.0,199,0.0,198,-22.0,162,0.0,190,-5.0,164,0.0,,,,,,,161,0.0,172,3.0,155,0.0,188,0.0,207,0.0,150.0,16.0
j120,j12052_4,j12052_4.sm,228.0,231.0,208.0,214.0,247.0,234.0,206.0,238.0,257.0,230.0,218.0,224.0,220.0,206.0,214.0,211.0,211.0,210.0,227.0,206.0,254.0,274.0,224.0,209.0,195.0,199.0,213.0,202.0,195.0,225.0,230.0,200.0,208.0,210.0,211.0,202.0,196.0,195.0,193.0,196.0,210.0,187.0,232.0,234.0,170,228,0.0,231,0.0,208,0.0,214,0.0,247,0.0,242,-8.0,206,0.0,214,43.0,230,0.0,,,,,,,211,-1.0,227,0.0,206,0.0,254,0.0,274,0.0,187.0,17.0
j120,j12052_5,j12052_5.sm,204.0,218.0,200.0,207.0,253.0,250.0,206.0,241.0,248.0,246.0,218.0,233.0,236.0,230.0,207.0,202.0,206.0,209.0,220.0,205.0,257.0,267.0,200.0,205.0,193.0,188.0,197.0,225.0,192.0,227.0,241.0,212.0,221.0,202.0,206.0,206.0,195.0,199.0,194.0,194.0,208.0,195.0,237.0,233.0,168,204,0.0,218,0.0,200,0.0,207,0.0,253,0.0,225,25.0,206,0.0,231,17.0,246,0.0,,,,,,,209,0.0,220,0.0,205,0.0,257,0.0,267,0.0,188.0,20.0
j120,j12052_6,j12052_6.sm,255.0,248.0,242.0,245.0,275.0,282.0,248.0,277.0,283.0,270.0,260.0,275.0,270.0,246.0,245.0,235.0,238.0,243.0,258.0,245.0,279.0,299.0,238.0,237.0,227.0,219.0,262.0,241.0,227.0,249.0,257.0,241.0,248.0,234.0,234.0,244.0,239.0,219.0,223.0,231.0,242.0,229.0,283.0,267.0,196,255,0.0,248,0.0,242,0.0,245,0.0,275,0.0,252,30.0,248,0.0,256,27.0,270,0.0,,,,,,,241,2.0,255,3.0,245,0.0,279,0.0,299,0.0,219.0,23.0
j120,j12052_7,j12052_7.sm,180.0,190.0,178.0,180.0,222.0,199.0,188.0,210.0,227.0,192.0,194.0,189.0,196.0,192.0,180.0,180.0,180.0,178.0,182.0,176.0,209.0,235.0,175.0,177.0,170.0,176.0,180.0,181.0,175.0,199.0,201.0,181.0,168.0,168.0,178.0,173.0,165.0,175.0,166.0,170.0,177.0,164.0,194.0,183.0,149,180,0.0,190,0.0,178,0.0,180,0.0,222,0.0,198,1.0,188,0.0,195,32.0,192,0.0,,,,,,,188,-10.0,184,-2.0,176,0.0,209,0.0,235,0.0,164.0,15.0
j120,j12052_8,j12052_8.sm,207.0,213.0,198.0,190.0,216.0,250.0,191.0,225.0,240.0,208.0,188.0,224.0,218.0,202.0,190.0,194.0,194.0,203.0,216.0,196.0,246.0,252.0,203.0,199.0,182.0,185.0,194.0,203.0,183.0,205.0,207.0,196.0,196.0,214.0,205.0,194.0,193.0,183.0,181.0,185.0,195.0,185.0,230.0,227.0,158,207,0.0,213,0.0,198,0.0,190,0.0,216,0.0,226,24.0,191,0.0,196,44.0,208,0.0,,,,,,,203,0.0,216,0.0,196,0.0,246,0.0,252,0.0,181.0,23.0
j120,j12052_9,j12052_9.sm,190.0,192.0,178.0,176.0,237.0,223.0,183.0,201.0,215.0,197.0,194.0,207.0,199.0,196.0,176.0,177.0,177.0,182.0,191.0,175.0,232.0,238.0,178.0,179.0,174.0,172.0,188.0,192.0,178.0,217.0,192.0,188.0,193.0,179.0,176.0,186.0,172.0,170.0,174.0,179.0,180.0,168.0,202.0,208.0,150,190,0.0,192,0.0,178,0.0,176,0.0,237,0.0,200,23.0,183,0.0,197,18.0,197,0.0,,,,,,,182,0.0,191,0.0,175,0.0,232,0.0,238,0.0,168.0,18.0
j120,j12053_1,j12053_1.sm,178.0,187.0,165.0,167.0,219.0,193.0,170.0,204.0,206.0,205.0,195.0,206.0,193.0,190.0,167.0,170.0,170.0,175.0,178.0,163.0,213.0,218.0,176.0,181.0,166.0,158.0,178.0,179.0,165.0,190.0,192.0,189.0,185.0,180.0,170.0,179.0,166.0,157.0,164.0,162.0,173.0,160.0,199.0,193.0,144,178,0.0,187,0.0,165,0.0,167,0.0,219,0.0,199,-6.0,170,0.0,189,17.0,205,0.0,,,,,,,170,5.0,181,-3.0,163,0.0,213,0.0,218,0.0,157.0,13.0
j120,j12053_10,j12053_10.sm,185.0,181.0,150.0,157.0,187.0,201.0,157.0,198.0,201.0,193.0,170.0,176.0,193.0,156.0,157.0,153.0,153.0,161.0,176.0,148.0,186.0,226.0,173.0,168.0,147.0,157.0,168.0,165.0,145.0,189.0,181.0,170.0,153.0,166.0,164.0,153.0,147.0,148.0,147.0,145.0,169.0,147.0,167.0,182.0,131,185,0.0,181,0.0,150,0.0,157,0.0,187,0.0,198,3.0,157,0.0,171,30.0,193,0.0,,,,,,,162,-1.0,176,0.0,148,0.0,186,0.0,226,0.0,145.0,14.0
j120,j12053_2,j12053_2.sm,148.0,157.0,130.0,131.0,174.0,187.0,134.0,158.0,162.0,154.0,155.0,157.0,156.0,151.0,131.0,130.0,130.0,132.0,152.0,137.0,162.0,184.0,146.0,144.0,128.0,129.0,150.0,153.0,137.0,143.0,147.0,144.0,142.0,147.0,142.0,140.0,127.0,128.0,125.0,129.0,148.0,124.0,150.0,164.0,115,148,0.0,157,0.0,130,0.0,131,0.0,174,0.0,160,27.0,134,0.0,156,6.0,154,0.0,,,,,,,134,-2.0,151,1.0,137,0.0,162,0.0,184,0.0,124.0,9.0
j120,j12053_3,j12053_3.sm,145.0,147.0,129.0,128.0,164.0,167.0,138.0,157.0,159.0,140.0,157.0,138.0,144.0,154.0,128.0,128.0,128.0,132.0,143.0,128.0,164.0,170.0,141.0,147.0,122.0,122.0,150.0,144.0,130.0,145.0,146.0,156.0,152.0,143.0,132.0,136.0,130.0,124.0,120.0,128.0,135.0,125.0,143.0,148.0,112,145,0.0,147,0.0,129,0.0,128,0.0,164,0.0,154,13.0,138,0.0,146,13.0,140,0.0,,,,,,,134,-2.0,143,0.0,128,0.0,164,0.0,170,0.0,120.0,8.0
j120,j12053_4,j12053_4.sm,182.0,190.0,168.0,169.0,190.0,211.0,173.0,223.0,203.0,188.0,189.0,191.0,183.0,183.0,169.0,165.0,165.0,170.0,183.0,166.0,194.0,235.0,175.0,180.0,163.0,163.0,184.0,178.0,164.0,183.0,181.0,184.0,169.0,178.0,177.0,169.0,173.0,160.0,160.0,163.0,178.0,160.0,206.0,206.0,145,182,0.0,190,0.0,168,0.0,169,0.0,190,0.0,188,23.0,173,0.0,190,13.0,188,0.0,,,,,,,170,0.0,184,-1.0,166,0.0,194,0.0,235,0.0,160.0,15.0
j120,j12053_5,j12053_5.sm,138.0,146.0,126.0,125.0,160.0,158.0,131.0,157.0,152.0,157.0,150.0,158.0,165.0,149.0,125.0,125.0,125.0,131.0,144.0,124.0,164.0,169.0,136.0,138.0,125.0,123.0,147.0,148.0,126.0,152.0,141.0,134.0,140.0,145.0,145.0,132.0,128.0,122.0,124.0,132.0,136.0,127.0,164.0,158.0,113,138,0.0,146,0.0,126,0.0,125,0.0,160,0.0,147,11.0,131,0.0,150,2.0,157,0.0,,,,,,,129,2.0,143,1.0,124,0.0,164,0.0,169,0.0,122.0,9.0
j120,j12053_6,j12053_6.sm,129.0,139.0,124.0,127.0,152.0,145.0,124.0,153.0,145.0,146.0,135.0,150.0,146.0,139.0,127.0,124.0,124.0,130.0,132.0,123.0,161.0,161.0,124.0,128.0,119.0,118.0,138.0,138.0,119.0,142.0,155.0,138.0,136.0,132.0,126.0,124.0,117.0,116.0,120.0,120.0,127.0,117.0,141.0,143.0,106,129,0.0,139,0.0,124,0.0,127,0.0,152,0.0,142,3.0,124,0.0,148,-3.0,146,0.0,,,,,,,123,7.0,132,0.0,123,0.0,161,0.0,161,0.0,116.0,10.0
j120,j12053_7,j12053_7.sm,155.0,158.0,140.0,140.0,176.0,169.0,143.0,167.0,159.0,164.0,163.0,166.0,159.0,154.0,140.0,140.0,140.0,138.0,158.0,135.0,196.0,190.0,151.0,151.0,131.0,130.0,148.0,156.0,145.0,163.0,141.0,164.0,145.0,150.0,148.0,147.0,130.0,125.0,128.0,130.0,157.0,130.0,151.0,183.0,118,155,0.0,158,0.0,140,0.0,140,0.0,176,0.0,158,11.0,143,0.0,163,-4.0,164,0.0,,,,,,,144,-6.0,157,1.0,135,0.0,196,0.0,190,0.0,125.0,7.0
j120,j12053_8,j12053_8.sm,170.0,177.0,159.0,161.0,197.0,202.0,163.0,213.0,190.0,183.0,186.0,182.0,182.0,170.0,161.0,158.0,158.0,171.0,170.0,162.0,234.0,218.0,166.0,164.0,155.0,159.0,173.0,175.0,156.0,190.0,188.0,172.0,167.0,163.0,164.0,168.0,163.0,157.0,155.0,161.0,165.0,152.0,167.0,177.0,139,170,0.0,177,0.0,159,0.0,161,0.0,197,0.0,183,19.0,163,0.0,167,23.0,183,0.0,,,,,,,186,-15.0,170,0.0,162,0.0,234,0.0,218,0.0,152.0,13.0
j120,j12053_9,j12053_9.sm,212.0,229.0,190.0,195.0,243.0,244.0,187.0,260.0,264.0,232.0,221.0,232.0,224.0,219.0,195.0,190.0,192.0,197.0,219.0,192.0,237.0,271.0,218.0,215.0,196.0,196.0,225.0,215.0,194.0,228.0,221.0,226.0,215.0,215.0,222.0,213.0,209.0,198.0,193.0,197.0,215.0,196.0,220.0,231.0,165,212,0.0,229,0.0,190,0.0,195,0.0,243,0.0,228,16.0,187,0.0,224,40.0,232,0.0,,,,,,,197,0.0,219,0.0,192,0.0,237,0.0,271,0.0,187.0,22.0
j120,j12054_1,j12054_1.sm,129.0,130.0,120.0,116.0,153.0,141.0,127.0,155.0,153.0,131.0,137.0,143.0,136.0,145.0,116.0,121.0,121.0,126.0,129.0,121.0,155.0,182.0,124.0,125.0,118.0,116.0,137.0,129.0,118.0,127.0,131.0,125.0,132.0,125.0,129.0,128.0,114.0,119.0,117.0,119.0,126.0,117.0,125.0,145.0,104,129,0.0,130,0.0,120,0.0,116,0.0,153,0.0,155,-14.0,127,0.0,136,17.0,131,0.0,,,,,,,131,-5.0,128,1.0,121,0.0,155,0.0,182,0.0,114.0,10.0
j120,j12054_10,j12054_10.sm,127.0,140.0,117.0,120.0,150.0,150.0,121.0,141.0,145.0,143.0,145.0,144.0,152.0,141.0,120.0,119.0,119.0,123.0,128.0,126.0,158.0,153.0,127.0,129.0,117.0,122.0,133.0,129.0,122.0,139.0,138.0,133.0,135.0,122.0,128.0,123.0,121.0,119.0,117.0,123.0,126.0,118.0,131.0,137.0,108,127,0.0,140,0.0,117,0.0,120,0.0,150,0.0,137,13.0,121,0.0,131,14.0,143,0.0,,,,,,,123,0.0,128,0.0,126,0.0,158,0.0,153,0.0,117.0,9.0
j120,j12054_2,j12054_2.sm,164.0,165.0,134.0,138.0,171.0,159.0,135.0,176.0,165.0,150.0,155.0,160.0,163.0,152.0,138.0,134.0,134.0,138.0,164.0,134.0,174.0,191.0,163.0,158.0,144.0,145.0,146.0,164.0,147.0,160.0,151.0,154.0,154.0,160.0,167.0,153.0,145.0,144.0,144.0,147.0,159.0,148.0,170.0,162.0,134,164,0.0,165,0.0,134,0.0,138,0.0,171,0.0,160,-1.0,135,0.0,154,11.0,150,0.0,,,,,,,138,0.0,161,3.0,134,0.0,174,0.0,191,0.0,134.0,0.0
j120,j12054_3,j12054_3.sm,138.0,145.0,121.0,120.0,160.0,150.0,126.0,156.0,150.0,140.0,139.0,151.0,146.0,133.0,120.0,124.0,124.0,131.0,145.0,125.0,156.0,162.0,140.0,142.0,117.0,121.0,141.0,139.0,122.0,127.0,140.0,142.0,127.0,128.0,138.0,140.0,118.0,117.0,117.0,123.0,139.0,121.0,126.0,136.0,111,138,0.0,145,0.0,121,0.0,120,0.0,160,0.0,140,10.0,126,0.0,144,6.0,140,0.0,,,,,,,132,-1.0,140,5.0,125,0.0,156,0.0,162,0.0,117.0,6.0
j120,j12054_4,j12054_4.sm,152.0,160.0,137.0,137.0,183.0,184.0,136.0,161.0,158.0,158.0,148.0,166.0,170.0,148.0,137.0,135.0,135.0,135.0,150.0,136.0,196.0,198.0,152.0,151.0,130.0,137.0,166.0,148.0,133.0,168.0,151.0,148.0,151.0,154.0,151.0,152.0,136.0,130.0,130.0,139.0,148.0,138.0,160.0,174.0,120,152,0.0,160,0.0,137,0.0,137,0.0,183,0.0,165,19.0,136,0.0,148,10.0,158,0.0,,,,,,,135,0.0,150,0.0,136,0.0,196,0.0,198,0.0,130.0,10.0
j120,j12054_5,j12054_5.sm,132.0,139.0,121.0,121.0,150.0,153.0,125.0,167.0,145.0,136.0,132.0,140.0,145.0,136.0,121.0,121.0,121.0,124.0,133.0,122.0,135.0,176.0,129.0,127.0,116.0,116.0,125.0,134.0,119.0,143.0,139.0,131.0,131.0,123.0,129.0,130.0,118.0,117.0,119.0,117.0,127.0,119.0,154.0,145.0,109,132,0.0,139,0.0,121,0.0,121,0.0,150,0.0,127,26.0,125,0.0,141,4.0,136,0.0,,,,,,,124,0.0,133,0.0,122,0.0,135,0.0,176,0.0,116.0,7.0
j120,j12054_6,j12054_6.sm,138.0,139.0,124.0,126.0,155.0,150.0,130.0,149.0,142.0,143.0,144.0,144.0,143.0,134.0,126.0,124.0,124.0,134.0,138.0,123.0,161.0,156.0,132.0,135.0,121.0,119.0,141.0,132.0,120.0,144.0,136.0,130.0,134.0,133.0,138.0,124.0,121.0,119.0,120.0,119.0,132.0,116.0,142.0,136.0,108,138,0.0,139,0.0,124,0.0,126,0.0,155,0.0,137,13.0,130,0.0,141,1.0,143,0.0,,,,,,,125,9.0,138,0.0,123,0.0,161,0.0,156,0.0,116.0,8.0
j120,j12054_7,j12054_7.sm,136.0,141.0,125.0,130.0,159.0,155.0,127.0,163.0,152.0,157.0,155.0,160.0,160.0,139.0,130.0,129.0,129.0,136.0,138.0,129.0,160.0,181.0,134.0,134.0,126.0,121.0,138.0,141.0,125.0,151.0,151.0,141.0,136.0,137.0,140.0,135.0,127.0,124.0,124.0,134.0,137.0,124.0,153.0,138.0,111,136,0.0,141,0.0,125,0.0,130,0.0,159,0.0,150,5.0,127,0.0,143,9.0,157,0.0,,,,,,,131,5.0,142,-4.0,129,0.0,160,0.0,181,0.0,121.0,10.0
j120,j12054_8,j12054_8.sm,125.0,123.0,120.0,114.0,136.0,137.0,120.0,138.0,128.0,129.0,122.0,124.0,134.0,129.0,114.0,119.0,119.0,122.0,123.0,117.0,150.0,142.0,121.0,120.0,113.0,114.0,120.0,125.0,118.0,127.0,133.0,130.0,121.0,120.0,118.0,118.0,110.0,112.0,114.0,115.0,118.0,111.0,124.0,137.0,102,125,0.0,123,0.0,120,0.0,114,0.0,136,0.0,125,12.0,120,0.0,144,-16.0,129,0.0,,,,,,,122,0.0,122,1.0,117,0.0,150,0.0,142,0.0,110.0,8.0
j120,j12054_9,j12054_9.sm,137.0,130.0,124.0,123.0,159.0,142.0,129.0,147.0,143.0,135.0,135.0,133.0,129.0,136.0,123.0,122.0,122.0,124.0,133.0,120.0,151.0,169.0,133.0,135.0,118.0,115.0,134.0,140.0,122.0,148.0,132.0,131.0,126.0,137.0,135.0,136.0,117.0,118.0,119.0,125.0,133.0,116.0,152.0,147.0,107,137,0.0,130,0.0,124,0.0,123,0.0,159,0.0,148,-6.0,129,0.0,130,13.0,135,0.0,,,,,,,130,-6.0,134,-1.0,120,0.0,151,0.0,169,0.0,115.0,8.0
j120,j12055_1,j12055_1.sm,118.0,128.0,111.0,118.0,146.0,130.0,118.0,139.0,129.0,126.0,125.0,123.0,131.0,125.0,118.0,111.0,111.0,111.0,123.0,113.0,141.0,146.0,117.0,121.0,110.0,110.0,125.0,118.0,115.0,128.0,131.0,117.0,117.0,120.0,121.0,113.0,109.0,110.0,111.0,113.0,116.0,108.0,132.0,134.0,100,118,0.0,128,0.0,111,0.0,118,0.0,146,0.0,125,5.0,118,0.0,139,-10.0,126,0.0,,,,,,,113,-2.0,122,1.0,113,0.0,141,0.0,155,-9.0,108.0,8.0
j120,j12055_10,j12055_10.sm,116.0,127.0,100.0,100.0,139.0,137.0,106.0,127.0,126.0,125.0,123.0,124.0,127.0,115.0,100.0,102.0,102.0,108.0,126.0,104.0,130.0,149.0,116.0,115.0,110.0,109.0,125.0,114.0,105.0,125.0,109.0,115.0,126.0,115.0,124.0,114.0,109.0,110.0,106.0,106.0,126.0,107.0,113.0,134.0,100,116,0.0,127,0.0,100,0.0,100,0.0,139,0.0,120,17.0,106,0.0,115,11.0,125,0.0,,,,,,,109,-1.0,125,1.0,104,0.0,130,0.0,149,0.0,100.0,0.0
j120,j12055_2,j12055_2.sm,99.0,99.0,83.0,83.0,104.0,106.0,86.0,100.0,100.0,93.0,103.0,103.0,102.0,106.0,83.0,83.0,83.0,83.0,101.0,83.0,101.0,112.0,98.0,100.0,83.0,87.0,100.0,97.0,91.0,95.0,94.0,94.0,96.0,97.0,91.0,97.0,89.0,84.0,85.0,87.0,100.0,88.0,108.0,100.0,83,99,0.0,99,0.0,83,0.0,83,0.0,104,0.0,97,9.0,86,0.0,100,0.0,93,0.0,,,,,,,83,0.0,101,0.0,83,0.0,101,0.0,112,0.0,83.0,0.0
j120,j12055_3,j12055_3.sm,142.0,144.0,126.0,127.0,152.0,147.0,128.0,157.0,142.0,150.0,144.0,147.0,142.0,135.0,127.0,126.0,126.0,128.0,144.0,126.0,156.0,169.0,140.0,143.0,127.0,126.0,141.0,139.0,126.0,139.0,138.0,149.0,146.0,146.0,148.0,134.0,126.0,127.0,137.0,132.0,144.0,127.0,138.0,141.0,126,142,0.0,144,0.0,126,0.0,127,0.0,152,0.0,133,14.0,128,0.0,142,0.0,150,0.0,,,,,,,128,0.0,144,0.0,126,0.0,156,0.0,169,0.0,126.0,0.0
j120,j12055_4,j12055_4.sm,105.0,114.0,95.0,96.0,129.0,122.0,101.0,117.0,118.0,116.0,117.0,116.0,111.0,108.0,96.0,95.0,95.0,98.0,110.0,96.0,126.0,132.0,106.0,103.0,101.0,100.0,108.0,112.0,99.0,110.0,114.0,107.0,109.0,116.0,110.0,99.0,98.0,101.0,99.0,102.0,105.0,104.0,110.0,117.0,90,105,0.0,114,0.0,95,0.0,96,0.0,129,0.0,123,-1.0,101,0.0,120,-2.0,116,0.0,,,,,,,98,0.0,110,0.0,96,0.0,126,0.0,132,0.0,95.0,5.0
j120,j12055_5,j12055_5.sm,128.0,129.0,106.0,107.0,130.0,135.0,108.0,140.0,126.0,130.0,137.0,121.0,125.0,123.0,107.0,106.0,106.0,112.0,126.0,106.0,131.0,137.0,128.0,128.0,109.0,109.0,128.0,123.0,111.0,135.0,137.0,130.0,130.0,129.0,126.0,122.0,108.0,113.0,109.0,110.0,126.0,111.0,139.0,141.0,106,128,0.0,129,0.0,106,0.0,107,0.0,130,0.0,127,8.0,108,0.0,128,-2.0,130,0.0,,,,,,,112,0.0,126,0.0,106,0.0,131,0.0,137,0.0,106.0,0.0
j120,j12055_6,j12055_6.sm,124.0,125.0,107.0,116.0,142.0,127.0,121.0,139.0,138.0,147.0,137.0,134.0,127.0,122.0,116.0,108.0,108.0,118.0,121.0,112.0,137.0,148.0,121.0,120.0,108.0,111.0,129.0,118.0,109.0,134.0,138.0,120.0,122.0,129.0,123.0,113.0,111.0,109.0,110.0,112.0,118.0,112.0,142.0,139.0,100,124,0.0,125,0.0,107,0.0,116,0.0,142,0.0,121,6.0,121,0.0,127,11.0,147,0.0,,,,,,,119,-1.0,121,0.0,112,0.0,137,0.0,148,0.0,107.0,7.0
j120,j12055_7,j12055_7.sm,117.0,122.0,105.0,105.0,125.0,124.0,114.0,122.0,119.0,129.0,117.0,130.0,118.0,128.0,105.0,105.0,105.0,105.0,120.0,105.0,133.0,127.0,115.0,120.0,106.0,107.0,121.0,117.0,112.0,124.0,114.0,116.0,124.0,114.0,115.0,119.0,107.0,106.0,106.0,108.0,116.0,108.0,112.0,125.0,105,117,0.0,122,0.0,105,0.0,105,0.0,125,0.0,121,3.0,114,0.0,116,3.0,129,0.0,,,,,,,105,0.0,120,0.0,105,0.0,133,0.0,127,0.0,105.0,0.0
j120,j12055_8,j12055_8.sm,124.0,128.0,109.0,108.0,131.0,130.0,115.0,129.0,135.0,137.0,135.0,128.0,134.0,127.0,108.0,109.0,109.0,110.0,128.0,114.0,149.0,141.0,121.0,125.0,108.0,106.0,121.0,128.0,114.0,124.0,127.0,128.0,125.0,131.0,130.0,115.0,106.0,107.0,108.0,116.0,123.0,108.0,127.0,126.0,101,124,0.0,128,0.0,109,0.0,108,0.0,131,0.0,124,6.0,115,0.0,129,6.0,137,0.0,,,,,,,110,0.0,126,2.0,113,1.0,149,0.0,141,0.0,106.0,5.0
j120,j12055_9,j12055_9.sm,108.0,115.0,96.0,98.0,122.0,131.0,103.0,115.0,137.0,117.0,117.0,116.0,107.0,124.0,98.0,99.0,99.0,99.0,111.0,98.0,123.0,137.0,112.0,112.0,96.0,99.0,122.0,112.0,98.0,121.0,124.0,110.0,109.0,107.0,114.0,109.0,99.0,99.0,99.0,99.0,110.0,99.0,122.0,120.0,94,108,0.0,115,0.0,96,0.0,98,0.0,122,0.0,117,14.0,103,0.0,120,17.0,117,0.0,,,,,,,99,0.0,109,2.0,98,0.0,123,0.0,137,0.0,96.0,2.0
j120,j12056_1,j12056_1.sm,300.0,307.0,282.0,294.0,369.0,326.0,289.0,355.0,322.0,309.0,298.0,311.0,322.0,308.0,360.0,284.0,283.0,291.0,299.0,287.0,315.0,329.0,283.0,273.0,274.0,279.0,308.0,286.0,275.0,307.0,325.0,318.0,278.0,273.0,279.0,297.0,304.0,273.0,275.0,285.0,283.0,274.0,325.0,307.0,236,300,0.0,307,0.0,282,0.0,294,0.0,369,0.0,299,27.0,289,0.0,301,21.0,309,0.0,,,,,,,295,-4.0,299,0.0,287,0.0,315,0.0,330,-1.0,273.0,37.0
j120,j12056_10,j12056_10.sm,325.0,332.0,312.0,313.0,388.0,367.0,321.0,349.0,359.0,334.0,332.0,348.0,322.0,333.0,313.0,317.0,311.0,325.0,331.0,316.0,357.0,384.0,303.0,307.0,288.0,294.0,318.0,326.0,296.0,347.0,345.0,336.0,309.0,297.0,295.0,307.0,311.0,292.0,292.0,305.0,310.0,288.0,333.0,328.0,258,325,0.0,332,0.0,312,0.0,313,0.0,388,0.0,321,46.0,321,0.0,313,46.0,334,0.0,,,,,,,329,-4.0,334,-3.0,316,0.0,357,0.0,384,0.0,288.0,30.0
j120,j12056_2,j12056_2.sm,260.0,265.0,245.0,252.0,298.0,285.0,245.0,300.0,282.0,269.0,254.0,266.0,260.0,260.0,297.0,238.0,239.0,262.0,265.0,244.0,288.0,290.0,247.0,248.0,240.0,237.0,259.0,256.0,234.0,266.0,261.0,257.0,243.0,234.0,240.0,247.0,245.0,232.0,236.0,247.0,245.0,226.0,256.0,268.0,203,260,0.0,265,0.0,245,0.0,252,0.0,298,0.0,262,23.0,245,0.0,277,5.0,269,0.0,,,,,,,260,2.0,266,-1.0,244,0.0,288,0.0,290,0.0,226.0,23.0
j120,j12056_3,j12056_3.sm,298.0,307.0,288.0,292.0,323.0,332.0,290.0,327.0,331.0,324.0,297.0,324.0,301.0,300.0,346.0,289.0,280.0,293.0,303.0,290.0,322.0,341.0,283.0,280.0,271.0,279.0,300.0,299.0,280.0,304.0,316.0,311.0,279.0,288.0,269.0,287.0,291.0,274.0,270.0,275.0,289.0,268.0,305.0,305.0,240,298,0.0,307,0.0,288,0.0,292,0.0,323,0.0,312,20.0,290,0.0,314,17.0,324,0.0,,,,,,,293,0.0,304,-1.0,298,-8.0,322,0.0,341,0.0,268.0,28.0
j120,j12056_4,j12056_4.sm,281.0,285.0,259.0,266.0,296.0,288.0,267.0,297.0,307.0,286.0,267.0,285.0,290.0,293.0,317.0,265.0,259.0,282.0,280.0,269.0,312.0,321.0,270.0,265.0,262.0,251.0,274.0,261.0,263.0,279.0,280.0,294.0,257.0,260.0,263.0,278.0,267.0,255.0,256.0,269.0,264.0,249.0,297.0,288.0,221,281,0.0,285,0.0,259,0.0,266,0.0,296,0.0,294,-6.0,267,0.0,292,15.0,286,0.0,,,,,,,286,-4.0,282,-2.0,282,-13.0,312,0.0,321,0.0,249.0,28.0
j120,j12056_5,j12056_5.sm,360.0,364.0,342.0,355.0,390.0,404.0,353.0,401.0,399.0,378.0,346.0,385.0,352.0,362.0,407.0,345.0,338.0,360.0,375.0,344.0,409.0,400.0,348.0,348.0,325.0,320.0,361.0,358.0,333.0,368.0,357.0,359.0,326.0,332.0,316.0,353.0,339.0,328.0,330.0,349.0,358.0,318.0,352.0,384.0,279,360,0.0,364,0.0,342,0.0,355,0.0,390,0.0,363,41.0,353,0.0,359,40.0,378,0.0,,,,,,,360,0.0,371,4.0,346,-2.0,409,0.0,400,0.0,316.0,37.0
j120,j12056_6,j12056_6.sm,274.0,273.0,252.0,258.0,312.0,295.0,262.0,291.0,295.0,267.0,268.0,286.0,291.0,287.0,258.0,253.0,253.0,254.0,277.0,255.0,323.0,302.0,262.0,267.0,246.0,251.0,276.0,256.0,251.0,271.0,292.0,269.0,263.0,258.0,255.0,282.0,268.0,245.0,242.0,252.0,265.0,249.0,280.0,280.0,213,274,0.0,273,0.0,252,0.0,258,0.0,312,0.0,278,17.0,262,0.0,272,23.0,267,0.0,,,,,,,264,-10.0,275,2.0,253,2.0,323,0.0,302,0.0,242.0,29.0
j120,j12056_7,j12056_7.sm,344.0,357.0,349.0,356.0,430.0,379.0,340.0,410.0,392.0,357.0,352.0,373.0,362.0,365.0,419.0,351.0,350.0,336.0,351.0,341.0,395.0,430.0,349.0,352.0,329.0,324.0,369.0,361.0,328.0,387.0,358.0,374.0,332.0,342.0,331.0,361.0,361.0,320.0,324.0,341.0,336.0,320.0,363.0,385.0,282,344,0.0,357,0.0,349,0.0,356,0.0,430,0.0,351,28.0,340,0.0,367,25.0,357,0.0,,,,,,,336,0.0,357,-6.0,339,2.0,395,0.0,430,0.0,320.0,38.0
j120,j12056_8,j12056_8.sm,339.0,360.0,352.0,350.0,394.0,388.0,351.0,434.0,414.0,393.0,372.0,386.0,363.0,374.0,431.0,349.0,348.0,353.0,366.0,346.0,442.0,428.0,337.0,347.0,323.0,340.0,358.0,372.0,322.0,402.0,415.0,372.0,343.0,352.0,326.0,368.0,363.0,322.0,333.0,356.0,348.0,322.0,371.0,413.0,288,339,0.0,360,0.0,352,0.0,350,0.0,394,0.0,374,14.0,351,0.0,360,54.0,393,0.0,,,,,,,355,-2.0,365,1.0,346,0.0,442,0.0,445,-17.0,322.0,34.0
j120,j12056_9,j12056_9.sm,355.0,354.0,340.0,353.0,392.0,403.0,355.0,398.0,399.0,372.0,364.0,358.0,367.0,393.0,413.0,341.0,343.0,345.0,368.0,351.0,409.0,419.0,344.0,336.0,333.0,327.0,357.0,352.0,323.0,364.0,376.0,348.0,338.0,337.0,328.0,343.0,353.0,335.0,325.0,354.0,343.0,330.0,374.0,443.0,287,355,0.0,354,0.0,340,0.0,353,0.0,392,0.0,385,18.0,355,0.0,372,27.0,372,0.0,,,,,,,361,-16.0,364,4.0,344,7.0,409,0.0,419,0.0,323.0,36.0
j120,j12057_1,j12057_1.sm,231.0,243.0,221.0,222.0,274.0,259.0,225.0,247.0,253.0,252.0,227.0,248.0,230.0,240.0,222.0,218.0,218.0,225.0,242.0,223.0,276.0,276.0,224.0,229.0,206.0,207.0,227.0,243.0,211.0,247.0,231.0,239.0,217.0,226.0,235.0,231.0,210.0,207.0,211.0,214.0,221.0,214.0,229.0,243.0,185,231,0.0,243,0.0,221,0.0,222,0.0,274,0.0,246,13.0,225,0.0,243,10.0,252,0.0,,,,,,,229,-4.0,242,0.0,223,0.0,276,0.0,276,0.0,206.0,21.0
j120,j12057_10,j12057_10.sm,210.0,212.0,198.0,196.0,234.0,232.0,200.0,251.0,234.0,202.0,196.0,215.0,222.0,219.0,196.0,194.0,194.0,195.0,209.0,200.0,239.0,265.0,202.0,202.0,186.0,182.0,200.0,204.0,191.0,217.0,208.0,207.0,194.0,207.0,202.0,198.0,187.0,184.0,186.0,188.0,204.0,188.0,220.0,224.0,167,210,0.0,212,0.0,198,0.0,196,0.0,234,0.0,213,19.0,200,0.0,204,30.0,202,0.0,,,,,,,195,0.0,208,1.0,200,0.0,239,0.0,265,0.0,182.0,15.0
j120,j12057_2,j12057_2.sm,193.0,199.0,196.0,189.0,208.0,208.0,198.0,213.0,210.0,196.0,201.0,210.0,209.0,208.0,189.0,196.0,196.0,191.0,192.0,195.0,220.0,224.0,190.0,185.0,183.0,182.0,194.0,196.0,186.0,199.0,193.0,191.0,181.0,191.0,195.0,184.0,186.0,182.0,182.0,183.0,185.0,182.0,193.0,203.0,161,193,0.0,199,0.0,196,0.0,189,0.0,208,0.0,214,-6.0,198,0.0,200,10.0,196,0.0,,,,,,,187,4.0,192,0.0,195,0.0,220,0.0,224,0.0,181.0,20.0
j120,j12057_3,j12057_3.sm,236.0,237.0,214.0,223.0,266.0,255.0,226.0,255.0,264.0,255.0,238.0,231.0,236.0,237.0,223.0,211.0,211.0,221.0,230.0,215.0,272.0,271.0,223.0,227.0,203.0,201.0,233.0,217.0,202.0,245.0,243.0,217.0,218.0,212.0,228.0,222.0,211.0,200.0,202.0,204.0,223.0,201.0,229.0,249.0,184,236,0.0,237,0.0,214,0.0,223,0.0,266,0.0,243,12.0,226,0.0,234,30.0,255,0.0,,,,,,,225,-4.0,229,1.0,216,-1.0,272,0.0,271,0.0,200.0,16.0
j120,j12057_4,j12057_4.sm,246.0,250.0,237.0,235.0,271.0,279.0,240.0,288.0,272.0,269.0,247.0,276.0,255.0,268.0,235.0,243.0,243.0,230.0,245.0,234.0,281.0,295.0,236.0,238.0,226.0,228.0,248.0,246.0,224.0,234.0,248.0,254.0,238.0,229.0,237.0,243.0,224.0,224.0,225.0,229.0,232.0,223.0,259.0,273.0,199,246,0.0,250,0.0,237,0.0,235,0.0,271,0.0,249,30.0,240,0.0,248,24.0,269,0.0,,,,,,,241,-11.0,250,-5.0,234,0.0,281,0.0,295,0.0,223.0,24.0
j120,j12057_5,j12057_5.sm,213.0,217.0,212.0,204.0,243.0,238.0,210.0,245.0,245.0,225.0,215.0,235.0,217.0,238.0,204.0,206.0,206.0,220.0,219.0,211.0,234.0,247.0,202.0,205.0,201.0,197.0,209.0,216.0,205.0,213.0,225.0,235.0,204.0,198.0,202.0,218.0,204.0,202.0,202.0,205.0,205.0,205.0,227.0,226.0,179,213,0.0,217,0.0,212,0.0,204,0.0,243,0.0,217,21.0,210,0.0,226,19.0,225,0.0,,,,,,,219,1.0,219,0.0,211,0.0,234,0.0,247,0.0,197.0,18.0
j120,j12057_6,j12057_6.sm,236.0,233.0,224.0,227.0,253.0,255.0,223.0,268.0,270.0,240.0,242.0,236.0,231.0,245.0,227.0,227.0,227.0,227.0,240.0,226.0,263.0,274.0,223.0,224.0,215.0,215.0,228.0,229.0,215.0,231.0,241.0,226.0,224.0,222.0,220.0,229.0,217.0,214.0,211.0,215.0,225.0,210.0,252.0,240.0,188,236,0.0,233,0.0,224,0.0,227,0.0,253,0.0,235,20.0,223,0.0,231,39.0,240,0.0,,,,,,,227,0.0,240,0.0,226,0.0,263,0.0,274,0.0,210.0,22.0
j120,j12057_7,j12057_7.sm,210.0,219.0,191.0,197.0,230.0,224.0,199.0,230.0,225.0,223.0,206.0,206.0,216.0,231.0,197.0,195.0,195.0,209.0,209.0,193.0,240.0,246.0,207.0,203.0,181.0,184.0,208.0,202.0,188.0,203.0,206.0,202.0,194.0,190.0,198.0,197.0,185.0,181.0,179.0,178.0,197.0,183.0,213.0,228.0,166,210,0.0,219,0.0,191,0.0,197,0.0,230,0.0,213,11.0,199,0.0,211,14.0,223,0.0,,,,,,,207,2.0,209,0.0,196,-3.0,240,0.0,246,0.0,178.0,12.0
j120,j12057_8,j12057_8.sm,191.0,198.0,183.0,191.0,216.0,214.0,190.0,214.0,207.0,206.0,204.0,204.0,208.0,209.0,191.0,186.0,186.0,194.0,194.0,190.0,228.0,245.0,188.0,185.0,183.0,180.0,199.0,198.0,183.0,217.0,205.0,195.0,194.0,189.0,191.0,201.0,180.0,178.0,183.0,188.0,189.0,180.0,192.0,206.0,162,191,0.0,198,0.0,183,0.0,191,0.0,216,0.0,220,-6.0,190,0.0,194,13.0,206,0.0,,,,,,,193,1.0,194,0.0,190,0.0,228,0.0,245,0.0,178.0,16.0
j120,j12057_9,j12057_9.sm,222.0,219.0,198.0,200.0,234.0,219.0,201.0,220.0,234.0,215.0,217.0,229.0,223.0,227.0,200.0,200.0,200.0,201.0,226.0,202.0,247.0,253.0,216.0,210.0,187.0,187.0,205.0,213.0,191.0,225.0,209.0,209.0,207.0,192.0,208.0,209.0,188.0,189.0,188.0,194.0,203.0,187.0,212.0,229.0,167,222,0.0,219,0.0,198,0.0,200,0.0,234,0.0,214,5.0,201,0.0,211,23.0,215,0.0,,,,,,,204,-3.0,227,-1.0,202,0.0,247,0.0,253,0.0,187.0,20.0
j120,j12058_1,j12058_1.sm,182.0,187.0,165.0,170.0,202.0,186.0,168.0,188.0,179.0,181.0,172.0,180.0,185.0,178.0,170.0,162.0,162.0,167.0,185.0,162.0,191.0,213.0,178.0,181.0,156.0,158.0,180.0,180.0,160.0,185.0,177.0,175.0,165.0,173.0,178.0,184.0,156.0,156.0,156.0,156.0,175.0,155.0,189.0,199.0,141,182,0.0,187,0.0,165,0.0,170,0.0,202,0.0,179,7.0,168,0.0,170,9.0,181,0.0,,,,,,,166,1.0,185,0.0,163,-1.0,191,0.0,213,0.0,155.0,14.0
j120,j12058_10,j12058_10.sm,160.0,167.0,157.0,154.0,169.0,168.0,160.0,189.0,168.0,172.0,164.0,176.0,173.0,164.0,154.0,156.0,156.0,157.0,162.0,155.0,177.0,191.0,155.0,155.0,149.0,146.0,151.0,158.0,150.0,165.0,160.0,163.0,151.0,152.0,155.0,154.0,151.0,148.0,147.0,149.0,156.0,143.0,164.0,164.0,131,160,0.0,167,0.0,157,0.0,154,0.0,169,0.0,168,0.0,160,0.0,170,-2.0,172,0.0,,,,,,,158,-1.0,162,0.0,155,0.0,177,0.0,191,0.0,143.0,12.0
j120,j12058_2,j12058_2.sm,163.0,167.0,142.0,142.0,175.0,179.0,140.0,183.0,167.0,169.0,164.0,172.0,168.0,173.0,142.0,142.0,142.0,146.0,161.0,141.0,183.0,187.0,158.0,161.0,133.0,139.0,158.0,162.0,140.0,158.0,163.0,159.0,164.0,164.0,152.0,163.0,136.0,135.0,137.0,134.0,160.0,136.0,150.0,172.0,126,163,0.0,167,0.0,142,0.0,142,0.0,175,0.0,173,6.0,140,0.0,168,-1.0,169,0.0,,,,,,,151,-5.0,161,0.0,141,0.0,183,0.0,187,0.0,133.0,7.0
j120,j12058_3,j12058_3.sm,144.0,150.0,134.0,137.0,154.0,154.0,137.0,153.0,151.0,145.0,153.0,145.0,154.0,156.0,137.0,135.0,135.0,139.0,140.0,137.0,154.0,180.0,140.0,143.0,131.0,133.0,146.0,139.0,135.0,146.0,143.0,150.0,136.0,138.0,145.0,139.0,132.0,129.0,131.0,138.0,134.0,131.0,150.0,154.0,120,144,0.0,150,0.0,134,0.0,137,0.0,154,0.0,148,6.0,137,0.0,149,2.0,145,0.0,,,,,,,139,0.0,144,-4.0,137,0.0,154,0.0,180,0.0,129.0,9.0
j120,j12058_4,j12058_4.sm,175.0,189.0,167.0,171.0,198.0,189.0,166.0,202.0,204.0,181.0,168.0,192.0,192.0,197.0,171.0,170.0,170.0,180.0,175.0,167.0,192.0,211.0,165.0,172.0,161.0,157.0,170.0,186.0,162.0,172.0,187.0,175.0,159.0,184.0,175.0,174.0,160.0,161.0,159.0,165.0,172.0,156.0,184.0,184.0,145,175,0.0,189,0.0,167,0.0,171,0.0,198,0.0,202,-13.0,166,0.0,173,31.0,181,0.0,,,,,,,180,0.0,178,-3.0,167,0.0,192,0.0,211,0.0,156.0,11.0
j120,j12058_5,j12058_5.sm,145.0,146.0,133.0,134.0,156.0,164.0,141.0,173.0,164.0,155.0,149.0,153.0,155.0,158.0,134.0,134.0,134.0,142.0,144.0,136.0,166.0,184.0,139.0,135.0,130.0,128.0,145.0,145.0,131.0,157.0,152.0,146.0,146.0,152.0,141.0,140.0,129.0,130.0,129.0,131.0,138.0,128.0,159.0,151.0,120,145,0.0,146,0.0,133,0.0,134,0.0,156,0.0,151,13.0,141,0.0,150,14.0,155,0.0,,,,,,,139,3.0,144,0.0,136,0.0,166,0.0,184,0.0,128.0,8.0
j120,j12058_6,j12058_6.sm,172.0,178.0,159.0,164.0,196.0,204.0,167.0,199.0,209.0,183.0,188.0,180.0,182.0,187.0,164.0,159.0,159.0,165.0,171.0,161.0,201.0,196.0,166.0,163.0,156.0,157.0,181.0,176.0,158.0,183.0,181.0,186.0,177.0,175.0,164.0,191.0,164.0,156.0,157.0,158.0,166.0,156.0,181.0,183.0,140,172,0.0,178,0.0,159,0.0,164,0.0,196,0.0,185,19.0,167,0.0,194,15.0,183,0.0,,,,,,,163,2.0,171,0.0,161,0.0,201,0.0,196,0.0,156.0,16.0
j120,j12058_7,j12058_7.sm,186.0,188.0,168.0,169.0,209.0,198.0,173.0,209.0,203.0,193.0,185.0,194.0,194.0,191.0,169.0,167.0,167.0,173.0,178.0,170.0,205.0,211.0,177.0,177.0,162.0,162.0,184.0,176.0,171.0,185.0,198.0,184.0,172.0,184.0,175.0,171.0,162.0,164.0,162.0,164.0,174.0,164.0,187.0,193.0,147,186,0.0,188,0.0,168,0.0,169,0.0,209,0.0,191,7.0,173,0.0,191,12.0,193,0.0,,,,,,,172,1.0,180,-2.0,170,0.0,205,0.0,211,0.0,162.0,15.0
j120,j12058_8,j12058_8.sm,172.0,170.0,154.0,153.0,169.0,182.0,154.0,179.0,182.0,183.0,166.0,178.0,179.0,176.0,153.0,155.0,155.0,155.0,166.0,156.0,179.0,195.0,166.0,163.0,147.0,144.0,165.0,177.0,146.0,165.0,171.0,168.0,158.0,167.0,181.0,181.0,146.0,146.0,148.0,148.0,160.0,143.0,166.0,181.0,132,172,0.0,170,0.0,154,0.0,153,0.0,169,0.0,173,9.0,154,0.0,163,19.0,183,0.0,,,,,,,155,0.0,166,0.0,156,0.0,179,0.0,195,0.0,143.0,11.0
j120,j12058_9,j12058_9.sm,159.0,168.0,146.0,148.0,177.0,172.0,153.0,172.0,183.0,161.0,152.0,165.0,158.0,168.0,148.0,147.0,147.0,151.0,162.0,151.0,165.0,181.0,155.0,161.0,142.0,146.0,154.0,157.0,145.0,157.0,159.0,152.0,147.0,149.0,161.0,158.0,147.0,144.0,143.0,143.0,156.0,144.0,156.0,163.0,130,159,0.0,168,0.0,146,0.0,148,0.0,177,0.0,168,4.0,153,0.0,156,27.0,161,0.0,,,,,,,151,0.0,162,0.0,150,1.0,165,0.0,181,0.0,142.0,12.0
j120,j12059_1,j12059_1.sm,130.0,135.0,123.0,125.0,136.0,136.0,127.0,144.0,145.0,134.0,132.0,132.0,139.0,133.0,125.0,122.0,122.0,129.0,132.0,123.0,145.0,151.0,129.0,131.0,119.0,118.0,134.0,130.0,121.0,134.0,131.0,136.0,130.0,125.0,132.0,130.0,120.0,121.0,119.0,129.0,127.0,120.0,137.0,141.0,114,130,0.0,135,0.0,123,0.0,125,0.0,136,0.0,133,3.0,127,0.0,142,3.0,134,0.0,,,,,,,129,0.0,133,-1.0,123,0.0,145,0.0,151,0.0,118.0,4.0
j120,j12059_10,j12059_10.sm,165.0,168.0,146.0,149.0,177.0,189.0,148.0,162.0,182.0,169.0,162.0,167.0,173.0,175.0,149.0,149.0,149.0,156.0,165.0,151.0,184.0,200.0,157.0,155.0,145.0,147.0,160.0,161.0,147.0,157.0,154.0,159.0,152.0,150.0,152.0,164.0,143.0,142.0,143.0,151.0,157.0,145.0,174.0,160.0,132,165,0.0,168,0.0,146,0.0,149,0.0,177,0.0,168,21.0,148,0.0,161,21.0,169,0.0,,,,,,,159,-3.0,165,0.0,151,0.0,184,0.0,200,0.0,142.0,10.0
j120,j12059_2,j12059_2.sm,126.0,128.0,116.0,121.0,138.0,135.0,120.0,136.0,142.0,130.0,123.0,137.0,129.0,140.0,121.0,114.0,114.0,117.0,125.0,118.0,142.0,161.0,122.0,123.0,114.0,116.0,133.0,134.0,118.0,135.0,142.0,126.0,122.0,133.0,128.0,127.0,115.0,112.0,116.0,112.0,122.0,114.0,136.0,140.0,106,126,0.0,128,0.0,116,0.0,121,0.0,138,0.0,134,1.0,120,0.0,131,11.0,130,0.0,,,,,,,117,0.0,125,0.0,118,0.0,142,0.0,161,0.0,112.0,6.0
j120,j12059_3,j12059_3.sm,139.0,142.0,116.0,117.0,157.0,139.0,121.0,147.0,146.0,147.0,137.0,149.0,149.0,151.0,117.0,115.0,115.0,125.0,137.0,118.0,136.0,160.0,137.0,138.0,115.0,118.0,139.0,138.0,122.0,136.0,139.0,140.0,140.0,138.0,140.0,130.0,120.0,115.0,116.0,117.0,136.0,119.0,137.0,142.0,108,139,0.0,142,0.0,116,0.0,117,0.0,157,0.0,142,-3.0,121,0.0,139,7.0,147,0.0,,,,,,,125,0.0,137,0.0,118,0.0,136,0.0,160,0.0,115.0,7.0
j120,j12059_4,j12059_4.sm,137.0,142.0,125.0,123.0,157.0,155.0,129.0,143.0,138.0,135.0,128.0,148.0,158.0,142.0,123.0,124.0,124.0,131.0,137.0,126.0,145.0,157.0,134.0,135.0,117.0,117.0,127.0,137.0,124.0,137.0,137.0,136.0,123.0,138.0,140.0,134.0,119.0,118.0,121.0,129.0,130.0,121.0,141.0,145.0,108,137,0.0,142,0.0,125,0.0,123,0.0,157,0.0,134,21.0,129,0.0,131,7.0,135,0.0,,,,,,,131,0.0,135,2.0,126,0.0,145,0.0,157,0.0,117.0,9.0
j120,j12059_5,j12059_5.sm,135.0,134.0,114.0,119.0,144.0,134.0,120.0,132.0,131.0,134.0,134.0,134.0,139.0,146.0,119.0,115.0,115.0,129.0,134.0,118.0,130.0,162.0,131.0,135.0,112.0,113.0,122.0,126.0,117.0,144.0,137.0,130.0,133.0,123.0,135.0,124.0,112.0,112.0,110.0,118.0,130.0,114.0,131.0,147.0,106,135,0.0,134,0.0,114,0.0,119,0.0,144,0.0,136,-2.0,120,0.0,131,0.0,134,0.0,,,,,,,129,0.0,135,-1.0,118,0.0,130,0.0,162,0.0,110.0,4.0
j120,j12059_6,j12059_6.sm,139.0,144.0,126.0,134.0,170.0,179.0,136.0,182.0,181.0,162.0,146.0,157.0,157.0,164.0,134.0,127.0,127.0,136.0,139.0,130.0,169.0,178.0,135.0,140.0,125.0,123.0,150.0,144.0,133.0,143.0,146.0,137.0,147.0,141.0,141.0,146.0,126.0,122.0,123.0,128.0,136.0,121.0,142.0,143.0,115,139,0.0,144,0.0,126,0.0,134,0.0,170,0.0,144,35.0,136,0.0,153,28.0,162,0.0,,,,,,,136,0.0,139,0.0,130,0.0,169,0.0,178,0.0,121.0,6.0
j120,j12059_7,j12059_7.sm,131.0,136.0,127.0,126.0,150.0,138.0,130.0,146.0,148.0,136.0,133.0,143.0,154.0,141.0,126.0,127.0,127.0,128.0,132.0,126.0,143.0,147.0,127.0,128.0,123.0,120.0,136.0,136.0,125.0,140.0,145.0,137.0,128.0,134.0,132.0,136.0,123.0,122.0,123.0,123.0,128.0,121.0,142.0,147.0,111,131,0.0,136,0.0,127,0.0,126,0.0,150,0.0,141,-3.0,130,0.0,125,23.0,136,0.0,,,,,,,133,-5.0,132,0.0,126,0.0,143,0.0,147,0.0,120.0,9.0
j120,j12059_8,j12059_8.sm,130.0,134.0,123.0,124.0,137.0,152.0,127.0,147.0,155.0,140.0,128.0,139.0,137.0,135.0,124.0,121.0,121.0,127.0,134.0,125.0,140.0,157.0,127.0,129.0,120.0,120.0,127.0,132.0,126.0,133.0,133.0,133.0,125.0,128.0,124.0,126.0,119.0,119.0,119.0,119.0,124.0,119.0,128.0,133.0,110,130,0.0,134,0.0,123,0.0,124,0.0,137,0.0,134,18.0,127,0.0,137,18.0,140,0.0,,,,,,,128,-1.0,134,0.0,125,0.0,140,0.0,157,0.0,119.0,9.0
j120,j12059_9,j12059_9.sm,145.0,151.0,129.0,132.0,169.0,173.0,134.0,162.0,174.0,151.0,143.0,153.0,160.0,159.0,132.0,130.0,130.0,133.0,151.0,132.0,158.0,162.0,139.0,140.0,128.0,127.0,150.0,144.0,133.0,153.0,151.0,141.0,135.0,148.0,148.0,147.0,127.0,127.0,128.0,128.0,143.0,125.0,159.0,158.0,118,145,0.0,151,0.0,129,0.0,132,0.0,169,0.0,151,22.0,134,0.0,149,25.0,151,0.0,,,,,,,135,-2.0,148,3.0,132,0.0,158,0.0,162,0.0,125.0,7.0
j120,j1205_1,j1205_1.sm,101.0,99.0,92.0,92.0,97.0,106.0,92.0,96.0,92.0,100.0,92.0,96.0,96.0,92.0,92.0,92.0,92.0,92.0,95.0,92.0,92.0,118.0,92.0,99.0,92.0,92.0,101.0,92.0,92.0,92.0,92.0,93.0,92.0,100.0,100.0,92.0,92.0,92.0,92.0,92.0,101.0,92.0,92.0,109.0,92,101,0.0,99,0.0,92,0.0,92,0.0,97,0.0,110,-4.0,92,0.0,102,-10.0,100,0.0,,,,,,,92,0.0,95,0.0,92,0.0,92,0.0,118,0.0,92.0,0.0
j120,j1205_10,j1205_10.sm,98.0,98.0,92.0,92.0,97.0,106.0,92.0,101.0,117.0,93.0,101.0,106.0,106.0,101.0,92.0,92.0,92.0,92.0,100.0,92.0,106.0,117.0,100.0,98.0,94.0,94.0,95.0,103.0,94.0,105.0,107.0,96.0,105.0,99.0,99.0,105.0,94.0,94.0,94.0,94.0,98.0,94.0,106.0,96.0,92,98,0.0,98,0.0,92,0.0,92,0.0,97,0.0,102,4.0,92,0.0,104,13.0,93,0.0,,,,,,,92,0.0,100,0.0,92,0.0,106,0.0,117,0.0,92.0,0.0
j120,j1205_2,j1205_2.sm,84.0,86.0,80.0,80.0,92.0,92.0,80.0,101.0,82.0,88.0,85.0,93.0,93.0,85.0,80.0,80.0,80.0,80.0,85.0,80.0,93.0,93.0,84.0,85.0,83.0,84.0,84.0,88.0,83.0,86.0,88.0,87.0,86.0,89.0,89.0,86.0,84.0,83.0,83.0,83.0,85.0,83.0,85.0,88.0,80,84,0.0,86,0.0,80,0.0,80,0.0,92,0.0,101,-9.0,80,0.0,88,-6.0,88,0.0,,,,,,,80,0.0,85,0.0,80,0.0,93,0.0,93,0.0,80.0,0.0
j120,j1205_3,j1205_3.sm,78.0,79.0,72.0,72.0,89.0,95.0,75.0,83.0,84.0,82.0,75.0,96.0,96.0,75.0,72.0,72.0,72.0,72.0,78.0,72.0,91.0,92.0,80.0,76.0,75.0,75.0,76.0,78.0,76.0,82.0,82.0,80.0,76.0,78.0,78.0,76.0,75.0,75.0,75.0,75.0,80.0,75.0,86.0,81.0,72,78,0.0,79,0.0,72,0.0,72,0.0,89,0.0,76,19.0,75,0.0,98,-14.0,82,0.0,,,,,,,72,0.0,78,0.0,72,0.0,91,0.0,92,0.0,72.0,0.0
j120,j1205_4,j1205_4.sm,103.0,111.0,97.0,97.0,105.0,97.0,97.0,105.0,103.0,105.0,97.0,100.0,100.0,97.0,97.0,97.0,97.0,97.0,105.0,97.0,97.0,118.0,106.0,100.0,100.0,104.0,102.0,101.0,100.0,104.0,105.0,111.0,101.0,104.0,104.0,101.0,103.0,100.0,100.0,100.0,102.0,100.0,104.0,110.0,97,103,0.0,111,0.0,97,0.0,97,0.0,105,0.0,112,-15.0,97,0.0,119,-16.0,105,0.0,,,,,,,97,0.0,105,0.0,97,0.0,97,0.0,118,0.0,97.0,0.0
j120,j1205_5,j1205_5.sm,81.0,81.0,77.0,77.0,84.0,95.0,83.0,93.0,94.0,81.0,79.0,93.0,93.0,79.0,77.0,77.0,77.0,77.0,83.0,77.0,105.0,96.0,81.0,79.0,79.0,79.0,79.0,84.0,79.0,81.0,79.0,79.0,79.0,80.0,80.0,79.0,79.0,79.0,79.0,79.0,83.0,79.0,84.0,84.0,77,81,0.0,81,0.0,77,0.0,77,0.0,84,0.0,94,1.0,83,0.0,102,-8.0,81,0.0,,,,,,,77,0.0,83,0.0,77,0.0,94,11.0,96,0.0,77.0,0.0
j120,j1205_6,j1205_6.sm,96.0,99.0,88.0,89.0,96.0,102.0,90.0,106.0,110.0,96.0,89.0,105.0,105.0,89.0,89.0,88.0,88.0,88.0,97.0,88.0,106.0,106.0,95.0,101.0,94.0,94.0,93.0,98.0,91.0,95.0,92.0,91.0,93.0,96.0,96.0,93.0,94.0,94.0,94.0,94.0,101.0,94.0,92.0,97.0,88,96,0.0,99,0.0,88,0.0,89,0.0,96,0.0,102,0.0,90,0.0,93,17.0,96,0.0,,,,,,,88,0.0,97,0.0,88,0.0,106,0.0,106,0.0,88.0,0.0
j120,j1205_7,j1205_7.sm,88.0,97.0,84.0,84.0,90.0,88.0,84.0,110.0,109.0,88.0,87.0,91.0,91.0,87.0,84.0,84.0,84.0,84.0,94.0,84.0,102.0,102.0,85.0,90.0,84.0,84.0,88.0,91.0,84.0,90.0,93.0,89.0,84.0,86.0,86.0,84.0,84.0,85.0,84.0,84.0,91.0,84.0,91.0,95.0,84,88,0.0,97,0.0,84,0.0,84,0.0,90,0.0,87,1.0,84,0.0,100,9.0,88,0.0,,,,,,,84,0.0,94,0.0,84,0.0,102,0.0,102,0.0,84.0,0.0
j120,j1205_8,j1205_8.sm,88.0,90.0,78.0,78.0,90.0,91.0,78.0,115.0,90.0,96.0,86.0,102.0,102.0,86.0,78.0,78.0,78.0,78.0,87.0,78.0,107.0,98.0,87.0,89.0,80.0,80.0,84.0,86.0,80.0,94.0,82.0,95.0,89.0,82.0,82.0,89.0,80.0,80.0,80.0,80.0,93.0,80.0,92.0,89.0,78,88,0.0,90,0.0,78,0.0,78,0.0,90,0.0,89,2.0,78,0.0,97,-7.0,96,0.0,,,,,,,78,0.0,87,0.0,78,0.0,107,0.0,98,0.0,78.0,0.0
j120,j1205_9,j1205_9.sm,124.0,115.0,108.0,108.0,126.0,119.0,112.0,134.0,133.0,121.0,113.0,116.0,116.0,113.0,108.0,108.0,108.0,108.0,111.0,108.0,133.0,123.0,123.0,110.0,112.0,111.0,115.0,124.0,111.0,122.0,119.0,123.0,119.0,118.0,118.0,119.0,111.0,112.0,112.0,111.0,109.0,111.0,117.0,119.0,106,124,0.0,115,0.0,108,0.0,108,0.0,126,0.0,121,-2.0,112,0.0,126,7.0,121,0.0,,,,,,,108,0.0,110,1.0,108,0.0,133,0.0,123,0.0,108.0,2.0
j120,j12060_1,j12060_1.sm,123.0,125.0,101.0,101.0,125.0,125.0,103.0,130.0,130.0,130.0,117.0,121.0,126.0,130.0,101.0,101.0,101.0,107.0,121.0,101.0,127.0,144.0,119.0,119.0,103.0,101.0,110.0,114.0,106.0,119.0,125.0,118.0,115.0,120.0,129.0,115.0,101.0,105.0,103.0,105.0,117.0,103.0,129.0,124.0,101,123,0.0,125,0.0,101,0.0,101,0.0,125,0.0,126,-1.0,103,0.0,133,-3.0,130,0.0,,,,,,,108,-1.0,121,0.0,101,0.0,127,0.0,144,0.0,101.0,0.0
j120,j12060_10,j12060_10.sm,103.0,105.0,97.0,99.0,116.0,124.0,100.0,118.0,108.0,108.0,108.0,108.0,117.0,112.0,99.0,97.0,97.0,99.0,103.0,98.0,117.0,120.0,101.0,102.0,93.0,96.0,104.0,105.0,98.0,107.0,101.0,103.0,101.0,106.0,104.0,98.0,94.0,92.0,94.0,95.0,100.0,93.0,106.0,112.0,89,103,0.0,105,0.0,97,0.0,99,0.0,116,0.0,115,9.0,100,0.0,107,1.0,108,0.0,,,,,,,99,0.0,103,0.0,98,0.0,117,0.0,120,0.0,92.0,3.0
j120,j12060_2,j12060_2.sm,99.0,101.0,89.0,92.0,105.0,106.0,96.0,108.0,112.0,95.0,98.0,101.0,105.0,104.0,92.0,89.0,89.0,94.0,99.0,89.0,109.0,111.0,97.0,96.0,88.0,88.0,105.0,97.0,92.0,100.0,104.0,98.0,94.0,96.0,93.0,102.0,89.0,87.0,88.0,89.0,96.0,88.0,100.0,104.0,83,99,0.0,101,0.0,89,0.0,92,0.0,105,0.0,112,-6.0,96,0.0,98,14.0,95,0.0,,,,,,,94,0.0,99,0.0,89,0.0,109,0.0,111,0.0,87.0,4.0
j120,j12060_3,j12060_3.sm,105.0,110.0,99.0,99.0,117.0,114.0,105.0,119.0,121.0,117.0,106.0,119.0,119.0,107.0,99.0,98.0,98.0,103.0,104.0,100.0,116.0,124.0,102.0,107.0,95.0,95.0,104.0,109.0,97.0,114.0,118.0,103.0,104.0,105.0,102.0,105.0,97.0,95.0,96.0,97.0,104.0,96.0,113.0,113.0,89,105,0.0,110,0.0,99,0.0,99,0.0,117,0.0,104,10.0,105,0.0,101,20.0,117,0.0,,,,,,,102,1.0,105,-1.0,100,0.0,116,0.0,124,0.0,95.0,6.0
j120,j12060_4,j12060_4.sm,127.0,130.0,112.0,117.0,142.0,135.0,121.0,139.0,143.0,128.0,130.0,131.0,130.0,150.0,117.0,114.0,114.0,118.0,127.0,114.0,137.0,159.0,127.0,122.0,109.0,111.0,127.0,121.0,117.0,136.0,127.0,127.0,127.0,124.0,129.0,129.0,111.0,110.0,109.0,115.0,125.0,110.0,134.0,138.0,103,127,0.0,130,0.0,112,0.0,117,0.0,142,0.0,134,1.0,121,0.0,129,14.0,128,0.0,,,,,,,118,0.0,125,2.0,114,0.0,137,0.0,159,0.0,109.0,6.0
j120,j12060_5,j12060_5.sm,124.0,127.0,114.0,118.0,137.0,137.0,116.0,148.0,131.0,134.0,129.0,137.0,129.0,138.0,118.0,114.0,114.0,118.0,123.0,114.0,140.0,161.0,125.0,127.0,111.0,111.0,127.0,121.0,121.0,131.0,131.0,138.0,124.0,122.0,125.0,119.0,111.0,110.0,110.0,114.0,124.0,114.0,136.0,140.0,104,124,0.0,127,0.0,114,0.0,118,0.0,137,0.0,130,7.0,116,0.0,128,3.0,134,0.0,,,,,,,118,0.0,122,1.0,114,0.0,140,0.0,161,0.0,110.0,6.0
j120,j12060_6,j12060_6.sm,129.0,138.0,115.0,117.0,149.0,128.0,120.0,143.0,147.0,134.0,124.0,137.0,144.0,128.0,117.0,114.0,114.0,122.0,133.0,117.0,153.0,159.0,129.0,132.0,111.0,112.0,140.0,131.0,115.0,127.0,128.0,132.0,128.0,131.0,132.0,128.0,112.0,112.0,112.0,117.0,131.0,113.0,138.0,152.0,110,129,0.0,138,0.0,115,0.0,117,0.0,149,0.0,132,-4.0,120,0.0,130,17.0,134,0.0,,,,,,,122,0.0,132,1.0,117,0.0,153,0.0,159,0.0,111.0,1.0
j120,j12060_7,j12060_7.sm,112.0,119.0,103.0,107.0,139.0,130.0,112.0,130.0,129.0,113.0,113.0,124.0,123.0,123.0,107.0,103.0,103.0,107.0,113.0,106.0,136.0,137.0,111.0,110.0,102.0,104.0,109.0,112.0,108.0,121.0,115.0,114.0,111.0,112.0,114.0,121.0,103.0,100.0,101.0,103.0,109.0,102.0,117.0,123.0,94,112,0.0,119,0.0,103,0.0,107,0.0,139,0.0,123,7.0,112,0.0,120,9.0,113,0.0,,,,,,,107,0.0,110,3.0,106,0.0,136,0.0,137,0.0,100.0,6.0
j120,j12060_8,j12060_8.sm,115.0,116.0,105.0,109.0,123.0,121.0,113.0,127.0,132.0,125.0,113.0,121.0,121.0,120.0,109.0,105.0,105.0,112.0,118.0,111.0,133.0,132.0,116.0,120.0,107.0,109.0,125.0,115.0,110.0,123.0,119.0,114.0,112.0,111.0,110.0,117.0,104.0,107.0,107.0,111.0,116.0,105.0,120.0,123.0,101,115,0.0,116,0.0,105,0.0,109,0.0,123,0.0,120,1.0,113,0.0,134,-2.0,125,0.0,,,,,,,112,0.0,118,0.0,109,2.0,133,0.0,132,0.0,104.0,3.0
j120,j12060_9,j12060_9.sm,119.0,120.0,101.0,101.0,120.0,120.0,115.0,120.0,122.0,118.0,119.0,117.0,121.0,133.0,101.0,101.0,101.0,101.0,122.0,101.0,127.0,143.0,118.0,119.0,102.0,101.0,116.0,116.0,112.0,113.0,116.0,107.0,115.0,119.0,112.0,114.0,101.0,103.0,101.0,101.0,119.0,101.0,121.0,133.0,101,119,0.0,120,0.0,101,0.0,101,0.0,120,0.0,113,7.0,115,0.0,114,8.0,118,0.0,,,,,,,101,0.0,120,2.0,101,0.0,127,0.0,143,0.0,101.0,0.0
j120,j1206_1,j1206_1.sm,185.0,199.0,191.0,190.0,222.0,221.0,188.0,216.0,231.0,212.0,202.0,193.0,212.0,204.0,190.0,191.0,185.0,181.0,195.0,181.0,212.0,214.0,182.0,176.0,177.0,182.0,202.0,197.0,175.0,195.0,194.0,199.0,195.0,178.0,188.0,185.0,194.0,179.0,179.0,189.0,174.0,171.0,210.0,206.0,143,185,0.0,199,0.0,191,0.0,190,0.0,222,0.0,209,12.0,188,0.0,204,27.0,212,0.0,,,,,,,181,0.0,195,0.0,178,3.0,212,0.0,214,0.0,171.0,28.0
j120,j1206_10,j1206_10.sm,226.0,234.0,211.0,214.0,261.0,243.0,202.0,236.0,240.0,238.0,221.0,239.0,236.0,233.0,292.0,210.0,207.0,209.0,239.0,201.0,245.0,289.0,217.0,218.0,197.0,210.0,238.0,239.0,212.0,223.0,231.0,218.0,201.0,205.0,220.0,204.0,219.0,195.0,203.0,197.0,217.0,200.0,222.0,234.0,170,226,0.0,234,0.0,211,0.0,214,0.0,261,0.0,224,19.0,202,0.0,232,8.0,238,0.0,,,,,,,209,0.0,239,0.0,201,0.0,245,0.0,289,0.0,195.0,25.0
j120,j1206_2,j1206_2.sm,183.0,185.0,170.0,166.0,201.0,214.0,171.0,219.0,219.0,199.0,183.0,191.0,206.0,180.0,195.0,168.0,175.0,171.0,192.0,168.0,201.0,249.0,173.0,162.0,159.0,156.0,162.0,183.0,159.0,198.0,199.0,172.0,170.0,166.0,169.0,169.0,161.0,159.0,155.0,158.0,167.0,148.0,186.0,207.0,134,183,0.0,185,0.0,170,0.0,166,0.0,201,0.0,194,20.0,171,0.0,189,30.0,199,0.0,,,,,,,173,-2.0,192,0.0,168,0.0,201,0.0,249,0.0,148.0,14.0
j120,j1206_3,j1206_3.sm,179.0,187.0,158.0,160.0,201.0,198.0,173.0,184.0,195.0,191.0,181.0,203.0,195.0,178.0,201.0,161.0,156.0,165.0,185.0,161.0,194.0,244.0,175.0,180.0,160.0,163.0,170.0,174.0,169.0,170.0,196.0,195.0,164.0,170.0,172.0,168.0,167.0,162.0,160.0,167.0,178.0,166.0,194.0,223.0,135,179,0.0,187,0.0,158,0.0,160,0.0,201,0.0,187,11.0,173,0.0,165,30.0,191,0.0,,,,,,,167,-2.0,185,0.0,161,0.0,194,0.0,244,0.0,156.0,21.0
j120,j1206_4,j1206_4.sm,212.0,227.0,201.0,205.0,250.0,251.0,201.0,240.0,247.0,237.0,212.0,229.0,237.0,212.0,279.0,200.0,198.0,193.0,230.0,187.0,283.0,314.0,206.0,204.0,185.0,186.0,237.0,214.0,190.0,218.0,228.0,199.0,220.0,201.0,202.0,208.0,202.0,178.0,183.0,191.0,211.0,194.0,214.0,230.0,153,212,0.0,227,0.0,201,0.0,205,0.0,250,0.0,238,13.0,201,0.0,204,43.0,237,0.0,,,,,,,194,-1.0,230,0.0,187,0.0,283,0.0,314,0.0,178.0,25.0
j120,j1206_5,j1206_5.sm,164.0,165.0,151.0,158.0,200.0,209.0,156.0,198.0,201.0,180.0,179.0,171.0,196.0,173.0,170.0,150.0,153.0,158.0,166.0,154.0,215.0,236.0,160.0,155.0,152.0,155.0,168.0,154.0,150.0,200.0,179.0,197.0,167.0,155.0,157.0,149.0,157.0,148.0,155.0,149.0,160.0,156.0,193.0,170.0,125,164,0.0,165,0.0,151,0.0,158,0.0,200,0.0,168,41.0,156,0.0,181,20.0,180,0.0,,,,,,,154,4.0,163,3.0,154,0.0,215,0.0,236,0.0,148.0,23.0
j120,j1206_6,j1206_6.sm,210.0,202.0,207.0,211.0,224.0,246.0,227.0,249.0,240.0,220.0,201.0,232.0,225.0,210.0,234.0,199.0,205.0,204.0,214.0,200.0,221.0,231.0,199.0,196.0,194.0,196.0,200.0,206.0,194.0,225.0,223.0,229.0,189.0,185.0,197.0,191.0,201.0,190.0,192.0,184.0,193.0,191.0,248.0,230.0,153,210,0.0,202,0.0,207,0.0,211,0.0,224,0.0,206,40.0,227,0.0,232,8.0,220,0.0,,,,,,,188,16.0,214,0.0,200,0.0,221,0.0,231,0.0,184.0,31.0
j120,j1206_7,j1206_7.sm,235.0,234.0,209.0,212.0,251.0,284.0,208.0,239.0,236.0,230.0,229.0,237.0,231.0,212.0,291.0,206.0,204.0,206.0,244.0,214.0,272.0,279.0,228.0,227.0,205.0,196.0,230.0,257.0,210.0,267.0,240.0,245.0,219.0,210.0,210.0,213.0,199.0,199.0,205.0,186.0,232.0,188.0,244.0,285.0,167,235,0.0,234,0.0,209,0.0,212,0.0,251,0.0,235,49.0,208,0.0,245,-9.0,230,0.0,,,,,,,208,-2.0,244,0.0,214,0.0,272,0.0,279,0.0,186.0,19.0
j120,j1206_8,j1206_8.sm,204.0,213.0,206.0,192.0,237.0,235.0,202.0,217.0,245.0,179.0,210.0,198.0,194.0,207.0,243.0,200.0,188.0,197.0,216.0,190.0,243.0,263.0,210.0,217.0,193.0,183.0,214.0,211.0,180.0,218.0,206.0,190.0,188.0,198.0,191.0,207.0,189.0,180.0,181.0,180.0,216.0,185.0,223.0,227.0,147,204,0.0,213,0.0,206,0.0,192,0.0,237,0.0,201,34.0,202,0.0,199,46.0,179,0.0,,,,,,,192,5.0,216,0.0,190,0.0,243,0.0,263,0.0,179.0,32.0
j120,j1206_9,j1206_9.sm,216.0,214.0,190.0,195.0,245.0,252.0,190.0,266.0,232.0,234.0,230.0,219.0,246.0,211.0,237.0,192.0,196.0,193.0,210.0,199.0,266.0,272.0,221.0,206.0,191.0,188.0,223.0,212.0,205.0,213.0,223.0,223.0,201.0,202.0,199.0,210.0,220.0,186.0,191.0,195.0,200.0,179.0,245.0,240.0,159,216,0.0,214,0.0,190,0.0,195,0.0,245,0.0,238,14.0,190,0.0,211,21.0,234,0.0,,,,,,,194,-1.0,210,0.0,199,0.0,266,0.0,272,0.0,179.0,20.0
j120,j1207_1,j1207_1.sm,125.0,130.0,122.0,127.0,156.0,151.0,130.0,153.0,151.0,152.0,126.0,150.0,149.0,130.0,127.0,125.0,125.0,122.0,135.0,124.0,158.0,156.0,123.0,127.0,115.0,113.0,128.0,123.0,120.0,140.0,136.0,128.0,126.0,131.0,120.0,120.0,122.0,115.0,115.0,118.0,122.0,118.0,131.0,136.0,101,125,0.0,130,0.0,122,0.0,127,0.0,156,0.0,141,10.0,130,0.0,144,7.0,152,0.0,,,,,,,119,3.0,135,0.0,124,0.0,158,0.0,156,0.0,113.0,12.0
j120,j1207_10,j1207_10.sm,145.0,148.0,140.0,145.0,177.0,184.0,139.0,167.0,179.0,162.0,157.0,157.0,172.0,147.0,165.0,140.0,141.0,135.0,147.0,137.0,175.0,188.0,144.0,146.0,140.0,142.0,160.0,149.0,135.0,184.0,169.0,161.0,149.0,142.0,153.0,135.0,137.0,147.0,140.0,149.0,138.0,137.0,183.0,181.0,117,145,0.0,148,0.0,140,0.0,145,0.0,177,0.0,164,20.0,139,0.0,151,28.0,162,0.0,,,,,,,134,1.0,147,0.0,139,-2.0,175,0.0,188,0.0,135.0,18.0
j120,j1207_2,j1207_2.sm,163.0,166.0,140.0,138.0,182.0,187.0,140.0,183.0,169.0,164.0,148.0,171.0,168.0,149.0,138.0,136.0,140.0,138.0,171.0,138.0,185.0,196.0,151.0,160.0,126.0,130.0,161.0,155.0,139.0,176.0,160.0,172.0,154.0,148.0,172.0,138.0,160.0,141.0,126.0,135.0,155.0,132.0,191.0,174.0,113,163,0.0,166,0.0,140,0.0,138,0.0,182,0.0,161,26.0,140,0.0,151,18.0,164,0.0,,,,,,,138,0.0,171,0.0,138,0.0,185,0.0,196,0.0,126.0,13.0
j120,j1207_3,j1207_3.sm,139.0,146.0,120.0,116.0,142.0,158.0,119.0,143.0,137.0,152.0,146.0,149.0,146.0,131.0,116.0,120.0,120.0,112.0,145.0,119.0,179.0,181.0,134.0,135.0,120.0,113.0,132.0,142.0,114.0,146.0,140.0,135.0,132.0,129.0,139.0,131.0,117.0,116.0,119.0,126.0,133.0,118.0,138.0,144.0,99,139,0.0,146,0.0,120,0.0,116,0.0,142,0.0,144,14.0,119,0.0,140,-3.0,152,0.0,,,,,,,112,0.0,144,1.0,119,0.0,179,0.0,181,0.0,112.0,13.0
j120,j1207_4,j1207_4.sm,145.0,148.0,135.0,138.0,164.0,146.0,134.0,166.0,162.0,160.0,144.0,150.0,167.0,140.0,148.0,134.0,134.0,135.0,149.0,134.0,174.0,193.0,143.0,142.0,132.0,132.0,135.0,139.0,131.0,150.0,152.0,161.0,142.0,141.0,142.0,132.0,133.0,130.0,132.0,128.0,138.0,128.0,154.0,152.0,112,145,0.0,148,0.0,135,0.0,138,0.0,164,0.0,151,-5.0,134,0.0,160,2.0,160,0.0,,,,,,,135,0.0,149,0.0,134,0.0,174,0.0,193,0.0,128.0,16.0
j120,j1207_5,j1207_5.sm,170.0,166.0,156.0,156.0,187.0,197.0,157.0,211.0,233.0,161.0,162.0,168.0,175.0,168.0,196.0,164.0,158.0,162.0,185.0,156.0,215.0,223.0,159.0,156.0,155.0,151.0,178.0,175.0,153.0,188.0,196.0,184.0,162.0,165.0,173.0,164.0,169.0,150.0,154.0,155.0,160.0,152.0,201.0,195.0,130,170,0.0,166,0.0,156,0.0,156,0.0,187,0.0,180,17.0,157,0.0,169,64.0,161,0.0,,,,,,,162,0.0,187,-2.0,153,3.0,215,0.0,223,0.0,150.0,20.0
j120,j1207_6,j1207_6.sm,163.0,175.0,156.0,162.0,173.0,188.0,156.0,207.0,190.0,188.0,170.0,188.0,179.0,158.0,162.0,154.0,157.0,144.0,168.0,150.0,169.0,200.0,157.0,159.0,155.0,146.0,168.0,171.0,158.0,181.0,168.0,165.0,165.0,163.0,164.0,148.0,143.0,154.0,143.0,156.0,172.0,149.0,188.0,203.0,123,163,0.0,175,0.0,156,0.0,162,0.0,173,0.0,192,-4.0,156,0.0,184,6.0,188,0.0,,,,,,,147,-3.0,169,-1.0,150,0.0,169,0.0,200,0.0,143.0,20.0
j120,j1207_7,j1207_7.sm,157.0,168.0,132.0,139.0,186.0,164.0,156.0,171.0,169.0,178.0,169.0,167.0,171.0,160.0,139.0,134.0,134.0,139.0,159.0,136.0,183.0,208.0,152.0,156.0,136.0,143.0,151.0,151.0,149.0,155.0,163.0,149.0,157.0,148.0,158.0,151.0,130.0,136.0,136.0,134.0,155.0,131.0,168.0,169.0,117,157,0.0,168,0.0,132,0.0,139,0.0,186,0.0,177,-13.0,156,0.0,169,0.0,178,0.0,,,,,,,139,0.0,161,-2.0,136,0.0,183,0.0,208,0.0,130.0,13.0
j120,j1207_8,j1207_8.sm,120.0,121.0,114.0,121.0,145.0,137.0,120.0,151.0,161.0,127.0,131.0,126.0,125.0,121.0,151.0,118.0,118.0,120.0,122.0,120.0,141.0,151.0,114.0,114.0,116.0,107.0,117.0,123.0,112.0,124.0,135.0,132.0,118.0,110.0,127.0,116.0,120.0,107.0,111.0,105.0,114.0,108.0,137.0,139.0,97,120,0.0,121,0.0,114,0.0,121,0.0,145,0.0,127,10.0,120,0.0,132,29.0,127,0.0,,,,,,,120,0.0,122,0.0,118,2.0,141,0.0,151,0.0,105.0,8.0
j120,j1207_9,j1207_9.sm,116.0,126.0,108.0,105.0,131.0,122.0,116.0,123.0,138.0,129.0,117.0,124.0,125.0,115.0,105.0,104.0,104.0,103.0,123.0,106.0,136.0,136.0,119.0,112.0,111.0,102.0,114.0,112.0,106.0,125.0,122.0,125.0,123.0,120.0,108.0,112.0,104.0,104.0,107.0,105.0,113.0,101.0,129.0,131.0,89,116,0.0,126,0.0,108,0.0,105,0.0,131,0.0,118,4.0,116,0.0,126,12.0,129,0.0,,,,,,,103,0.0,119,4.0,106,0.0,136,0.0,136,0.0,101.0,12.0
j120,j1208_1,j1208_1.sm,130.0,137.0,103.0,104.0,136.0,153.0,110.0,148.0,134.0,141.0,138.0,150.0,157.0,121.0,104.0,105.0,105.0,108.0,131.0,102.0,130.0,168.0,128.0,130.0,102.0,106.0,129.0,119.0,117.0,147.0,129.0,120.0,131.0,121.0,118.0,125.0,105.0,104.0,102.0,125.0,126.0,106.0,148.0,146.0,95,130,0.0,137,0.0,103,0.0,104,0.0,136,0.0,126,27.0,110,0.0,133,1.0,141,0.0,,,,,,,101,7.0,131,0.0,102,0.0,130,0.0,168,0.0,102.0,7.0
j120,j1208_10,j1208_10.sm,112.0,117.0,106.0,106.0,147.0,120.0,114.0,163.0,136.0,124.0,116.0,132.0,124.0,113.0,106.0,105.0,105.0,107.0,115.0,105.0,155.0,136.0,111.0,111.0,102.0,101.0,109.0,124.0,107.0,112.0,115.0,117.0,124.0,124.0,114.0,105.0,103.0,101.0,101.0,104.0,112.0,102.0,121.0,112.0,92,112,0.0,117,0.0,106,0.0,106,0.0,147,0.0,117,3.0,114,0.0,120,16.0,124,0.0,,,,,,,107,0.0,115,0.0,105,0.0,155,0.0,136,0.0,101.0,9.0
j120,j1208_2,j1208_2.sm,137.0,148.0,114.0,117.0,163.0,164.0,116.0,162.0,156.0,143.0,139.0,157.0,165.0,131.0,117.0,116.0,116.0,115.0,138.0,117.0,162.0,177.0,131.0,131.0,120.0,120.0,133.0,137.0,122.0,140.0,137.0,135.0,132.0,135.0,127.0,128.0,123.0,120.0,118.0,119.0,134.0,121.0,152.0,136.0,103,137,0.0,148,0.0,114,0.0,117,0.0,163,0.0,146,18.0,116,0.0,141,15.0,143,0.0,,,,,,,115,0.0,138,0.0,117,0.0,162,0.0,177,0.0,114.0,11.0
j120,j1208_3,j1208_3.sm,130.0,139.0,109.0,115.0,157.0,147.0,112.0,148.0,137.0,150.0,132.0,146.0,143.0,123.0,115.0,109.0,109.0,110.0,135.0,110.0,143.0,161.0,122.0,123.0,110.0,107.0,126.0,135.0,112.0,128.0,115.0,122.0,123.0,119.0,126.0,123.0,109.0,109.0,106.0,115.0,127.0,110.0,123.0,148.0,95,130,0.0,139,0.0,109,0.0,115,0.0,157,0.0,124,23.0,112,0.0,134,3.0,150,0.0,,,,,,,110,0.0,135,0.0,110,0.0,143,0.0,161,0.0,106.0,11.0
j120,j1208_4,j1208_4.sm,130.0,137.0,112.0,113.0,163.0,157.0,120.0,135.0,143.0,137.0,148.0,136.0,135.0,127.0,113.0,111.0,111.0,112.0,124.0,111.0,145.0,158.0,122.0,130.0,105.0,108.0,146.0,126.0,107.0,126.0,119.0,131.0,124.0,119.0,129.0,120.0,108.0,105.0,106.0,103.0,128.0,104.0,142.0,139.0,94,130,0.0,137,0.0,112,0.0,113,0.0,163,0.0,140,17.0,120,0.0,138,5.0,137,0.0,,,,,,,112,0.0,124,0.0,111,0.0,145,0.0,158,0.0,103.0,9.0
j120,j1208_5,j1208_5.sm,137.0,138.0,121.0,127.0,164.0,145.0,129.0,137.0,133.0,145.0,137.0,148.0,134.0,120.0,127.0,121.0,121.0,121.0,140.0,121.0,150.0,160.0,125.0,124.0,117.0,117.0,131.0,128.0,125.0,148.0,135.0,134.0,123.0,135.0,136.0,122.0,119.0,124.0,120.0,118.0,128.0,116.0,135.0,144.0,103,137,0.0,138,0.0,121,0.0,127,0.0,164,0.0,128,17.0,129,0.0,128,5.0,145,0.0,,,,,,,121,0.0,145,-5.0,121,0.0,150,0.0,160,0.0,116.0,13.0
j120,j1208_6,j1208_6.sm,113.0,121.0,98.0,97.0,136.0,127.0,101.0,138.0,131.0,113.0,123.0,124.0,127.0,117.0,97.0,97.0,97.0,100.0,113.0,98.0,120.0,149.0,111.0,111.0,105.0,98.0,108.0,123.0,106.0,122.0,111.0,108.0,121.0,112.0,117.0,112.0,95.0,98.0,94.0,103.0,109.0,102.0,121.0,127.0,85,113,0.0,121,0.0,98,0.0,97,0.0,136,0.0,121,6.0,101,0.0,119,12.0,113,0.0,,,,,,,100,0.0,112,1.0,98,0.0,120,0.0,149,0.0,94.0,9.0
j120,j1208_7,j1208_7.sm,123.0,130.0,100.0,102.0,122.0,138.0,106.0,134.0,138.0,139.0,121.0,122.0,123.0,109.0,102.0,98.0,98.0,98.0,127.0,100.0,128.0,153.0,122.0,118.0,100.0,101.0,114.0,116.0,101.0,115.0,132.0,128.0,113.0,120.0,113.0,109.0,95.0,98.0,97.0,99.0,123.0,99.0,113.0,124.0,87,123,0.0,130,0.0,100,0.0,102,0.0,122,0.0,118,20.0,106,0.0,123,15.0,139,0.0,,,,,,,102,-4.0,125,2.0,100,0.0,128,0.0,153,0.0,95.0,8.0
j120,j1208_8,j1208_8.sm,118.0,126.0,100.0,104.0,122.0,128.0,106.0,121.0,119.0,114.0,115.0,111.0,121.0,107.0,104.0,99.0,99.0,106.0,121.0,104.0,113.0,146.0,116.0,118.0,96.0,97.0,100.0,110.0,99.0,111.0,117.0,110.0,107.0,123.0,101.0,99.0,97.0,95.0,97.0,101.0,121.0,96.0,106.0,119.0,87,118,0.0,126,0.0,100,0.0,104,0.0,122,0.0,110,18.0,106,0.0,113,6.0,114,0.0,,,,,,,105,1.0,121,0.0,107,-3.0,113,0.0,146,0.0,95.0,8.0
j120,j1208_9,j1208_9.sm,119.0,127.0,105.0,108.0,128.0,133.0,115.0,130.0,139.0,131.0,113.0,130.0,126.0,112.0,108.0,107.0,107.0,110.0,119.0,110.0,148.0,149.0,113.0,109.0,109.0,109.0,112.0,113.0,114.0,124.0,133.0,141.0,112.0,127.0,110.0,109.0,110.0,110.0,107.0,104.0,111.0,102.0,150.0,135.0,94,119,0.0,127,0.0,105,0.0,108,0.0,128,0.0,126,7.0,115,0.0,122,17.0,131,0.0,,,,,,,110,0.0,119,0.0,109,1.0,148,0.0,149,0.0,102.0,8.0
j120,j1209_1,j1209_1.sm,110.0,115.0,91.0,94.0,118.0,116.0,95.0,136.0,132.0,108.0,116.0,108.0,108.0,110.0,94.0,94.0,94.0,92.0,110.0,92.0,131.0,143.0,111.0,103.0,91.0,93.0,111.0,110.0,106.0,111.0,111.0,113.0,105.0,109.0,108.0,109.0,93.0,97.0,96.0,95.0,104.0,93.0,121.0,130.0,88,110,0.0,115,0.0,91,0.0,94,0.0,118,0.0,131,-15.0,95,0.0,122,10.0,108,0.0,,,,,,,92,0.0,110,0.0,92,0.0,131,0.0,143,0.0,91.0,3.0
j120,j1209_10,j1209_10.sm,109.0,117.0,89.0,90.0,122.0,110.0,92.0,131.0,105.0,104.0,101.0,105.0,102.0,98.0,90.0,90.0,90.0,89.0,111.0,93.0,119.0,141.0,108.0,108.0,93.0,89.0,103.0,107.0,96.0,115.0,104.0,103.0,104.0,99.0,99.0,97.0,89.0,86.0,93.0,87.0,107.0,87.0,110.0,111.0,84,109,0.0,117,0.0,89,0.0,90,0.0,122,0.0,120,-10.0,92,0.0,107,-2.0,104,0.0,,,,,,,89,0.0,111,0.0,92,1.0,119,0.0,141,0.0,86.0,2.0
j120,j1209_2,j1209_2.sm,112.0,112.0,94.0,94.0,121.0,112.0,94.0,114.0,130.0,123.0,109.0,134.0,128.0,107.0,94.0,94.0,94.0,94.0,113.0,94.0,127.0,141.0,111.0,110.0,104.0,101.0,109.0,97.0,103.0,107.0,107.0,101.0,99.0,104.0,106.0,101.0,101.0,104.0,103.0,107.0,108.0,102.0,100.0,122.0,94,112,0.0,112,0.0,94,0.0,94,0.0,121,0.0,115,-3.0,94,0.0,109,21.0,123,0.0,,,,,,,94,0.0,113,0.0,94,0.0,127,0.0,141,0.0,94.0,0.0
j120,j1209_3,j1209_3.sm,109.0,112.0,89.0,92.0,124.0,114.0,98.0,127.0,110.0,104.0,99.0,107.0,113.0,104.0,92.0,90.0,90.0,94.0,114.0,90.0,119.0,129.0,103.0,108.0,91.0,94.0,114.0,105.0,94.0,102.0,101.0,98.0,104.0,110.0,105.0,103.0,96.0,92.0,92.0,92.0,106.0,92.0,103.0,120.0,87,109,0.0,112,0.0,89,0.0,92,0.0,124,0.0,113,1.0,98,0.0,104,6.0,104,0.0,,,,,,,94,0.0,114,0.0,90,0.0,119,0.0,129,0.0,89.0,2.0
j120,j1209_4,j1209_4.sm,99.0,109.0,97.0,96.0,120.0,133.0,102.0,127.0,151.0,122.0,107.0,123.0,119.0,105.0,96.0,98.0,98.0,98.0,101.0,99.0,120.0,134.0,99.0,101.0,93.0,100.0,108.0,106.0,105.0,114.0,112.0,115.0,100.0,112.0,99.0,104.0,99.0,95.0,93.0,96.0,101.0,94.0,107.0,114.0,86,99,0.0,109,0.0,97,0.0,96,0.0,120,0.0,113,20.0,102,0.0,117,34.0,122,0.0,,,,,,,98,0.0,101,0.0,99,0.0,120,0.0,134,0.0,93.0,7.0
j120,j1209_5,j1209_5.sm,128.0,124.0,114.0,114.0,117.0,133.0,114.0,120.0,132.0,135.0,119.0,123.0,124.0,114.0,114.0,114.0,114.0,114.0,123.0,114.0,119.0,143.0,123.0,129.0,118.0,118.0,120.0,121.0,119.0,121.0,127.0,126.0,118.0,129.0,125.0,119.0,118.0,118.0,118.0,119.0,124.0,118.0,125.0,137.0,114,128,0.0,124,0.0,114,0.0,114,0.0,117,0.0,134,-1.0,114,0.0,120,12.0,135,0.0,,,,,,,114,0.0,123,0.0,114,0.0,119,0.0,143,0.0,114.0,0.0
j120,j1209_6,j1209_6.sm,124.0,127.0,113.0,117.0,151.0,129.0,111.0,149.0,129.0,127.0,122.0,124.0,125.0,121.0,117.0,111.0,111.0,111.0,127.0,112.0,165.0,141.0,124.0,120.0,106.0,106.0,125.0,129.0,105.0,135.0,128.0,120.0,122.0,118.0,124.0,119.0,107.0,107.0,106.0,111.0,127.0,111.0,145.0,144.0,98,124,0.0,127,0.0,113,0.0,117,0.0,151,0.0,131,-2.0,111,0.0,120,9.0,127,0.0,,,,,,,111,0.0,127,0.0,112,0.0,165,0.0,141,0.0,105.0,7.0
j120,j1209_7,j1209_7.sm,95.0,101.0,80.0,80.0,114.0,100.0,81.0,108.0,102.0,110.0,99.0,107.0,102.0,94.0,80.0,80.0,80.0,82.0,99.0,80.0,106.0,113.0,93.0,92.0,85.0,83.0,90.0,97.0,83.0,96.0,94.0,94.0,95.0,91.0,94.0,87.0,83.0,84.0,85.0,87.0,93.0,81.0,107.0,98.0,80,95,0.0,101,0.0,80,0.0,80,0.0,114,0.0,94,6.0,81,0.0,95,7.0,110,0.0,,,,,,,82,0.0,99,0.0,80,0.0,106,0.0,113,0.0,80.0,0.0
j120,j1209_8,j1209_8.sm,99.0,94.0,81.0,84.0,104.0,115.0,87.0,106.0,106.0,92.0,96.0,100.0,103.0,92.0,84.0,82.0,82.0,83.0,95.0,83.0,104.0,107.0,95.0,97.0,89.0,86.0,94.0,98.0,88.0,101.0,117.0,108.0,99.0,95.0,109.0,91.0,86.0,86.0,86.0,86.0,101.0,87.0,102.0,105.0,80,99,0.0,94,0.0,81,0.0,84,0.0,104,0.0,97,18.0,87,0.0,95,11.0,92,0.0,,,,,,,85,-2.0,95,0.0,83,0.0,104,0.0,107,0.0,81.0,1.0
j120,j1209_9,j1209_9.sm,104.0,106.0,91.0,94.0,102.0,118.0,96.0,118.0,113.0,113.0,113.0,120.0,109.0,101.0,94.0,90.0,90.0,95.0,104.0,92.0,130.0,135.0,106.0,107.0,102.0,96.0,117.0,107.0,99.0,109.0,110.0,101.0,106.0,105.0,105.0,104.0,98.0,100.0,102.0,97.0,107.0,101.0,115.0,114.0,87,104,0.0,106,0.0,91,0.0,94,0.0,102,0.0,111,7.0,96,0.0,111,2.0,113,0.0,,,,,,,92,3.0,104,0.0,92,0.0,130,0.0,135,0.0,90.0,3.0
j30,j3010_1,j3010_1.sm,48.0,55.0,44.0,42.0,59.0,59.0,54.0,69.0,51.0,49.0,51.0,53.0,51.0,46.0,42.0,43.0,43.0,46.0,50.0,44.0,51.0,57.0,52.0,50.0,43.0,45.0,54.0,57.0,45.0,51.0,56.0,54.0,48.0,54.0,51.0,48.0,45.0,43.0,43.0,45.0,51.0,45.0,54.0,56.0,42,48,0.0,55,0.0,44,0.0,42,0.0,59,0.0,56,3.0,54,0.0,48,3.0,49,0.0,,,,,,,46,0.0,50,0.0,44,0.0,51,0.0,57,0.0,42.0,0.0
j30,j3010_10,j3010_10.sm,46.0,49.0,42.0,46.0,56.0,52.0,48.0,50.0,56.0,49.0,46.0,46.0,48.0,46.0,46.0,45.0,45.0,46.0,47.0,43.0,51.0,52.0,48.0,48.0,42.0,50.0,44.0,48.0,44.0,46.0,49.0,44.0,50.0,45.0,47.0,45.0,50.0,43.0,45.0,44.0,48.0,43.0,46.0,51.0,41,46,0.0,49,0.0,42,0.0,46,0.0,56,0.0,49,3.0,48,0.0,52,4.0,49,0.0,,,,,,,46,0.0,47,0.0,43,0.0,51,0.0,52,0.0,42.0,1.0
j30,j3010_2,j3010_2.sm,60.0,64.0,62.0,61.0,75.0,69.0,64.0,68.0,71.0,71.0,74.0,77.0,74.0,62.0,61.0,62.0,62.0,65.0,62.0,62.0,70.0,80.0,60.0,60.0,59.0,57.0,67.0,67.0,58.0,63.0,61.0,70.0,60.0,71.0,64.0,60.0,58.0,59.0,58.0,59.0,60.0,57.0,61.0,62.0,56,60,0.0,64,0.0,62,0.0,61,0.0,75,0.0,80,-11.0,64,0.0,63,8.0,71,0.0,,,,,,,65,0.0,62,0.0,62,0.0,70,0.0,80,0.0,57.0,1.0
j30,j3010_3,j3010_3.sm,72.0,71.0,70.0,71.0,81.0,82.0,72.0,76.0,74.0,74.0,71.0,71.0,75.0,72.0,71.0,72.0,69.0,76.0,70.0,70.0,76.0,85.0,71.0,73.0,67.0,72.0,72.0,71.0,71.0,69.0,70.0,66.0,69.0,68.0,68.0,67.0,69.0,67.0,67.0,69.0,69.0,67.0,78.0,73.0,62,72,0.0,71,0.0,70,0.0,71,0.0,81,0.0,69,13.0,72,0.0,72,2.0,74,0.0,,,,,,,76,0.0,70,0.0,70,0.0,76,0.0,85,0.0,66.0,4.0
j30,j3010_4,j3010_4.sm,69.0,68.0,62.0,60.0,86.0,85.0,61.0,81.0,73.0,73.0,72.0,72.0,71.0,71.0,60.0,62.0,62.0,65.0,70.0,62.0,74.0,76.0,66.0,68.0,65.0,60.0,70.0,69.0,62.0,75.0,62.0,68.0,74.0,68.0,63.0,70.0,60.0,62.0,62.0,63.0,71.0,62.0,64.0,67.0,58,69,0.0,68,0.0,62,0.0,60,0.0,86,0.0,69,16.0,61,0.0,72,1.0,73,0.0,,,,,,,65,0.0,68,2.0,62,0.0,74,0.0,76,0.0,60.0,2.0
j30,j3010_5,j3010_5.sm,52.0,50.0,45.0,48.0,61.0,54.0,48.0,53.0,55.0,55.0,53.0,52.0,54.0,47.0,48.0,45.0,45.0,48.0,50.0,45.0,55.0,54.0,50.0,48.0,42.0,45.0,53.0,46.0,47.0,51.0,45.0,46.0,48.0,47.0,51.0,48.0,43.0,42.0,42.0,44.0,46.0,43.0,51.0,50.0,41,52,0.0,50,0.0,45,0.0,48,0.0,61,0.0,54,0.0,48,0.0,48,7.0,55,0.0,,,,,,,48,0.0,50,0.0,45,0.0,55,0.0,55,-1.0,42.0,1.0
j30,j3010_6,j3010_6.sm,53.0,51.0,52.0,52.0,62.0,61.0,51.0,58.0,58.0,57.0,60.0,55.0,49.0,52.0,52.0,51.0,50.0,47.0,54.0,46.0,60.0,61.0,51.0,50.0,46.0,49.0,50.0,53.0,48.0,52.0,57.0,55.0,48.0,48.0,49.0,51.0,46.0,46.0,46.0,46.0,51.0,46.0,52.0,52.0,44,53,0.0,51,0.0,52,0.0,52,0.0,62,0.0,54,7.0,51,0.0,54,4.0,57,0.0,,,,,,,47,0.0,53,1.0,46,0.0,60,0.0,61,0.0,46.0,2.0
j30,j3010_7,j3010_7.sm,57.0,56.0,53.0,50.0,67.0,57.0,51.0,59.0,55.0,51.0,55.0,58.0,58.0,52.0,50.0,53.0,53.0,53.0,56.0,54.0,60.0,64.0,51.0,52.0,50.0,52.0,56.0,53.0,52.0,51.0,51.0,50.0,52.0,54.0,52.0,51.0,50.0,50.0,50.0,57.0,57.0,56.0,59.0,52.0,49,57,0.0,56,0.0,53,0.0,50,0.0,67,0.0,54,3.0,51,0.0,59,-4.0,51,0.0,,,,,,,53,0.0,56,0.0,54,0.0,60,0.0,64,0.0,50.0,1.0
j30,j3010_8,j3010_8.sm,61.0,63.0,56.0,61.0,75.0,61.0,63.0,66.0,62.0,61.0,59.0,62.0,58.0,59.0,61.0,55.0,56.0,55.0,61.0,56.0,82.0,79.0,64.0,62.0,58.0,56.0,64.0,62.0,56.0,62.0,62.0,63.0,60.0,57.0,64.0,59.0,56.0,60.0,58.0,58.0,61.0,58.0,63.0,75.0,54,61,0.0,63,0.0,56,0.0,61,0.0,75,0.0,66,-5.0,63,0.0,62,0.0,61,0.0,,,,,,,55,0.0,61,0.0,56,0.0,82,0.0,79,0.0,55.0,1.0
j30,j3010_9,j3010_9.sm,54.0,54.0,49.0,49.0,60.0,49.0,49.0,64.0,49.0,49.0,49.0,49.0,49.0,51.0,49.0,49.0,49.0,49.0,57.0,49.0,60.0,61.0,59.0,54.0,49.0,49.0,54.0,51.0,49.0,59.0,49.0,49.0,51.0,50.0,56.0,52.0,49.0,49.0,49.0,49.0,56.0,49.0,56.0,55.0,49,54,0.0,54,0.0,49,0.0,49,0.0,60,0.0,56,-7.0,49,0.0,49,0.0,49,0.0,,,,,,,49,0.0,57,0.0,49,0.0,64,-4.0,61,0.0,49.0,0.0
j30,j3011_1,j3011_1.sm,62.0,59.0,58.0,59.0,63.0,84.0,56.0,73.0,64.0,64.0,69.0,62.0,67.0,65.0,79.0,59.0,58.0,56.0,61.0,56.0,89.0,70.0,58.0,59.0,56.0,61.0,59.0,58.0,57.0,66.0,85.0,66.0,66.0,64.0,61.0,59.0,55.0,56.0,56.0,55.0,61.0,57.0,62.0,70.0,54,62,0.0,59,0.0,58,0.0,59,0.0,63,0.0,57,27.0,56,0.0,82,-18.0,64,0.0,,,,,,,56,0.0,61,0.0,56,0.0,89,0.0,70,0.0,55.0,1.0
j30,j3011_10,j3011_10.sm,40.0,48.0,39.0,45.0,46.0,48.0,43.0,52.0,48.0,44.0,42.0,45.0,55.0,40.0,45.0,39.0,39.0,39.0,42.0,40.0,44.0,48.0,43.0,42.0,38.0,40.0,38.0,38.0,40.0,40.0,40.0,43.0,40.0,42.0,40.0,40.0,38.0,38.0,38.0,40.0,42.0,40.0,38.0,42.0,38,40,0.0,48,0.0,39,0.0,45,0.0,46,0.0,47,1.0,43,0.0,47,1.0,44,0.0,,,,,,,39,0.0,42,0.0,40,0.0,44,0.0,48,0.0,38.0,0.0
j30,j3011_2,j3011_2.sm,63.0,64.0,63.0,62.0,77.0,84.0,62.0,81.0,81.0,65.0,64.0,65.0,65.0,58.0,62.0,63.0,63.0,58.0,59.0,62.0,81.0,84.0,58.0,60.0,58.0,58.0,60.0,58.0,58.0,60.0,73.0,58.0,58.0,60.0,60.0,58.0,58.0,58.0,58.0,60.0,58.0,58.0,73.0,60.0,56,63,0.0,64,0.0,63,0.0,62,0.0,77,0.0,74,10.0,62,0.0,62,19.0,65,0.0,,,,,,,58,0.0,59,0.0,62,0.0,81,0.0,84,0.0,58.0,2.0
j30,j3011_3,j3011_3.sm,83.0,84.0,81.0,81.0,85.0,81.0,81.0,85.0,81.0,84.0,86.0,87.0,89.0,82.0,81.0,81.0,81.0,81.0,84.0,81.0,81.0,88.0,83.0,83.0,83.0,83.0,83.0,86.0,83.0,86.0,84.0,84.0,83.0,84.0,86.0,83.0,83.0,83.0,83.0,83.0,83.0,83.0,86.0,86.0,81,83,0.0,84,0.0,81,0.0,81,0.0,85,0.0,87,-6.0,81,0.0,83,-2.0,84,0.0,,,,,,,81,0.0,84,0.0,81,0.0,81,0.0,88,0.0,81.0,0.0
j30,j3011_4,j3011_4.sm,66.0,65.0,64.0,64.0,64.0,63.0,63.0,66.0,71.0,64.0,68.0,68.0,64.0,68.0,64.0,64.0,64.0,64.0,66.0,64.0,65.0,65.0,66.0,66.0,66.0,66.0,66.0,64.0,66.0,65.0,65.0,68.0,68.0,63.0,63.0,68.0,66.0,66.0,66.0,63.0,66.0,66.0,65.0,66.0,63,66,0.0,65,0.0,64,0.0,64,0.0,64,0.0,63,0.0,63,0.0,69,2.0,64,0.0,,,,,,,64,0.0,66,0.0,64,0.0,65,0.0,65,0.0,63.0,0.0
j30,j3011_5,j3011_5.sm,57.0,66.0,53.0,53.0,74.0,57.0,52.0,63.0,61.0,55.0,58.0,53.0,67.0,57.0,53.0,53.0,53.0,58.0,59.0,52.0,55.0,65.0,59.0,61.0,52.0,53.0,64.0,57.0,55.0,62.0,63.0,57.0,54.0,61.0,58.0,54.0,53.0,52.0,52.0,58.0,61.0,53.0,63.0,64.0,49,57,0.0,66,0.0,53,0.0,53,0.0,74,0.0,62,-5.0,52,0.0,54,7.0,55,0.0,,,,,,,58,0.0,59,0.0,52,0.0,55,0.0,65,0.0,52.0,3.0
j30,j3011_6,j3011_6.sm,49.0,50.0,44.0,44.0,61.0,50.0,52.0,50.0,51.0,56.0,54.0,51.0,54.0,55.0,44.0,44.0,44.0,46.0,51.0,45.0,59.0,59.0,49.0,48.0,45.0,45.0,48.0,47.0,50.0,46.0,49.0,45.0,47.0,50.0,51.0,47.0,45.0,45.0,45.0,45.0,50.0,45.0,52.0,51.0,44,49,0.0,50,0.0,44,0.0,44,0.0,61,0.0,51,-1.0,52,0.0,45,6.0,56,0.0,,,,,,,46,0.0,51,0.0,45,0.0,59,0.0,59,0.0,44.0,0.0
j30,j3011_7,j3011_7.sm,41.0,40.0,40.0,41.0,48.0,44.0,41.0,45.0,50.0,45.0,45.0,45.0,40.0,43.0,41.0,40.0,40.0,44.0,41.0,40.0,40.0,50.0,37.0,40.0,37.0,40.0,40.0,39.0,38.0,43.0,39.0,41.0,37.0,40.0,41.0,41.0,37.0,37.0,37.0,38.0,37.0,37.0,41.0,41.0,36,41,0.0,40,0.0,40,0.0,41,0.0,48,0.0,43,1.0,41,0.0,40,10.0,45,0.0,,,,,,,44,0.0,38,3.0,40,0.0,40,0.0,50,0.0,37.0,1.0
j30,j3011_8,j3011_8.sm,72.0,70.0,65.0,65.0,74.0,63.0,65.0,70.0,63.0,63.0,65.0,68.0,69.0,72.0,65.0,65.0,65.0,63.0,72.0,68.0,79.0,78.0,63.0,70.0,63.0,63.0,70.0,74.0,63.0,63.0,63.0,63.0,74.0,71.0,63.0,74.0,63.0,63.0,63.0,63.0,72.0,63.0,63.0,75.0,62,72,0.0,70,0.0,65,0.0,65,0.0,74,0.0,65,-2.0,65,0.0,63,0.0,63,0.0,,,,,,,63,0.0,72,0.0,68,0.0,79,0.0,78,0.0,63.0,1.0
j30,j3011_9,j3011_9.sm,71.0,75.0,67.0,67.0,81.0,80.0,67.0,67.0,67.0,67.0,68.0,67.0,67.0,67.0,67.0,67.0,67.0,67.0,74.0,67.0,67.0,80.0,71.0,67.0,71.0,71.0,67.0,67.0,70.0,74.0,74.0,67.0,71.0,67.0,67.0,73.0,71.0,71.0,71.0,71.0,67.0,67.0,67.0,71.0,67,71,0.0,75,0.0,67,0.0,67,0.0,81,0.0,71,9.0,67,0.0,67,0.0,67,0.0,,,,,,,67,0.0,74,0.0,67,0.0,67,0.0,80,0.0,67.0,0.0
j30,j3012_1,j3012_1.sm,47.0,47.0,47.0,47.0,47.0,47.0,47.0,47.0,47.0,47.0,47.0,47.0,47.0,47.0,47.0,47.0,47.0,47.0,47.0,47.0,47.0,47.0,47.0,47.0,47.0,47.0,47.0,47.0,47.0,47.0,47.0,47.0,47.0,47.0,47.0,47.0,47.0,47.0,47.0,47.0,47.0,47.0,47.0,47.0,47,47,0.0,47,0.0,47,0.0,47,0.0,47,0.0,47,0.0,47,0.0,47,0.0,47,0.0,,,,,,,47,0.0,47,0.0,47,0.0,47,0.0,47,0.0,47.0,0.0
j30,j3012_10,j3012_10.sm,57.0,57.0,57.0,57.0,57.0,57.0,57.0,57.0,57.0,57.0,57.0,57.0,57.0,57.0,57.0,57.0,57.0,57.0,57.0,57.0,57.0,57.0,57.0,57.0,57.0,57.0,57.0,57.0,57.0,57.0,57.0,57.0,57.0,57.0,57.0,57.0,57.0,57.0,57.0,57.0,57.0,57.0,57.0,57.0,57,57,0.0,57,0.0,57,0.0,57,0.0,57,0.0,57,0.0,57,0.0,57,0.0,57,0.0,,,,,,,57,0.0,57,0.0,57,0.0,57,0.0,57,0.0,57.0,0.0
j30,j3012_2,j3012_2.sm,46.0,46.0,46.0,46.0,46.0,46.0,46.0,46.0,46.0,46.0,46.0,46.0,46.0,46.0,46.0,46.0,46.0,46.0,46.0,46.0,46.0,46.0,46.0,46.0,46.0,46.0,46.0,46.0,46.0,46.0,46.0,46.0,46.0,46.0,46.0,46.0,46.0,46.0,46.0,46.0,46.0,46.0,46.0,46.0,46,46,0.0,46,0.0,46,0.0,46,0.0,46,0.0,46,0.0,46,0.0,46,0.0,46,0.0,,,,,,,46,0.0,46,0.0,46,0.0,46,0.0,46,0.0,46.0,0.0
j30,j3012_3,j3012_3.sm,37.0,37.0,37.0,37.0,37.0,37.0,37.0,37.0,37.0,37.0,37.0,37.0,37.0,37.0,37.0,37.0,37.0,37.0,37.0,37.0,37.0,37.0,37.0,37.0,37.0,37.0,37.0,37.0,37.0,37.0,37.0,37.0,37.0,37.0,37.0,37.0,37.0,37.0,37.0,37.0,37.0,37.0,37.0,37.0,37,37,0.0,37,0.0,37,0.0,37,0.0,37,0.0,37,0.0,37,0.0,37,0.0,37,0.0,,,,,,,37,0.0,37,0.0,37,0.0,37,0.0,37,0.0,37.0,0.0
j30,j3012_4,j3012_4.sm,63.0,63.0,63.0,63.0,63.0,63.0,63.0,63.0,63.0,63.0,63.0,63.0,63.0,63.0,63.0,63.0,63.0,63.0,63.0,63.0,63.0,63.0,63.0,63.0,63.0,63.0,63.0,63.0,63.0,63.0,63.0,63.0,63.0,63.0,63.0,63.0,63.0,63.0,63.0,63.0,63.0,63.0,63.0,63.0,63,63,0.0,63,0.0,63,0.0,63,0.0,63,0.0,63,0.0,63,0.0,63,0.0,63,0.0,,,,,,,63,0.0,63,0.0,63,0.0,63,0.0,63,0.0,63.0,0.0
j30,j3012_5,j3012_5.sm,47.0,47.0,47.0,47.0,47.0,47.0,47.0,47.0,47.0,47.0,47.0,47.0,47.0,47.0,47.0,47.0,47.0,47.0,47.0,47.0,47.0,47.0,47.0,47.0,47.0,47.0,47.0,47.0,47.0,47.0,47.0,47.0,47.0,47.0,47.0,47.0,47.0,47.0,47.0,47.0,47.0,47.0,47.0,47.0,47,47,0.0,47,0.0,47,0.0,47,0.0,47,0.0,47,0.0,47,0.0,47,0.0,47,0.0,,,,,,,47,0.0,47,0.0,47,0.0,47,0.0,47,0.0,47.0,0.0
j30,j3012_6,j3012_6.sm,53.0,53.0,53.0,53.0,53.0,53.0,53.0,53.0,53.0,53.0,53.0,53.0,53.0,53.0,53.0,53.0,53.0,53.0,53.0,53.0,53.0,53.0,53.0,53.0,53.0,53.0,53.0,53.0,53.0,53.0,53.0,53.0,53.0,53.0,53.0,53.0,53.0,53.0,53.0,53.0,53.0,53.0,53.0,53.0,53,53,0.0,53,0.0,53,0.0,53,0.0,53,0.0,53,0.0,53,0.0,53,0.0,53,0.0,,,,,,,53,0.0,53,0.0,53,0.0,53,0.0,53,0.0,53.0,0.0
j30,j3012_7,j3012_7.sm,55.0,55.0,55.0,55.0,55.0,55.0,55.0,55.0,55.0,55.0,55.0,55.0,55.0,55.0,55.0,55.0,55.0,55.0,55.0,55.0,55.0,55.0,55.0,55.0,55.0,55.0,55.0,55.0,55.0,55.0,55.0,55.0,55.0,55.0,55.0,55.0,55.0,55.0,55.0,55.0,55.0,55.0,55.0,55.0,55,55,0.0,55,0.0,55,0.0,55,0.0,55,0.0,55,0.0,55,0.0,55,0.0,55,0.0,,,,,,,55,0.0,55,0.0,55,0.0,55,0.0,55,0.0,55.0,0.0
j30,j3012_8,j3012_8.sm,35.0,35.0,35.0,35.0,35.0,35.0,35.0,35.0,35.0,35.0,35.0,35.0,35.0,35.0,35.0,35.0,35.0,35.0,35.0,35.0,35.0,35.0,35.0,35.0,35.0,35.0,35.0,35.0,35.0,35.0,35.0,35.0,35.0,35.0,35.0,35.0,35.0,35.0,35.0,35.0,35.0,35.0,35.0,35.0,35,35,0.0,35,0.0,35,0.0,35,0.0,35,0.0,35,0.0,35,0.0,35,0.0,35,0.0,,,,,,,35,0.0,35,0.0,35,0.0,35,0.0,35,0.0,35.0,0.0
j30,j3012_9,j3012_9.sm,52.0,52.0,52.0,52.0,52.0,52.0,52.0,52.0,52.0,52.0,52.0,52.0,52.0,52.0,52.0,52.0,52.0,52.0,52.0,52.0,52.0,52.0,52.0,52.0,52.0,52.0,52.0,52.0,52.0,52.0,52.0,52.0,52.0,52.0,52.0,52.0,52.0,52.0,52.0,52.0,52.0,52.0,52.0,52.0,52,52,0.0,52,0.0,52,0.0,52,0.0,52,0.0,52,0.0,52,0.0,52,0.0,52,0.0,,,,,,,52,0.0,52,0.0,52,0.0,52,0.0,52,0.0,52.0,0.0
j30,j3013_1,j3013_1.sm,70.0,69.0,64.0,67.0,70.0,80.0,74.0,99.0,79.0,83.0,75.0,74.0,72.0,80.0,80.0,66.0,66.0,67.0,77.0,68.0,77.0,81.0,70.0,67.0,65.0,63.0,72.0,76.0,67.0,72.0,79.0,75.0,72.0,70.0,76.0,71.0,70.0,65.0,65.0,71.0,68.0,67.0,69.0,84.0,58,70,0.0,69,0.0,64,0.0,67,0.0,70,0.0,76,4.0,74,0.0,69,10.0,83,0.0,,,,,,,67,0.0,77,0.0,68,0.0,77,0.0,81,0.0,63.0,5.0
j30,j3013_10,j3013_10.sm,81.0,84.0,72.0,77.0,81.0,96.0,80.0,73.0,81.0,77.0,75.0,71.0,71.0,88.0,87.0,75.0,74.0,71.0,80.0,71.0,77.0,89.0,78.0,78.0,68.0,71.0,81.0,80.0,73.0,82.0,79.0,78.0,73.0,78.0,77.0,80.0,75.0,69.0,67.0,70.0,81.0,70.0,78.0,82.0,64,81,0.0,84,0.0,72,0.0,77,0.0,81,0.0,80,16.0,80,0.0,82,-1.0,77,0.0,,,,,,,69,2.0,80,0.0,71,0.0,77,0.0,89,0.0,67.0,3.0
j30,j3013_2,j3013_2.sm,73.0,75.0,75.0,76.0,81.0,87.0,75.0,78.0,80.0,84.0,74.0,68.0,76.0,82.0,101.0,72.0,77.0,75.0,73.0,77.0,89.0,93.0,73.0,72.0,72.0,70.0,75.0,71.0,67.0,88.0,82.0,75.0,71.0,70.0,77.0,76.0,82.0,72.0,72.0,72.0,71.0,72.0,86.0,79.0,62,73,0.0,75,0.0,75,0.0,76,0.0,81,0.0,79,8.0,75,0.0,77,3.0,84,0.0,,,,,,,75,0.0,73,0.0,77,0.0,89,0.0,93,0.0,67.0,5.0
j30,j3013_3,j3013_3.sm,89.0,90.0,89.0,87.0,88.0,109.0,92.0,109.0,110.0,106.0,96.0,98.0,97.0,104.0,114.0,87.0,91.0,99.0,92.0,86.0,109.0,110.0,88.0,89.0,86.0,86.0,96.0,94.0,90.0,107.0,96.0,90.0,97.0,87.0,84.0,86.0,86.0,89.0,87.0,88.0,93.0,83.0,98.0,91.0,76,89,0.0,90,0.0,89,0.0,87,0.0,88,0.0,96,13.0,92,0.0,92,18.0,106,0.0,,,,,,,101,-2.0,92,0.0,86,0.0,109,0.0,110,0.0,83.0,7.0
j30,j3013_4,j3013_4.sm,89.0,89.0,78.0,89.0,96.0,95.0,91.0,91.0,102.0,89.0,82.0,85.0,91.0,91.0,92.0,89.0,81.0,83.0,88.0,78.0,91.0,97.0,86.0,86.0,75.0,77.0,101.0,87.0,77.0,94.0,91.0,86.0,82.0,81.0,91.0,88.0,79.0,78.0,78.0,75.0,89.0,77.0,92.0,92.0,72,89,0.0,89,0.0,78,0.0,89,0.0,96,0.0,88,7.0,91,0.0,85,17.0,89,0.0,,,,,,,83,0.0,88,0.0,78,0.0,91,0.0,97,0.0,75.0,3.0
j30,j3013_5,j3013_5.sm,82.0,77.0,79.0,81.0,97.0,95.0,82.0,84.0,102.0,90.0,82.0,90.0,89.0,90.0,94.0,78.0,79.0,86.0,82.0,80.0,105.0,106.0,79.0,77.0,81.0,77.0,81.0,80.0,76.0,78.0,83.0,76.0,78.0,76.0,71.0,80.0,76.0,78.0,81.0,77.0,79.0,78.0,91.0,83.0,67,82,0.0,77,0.0,79,0.0,81,0.0,97,0.0,88,7.0,82,0.0,88,14.0,90,0.0,,,,,,,86,0.0,81,1.0,80,0.0,105,0.0,106,0.0,71.0,4.0
j30,j3013_6,j3013_6.sm,84.0,83.0,71.0,76.0,95.0,94.0,75.0,81.0,82.0,83.0,73.0,88.0,88.0,84.0,89.0,72.0,70.0,79.0,83.0,75.0,88.0,88.0,83.0,75.0,73.0,72.0,86.0,73.0,74.0,83.0,74.0,79.0,70.0,76.0,78.0,76.0,73.0,68.0,71.0,73.0,79.0,74.0,79.0,85.0,64,84,0.0,83,0.0,71,0.0,76,0.0,95,0.0,75,19.0,75,0.0,81,1.0,83,0.0,,,,,,,79,0.0,83,0.0,75,0.0,88,0.0,88,0.0,68.0,4.0
j30,j3013_7,j3013_7.sm,100.0,100.0,88.0,88.0,89.0,103.0,94.0,92.0,100.0,89.0,100.0,100.0,91.0,90.0,104.0,85.0,85.0,88.0,99.0,85.0,92.0,104.0,91.0,92.0,86.0,84.0,92.0,87.0,91.0,104.0,102.0,92.0,97.0,90.0,92.0,84.0,90.0,85.0,86.0,85.0,92.0,83.0,103.0,97.0,77,100,0.0,100,0.0,88,0.0,88,0.0,89,0.0,95,8.0,94,0.0,85,15.0,89,0.0,,,,,,,88,0.0,99,0.0,85,0.0,92,0.0,104,0.0,83.0,6.0
j30,j3013_8,j3013_8.sm,119.0,128.0,123.0,122.0,141.0,122.0,128.0,141.0,136.0,139.0,124.0,135.0,124.0,124.0,140.0,121.0,125.0,120.0,128.0,125.0,136.0,141.0,114.0,117.0,117.0,122.0,133.0,119.0,118.0,130.0,136.0,126.0,119.0,113.0,119.0,125.0,118.0,121.0,118.0,115.0,120.0,117.0,136.0,136.0,106,119,0.0,128,0.0,123,0.0,122,0.0,141,0.0,133,-11.0,128,0.0,128,8.0,139,0.0,,,,,,,120,0.0,128,0.0,125,0.0,136,0.0,141,0.0,113.0,7.0
j30,j3013_9,j3013_9.sm,86.0,92.0,81.0,84.0,110.0,104.0,82.0,95.0,85.0,79.0,97.0,85.0,84.0,98.0,103.0,81.0,81.0,85.0,92.0,88.0,94.0,101.0,79.0,80.0,80.0,81.0,99.0,91.0,83.0,81.0,78.0,80.0,94.0,84.0,83.0,83.0,85.0,76.0,78.0,77.0,84.0,74.0,89.0,100.0,71,86,0.0,92,0.0,81,0.0,84,0.0,110,0.0,80,24.0,82,0.0,82,3.0,79,0.0,,,,,,,85,0.0,92,0.0,88,0.0,94,0.0,101,0.0,74.0,3.0
j30,j3014_1,j3014_1.sm,55.0,59.0,55.0,52.0,57.0,55.0,57.0,61.0,55.0,54.0,56.0,52.0,64.0,64.0,52.0,55.0,55.0,52.0,53.0,52.0,57.0,57.0,54.0,52.0,55.0,53.0,52.0,58.0,54.0,58.0,56.0,56.0,55.0,55.0,56.0,54.0,56.0,54.0,54.0,57.0,52.0,58.0,53.0,53.0,50,55,0.0,59,0.0,55,0.0,52,0.0,57,0.0,56,-1.0,57,0.0,54,1.0,54,0.0,,,,,,,52,0.0,54,-1.0,52,0.0,57,0.0,57,0.0,52.0,2.0
j30,j3014_10,j3014_10.sm,63.0,65.0,64.0,61.0,73.0,72.0,65.0,65.0,80.0,65.0,66.0,70.0,69.0,87.0,61.0,62.0,62.0,63.0,65.0,63.0,87.0,87.0,64.0,65.0,64.0,64.0,64.0,64.0,64.0,64.0,66.0,66.0,64.0,65.0,65.0,64.0,64.0,64.0,64.0,64.0,65.0,64.0,66.0,67.0,61,63,0.0,65,0.0,64,0.0,61,0.0,73,0.0,69,3.0,65,0.0,65,15.0,65,0.0,,,,,,,63,0.0,65,0.0,63,0.0,87,0.0,87,0.0,61.0,0.0
j30,j3014_2,j3014_2.sm,61.0,62.0,61.0,64.0,74.0,62.0,63.0,80.0,72.0,63.0,61.0,66.0,62.0,67.0,64.0,61.0,61.0,62.0,58.0,58.0,80.0,70.0,56.0,57.0,59.0,57.0,59.0,63.0,63.0,59.0,62.0,62.0,60.0,58.0,56.0,60.0,55.0,55.0,59.0,61.0,57.0,56.0,73.0,64.0,53,61,0.0,62,0.0,61,0.0,64,0.0,74,0.0,61,1.0,63,0.0,71,1.0,63,0.0,,,,,,,59,3.0,58,0.0,58,0.0,80,0.0,70,0.0,55.0,2.0
j30,j3014_3,j3014_3.sm,77.0,76.0,64.0,66.0,87.0,76.0,71.0,73.0,73.0,75.0,75.0,75.0,73.0,81.0,66.0,64.0,64.0,65.0,72.0,66.0,73.0,82.0,73.0,68.0,60.0,61.0,77.0,64.0,67.0,62.0,69.0,65.0,75.0,69.0,63.0,64.0,62.0,60.0,60.0,61.0,70.0,61.0,62.0,76.0,58,77,0.0,76,0.0,64,0.0,66,0.0,87,0.0,71,5.0,71,0.0,68,5.0,75,0.0,,,,,,,65,0.0,72,0.0,66,0.0,73,0.0,82,0.0,60.0,2.0
j30,j3014_4,j3014_4.sm,57.0,65.0,52.0,53.0,65.0,60.0,54.0,79.0,62.0,56.0,56.0,56.0,60.0,62.0,53.0,52.0,52.0,55.0,62.0,58.0,58.0,64.0,55.0,59.0,53.0,53.0,63.0,56.0,53.0,69.0,62.0,58.0,54.0,58.0,56.0,59.0,51.0,51.0,53.0,53.0,56.0,51.0,55.0,64.0,50,57,0.0,65,0.0,52,0.0,53,0.0,65,0.0,61,-1.0,54,0.0,58,4.0,56,0.0,,,,,,,55,0.0,62,0.0,58,0.0,61,-3.0,64,0.0,51.0,1.0
j30,j3014_5,j3014_5.sm,60.0,62.0,54.0,54.0,69.0,65.0,55.0,68.0,68.0,67.0,68.0,63.0,62.0,66.0,54.0,54.0,54.0,57.0,64.0,57.0,71.0,72.0,59.0,63.0,59.0,62.0,69.0,57.0,59.0,70.0,70.0,67.0,65.0,65.0,62.0,60.0,53.0,59.0,59.0,60.0,64.0,60.0,65.0,69.0,52,60,0.0,62,0.0,54,0.0,54,0.0,69,0.0,67,-2.0,55,0.0,66,2.0,67,0.0,,,,,,,57,0.0,64,0.0,57,0.0,71,0.0,72,0.0,53.0,1.0
j30,j3014_6,j3014_6.sm,41.0,42.0,39.0,42.0,46.0,49.0,40.0,50.0,51.0,45.0,38.0,47.0,44.0,43.0,42.0,39.0,39.0,42.0,41.0,42.0,54.0,55.0,41.0,40.0,37.0,40.0,43.0,43.0,38.0,53.0,48.0,43.0,40.0,41.0,41.0,46.0,40.0,37.0,37.0,37.0,41.0,38.0,51.0,45.0,35,41,0.0,42,0.0,39,0.0,42,0.0,46,0.0,50,-1.0,40,0.0,50,1.0,45,0.0,,,,,,,42,0.0,42,-1.0,42,0.0,54,0.0,55,0.0,37.0,2.0
j30,j3014_7,j3014_7.sm,61.0,63.0,53.0,54.0,65.0,66.0,56.0,71.0,67.0,61.0,61.0,66.0,65.0,67.0,54.0,53.0,53.0,55.0,62.0,54.0,64.0,73.0,61.0,61.0,55.0,55.0,65.0,61.0,54.0,57.0,63.0,60.0,55.0,60.0,64.0,57.0,53.0,54.0,54.0,58.0,62.0,53.0,57.0,64.0,50,61,0.0,63,0.0,53,0.0,54,0.0,65,0.0,61,5.0,56,0.0,64,3.0,61,0.0,,,,,,,55,0.0,62,0.0,54,0.0,66,-2.0,73,0.0,53.0,3.0
j30,j3014_8,j3014_8.sm,62.0,61.0,54.0,54.0,63.0,64.0,54.0,68.0,70.0,60.0,56.0,63.0,70.0,65.0,54.0,54.0,54.0,54.0,63.0,54.0,64.0,73.0,62.0,61.0,54.0,54.0,68.0,57.0,54.0,58.0,60.0,62.0,54.0,61.0,63.0,63.0,54.0,54.0,54.0,54.0,62.0,54.0,61.0,71.0,54,62,0.0,61,0.0,54,0.0,54,0.0,63,0.0,67,-3.0,54,0.0,62,8.0,60,0.0,,,,,,,54,0.0,63,0.0,54,0.0,64,0.0,73,0.0,54.0,0.0
j30,j3014_9,j3014_9.sm,60.0,61.0,50.0,49.0,66.0,61.0,53.0,66.0,60.0,64.0,58.0,54.0,54.0,57.0,53.0,50.0,49.0,52.0,56.0,53.0,60.0,63.0,61.0,56.0,48.0,50.0,60.0,54.0,50.0,63.0,63.0,56.0,54.0,53.0,57.0,57.0,48.0,51.0,51.0,50.0,54.0,49.0,55.0,60.0,46,60,0.0,61,0.0,50,0.0,49,0.0,66,0.0,55,6.0,53,0.0,55,5.0,64,0.0,,,,,,,52,0.0,56,0.0,53,0.0,60,0.0,63,0.0,48.0,2.0
j30,j3015_1,j3015_1.sm,48.0,58.0,46.0,46.0,57.0,53.0,46.0,46.0,52.0,46.0,46.0,48.0,46.0,48.0,46.0,46.0,46.0,46.0,47.0,46.0,55.0,57.0,48.0,54.0,47.0,48.0,54.0,52.0,46.0,48.0,47.0,48.0,48.0,48.0,49.0,48.0,47.0,47.0,47.0,47.0,47.0,47.0,54.0,54.0,46,48,0.0,58,0.0,46,0.0,46,0.0,57,0.0,46,7.0,46,0.0,46,6.0,46,0.0,,,,,,,46,0.0,47,0.0,46,0.0,55,0.0,57,0.0,46.0,0.0
j30,j3015_10,j3015_10.sm,67.0,67.0,68.0,65.0,75.0,65.0,65.0,78.0,78.0,78.0,65.0,66.0,68.0,76.0,65.0,68.0,68.0,68.0,67.0,68.0,78.0,77.0,67.0,67.0,65.0,67.0,75.0,78.0,67.0,68.0,68.0,76.0,67.0,66.0,66.0,65.0,65.0,65.0,65.0,66.0,67.0,66.0,68.0,78.0,65,67,0.0,67,0.0,68,0.0,65,0.0,75,0.0,79,-14.0,65,0.0,76,2.0,78,0.0,,,,,,,68,0.0,67,0.0,68,0.0,78,0.0,77,0.0,65.0,0.0
j30,j3015_2,j3015_2.sm,48.0,48.0,47.0,47.0,47.0,52.0,47.0,48.0,58.0,48.0,48.0,49.0,52.0,52.0,47.0,47.0,47.0,47.0,47.0,47.0,57.0,58.0,48.0,47.0,47.0,47.0,47.0,48.0,48.0,47.0,50.0,49.0,48.0,48.0,48.0,48.0,47.0,47.0,47.0,48.0,47.0,48.0,49.0,49.0,47,48,0.0,48,0.0,47,0.0,47,0.0,47,0.0,54,-2.0,47,0.0,48,10.0,48,0.0,,,,,,,47,0.0,47,0.0,47,0.0,57,0.0,58,0.0,47.0,0.0
j30,j3015_3,j3015_3.sm,54.0,57.0,48.0,48.0,59.0,58.0,48.0,53.0,48.0,54.0,52.0,49.0,52.0,60.0,48.0,48.0,48.0,48.0,53.0,48.0,51.0,59.0,54.0,53.0,48.0,48.0,53.0,50.0,50.0,51.0,52.0,52.0,51.0,53.0,54.0,54.0,48.0,48.0,48.0,48.0,54.0,48.0,52.0,53.0,48,54,0.0,57,0.0,48,0.0,48,0.0,59,0.0,58,0.0,48,0.0,55,-7.0,54,0.0,,,,,,,48,0.0,53,0.0,48,0.0,51,0.0,59,0.0,48.0,0.0
j30,j3015_4,j3015_4.sm,50.0,49.0,48.0,48.0,48.0,59.0,48.0,49.0,48.0,48.0,48.0,48.0,48.0,48.0,48.0,48.0,48.0,48.0,51.0,48.0,48.0,59.0,52.0,51.0,48.0,48.0,49.0,52.0,48.0,49.0,54.0,54.0,49.0,48.0,52.0,48.0,48.0,48.0,48.0,48.0,51.0,48.0,48.0,52.0,48,50,0.0,49,0.0,48,0.0,48,0.0,48,0.0,54,5.0,48,0.0,48,0.0,48,0.0,,,,,,,48,0.0,51,0.0,48,0.0,48,0.0,59,0.0,48.0,0.0
j30,j3015_5,j3015_5.sm,64.0,67.0,67.0,67.0,76.0,71.0,64.0,66.0,71.0,68.0,64.0,70.0,75.0,79.0,67.0,67.0,67.0,70.0,64.0,67.0,69.0,82.0,64.0,66.0,65.0,65.0,67.0,75.0,66.0,69.0,65.0,65.0,63.0,66.0,64.0,72.0,65.0,65.0,65.0,62.0,64.0,63.0,69.0,81.0,58,64,0.0,67,0.0,67,0.0,67,0.0,76,0.0,68,3.0,64,0.0,67,4.0,68,0.0,,,,,,,70,0.0,64,0.0,67,0.0,69,0.0,82,0.0,62.0,4.0
j30,j3015_6,j3015_6.sm,71.0,72.0,67.0,67.0,75.0,72.0,67.0,67.0,74.0,67.0,67.0,75.0,80.0,72.0,67.0,67.0,67.0,67.0,72.0,67.0,70.0,78.0,71.0,75.0,70.0,70.0,75.0,68.0,67.0,70.0,75.0,70.0,67.0,72.0,72.0,72.0,70.0,70.0,70.0,70.0,74.0,70.0,67.0,75.0,67,71,0.0,72,0.0,67,0.0,67,0.0,75,0.0,67,5.0,67,0.0,67,7.0,67,0.0,,,,,,,67,0.0,72,0.0,67,0.0,70,0.0,78,0.0,67.0,0.0
j30,j3015_7,j3015_7.sm,49.0,53.0,47.0,47.0,58.0,53.0,48.0,58.0,52.0,50.0,50.0,54.0,56.0,50.0,47.0,47.0,47.0,52.0,50.0,47.0,58.0,61.0,49.0,50.0,47.0,47.0,50.0,49.0,47.0,50.0,50.0,55.0,50.0,54.0,54.0,50.0,47.0,47.0,47.0,47.0,50.0,47.0,49.0,50.0,47,49,0.0,53,0.0,47,0.0,47,0.0,58,0.0,47,6.0,48,0.0,48,4.0,50,0.0,,,,,,,52,0.0,50,0.0,47,0.0,58,0.0,61,0.0,47.0,0.0
j30,j3015_8,j3015_8.sm,60.0,62.0,50.0,53.0,55.0,61.0,51.0,60.0,56.0,58.0,60.0,66.0,54.0,58.0,53.0,50.0,50.0,51.0,58.0,50.0,59.0,67.0,60.0,56.0,50.0,53.0,56.0,54.0,53.0,54.0,57.0,55.0,57.0,52.0,62.0,51.0,50.0,51.0,50.0,52.0,58.0,50.0,52.0,53.0,50,60,0.0,62,0.0,50,0.0,53,0.0,55,0.0,54,7.0,51,0.0,50,6.0,58,0.0,,,,,,,51,0.0,58,0.0,50,0.0,59,0.0,67,0.0,50.0,0.0
j30,j3015_9,j3015_9.sm,58.0,58.0,54.0,54.0,61.0,55.0,54.0,56.0,54.0,54.0,58.0,56.0,58.0,54.0,54.0,54.0,54.0,54.0,60.0,54.0,56.0,65.0,59.0,58.0,54.0,54.0,58.0,54.0,54.0,59.0,54.0,58.0,58.0,55.0,58.0,60.0,54.0,54.0,54.0,56.0,55.0,57.0,60.0,62.0,54,58,0.0,58,0.0,54,0.0,54,0.0,61,0.0,54,1.0,54,0.0,58,-4.0,54,0.0,,,,,,,54,0.0,58,2.0,54,0.0,56,0.0,65,0.0,54.0,0.0
j30,j3016_1,j3016_1.sm,51.0,51.0,51.0,51.0,51.0,51.0,51.0,51.0,51.0,51.0,51.0,51.0,51.0,51.0,51.0,51.0,51.0,51.0,51.0,51.0,51.0,51.0,51.0,51.0,51.0,51.0,51.0,51.0,51.0,51.0,51.0,51.0,51.0,51.0,51.0,51.0,51.0,51.0,51.0,51.0,51.0,51.0,51.0,51.0,51,51,0.0,51,0.0,51,0.0,51,0.0,51,0.0,51,0.0,51,0.0,51,0.0,51,0.0,,,,,,,51,0.0,51,0.0,51,0.0,51,0.0,51,0.0,51.0,0.0
j30,j3016_10,j3016_10.sm,51.0,51.0,51.0,51.0,51.0,51.0,51.0,51.0,51.0,51.0,51.0,51.0,51.0,51.0,51.0,51.0,51.0,51.0,51.0,51.0,51.0,51.0,51.0,51.0,51.0,51.0,51.0,51.0,51.0,51.0,51.0,51.0,51.0,51.0,51.0,51.0,51.0,51.0,51.0,51.0,51.0,51.0,51.0,51.0,51,51,0.0,51,0.0,51,0.0,51,0.0,51,0.0,51,0.0,51,0.0,51,0.0,51,0.0,,,,,,,51,0.0,51,0.0,51,0.0,51,0.0,51,0.0,51.0,0.0
j30,j3016_2,j3016_2.sm,48.0,48.0,48.0,48.0,48.0,48.0,48.0,48.0,48.0,48.0,48.0,48.0,48.0,48.0,48.0,48.0,48.0,48.0,48.0,48.0,48.0,48.0,48.0,48.0,48.0,48.0,48.0,48.0,48.0,48.0,48.0,48.0,48.0,48.0,48.0,48.0,48.0,48.0,48.0,48.0,48.0,48.0,48.0,48.0,48,48,0.0,48,0.0,48,0.0,48,0.0,48,0.0,48,0.0,48,0.0,48,0.0,48,0.0,,,,,,,48,0.0,48,0.0,48,0.0,48,0.0,48,0.0,48.0,0.0
j30,j3016_3,j3016_3.sm,36.0,36.0,36.0,36.0,36.0,36.0,36.0,36.0,36.0,36.0,36.0,36.0,36.0,36.0,36.0,36.0,36.0,36.0,36.0,36.0,36.0,36.0,36.0,36.0,36.0,36.0,36.0,36.0,36.0,36.0,36.0,36.0,36.0,36.0,36.0,36.0,36.0,36.0,36.0,36.0,36.0,36.0,36.0,36.0,36,36,0.0,36,0.0,36,0.0,36,0.0,36,0.0,36,0.0,36,0.0,36,0.0,36,0.0,,,,,,,36,0.0,36,0.0,36,0.0,36,0.0,36,0.0,36.0,0.0
j30,j3016_4,j3016_4.sm,47.0,47.0,47.0,47.0,47.0,47.0,47.0,47.0,47.0,47.0,47.0,47.0,47.0,47.0,47.0,47.0,47.0,47.0,47.0,47.0,47.0,47.0,47.0,47.0,47.0,47.0,47.0,47.0,47.0,47.0,47.0,47.0,47.0,47.0,47.0,47.0,47.0,47.0,47.0,47.0,47.0,47.0,47.0,47.0,47,47,0.0,47,0.0,47,0.0,47,0.0,47,0.0,47,0.0,47,0.0,47,0.0,47,0.0,,,,,,,47,0.0,47,0.0,47,0.0,47,0.0,47,0.0,47.0,0.0
j30,j3016_5,j3016_5.sm,51.0,51.0,51.0,51.0,51.0,51.0,51.0,51.0,51.0,51.0,51.0,51.0,51.0,51.0,51.0,51.0,51.0,51.0,51.0,51.0,51.0,51.0,51.0,51.0,51.0,51.0,51.0,51.0,51.0,51.0,51.0,51.0,51.0,51.0,51.0,51.0,51.0,51.0,51.0,51.0,51.0,51.0,51.0,51.0,51,51,0.0,51,0.0,51,0.0,51,0.0,51,0.0,51,0.0,51,0.0,51,0.0,51,0.0,,,,,,,51,0.0,51,0.0,51,0.0,51,0.0,51,0.0,51.0,0.0
j30,j3016_6,j3016_6.sm,51.0,51.0,51.0,51.0,51.0,51.0,51.0,51.0,51.0,51.0,51.0,51.0,51.0,51.0,51.0,51.0,51.0,51.0,51.0,51.0,51.0,51.0,51.0,51.0,51.0,51.0,51.0,51.0,51.0,51.0,51.0,51.0,51.0,51.0,51.0,51.0,51.0,51.0,51.0,51.0,51.0,51.0,51.0,51.0,51,51,0.0,51,0.0,51,0.0,51,0.0,51,0.0,51,0.0,51,0.0,51,0.0,51,0.0,,,,,,,51,0.0,51,0.0,51,0.0,51,0.0,51,0.0,51.0,0.0
j30,j3016_7,j3016_7.sm,34.0,34.0,34.0,34.0,34.0,34.0,34.0,34.0,34.0,34.0,34.0,34.0,34.0,34.0,34.0,34.0,34.0,34.0,34.0,34.0,34.0,34.0,34.0,34.0,34.0,34.0,34.0,34.0,34.0,34.0,34.0,34.0,34.0,34.0,34.0,34.0,34.0,34.0,34.0,34.0,34.0,34.0,34.0,34.0,34,34,0.0,34,0.0,34,0.0,34,0.0,34,0.0,34,0.0,34,0.0,34,0.0,34,0.0,,,,,,,34,0.0,34,0.0,34,0.0,34,0.0,34,0.0,34.0,0.0
j30,j3016_8,j3016_8.sm,44.0,44.0,44.0,44.0,44.0,44.0,44.0,44.0,44.0,44.0,44.0,44.0,44.0,44.0,44.0,44.0,44.0,44.0,44.0,44.0,44.0,44.0,44.0,44.0,44.0,44.0,44.0,44.0,44.0,44.0,44.0,44.0,44.0,44.0,44.0,44.0,44.0,44.0,44.0,44.0,44.0,44.0,44.0,44.0,44,44,0.0,44,0.0,44,0.0,44,0.0,44,0.0,44,0.0,44,0.0,44,0.0,44,0.0,,,,,,,44,0.0,44,0.0,44,0.0,44,0.0,44,0.0,44.0,0.0
j30,j3016_9,j3016_9.sm,44.0,44.0,44.0,44.0,44.0,44.0,44.0,44.0,44.0,44.0,44.0,44.0,44.0,44.0,44.0,44.0,44.0,44.0,44.0,44.0,44.0,44.0,44.0,44.0,44.0,44.0,44.0,44.0,44.0,44.0,44.0,44.0,44.0,44.0,44.0,44.0,44.0,44.0,44.0,44.0,44.0,44.0,44.0,44.0,44,44,0.0,44,0.0,44,0.0,44,0.0,44,0.0,44,0.0,44,0.0,44,0.0,44,0.0,,,,,,,44,0.0,44,0.0,44,0.0,44,0.0,44,0.0,44.0,0.0
j30,j3017_1,j3017_1.sm,66.0,66.0,67.0,66.0,81.0,70.0,66.0,73.0,67.0,66.0,66.0,70.0,70.0,66.0,78.0,66.0,67.0,67.0,66.0,67.0,73.0,77.0,66.0,66.0,67.0,66.0,66.0,71.0,66.0,71.0,66.0,64.0,66.0,70.0,70.0,66.0,66.0,66.0,67.0,67.0,66.0,67.0,67.0,71.0,64,66,0.0,66,0.0,67,0.0,66,0.0,81,0.0,66,4.0,66,0.0,70,-3.0,66,0.0,,,,,,,67,0.0,66,0.0,67,0.0,73,0.0,77,0.0,64.0,0.0
j30,j3017_10,j3017_10.sm,75.0,76.0,66.0,66.0,73.0,76.0,75.0,110.0,100.0,84.0,81.0,87.0,87.0,81.0,83.0,66.0,66.0,75.0,91.0,75.0,100.0,110.0,75.0,75.0,75.0,75.0,75.0,75.0,75.0,79.0,79.0,75.0,79.0,75.0,75.0,79.0,75.0,75.0,75.0,75.0,75.0,75.0,75.0,87.0,66,75,0.0,76,0.0,66,0.0,66,0.0,73,0.0,79,-3.0,75,0.0,84,16.0,84,0.0,,,,,,,75,0.0,91,0.0,75,0.0,100,0.0,110,0.0,66.0,0.0
j30,j3017_2,j3017_2.sm,72.0,68.0,69.0,68.0,70.0,70.0,68.0,74.0,74.0,68.0,69.0,68.0,68.0,69.0,70.0,68.0,69.0,69.0,72.0,69.0,69.0,70.0,69.0,68.0,69.0,69.0,70.0,69.0,68.0,69.0,69.0,68.0,69.0,68.0,68.0,69.0,69.0,69.0,69.0,68.0,69.0,68.0,68.0,70.0,68,72,0.0,68,0.0,69,0.0,68,0.0,70,0.0,70,0.0,68,0.0,69,5.0,68,0.0,,,,,,,69,0.0,72,0.0,69,0.0,69,0.0,70,0.0,68.0,0.0
j30,j3017_3,j3017_3.sm,67.0,64.0,60.0,60.0,64.0,64.0,60.0,60.0,60.0,70.0,60.0,65.0,65.0,60.0,60.0,60.0,60.0,60.0,64.0,60.0,60.0,64.0,65.0,64.0,60.0,60.0,64.0,60.0,60.0,60.0,60.0,65.0,60.0,65.0,65.0,60.0,60.0,60.0,60.0,60.0,64.0,60.0,60.0,64.0,60,67,0.0,64,0.0,60,0.0,60,0.0,64,0.0,67,-3.0,60,0.0,60,0.0,70,0.0,,,,,,,60,0.0,64,0.0,60,0.0,60,0.0,64,0.0,60.0,0.0
j30,j3017_4,j3017_4.sm,55.0,55.0,54.0,54.0,61.0,59.0,54.0,49.0,54.0,54.0,51.0,54.0,54.0,51.0,54.0,54.0,54.0,56.0,50.0,54.0,57.0,54.0,50.0,50.0,50.0,50.0,57.0,51.0,50.0,57.0,54.0,56.0,51.0,56.0,56.0,51.0,50.0,50.0,50.0,50.0,50.0,50.0,57.0,54.0,49,55,0.0,55,0.0,54,0.0,54,0.0,61,0.0,55,4.0,54,0.0,49,5.0,54,0.0,,,,,,,56,0.0,50,0.0,54,0.0,57,0.0,54,0.0,49.0,0.0
j30,j3017_5,j3017_5.sm,51.0,55.0,60.0,48.0,59.0,53.0,48.0,72.0,64.0,55.0,52.0,63.0,63.0,52.0,55.0,52.0,53.0,48.0,49.0,48.0,53.0,63.0,51.0,51.0,54.0,48.0,51.0,48.0,48.0,63.0,66.0,53.0,51.0,51.0,51.0,51.0,48.0,48.0,49.0,48.0,49.0,48.0,51.0,63.0,47,51,0.0,55,0.0,60,0.0,48,0.0,59,0.0,60,-7.0,48,0.0,59,5.0,55,0.0,,,,,,,48,0.0,49,0.0,48,0.0,53,0.0,63,0.0,48.0,1.0
j30,j3017_6,j3017_6.sm,71.0,72.0,63.0,63.0,86.0,80.0,63.0,70.0,71.0,79.0,65.0,63.0,63.0,65.0,73.0,63.0,63.0,63.0,81.0,63.0,63.0,82.0,72.0,73.0,65.0,65.0,72.0,72.0,72.0,72.0,74.0,72.0,72.0,72.0,72.0,72.0,65.0,65.0,65.0,65.0,76.0,65.0,72.0,76.0,63,71,0.0,72,0.0,63,0.0,63,0.0,86,0.0,70,10.0,63,0.0,72,-1.0,79,0.0,,,,,,,63,0.0,81,0.0,63,0.0,63,0.0,82,0.0,63.0,0.0
j30,j3017_7,j3017_7.sm,62.0,62.0,60.0,59.0,60.0,60.0,59.0,62.0,60.0,60.0,68.0,57.0,57.0,68.0,58.0,57.0,60.0,59.0,65.0,59.0,68.0,75.0,57.0,58.0,60.0,57.0,58.0,58.0,57.0,60.0,60.0,60.0,58.0,57.0,57.0,58.0,57.0,57.0,60.0,57.0,58.0,57.0,60.0,58.0,57,62,0.0,62,0.0,60,0.0,59,0.0,60,0.0,58,2.0,59,0.0,57,3.0,60,0.0,,,,,,,59,0.0,65,0.0,59,0.0,68,0.0,75,0.0,57.0,0.0
j30,j3017_8,j3017_8.sm,68.0,74.0,67.0,65.0,81.0,74.0,64.0,70.0,70.0,70.0,66.0,78.0,78.0,66.0,77.0,67.0,67.0,64.0,68.0,64.0,69.0,75.0,68.0,69.0,67.0,67.0,69.0,74.0,67.0,74.0,74.0,67.0,68.0,72.0,72.0,68.0,67.0,67.0,67.0,67.0,68.0,67.0,74.0,74.0,61,68,0.0,74,0.0,67,0.0,65,0.0,81,0.0,77,-3.0,64,0.0,61,9.0,70,0.0,,,,,,,64,0.0,68,0.0,64,0.0,69,0.0,75,0.0,64.0,3.0
j30,j3017_9,j3017_9.sm,52.0,56.0,50.0,54.0,59.0,54.0,50.0,57.0,56.0,57.0,57.0,57.0,57.0,57.0,59.0,49.0,50.0,50.0,56.0,50.0,57.0,61.0,52.0,61.0,50.0,50.0,61.0,51.0,54.0,56.0,56.0,54.0,54.0,52.0,52.0,54.0,50.0,50.0,50.0,50.0,50.0,54.0,56.0,56.0,48,52,0.0,56,0.0,50,0.0,54,0.0,59,0.0,63,-9.0,50,0.0,50,6.0,57,0.0,,,,,,,50,0.0,56,0.0,50,0.0,57,0.0,61,0.0,49.0,1.0
j30,j3018_1,j3018_1.sm,55.0,58.0,53.0,53.0,73.0,63.0,53.0,62.0,58.0,64.0,55.0,57.0,57.0,55.0,53.0,53.0,53.0,53.0,55.0,53.0,57.0,58.0,55.0,55.0,55.0,55.0,55.0,55.0,55.0,55.0,55.0,55.0,55.0,55.0,55.0,55.0,55.0,55.0,55.0,55.0,55.0,55.0,55.0,55.0,53,55,0.0,58,0.0,53,0.0,53,0.0,73,0.0,55,8.0,53,0.0,67,-9.0,64,0.0,,,,,,,53,0.0,55,0.0,53,0.0,57,0.0,58,0.0,53.0,0.0
j30,j3018_10,j3018_10.sm,52.0,53.0,52.0,52.0,49.0,54.0,53.0,57.0,57.0,57.0,56.0,58.0,58.0,56.0,50.0,52.0,52.0,52.0,54.0,52.0,57.0,59.0,52.0,50.0,50.0,50.0,50.0,50.0,50.0,50.0,53.0,51.0,52.0,52.0,52.0,52.0,50.0,50.0,50.0,50.0,53.0,50.0,50.0,54.0,49,52,0.0,53,0.0,52,0.0,52,0.0,49,0.0,57,-3.0,53,0.0,58,-1.0,57,0.0,,,,,,,52,0.0,54,0.0,52,0.0,57,0.0,59,0.0,49.0,0.0
j30,j3018_2,j3018_2.sm,55.0,62.0,55.0,55.0,69.0,65.0,61.0,55.0,55.0,55.0,55.0,66.0,66.0,55.0,55.0,63.0,55.0,63.0,55.0,63.0,66.0,66.0,55.0,55.0,55.0,55.0,55.0,55.0,55.0,55.0,55.0,55.0,55.0,55.0,55.0,55.0,55.0,55.0,55.0,55.0,55.0,55.0,55.0,55.0,55,55,0.0,62,0.0,55,0.0,55,0.0,69,0.0,55,10.0,61,0.0,55,0.0,55,0.0,,,,,,,63,0.0,55,0.0,63,0.0,66,0.0,66,0.0,55.0,0.0
j30,j3018_3,j3018_3.sm,61.0,61.0,56.0,56.0,56.0,59.0,61.0,79.0,59.0,59.0,66.0,59.0,59.0,66.0,59.0,61.0,56.0,61.0,59.0,61.0,60.0,72.0,56.0,56.0,56.0,56.0,66.0,59.0,56.0,66.0,66.0,66.0,66.0,66.0,66.0,66.0,56.0,56.0,56.0,56.0,59.0,56.0,66.0,59.0,56,61,0.0,61,0.0,56,0.0,56,0.0,56,0.0,59,0.0,61,0.0,66,-7.0,59,0.0,,,,,,,61,0.0,59,0.0,61,0.0,60,0.0,72,0.0,56.0,0.0
j30,j3018_4,j3018_4.sm,70.0,70.0,71.0,70.0,70.0,85.0,70.0,70.0,82.0,71.0,70.0,70.0,70.0,70.0,70.0,71.0,71.0,70.0,70.0,70.0,70.0,87.0,70.0,70.0,71.0,70.0,70.0,71.0,70.0,70.0,71.0,71.0,70.0,70.0,70.0,70.0,70.0,70.0,71.0,70.0,70.0,70.0,70.0,70.0,70,70,0.0,70,0.0,71,0.0,70,0.0,70,0.0,70,15.0,70,0.0,71,11.0,71,0.0,,,,,,,70,0.0,70,0.0,70,0.0,70,0.0,87,0.0,70.0,0.0
j30,j3018_5,j3018_5.sm,52.0,56.0,57.0,52.0,56.0,57.0,52.0,52.0,57.0,57.0,56.0,52.0,52.0,56.0,52.0,52.0,57.0,52.0,52.0,52.0,52.0,56.0,52.0,52.0,57.0,52.0,52.0,57.0,52.0,57.0,57.0,57.0,52.0,52.0,52.0,52.0,52.0,52.0,52.0,52.0,52.0,52.0,52.0,57.0,52,52,0.0,56,0.0,57,0.0,52,0.0,56,0.0,57,0.0,52,0.0,57,0.0,57,0.0,,,,,,,52,0.0,52,0.0,52,0.0,52,0.0,56,0.0,52.0,0.0
j30,j3018_6,j3018_6.sm,66.0,66.0,62.0,62.0,74.0,65.0,66.0,76.0,65.0,65.0,69.0,74.0,74.0,69.0,66.0,66.0,62.0,62.0,70.0,62.0,76.0,65.0,65.0,70.0,62.0,62.0,74.0,62.0,65.0,62.0,62.0,65.0,65.0,65.0,65.0,65.0,69.0,62.0,62.0,62.0,70.0,62.0,69.0,74.0,62,66,0.0,66,0.0,62,0.0,62,0.0,74,0.0,65,0.0,66,0.0,65,0.0,65,0.0,,,,,,,62,0.0,70,0.0,62,0.0,76,0.0,65,0.0,62.0,0.0
j30,j3018_7,j3018_7.sm,54.0,51.0,51.0,56.0,57.0,57.0,48.0,56.0,50.0,51.0,56.0,51.0,51.0,56.0,56.0,51.0,51.0,51.0,48.0,51.0,56.0,51.0,54.0,51.0,51.0,51.0,51.0,48.0,48.0,51.0,48.0,60.0,54.0,55.0,55.0,54.0,51.0,51.0,51.0,51.0,48.0,51.0,51.0,60.0,48,54,0.0,51,0.0,51,0.0,56,0.0,57,0.0,51,6.0,48,0.0,48,2.0,51,0.0,,,,,,,51,0.0,48,0.0,51,0.0,56,0.0,51,0.0,48.0,0.0
j30,j3018_8,j3018_8.sm,63.0,58.0,52.0,52.0,68.0,58.0,52.0,52.0,58.0,52.0,52.0,52.0,52.0,52.0,60.0,52.0,52.0,52.0,63.0,52.0,52.0,63.0,52.0,52.0,52.0,52.0,52.0,52.0,52.0,52.0,52.0,52.0,52.0,52.0,52.0,52.0,52.0,52.0,52.0,52.0,52.0,52.0,52.0,52.0,52,63,0.0,58,0.0,52,0.0,52,0.0,68,0.0,52,6.0,52,0.0,52,6.0,52,0.0,,,,,,,52,0.0,63,0.0,52,0.0,52,0.0,63,0.0,52.0,0.0
j30,j3018_9,j3018_9.sm,55.0,55.0,54.0,54.0,63.0,50.0,57.0,63.0,50.0,50.0,55.0,50.0,50.0,55.0,54.0,54.0,54.0,54.0,55.0,54.0,50.0,50.0,50.0,50.0,50.0,50.0,50.0,50.0,50.0,56.0,56.0,50.0,56.0,50.0,50.0,56.0,50.0,50.0,50.0,50.0,50.0,50.0,56.0,56.0,47,55,0.0,55,0.0,54,0.0,54,0.0,63,0.0,47,3.0,57,0.0,50,0.0,50,0.0,,,,,,,54,0.0,55,0.0,54,0.0,50,0.0,50,0.0,50.0,3.0
j30,j3019_1,j3019_1.sm,43.0,41.0,40.0,40.0,46.0,44.0,40.0,46.0,40.0,40.0,41.0,48.0,48.0,41.0,44.0,40.0,40.0,40.0,45.0,40.0,42.0,58.0,44.0,41.0,40.0,40.0,41.0,41.0,40.0,45.0,44.0,44.0,44.0,40.0,40.0,44.0,40.0,40.0,40.0,40.0,45.0,40.0,44.0,41.0,40,43,0.0,41,0.0,40,0.0,40,0.0,46,0.0,58,-14.0,40,0.0,48,-8.0,40,0.0,,,,,,,40,0.0,45,0.0,40,0.0,42,0.0,58,0.0,40.0,0.0
j30,j3019_10,j3019_10.sm,47.0,47.0,47.0,47.0,57.0,47.0,47.0,60.0,48.0,58.0,57.0,60.0,60.0,57.0,47.0,47.0,47.0,47.0,48.0,47.0,47.0,61.0,47.0,47.0,47.0,47.0,47.0,47.0,47.0,47.0,48.0,48.0,47.0,47.0,47.0,47.0,47.0,47.0,47.0,47.0,48.0,47.0,47.0,48.0,47,47,0.0,47,0.0,47,0.0,47,0.0,57,0.0,47,0.0,47,0.0,47,1.0,58,0.0,,,,,,,47,0.0,48,0.0,47,0.0,47,0.0,61,0.0,47.0,0.0
j30,j3019_2,j3019_2.sm,58.0,58.0,58.0,58.0,66.0,65.0,58.0,65.0,58.0,58.0,58.0,65.0,65.0,58.0,58.0,58.0,58.0,58.0,65.0,58.0,65.0,66.0,58.0,58.0,58.0,58.0,58.0,58.0,58.0,58.0,58.0,58.0,58.0,58.0,58.0,58.0,58.0,58.0,58.0,58.0,58.0,58.0,58.0,58.0,58,58,0.0,58,0.0,58,0.0,58,0.0,66,0.0,66,-1.0,58,0.0,58,0.0,58,0.0,,,,,,,58,0.0,65,0.0,58,0.0,65,0.0,66,0.0,58.0,0.0
j30,j3019_3,j3019_3.sm,83.0,91.0,83.0,83.0,91.0,83.0,83.0,91.0,91.0,91.0,91.0,91.0,91.0,91.0,91.0,83.0,83.0,83.0,91.0,83.0,91.0,91.0,83.0,83.0,83.0,83.0,83.0,83.0,83.0,83.0,83.0,83.0,83.0,83.0,83.0,83.0,83.0,83.0,83.0,83.0,83.0,83.0,83.0,83.0,83,83,0.0,91,0.0,83,0.0,83,0.0,91,0.0,83,0.0,83,0.0,91,0.0,91,0.0,,,,,,,83,0.0,91,0.0,83,0.0,91,0.0,91,0.0,83.0,0.0
j30,j3019_4,j3019_4.sm,39.0,39.0,39.0,39.0,53.0,47.0,39.0,49.0,49.0,49.0,47.0,47.0,47.0,47.0,39.0,47.0,39.0,39.0,39.0,39.0,49.0,53.0,39.0,39.0,39.0,39.0,44.0,44.0,39.0,44.0,44.0,43.0,39.0,39.0,39.0,39.0,39.0,39.0,39.0,39.0,39.0,39.0,44.0,44.0,39,39,0.0,39,0.0,39,0.0,39,0.0,53,0.0,49,-2.0,39,0.0,47,2.0,49,0.0,,,,,,,39,0.0,39,0.0,39,0.0,49,0.0,53,0.0,39.0,0.0
j30,j3019_5,j3019_5.sm,50.0,50.0,48.0,48.0,56.0,53.0,48.0,52.0,53.0,52.0,52.0,52.0,52.0,52.0,48.0,48.0,48.0,48.0,50.0,48.0,50.0,50.0,50.0,50.0,50.0,50.0,50.0,50.0,50.0,50.0,50.0,50.0,50.0,50.0,50.0,50.0,50.0,50.0,50.0,50.0,50.0,50.0,50.0,50.0,48,50,0.0,50,0.0,48,0.0,48,0.0,56,0.0,48,5.0,48,0.0,48,5.0,52,0.0,,,,,,,48,0.0,50,0.0,48,0.0,50,0.0,50,0.0,48.0,0.0
j30,j3019_6,j3019_6.sm,51.0,55.0,49.0,49.0,55.0,49.0,49.0,49.0,49.0,49.0,49.0,49.0,49.0,49.0,54.0,54.0,49.0,49.0,54.0,49.0,49.0,49.0,51.0,51.0,51.0,51.0,51.0,54.0,51.0,54.0,54.0,54.0,51.0,51.0,51.0,51.0,51.0,51.0,51.0,51.0,54.0,51.0,51.0,54.0,49,51,0.0,55,0.0,49,0.0,49,0.0,55,0.0,49,0.0,49,0.0,49,0.0,49,0.0,,,,,,,49,0.0,54,0.0,49,0.0,49,0.0,49,0.0,49.0,0.0
j30,j3019_7,j3019_7.sm,57.0,57.0,58.0,58.0,65.0,59.0,58.0,57.0,59.0,59.0,57.0,59.0,59.0,57.0,73.0,57.0,58.0,58.0,57.0,58.0,59.0,58.0,57.0,57.0,57.0,57.0,57.0,59.0,57.0,57.0,59.0,59.0,57.0,59.0,59.0,57.0,57.0,57.0,57.0,57.0,57.0,57.0,59.0,59.0,57,57,0.0,57,0.0,58,0.0,58,0.0,65,0.0,61,-2.0,58,0.0,58,1.0,59,0.0,,,,,,,58,0.0,57,0.0,58,0.0,59,0.0,58,0.0,57.0,0.0
j30,j3019_8,j3019_8.sm,58.0,58.0,55.0,55.0,57.0,55.0,55.0,58.0,55.0,55.0,58.0,55.0,55.0,58.0,55.0,55.0,55.0,55.0,58.0,55.0,57.0,66.0,58.0,58.0,55.0,55.0,58.0,58.0,58.0,60.0,58.0,55.0,58.0,55.0,55.0,58.0,55.0,55.0,55.0,55.0,60.0,55.0,60.0,58.0,55,58,0.0,58,0.0,55,0.0,55,0.0,57,0.0,58,-3.0,55,0.0,55,0.0,55,0.0,,,,,,,55,0.0,58,0.0,55,0.0,57,0.0,66,0.0,55.0,0.0
j30,j3019_9,j3019_9.sm,39.0,45.0,38.0,38.0,45.0,44.0,45.0,45.0,45.0,44.0,45.0,44.0,44.0,45.0,38.0,40.0,38.0,38.0,45.0,38.0,44.0,45.0,39.0,39.0,39.0,39.0,39.0,44.0,39.0,39.0,44.0,44.0,39.0,44.0,44.0,39.0,39.0,39.0,39.0,39.0,39.0,39.0,44.0,44.0,38,39,0.0,45,0.0,38,0.0,38,0.0,45,0.0,45,-1.0,45,0.0,43,2.0,44,0.0,,,,,,,38,0.0,45,0.0,38,0.0,44,0.0,45,0.0,38.0,0.0
j30,j301_1,j301_1.sm,51.0,60.0,46.0,49.0,57.0,47.0,49.0,63.0,63.0,53.0,49.0,60.0,60.0,49.0,51.0,47.0,46.0,52.0,53.0,52.0,46.0,74.0,61.0,51.0,46.0,43.0,45.0,48.0,43.0,61.0,61.0,53.0,61.0,51.0,51.0,61.0,43.0,43.0,46.0,46.0,51.0,46.0,43.0,61.0,43,51,0.0,60,0.0,46,0.0,49,0.0,57,0.0,61,-14.0,49,0.0,60,3.0,53,0.0,,,,,,,52,0.0,53,0.0,52,0.0,46,0.0,74,0.0,43.0,0.0
j30,j301_10,j301_10.sm,52.0,47.0,46.0,46.0,54.0,51.0,46.0,60.0,58.0,64.0,54.0,51.0,51.0,54.0,58.0,48.0,46.0,46.0,51.0,46.0,60.0,64.0,53.0,53.0,53.0,53.0,47.0,47.0,53.0,50.0,50.0,50.0,53.0,50.0,50.0,53.0,53.0,53.0,53.0,53.0,53.0,53.0,50.0,50.0,45,52,0.0,47,0.0,46,0.0,46,0.0,54,0.0,50,1.0,46,0.0,46,12.0,64,0.0,,,,,,,46,0.0,51,0.0,46,0.0,60,0.0,64,0.0,46.0,1.0
j30,j301_2,j301_2.sm,54.0,57.0,48.0,51.0,57.0,59.0,47.0,57.0,54.0,57.0,51.0,58.0,58.0,51.0,51.0,48.0,48.0,47.0,57.0,48.0,58.0,57.0,51.0,56.0,51.0,50.0,56.0,52.0,50.0,52.0,57.0,57.0,50.0,51.0,51.0,50.0,50.0,50.0,51.0,50.0,56.0,51.0,59.0,66.0,47,54,0.0,57,0.0,48,0.0,51,0.0,57,0.0,63,-4.0,47,0.0,48,6.0,57,0.0,,,,,,,47,0.0,57,0.0,48,0.0,58,0.0,57,0.0,47.0,0.0
j30,j301_3,j301_3.sm,57.0,57.0,51.0,47.0,50.0,54.0,51.0,53.0,53.0,57.0,51.0,55.0,55.0,51.0,54.0,54.0,51.0,47.0,57.0,47.0,51.0,60.0,51.0,51.0,51.0,51.0,51.0,51.0,51.0,51.0,51.0,56.0,51.0,51.0,51.0,51.0,51.0,51.0,51.0,51.0,51.0,51.0,51.0,51.0,47,57,0.0,57,0.0,51,0.0,47,0.0,50,0.0,53,1.0,51,0.0,58,-5.0,57,0.0,,,,,,,47,0.0,57,0.0,47,0.0,51,0.0,60,0.0,47.0,0.0
j30,j301_4,j301_4.sm,72.0,76.0,63.0,63.0,71.0,66.0,63.0,65.0,76.0,72.0,73.0,72.0,72.0,73.0,64.0,64.0,63.0,64.0,76.0,64.0,77.0,82.0,74.0,74.0,62.0,62.0,76.0,74.0,62.0,76.0,76.0,74.0,74.0,74.0,74.0,74.0,62.0,62.0,62.0,62.0,64.0,62.0,76.0,76.0,62,72,0.0,76,0.0,63,0.0,63,0.0,71,0.0,64,2.0,63,0.0,82,-6.0,72,0.0,,,,,,,64,0.0,76,0.0,64,0.0,77,0.0,82,0.0,62.0,0.0
j30,j301_5,j301_5.sm,41.0,48.0,47.0,47.0,42.0,43.0,47.0,54.0,61.0,52.0,43.0,52.0,52.0,43.0,47.0,45.0,47.0,45.0,40.0,45.0,54.0,73.0,41.0,40.0,41.0,41.0,40.0,52.0,41.0,50.0,63.0,52.0,41.0,47.0,47.0,41.0,41.0,41.0,41.0,41.0,40.0,41.0,50.0,64.0,39,41,0.0,48,0.0,47,0.0,47,0.0,42,0.0,43,0.0,47,0.0,53,8.0,52,0.0,,,,,,,45,0.0,41,-1.0,45,0.0,54,0.0,73,0.0,40.0,1.0
j30,j301_6,j301_6.sm,52.0,49.0,49.0,62.0,49.0,50.0,61.0,49.0,49.0,49.0,61.0,58.0,58.0,61.0,48.0,49.0,49.0,52.0,53.0,49.0,50.0,50.0,49.0,50.0,49.0,49.0,50.0,50.0,49.0,49.0,49.0,49.0,49.0,50.0,50.0,49.0,49.0,49.0,49.0,49.0,50.0,49.0,50.0,50.0,48,52,0.0,49,0.0,49,0.0,62,0.0,49,0.0,50,0.0,61,0.0,49,0.0,49,0.0,,,,,,,52,0.0,53,0.0,49,0.0,50,0.0,50,0.0,48.0,0.0
j30,j301_7,j301_7.sm,64.0,64.0,60.0,60.0,63.0,64.0,60.0,63.0,60.0,60.0,68.0,60.0,60.0,68.0,64.0,60.0,60.0,60.0,64.0,60.0,60.0,69.0,64.0,64.0,64.0,64.0,64.0,64.0,64.0,64.0,64.0,64.0,64.0,64.0,64.0,64.0,64.0,64.0,64.0,64.0,64.0,64.0,64.0,64.0,60,64,0.0,64,0.0,60,0.0,60,0.0,63,0.0,66,-2.0,60,0.0,64,-4.0,60,0.0,,,,,,,60,0.0,64,0.0,60,0.0,60,0.0,69,0.0,60.0,0.0
j30,j301_8,j301_8.sm,66.0,66.0,53.0,53.0,64.0,68.0,56.0,66.0,66.0,66.0,56.0,66.0,66.0,56.0,53.0,53.0,53.0,53.0,66.0,53.0,71.0,66.0,66.0,66.0,58.0,58.0,58.0,66.0,58.0,58.0,61.0,61.0,58.0,57.0,57.0,58.0,58.0,58.0,58.0,58.0,66.0,58.0,61.0,66.0,53,66,0.0,66,0.0,53,0.0,53,0.0,64,0.0,74,-6.0,56,0.0,56,10.0,66,0.0,,,,,,,53,0.0,66,0.0,53,0.0,71,0.0,66,0.0,53.0,0.0
j30,j301_9,j301_9.sm,58.0,53.0,58.0,57.0,54.0,60.0,58.0,59.0,60.0,55.0,55.0,61.0,61.0,55.0,57.0,58.0,58.0,58.0,58.0,58.0,57.0,60.0,51.0,51.0,51.0,51.0,51.0,52.0,51.0,51.0,52.0,52.0,51.0,52.0,52.0,51.0,51.0,51.0,51.0,51.0,51.0,51.0,52.0,52.0,49,58,0.0,53,0.0,58,0.0,57,0.0,54,0.0,51,9.0,58,0.0,52,8.0,55,0.0,,,,,,,58,0.0,55,3.0,58,0.0,57,0.0,60,0.0,51.0,2.0
j30,j3020_1,j3020_1.sm,57.0,57.0,57.0,57.0,57.0,57.0,57.0,57.0,57.0,57.0,57.0,57.0,57.0,57.0,57.0,57.0,57.0,57.0,57.0,57.0,57.0,57.0,57.0,57.0,57.0,57.0,57.0,57.0,57.0,57.0,57.0,57.0,57.0,57.0,57.0,57.0,57.0,57.0,57.0,57.0,57.0,57.0,57.0,57.0,57,57,0.0,57,0.0,57,0.0,57,0.0,57,0.0,57,0.0,57,0.0,57,0.0,57,0.0,,,,,,,57,0.0,57,0.0,57,0.0,57,0.0,57,0.0,57.0,0.0
j30,j3020_10,j3020_10.sm,37.0,37.0,37.0,37.0,37.0,37.0,37.0,37.0,37.0,37.0,37.0,37.0,37.0,37.0,37.0,37.0,37.0,37.0,37.0,37.0,37.0,37.0,37.0,37.0,37.0,37.0,37.0,37.0,37.0,37.0,37.0,37.0,37.0,37.0,37.0,37.0,37.0,37.0,37.0,37.0,37.0,37.0,37.0,37.0,37,37,0.0,37,0.0,37,0.0,37,0.0,37,0.0,37,0.0,37,0.0,37,0.0,37,0.0,,,,,,,37,0.0,37,0.0,37,0.0,37,0.0,37,0.0,37.0,0.0
j30,j3020_2,j3020_2.sm,70.0,70.0,70.0,70.0,70.0,70.0,70.0,70.0,70.0,70.0,70.0,70.0,70.0,70.0,70.0,70.0,70.0,70.0,70.0,70.0,70.0,70.0,70.0,70.0,70.0,70.0,70.0,70.0,70.0,70.0,70.0,70.0,70.0,70.0,70.0,70.0,70.0,70.0,70.0,70.0,70.0,70.0,70.0,70.0,70,70,0.0,70,0.0,70,0.0,70,0.0,70,0.0,70,0.0,70,0.0,70,0.0,70,0.0,,,,,,,70,0.0,70,0.0,70,0.0,70,0.0,70,0.0,70.0,0.0
j30,j3020_3,j3020_3.sm,49.0,49.0,49.0,49.0,49.0,49.0,49.0,49.0,49.0,49.0,49.0,49.0,49.0,49.0,49.0,49.0,49.0,49.0,49.0,49.0,49.0,49.0,49.0,49.0,49.0,49.0,49.0,49.0,49.0,49.0,49.0,49.0,49.0,49.0,49.0,49.0,49.0,49.0,49.0,49.0,49.0,49.0,49.0,49.0,49,49,0.0,49,0.0,49,0.0,49,0.0,49,0.0,49,0.0,49,0.0,49,0.0,49,0.0,,,,,,,49,0.0,49,0.0,49,0.0,49,0.0,49,0.0,49.0,0.0
j30,j3020_4,j3020_4.sm,43.0,43.0,43.0,43.0,43.0,43.0,43.0,43.0,43.0,43.0,43.0,43.0,43.0,43.0,43.0,43.0,43.0,43.0,43.0,43.0,43.0,43.0,43.0,43.0,43.0,43.0,43.0,43.0,43.0,43.0,43.0,43.0,43.0,43.0,43.0,43.0,43.0,43.0,43.0,43.0,43.0,43.0,43.0,43.0,43,43,0.0,43,0.0,43,0.0,43,0.0,43,0.0,43,0.0,43,0.0,43,0.0,43,0.0,,,,,,,43,0.0,43,0.0,43,0.0,43,0.0,43,0.0,43.0,0.0
j30,j3020_5,j3020_5.sm,61.0,61.0,61.0,61.0,61.0,61.0,61.0,61.0,61.0,61.0,61.0,61.0,61.0,61.0,61.0,61.0,61.0,61.0,61.0,61.0,61.0,61.0,61.0,61.0,61.0,61.0,61.0,61.0,61.0,61.0,61.0,61.0,61.0,61.0,61.0,61.0,61.0,61.0,61.0,61.0,61.0,61.0,61.0,61.0,61,61,0.0,61,0.0,61,0.0,61,0.0,61,0.0,61,0.0,61,0.0,61,0.0,61,0.0,,,,,,,61,0.0,61,0.0,61,0.0,61,0.0,61,0.0,61.0,0.0
j30,j3020_6,j3020_6.sm,51.0,51.0,51.0,51.0,51.0,51.0,51.0,51.0,51.0,51.0,51.0,51.0,51.0,51.0,51.0,51.0,51.0,51.0,51.0,51.0,51.0,51.0,51.0,51.0,51.0,51.0,51.0,51.0,51.0,51.0,51.0,51.0,51.0,51.0,51.0,51.0,51.0,51.0,51.0,51.0,51.0,51.0,51.0,51.0,51,51,0.0,51,0.0,51,0.0,51,0.0,51,0.0,51,0.0,51,0.0,51,0.0,51,0.0,,,,,,,51,0.0,51,0.0,51,0.0,51,0.0,51,0.0,51.0,0.0
j30,j3020_7,j3020_7.sm,42.0,42.0,42.0,42.0,42.0,42.0,42.0,42.0,42.0,42.0,42.0,42.0,42.0,42.0,42.0,42.0,42.0,42.0,42.0,42.0,42.0,42.0,42.0,42.0,42.0,42.0,42.0,42.0,42.0,42.0,42.0,42.0,42.0,42.0,42.0,42.0,42.0,42.0,42.0,42.0,42.0,42.0,42.0,42.0,42,42,0.0,42,0.0,42,0.0,42,0.0,42,0.0,42,0.0,42,0.0,42,0.0,42,0.0,,,,,,,42,0.0,42,0.0,42,0.0,42,0.0,42,0.0,42.0,0.0
j30,j3020_8,j3020_8.sm,51.0,51.0,51.0,51.0,51.0,51.0,51.0,51.0,51.0,51.0,51.0,51.0,51.0,51.0,51.0,51.0,51.0,51.0,51.0,51.0,51.0,51.0,51.0,51.0,51.0,51.0,51.0,51.0,51.0,51.0,51.0,51.0,51.0,51.0,51.0,51.0,51.0,51.0,51.0,51.0,51.0,51.0,51.0,51.0,51,51,0.0,51,0.0,51,0.0,51,0.0,51,0.0,51,0.0,51,0.0,51,0.0,51,0.0,,,,,,,51,0.0,51,0.0,51,0.0,51,0.0,51,0.0,51.0,0.0
j30,j3020_9,j3020_9.sm,41.0,41.0,41.0,41.0,41.0,41.0,41.0,41.0,41.0,41.0,41.0,41.0,41.0,41.0,41.0,41.0,41.0,41.0,41.0,41.0,41.0,41.0,41.0,41.0,41.0,41.0,41.0,41.0,41.0,41.0,41.0,41.0,41.0,41.0,41.0,41.0,41.0,41.0,41.0,41.0,41.0,41.0,41.0,41.0,41,41,0.0,41,0.0,41,0.0,41,0.0,41,0.0,41,0.0,41,0.0,41,0.0,41,0.0,,,,,,,41,0.0,41,0.0,41,0.0,41,0.0,41,0.0,41.0,0.0
j30,j3021_1,j3021_1.sm,91.0,96.0,91.0,90.0,101.0,101.0,97.0,97.0,97.0,103.0,102.0,95.0,98.0,97.0,92.0,90.0,92.0,95.0,99.0,95.0,101.0,98.0,91.0,94.0,95.0,95.0,94.0,95.0,95.0,95.0,95.0,91.0,95.0,93.0,95.0,95.0,95.0,95.0,95.0,95.0,92.0,95.0,95.0,103.0,84,91,0.0,96,0.0,91,0.0,90,0.0,101,0.0,102,-1.0,97,0.0,103,-6.0,103,0.0,,,,,,,95,0.0,99,0.0,95,0.0,101,0.0,98,0.0,90.0,6.0
j30,j3021_10,j3021_10.sm,77.0,76.0,77.0,78.0,103.0,86.0,78.0,94.0,94.0,84.0,78.0,87.0,89.0,83.0,84.0,77.0,77.0,79.0,76.0,80.0,99.0,97.0,75.0,76.0,75.0,75.0,72.0,88.0,75.0,84.0,95.0,95.0,89.0,75.0,80.0,78.0,75.0,75.0,75.0,75.0,75.0,75.0,85.0,86.0,69,77,0.0,76,0.0,77,0.0,78,0.0,103,0.0,98,-12.0,78,0.0,98,-4.0,84,0.0,,,,,,,79,0.0,76,0.0,80,0.0,99,0.0,97,0.0,72.0,3.0
j30,j3021_2,j3021_2.sm,68.0,80.0,70.0,74.0,73.0,79.0,66.0,94.0,84.0,84.0,72.0,71.0,72.0,72.0,75.0,67.0,70.0,68.0,68.0,72.0,74.0,80.0,66.0,70.0,73.0,64.0,70.0,64.0,67.0,70.0,91.0,85.0,74.0,71.0,70.0,65.0,66.0,67.0,73.0,67.0,70.0,63.0,79.0,79.0,59,68,0.0,80,0.0,70,0.0,74,0.0,73,0.0,78,1.0,66,0.0,71,13.0,84,0.0,,,,,,,68,0.0,68,0.0,72,0.0,74,0.0,80,0.0,63.0,4.0
j30,j3021_3,j3021_3.sm,81.0,87.0,79.0,83.0,86.0,89.0,81.0,85.0,81.0,81.0,78.0,81.0,81.0,83.0,91.0,79.0,79.0,79.0,96.0,79.0,99.0,91.0,84.0,83.0,81.0,81.0,84.0,82.0,80.0,81.0,81.0,81.0,81.0,83.0,81.0,83.0,81.0,81.0,81.0,81.0,83.0,81.0,91.0,91.0,76,81,0.0,87,0.0,79,0.0,83,0.0,86,0.0,91,-2.0,81,0.0,91,-10.0,81,0.0,,,,,,,79,0.0,96,0.0,79,0.0,99,0.0,91,0.0,78.0,2.0
j30,j3021_4,j3021_4.sm,83.0,82.0,80.0,80.0,84.0,82.0,80.0,86.0,92.0,82.0,87.0,82.0,82.0,81.0,85.0,83.0,79.0,80.0,78.0,82.0,95.0,85.0,76.0,76.0,78.0,77.0,85.0,79.0,77.0,79.0,80.0,79.0,76.0,80.0,79.0,79.0,78.0,78.0,78.0,76.0,76.0,76.0,82.0,84.0,70,83,0.0,82,0.0,80,0.0,80,0.0,84,0.0,82,0.0,80,0.0,86,6.0,82,0.0,,,,,,,80,0.0,78,0.0,87,-5.0,95,0.0,85,0.0,76.0,6.0
j30,j3021_5,j3021_5.sm,62.0,66.0,65.0,63.0,77.0,72.0,72.0,81.0,72.0,63.0,73.0,70.0,70.0,70.0,79.0,68.0,63.0,68.0,63.0,64.0,63.0,68.0,65.0,67.0,59.0,59.0,65.0,64.0,63.0,65.0,65.0,67.0,71.0,64.0,60.0,70.0,70.0,59.0,59.0,62.0,63.0,61.0,79.0,64.0,55,62,0.0,66,0.0,65,0.0,63,0.0,77,0.0,67,5.0,72,0.0,69,3.0,63,0.0,,,,,,,68,0.0,63,0.0,64,0.0,63,0.0,68,0.0,59.0,4.0
j30,j3021_6,j3021_6.sm,82.0,109.0,82.0,86.0,110.0,99.0,82.0,102.0,105.0,87.0,87.0,83.0,93.0,82.0,102.0,82.0,82.0,82.0,90.0,82.0,108.0,106.0,84.0,90.0,77.0,80.0,90.0,88.0,80.0,80.0,87.0,80.0,87.0,91.0,101.0,84.0,81.0,80.0,80.0,81.0,84.0,77.0,103.0,108.0,76,82,0.0,109,0.0,82,0.0,86,0.0,110,0.0,82,17.0,82,0.0,86,19.0,87,0.0,,,,,,,82,0.0,90,0.0,82,0.0,108,0.0,106,0.0,77.0,1.0
j30,j3021_7,j3021_7.sm,88.0,95.0,82.0,81.0,96.0,78.0,86.0,92.0,90.0,77.0,84.0,86.0,94.0,76.0,81.0,84.0,81.0,77.0,80.0,77.0,96.0,97.0,77.0,70.0,74.0,68.0,86.0,83.0,68.0,72.0,81.0,71.0,73.0,91.0,91.0,74.0,81.0,78.0,73.0,74.0,77.0,74.0,72.0,95.0,65,88,0.0,95,0.0,82,0.0,81,0.0,96,0.0,80,-2.0,86,0.0,83,7.0,77,0.0,,,,,,,77,0.0,80,0.0,77,0.0,96,0.0,97,0.0,68.0,3.0
j30,j3021_8,j3021_8.sm,68.0,70.0,76.0,78.0,86.0,94.0,75.0,84.0,74.0,81.0,77.0,81.0,74.0,77.0,81.0,79.0,78.0,75.0,75.0,79.0,94.0,72.0,76.0,71.0,71.0,70.0,84.0,73.0,71.0,65.0,65.0,71.0,72.0,72.0,75.0,73.0,72.0,64.0,69.0,71.0,86.0,71.0,88.0,78.0,62,68,0.0,70,0.0,76,0.0,78,0.0,86,0.0,78,16.0,75,0.0,94,-20.0,81,0.0,,,,,,,75,0.0,75,0.0,79,0.0,94,0.0,74,-2.0,64.0,2.0
j30,j3021_9,j3021_9.sm,80.0,85.0,78.0,88.0,101.0,91.0,81.0,83.0,83.0,78.0,80.0,82.0,81.0,95.0,90.0,83.0,78.0,83.0,83.0,79.0,109.0,90.0,87.0,79.0,71.0,71.0,79.0,75.0,71.0,89.0,89.0,78.0,79.0,76.0,72.0,89.0,71.0,71.0,71.0,76.0,79.0,71.0,89.0,78.0,69,80,0.0,85,0.0,78,0.0,88,0.0,101,0.0,80,11.0,81,0.0,78,5.0,78,0.0,,,,,,,83,0.0,83,0.0,79,0.0,109,0.0,90,0.0,71.0,2.0
j30,j3022_1,j3022_1.sm,48.0,45.0,43.0,44.0,61.0,68.0,43.0,65.0,57.0,51.0,43.0,56.0,54.0,43.0,44.0,42.0,42.0,44.0,50.0,42.0,65.0,57.0,46.0,49.0,43.0,46.0,49.0,50.0,46.0,46.0,57.0,55.0,43.0,55.0,43.0,46.0,46.0,43.0,43.0,48.0,47.0,46.0,50.0,48.0,42,48,0.0,45,0.0,43,0.0,44,0.0,61,0.0,53,15.0,43,0.0,55,2.0,51,0.0,,,,,,,44,0.0,50,0.0,42,0.0,65,0.0,57,0.0,42.0,0.0
j30,j3022_10,j3022_10.sm,61.0,60.0,62.0,63.0,66.0,70.0,62.0,69.0,70.0,75.0,60.0,70.0,70.0,62.0,64.0,62.0,62.0,65.0,62.0,60.0,70.0,70.0,61.0,65.0,58.0,58.0,62.0,67.0,58.0,64.0,65.0,69.0,64.0,62.0,63.0,64.0,57.0,58.0,58.0,61.0,65.0,64.0,67.0,66.0,55,61,0.0,60,0.0,62,0.0,63,0.0,66,0.0,72,-2.0,62,0.0,67,3.0,75,0.0,,,,,,,65,0.0,62,0.0,60,0.0,70,0.0,70,0.0,57.0,2.0
j30,j3022_2,j3022_2.sm,47.0,45.0,46.0,49.0,57.0,62.0,56.0,64.0,57.0,58.0,50.0,68.0,68.0,51.0,59.0,46.0,46.0,56.0,47.0,56.0,45.0,57.0,47.0,45.0,45.0,45.0,45.0,47.0,45.0,45.0,53.0,58.0,45.0,45.0,45.0,45.0,45.0,45.0,45.0,45.0,47.0,45.0,53.0,51.0,45,47,0.0,45,0.0,46,0.0,49,0.0,57,0.0,45,17.0,56,0.0,64,-7.0,58,0.0,,,,,,,56,0.0,47,0.0,56,0.0,45,0.0,57,0.0,45.0,0.0
j30,j3022_3,j3022_3.sm,71.0,72.0,64.0,63.0,66.0,65.0,63.0,63.0,63.0,69.0,63.0,63.0,63.0,63.0,63.0,63.0,64.0,63.0,71.0,63.0,63.0,63.0,71.0,71.0,70.0,69.0,63.0,69.0,70.0,70.0,70.0,70.0,69.0,65.0,70.0,69.0,69.0,70.0,70.0,69.0,71.0,69.0,72.0,69.0,63,71,0.0,72,0.0,64,0.0,63,0.0,66,0.0,63,2.0,63,0.0,63,0.0,69,0.0,,,,,,,63,0.0,71,0.0,63,0.0,63,0.0,63,0.0,63.0,0.0
j30,j3022_4,j3022_4.sm,43.0,47.0,43.0,43.0,60.0,54.0,45.0,51.0,53.0,54.0,48.0,54.0,46.0,59.0,50.0,43.0,43.0,43.0,44.0,43.0,51.0,53.0,43.0,44.0,42.0,43.0,44.0,44.0,43.0,44.0,44.0,44.0,43.0,44.0,45.0,44.0,42.0,42.0,42.0,43.0,44.0,43.0,44.0,45.0,42,43,0.0,47,0.0,43,0.0,43,0.0,60,0.0,46,8.0,45,0.0,47,6.0,54,0.0,,,,,,,43,0.0,44,0.0,43,0.0,51,0.0,53,0.0,42.0,0.0
j30,j3022_5,j3022_5.sm,60.0,63.0,57.0,54.0,64.0,82.0,60.0,56.0,56.0,57.0,63.0,61.0,57.0,58.0,57.0,55.0,57.0,54.0,60.0,54.0,58.0,69.0,55.0,63.0,56.0,54.0,62.0,60.0,54.0,57.0,57.0,57.0,57.0,58.0,58.0,55.0,55.0,56.0,56.0,54.0,60.0,54.0,56.0,61.0,52,60,0.0,63,0.0,57,0.0,54,0.0,64,0.0,62,20.0,60,0.0,56,0.0,57,0.0,,,,,,,54,0.0,60,0.0,54,0.0,58,0.0,69,0.0,54.0,2.0
j30,j3022_6,j3022_6.sm,59.0,62.0,52.0,55.0,61.0,57.0,55.0,59.0,57.0,58.0,62.0,65.0,59.0,61.0,63.0,55.0,52.0,55.0,58.0,55.0,67.0,63.0,59.0,60.0,58.0,58.0,60.0,61.0,58.0,60.0,60.0,58.0,58.0,58.0,61.0,59.0,58.0,58.0,59.0,58.0,58.0,59.0,60.0,63.0,52,59,0.0,62,0.0,52,0.0,55,0.0,61,0.0,59,-2.0,55,0.0,59,-2.0,58,0.0,,,,,,,55,0.0,58,0.0,55,0.0,67,0.0,62,1.0,52.0,0.0
j30,j3022_7,j3022_7.sm,71.0,71.0,62.0,62.0,69.0,69.0,62.0,78.0,73.0,66.0,73.0,67.0,67.0,70.0,64.0,65.0,61.0,64.0,76.0,61.0,70.0,83.0,68.0,69.0,61.0,61.0,69.0,75.0,61.0,73.0,74.0,67.0,67.0,66.0,65.0,72.0,62.0,61.0,61.0,61.0,74.0,61.0,68.0,73.0,60,71,0.0,71,0.0,62,0.0,62,0.0,69,0.0,75,-6.0,62,0.0,74,-1.0,66,0.0,,,,,,,64,0.0,73,3.0,61,0.0,70,0.0,83,0.0,61.0,1.0
j30,j3022_8,j3022_8.sm,60.0,62.0,59.0,62.0,63.0,72.0,57.0,67.0,61.0,72.0,66.0,71.0,64.0,60.0,62.0,62.0,59.0,63.0,59.0,66.0,64.0,64.0,60.0,62.0,57.0,57.0,62.0,57.0,56.0,58.0,57.0,62.0,60.0,63.0,63.0,57.0,57.0,57.0,57.0,59.0,59.0,59.0,60.0,62.0,55,60,0.0,62,0.0,59,0.0,62,0.0,63,0.0,60,12.0,57,0.0,68,-7.0,72,0.0,,,,,,,63,0.0,59,0.0,66,0.0,64,0.0,64,0.0,56.0,1.0
j30,j3022_9,j3022_9.sm,76.0,80.0,79.0,79.0,79.0,91.0,79.0,76.0,76.0,80.0,76.0,76.0,80.0,76.0,85.0,76.0,79.0,79.0,76.0,79.0,91.0,80.0,76.0,76.0,76.0,76.0,76.0,76.0,76.0,76.0,76.0,76.0,76.0,76.0,76.0,76.0,76.0,76.0,76.0,76.0,76.0,76.0,76.0,76.0,76,76,0.0,80,0.0,79,0.0,79,0.0,79,0.0,76,15.0,79,0.0,76,0.0,80,0.0,,,,,,,79,0.0,76,0.0,79,0.0,91,0.0,80,0.0,76.0,0.0
j30,j3023_1,j3023_1.sm,67.0,73.0,63.0,63.0,73.0,67.0,63.0,74.0,65.0,63.0,63.0,73.0,77.0,63.0,63.0,63.0,63.0,63.0,68.0,63.0,74.0,69.0,69.0,69.0,66.0,66.0,69.0,69.0,66.0,69.0,69.0,69.0,69.0,67.0,69.0,66.0,66.0,66.0,66.0,66.0,69.0,66.0,69.0,69.0,63,67,0.0,73,0.0,63,0.0,63,0.0,73,0.0,63,4.0,63,0.0,64,1.0,63,0.0,,,,,,,63,0.0,68,0.0,63,0.0,74,0.0,69,0.0,63.0,0.0
j30,j3023_10,j3023_10.sm,61.0,67.0,64.0,61.0,67.0,61.0,61.0,82.0,61.0,61.0,66.0,61.0,61.0,61.0,61.0,61.0,64.0,61.0,70.0,61.0,61.0,67.0,61.0,61.0,64.0,61.0,61.0,65.0,61.0,77.0,77.0,64.0,61.0,61.0,61.0,61.0,61.0,61.0,61.0,61.0,64.0,61.0,61.0,61.0,61,61,0.0,67,0.0,64,0.0,61,0.0,67,0.0,61,0.0,61,0.0,64,-3.0,61,0.0,,,,,,,61,0.0,70,0.0,61,0.0,61,0.0,67,0.0,61.0,0.0
j30,j3023_2,j3023_2.sm,53.0,54.0,53.0,53.0,60.0,58.0,53.0,58.0,53.0,53.0,53.0,53.0,53.0,54.0,58.0,53.0,53.0,53.0,53.0,53.0,58.0,60.0,53.0,53.0,53.0,53.0,53.0,53.0,53.0,53.0,53.0,53.0,53.0,53.0,53.0,53.0,53.0,53.0,53.0,53.0,53.0,53.0,53.0,53.0,53,53,0.0,54,0.0,53,0.0,53,0.0,60,0.0,53,5.0,53,0.0,53,0.0,53,0.0,,,,,,,53,0.0,53,0.0,53,0.0,58,0.0,60,0.0,53.0,0.0
j30,j3023_3,j3023_3.sm,47.0,53.0,46.0,50.0,55.0,59.0,46.0,53.0,66.0,54.0,54.0,51.0,54.0,50.0,50.0,46.0,46.0,46.0,54.0,46.0,59.0,54.0,47.0,48.0,46.0,46.0,48.0,47.0,46.0,48.0,46.0,46.0,46.0,46.0,47.0,46.0,46.0,46.0,46.0,46.0,48.0,46.0,48.0,46.0,46,47,0.0,53,0.0,46,0.0,50,0.0,55,0.0,63,-4.0,46,0.0,47,19.0,54,0.0,,,,,,,46,0.0,54,0.0,46,0.0,59,0.0,54,0.0,46.0,0.0
j30,j3023_4,j3023_4.sm,71.0,70.0,65.0,67.0,72.0,75.0,68.0,67.0,73.0,71.0,67.0,69.0,68.0,71.0,67.0,67.0,65.0,65.0,71.0,65.0,76.0,89.0,71.0,67.0,67.0,67.0,67.0,73.0,67.0,67.0,74.0,71.0,67.0,71.0,69.0,67.0,67.0,67.0,67.0,67.0,71.0,67.0,70.0,85.0,65,71,0.0,70,0.0,65,0.0,67,0.0,72,0.0,73,2.0,68,0.0,66,7.0,71,0.0,,,,,,,65,0.0,71,0.0,65,0.0,76,0.0,89,0.0,65.0,0.0
j30,j3023_5,j3023_5.sm,53.0,56.0,52.0,53.0,59.0,52.0,53.0,53.0,57.0,52.0,56.0,53.0,53.0,59.0,53.0,52.0,52.0,52.0,54.0,52.0,52.0,54.0,53.0,59.0,52.0,53.0,59.0,52.0,53.0,53.0,52.0,52.0,53.0,52.0,52.0,53.0,52.0,52.0,52.0,53.0,59.0,53.0,52.0,52.0,52,53,0.0,56,0.0,52,0.0,53,0.0,59,0.0,53,-1.0,53,0.0,59,-2.0,52,0.0,,,,,,,52,0.0,54,0.0,52,0.0,52,0.0,54,0.0,52.0,0.0
j30,j3023_6,j3023_6.sm,50.0,59.0,48.0,48.0,59.0,62.0,53.0,48.0,57.0,57.0,57.0,57.0,57.0,57.0,48.0,48.0,48.0,50.0,55.0,50.0,48.0,62.0,55.0,53.0,52.0,50.0,53.0,50.0,53.0,53.0,53.0,53.0,55.0,55.0,55.0,53.0,50.0,52.0,52.0,50.0,53.0,50.0,52.0,55.0,48,50,0.0,59,0.0,48,0.0,48,0.0,59,0.0,53,9.0,53,0.0,57,0.0,57,0.0,,,,,,,50,0.0,55,0.0,50,0.0,48,0.0,62,0.0,48.0,0.0
j30,j3023_7,j3023_7.sm,67.0,70.0,66.0,60.0,72.0,79.0,62.0,76.0,66.0,69.0,65.0,67.0,73.0,71.0,70.0,68.0,66.0,66.0,70.0,66.0,66.0,71.0,67.0,67.0,65.0,65.0,68.0,67.0,65.0,68.0,65.0,69.0,67.0,67.0,77.0,67.0,65.0,65.0,65.0,65.0,67.0,65.0,65.0,71.0,60,67,0.0,70,0.0,66,0.0,60,0.0,72,0.0,65,14.0,62,0.0,67,-1.0,69,0.0,,,,,,,66,0.0,70,0.0,66,0.0,72,-6.0,71,0.0,60.0,0.0
j30,j3023_8,j3023_8.sm,55.0,58.0,48.0,48.0,53.0,69.0,48.0,65.0,65.0,56.0,50.0,59.0,58.0,48.0,48.0,48.0,48.0,53.0,57.0,48.0,61.0,65.0,59.0,55.0,51.0,51.0,51.0,55.0,51.0,55.0,55.0,55.0,55.0,59.0,51.0,51.0,51.0,51.0,51.0,55.0,59.0,51.0,59.0,65.0,48,55,0.0,58,0.0,48,0.0,48,0.0,53,0.0,62,7.0,48,0.0,58,7.0,56,0.0,,,,,,,53,0.0,50,7.0,48,0.0,61,0.0,65,0.0,48.0,0.0
j30,j3023_9,j3023_9.sm,70.0,68.0,63.0,64.0,76.0,77.0,64.0,77.0,82.0,66.0,70.0,63.0,63.0,69.0,71.0,63.0,63.0,64.0,70.0,64.0,82.0,81.0,75.0,75.0,63.0,63.0,63.0,63.0,63.0,63.0,65.0,74.0,75.0,63.0,63.0,75.0,63.0,63.0,63.0,63.0,75.0,63.0,65.0,74.0,63,70,0.0,68,0.0,63,0.0,64,0.0,76,0.0,70,7.0,64,0.0,79,3.0,66,0.0,,,,,,,64,0.0,70,0.0,64,0.0,82,0.0,81,0.0,63.0,0.0
j30,j3024_1,j3024_1.sm,53.0,53.0,53.0,53.0,53.0,53.0,53.0,53.0,53.0,53.0,53.0,53.0,53.0,53.0,53.0,53.0,53.0,53.0,53.0,53.0,53.0,53.0,53.0,53.0,53.0,53.0,53.0,53.0,53.0,53.0,53.0,53.0,53.0,53.0,53.0,53.0,53.0,53.0,53.0,53.0,53.0,53.0,53.0,53.0,53,53,0.0,53,0.0,53,0.0,53,0.0,53,0.0,53,0.0,53,0.0,53,0.0,53,0.0,,,,,,,53,0.0,53,0.0,53,0.0,53,0.0,53,0.0,53.0,0.0
j30,j3024_10,j3024_10.sm,53.0,53.0,53.0,53.0,53.0,53.0,53.0,53.0,53.0,53.0,53.0,53.0,53.0,53.0,53.0,53.0,53.0,53.0,53.0,53.0,53.0,53.0,53.0,53.0,53.0,53.0,53.0,53.0,53.0,53.0,53.0,53.0,53.0,53.0,53.0,53.0,53.0,53.0,53.0,53.0,53.0,53.0,53.0,53.0,53,53,0.0,53,0.0,53,0.0,53,0.0,53,0.0,53,0.0,53,0.0,53,0.0,53,0.0,,,,,,,53,0.0,53,0.0,53,0.0,53,0.0,53,0.0,53.0,0.0
j30,j3024_2,j3024_2.sm,58.0,58.0,58.0,58.0,58.0,58.0,58.0,58.0,58.0,58.0,58.0,58.0,58.0,58.0,58.0,58.0,58.0,58.0,58.0,58.0,58.0,58.0,58.0,58.0,58.0,58.0,58.0,58.0,58.0,58.0,58.0,58.0,58.0,58.0,58.0,58.0,58.0,58.0,58.0,58.0,58.0,58.0,58.0,58.0,58,58,0.0,58,0.0,58,0.0,58,0.0,58,0.0,58,0.0,58,0.0,58,0.0,58,0.0,,,,,,,58,0.0,58,0.0,58,0.0,58,0.0,58,0.0,58.0,0.0
j30,j3024_3,j3024_3.sm,69.0,69.0,69.0,69.0,69.0,69.0,69.0,69.0,69.0,69.0,69.0,69.0,69.0,69.0,69.0,69.0,69.0,69.0,69.0,69.0,69.0,69.0,69.0,69.0,69.0,69.0,69.0,69.0,69.0,69.0,69.0,69.0,69.0,69.0,69.0,69.0,69.0,69.0,69.0,69.0,69.0,69.0,69.0,69.0,69,69,0.0,69,0.0,69,0.0,69,0.0,69,0.0,69,0.0,69,0.0,69,0.0,69,0.0,,,,,,,69,0.0,69,0.0,69,0.0,69,0.0,69,0.0,69.0,0.0
j30,j3024_4,j3024_4.sm,53.0,53.0,53.0,53.0,53.0,53.0,53.0,53.0,53.0,53.0,53.0,53.0,53.0,53.0,53.0,53.0,53.0,53.0,53.0,53.0,53.0,53.0,53.0,53.0,53.0,53.0,53.0,53.0,53.0,53.0,53.0,53.0,53.0,53.0,53.0,53.0,53.0,53.0,53.0,53.0,53.0,53.0,53.0,53.0,53,53,0.0,53,0.0,53,0.0,53,0.0,53,0.0,53,0.0,53,0.0,53,0.0,53,0.0,,,,,,,53,0.0,53,0.0,53,0.0,53,0.0,53,0.0,53.0,0.0
j30,j3024_5,j3024_5.sm,51.0,51.0,51.0,51.0,51.0,51.0,51.0,51.0,51.0,51.0,51.0,51.0,51.0,51.0,51.0,51.0,51.0,51.0,51.0,51.0,51.0,51.0,51.0,51.0,51.0,51.0,51.0,51.0,51.0,51.0,51.0,51.0,51.0,51.0,51.0,51.0,51.0,51.0,51.0,51.0,51.0,51.0,51.0,51.0,51,51,0.0,51,0.0,51,0.0,51,0.0,51,0.0,51,0.0,51,0.0,51,0.0,51,0.0,,,,,,,51,0.0,51,0.0,51,0.0,51,0.0,51,0.0,51.0,0.0
j30,j3024_6,j3024_6.sm,56.0,56.0,56.0,56.0,56.0,56.0,56.0,56.0,56.0,56.0,56.0,56.0,56.0,56.0,56.0,56.0,56.0,56.0,56.0,56.0,56.0,56.0,56.0,56.0,56.0,56.0,56.0,56.0,56.0,56.0,56.0,56.0,56.0,56.0,56.0,56.0,56.0,56.0,56.0,56.0,56.0,56.0,56.0,56.0,56,56,0.0,56,0.0,56,0.0,56,0.0,56,0.0,56,0.0,56,0.0,56,0.0,56,0.0,,,,,,,56,0.0,56,0.0,56,0.0,56,0.0,56,0.0,56.0,0.0
j30,j3024_7,j3024_7.sm,44.0,44.0,44.0,44.0,44.0,44.0,44.0,44.0,44.0,44.0,44.0,44.0,44.0,44.0,44.0,44.0,44.0,44.0,44.0,44.0,44.0,44.0,44.0,44.0,44.0,44.0,44.0,44.0,44.0,44.0,44.0,44.0,44.0,44.0,44.0,44.0,44.0,44.0,44.0,44.0,44.0,44.0,44.0,44.0,44,44,0.0,44,0.0,44,0.0,44,0.0,44,0.0,44,0.0,44,0.0,44,0.0,44,0.0,,,,,,,44,0.0,44,0.0,44,0.0,44,0.0,44,0.0,44.0,0.0
j30,j3024_8,j3024_8.sm,38.0,38.0,38.0,38.0,38.0,38.0,38.0,38.0,38.0,38.0,38.0,38.0,38.0,38.0,38.0,38.0,38.0,38.0,38.0,38.0,38.0,38.0,38.0,38.0,38.0,38.0,38.0,38.0,38.0,38.0,38.0,38.0,38.0,38.0,38.0,38.0,38.0,38.0,38.0,38.0,38.0,38.0,38.0,38.0,38,38,0.0,38,0.0,38,0.0,38,0.0,38,0.0,38,0.0,38,0.0,38,0.0,38,0.0,,,,,,,38,0.0,38,0.0,38,0.0,38,0.0,38,0.0,38.0,0.0
j30,j3024_9,j3024_9.sm,43.0,43.0,43.0,43.0,43.0,43.0,43.0,43.0,43.0,43.0,43.0,43.0,43.0,43.0,43.0,43.0,43.0,43.0,43.0,43.0,43.0,43.0,43.0,43.0,43.0,43.0,43.0,43.0,43.0,43.0,43.0,43.0,43.0,43.0,43.0,43.0,43.0,43.0,43.0,43.0,43.0,43.0,43.0,43.0,43,43,0.0,43,0.0,43,0.0,43,0.0,43,0.0,43,0.0,43,0.0,43,0.0,43,0.0,,,,,,,43,0.0,43,0.0,43,0.0,43,0.0,43,0.0,43.0,0.0
j30,j3025_1,j3025_1.sm,112.0,117.0,112.0,108.0,119.0,114.0,106.0,114.0,107.0,113.0,115.0,115.0,113.0,114.0,117.0,107.0,107.0,105.0,112.0,102.0,119.0,129.0,107.0,110.0,113.0,112.0,114.0,118.0,108.0,105.0,113.0,114.0,105.0,113.0,103.0,97.0,106.0,111.0,113.0,108.0,114.0,108.0,124.0,130.0,93,112,0.0,117,0.0,112,0.0,108,0.0,119,0.0,113,1.0,106,0.0,118,-11.0,113,0.0,,,,,,,105,0.0,112,0.0,102,0.0,119,0.0,129,0.0,97.0,4.0
j30,j3025_10,j3025_10.sm,81.0,77.0,72.0,66.0,73.0,81.0,63.0,79.0,84.0,71.0,82.0,85.0,77.0,75.0,76.0,67.0,70.0,68.0,79.0,67.0,80.0,84.0,66.0,65.0,75.0,64.0,72.0,65.0,62.0,71.0,71.0,69.0,73.0,77.0,71.0,69.0,64.0,64.0,71.0,70.0,65.0,68.0,70.0,76.0,58,81,0.0,77,0.0,72,0.0,66,0.0,73,0.0,85,-4.0,63,0.0,77,7.0,71,0.0,,,,,,,74,-6.0,75,4.0,67,0.0,80,0.0,84,0.0,62.0,4.0
j30,j3025_2,j3025_2.sm,90.0,89.0,88.0,88.0,86.0,90.0,91.0,90.0,90.0,98.0,87.0,91.0,88.0,95.0,87.0,89.0,87.0,92.0,91.0,83.0,109.0,93.0,89.0,86.0,81.0,90.0,89.0,95.0,87.0,101.0,96.0,91.0,84.0,93.0,82.0,90.0,86.0,81.0,84.0,84.0,90.0,78.0,100.0,84.0,75,90,0.0,89,0.0,88,0.0,88,0.0,86,0.0,91,-1.0,91,0.0,93,-3.0,98,0.0,,,,,,,92,0.0,91,0.0,83,0.0,109,0.0,93,0.0,78.0,3.0
j30,j3025_3,j3025_3.sm,97.0,93.0,89.0,92.0,96.0,101.0,94.0,98.0,109.0,98.0,106.0,89.0,96.0,98.0,93.0,89.0,89.0,93.0,92.0,88.0,103.0,107.0,95.0,92.0,89.0,88.0,95.0,89.0,86.0,88.0,101.0,91.0,90.0,94.0,87.0,90.0,90.0,83.0,88.0,89.0,92.0,89.0,95.0,89.0,76,97,0.0,93,0.0,89,0.0,92,0.0,96,0.0,104,-3.0,94,0.0,92,17.0,98,0.0,,,,,,,93,0.0,92,0.0,88,0.0,103,0.0,107,0.0,83.0,7.0
j30,j3025_4,j3025_4.sm,100.0,106.0,91.0,99.0,117.0,98.0,98.0,106.0,103.0,100.0,100.0,95.0,96.0,100.0,122.0,91.0,91.0,90.0,104.0,100.0,99.0,104.0,97.0,102.0,89.0,89.0,101.0,96.0,89.0,98.0,102.0,91.0,95.0,93.0,90.0,92.0,95.0,89.0,89.0,93.0,93.0,89.0,100.0,98.0,81,100,0.0,106,0.0,91,0.0,99,0.0,117,0.0,100,-2.0,98,0.0,94,9.0,100,0.0,,,,,,,90,0.0,101,3.0,93,7.0,99,0.0,104,0.0,89.0,8.0
j30,j3025_5,j3025_5.sm,84.0,85.0,79.0,90.0,102.0,103.0,87.0,89.0,93.0,91.0,94.0,81.0,82.0,85.0,92.0,78.0,77.0,79.0,84.0,86.0,96.0,101.0,85.0,86.0,77.0,79.0,86.0,89.0,82.0,85.0,85.0,77.0,78.0,78.0,76.0,85.0,77.0,77.0,77.0,76.0,85.0,78.0,77.0,85.0,72,84,0.0,85,0.0,79,0.0,90,0.0,102,0.0,81,22.0,87,0.0,84,9.0,91,0.0,,,,,,,79,0.0,87,-3.0,86,0.0,96,0.0,101,0.0,76.0,4.0
j30,j3025_6,j3025_6.sm,71.0,70.0,68.0,65.0,83.0,78.0,67.0,84.0,75.0,71.0,75.0,70.0,71.0,71.0,80.0,70.0,66.0,70.0,75.0,69.0,88.0,77.0,77.0,69.0,69.0,72.0,84.0,76.0,70.0,79.0,78.0,79.0,62.0,72.0,72.0,73.0,70.0,69.0,69.0,67.0,73.0,66.0,82.0,78.0,58,71,0.0,70,0.0,68,0.0,65,0.0,83,0.0,78,0.0,67,0.0,71,4.0,71,0.0,,,,,,,70,0.0,75,0.0,69,0.0,88,0.0,77,0.0,62.0,4.0
j30,j3025_7,j3025_7.sm,112.0,114.0,106.0,107.0,125.0,133.0,111.0,116.0,117.0,113.0,109.0,113.0,113.0,115.0,118.0,116.0,107.0,110.0,119.0,104.0,141.0,125.0,113.0,111.0,111.0,111.0,122.0,119.0,109.0,130.0,130.0,113.0,113.0,109.0,111.0,115.0,107.0,111.0,107.0,111.0,113.0,100.0,107.0,131.0,95,112,0.0,114,0.0,106,0.0,107,0.0,125,0.0,126,7.0,111,0.0,112,5.0,113,0.0,,,,,,,110,0.0,119,0.0,104,0.0,141,0.0,125,0.0,100.0,5.0
j30,j3025_8,j3025_8.sm,89.0,78.0,83.0,87.0,102.0,89.0,83.0,94.0,97.0,87.0,82.0,79.0,84.0,82.0,111.0,82.0,82.0,73.0,85.0,74.0,82.0,92.0,79.0,79.0,82.0,79.0,83.0,97.0,77.0,85.0,99.0,78.0,86.0,81.0,87.0,82.0,88.0,79.0,79.0,74.0,79.0,72.0,93.0,78.0,69,89,0.0,78,0.0,83,0.0,87,0.0,102,0.0,81,8.0,83,0.0,90,7.0,87,0.0,,,,,,,73,0.0,85,0.0,74,0.0,82,0.0,92,0.0,72.0,3.0
j30,j3025_9,j3025_9.sm,106.0,95.0,110.0,111.0,98.0,122.0,102.0,129.0,126.0,123.0,106.0,107.0,108.0,113.0,110.0,111.0,110.0,90.0,105.0,100.0,117.0,128.0,95.0,91.0,106.0,97.0,92.0,107.0,90.0,120.0,120.0,114.0,104.0,96.0,90.0,102.0,97.0,98.0,97.0,90.0,98.0,90.0,108.0,111.0,84,106,0.0,95,0.0,110,0.0,111,0.0,98,0.0,95,27.0,102,0.0,117,9.0,123,0.0,,,,,,,90,0.0,105,0.0,100,0.0,117,0.0,128,0.0,90.0,6.0
j30,j3026_1,j3026_1.sm,71.0,72.0,59.0,66.0,71.0,70.0,65.0,73.0,73.0,65.0,70.0,69.0,69.0,66.0,76.0,59.0,59.0,59.0,73.0,62.0,71.0,77.0,69.0,72.0,63.0,62.0,70.0,69.0,62.0,66.0,70.0,65.0,66.0,69.0,65.0,66.0,62.0,63.0,63.0,64.0,73.0,62.0,70.0,69.0,59,71,0.0,72,0.0,59,0.0,66,0.0,71,0.0,73,-3.0,65,0.0,65,8.0,65,0.0,,,,,,,59,0.0,73,0.0,62,0.0,71,0.0,77,0.0,59.0,0.0
j30,j3026_10,j3026_10.sm,59.0,61.0,51.0,52.0,69.0,76.0,54.0,67.0,67.0,65.0,61.0,56.0,69.0,57.0,52.0,51.0,51.0,56.0,57.0,50.0,68.0,73.0,59.0,57.0,55.0,54.0,62.0,59.0,58.0,59.0,59.0,54.0,51.0,56.0,54.0,54.0,54.0,55.0,55.0,56.0,57.0,52.0,57.0,57.0,49,59,0.0,61,0.0,51,0.0,52,0.0,69,0.0,68,8.0,54,0.0,60,7.0,65,0.0,,,,,,,56,0.0,57,0.0,50,0.0,68,0.0,73,0.0,50.0,1.0
j30,j3026_2,j3026_2.sm,43.0,46.0,40.0,40.0,46.0,46.0,41.0,41.0,49.0,42.0,47.0,53.0,44.0,43.0,40.0,40.0,40.0,40.0,42.0,41.0,44.0,53.0,43.0,42.0,40.0,40.0,49.0,43.0,41.0,42.0,40.0,40.0,42.0,42.0,45.0,43.0,40.0,40.0,40.0,42.0,43.0,41.0,42.0,45.0,40,43,0.0,46,0.0,40,0.0,40,0.0,46,0.0,40,6.0,41,0.0,40,9.0,42,0.0,,,,,,,40,0.0,42,0.0,41,0.0,44,0.0,53,0.0,40.0,0.0
j30,j3026_3,j3026_3.sm,59.0,68.0,58.0,58.0,74.0,77.0,58.0,77.0,75.0,68.0,61.0,62.0,62.0,66.0,74.0,58.0,58.0,58.0,68.0,58.0,62.0,78.0,59.0,68.0,58.0,58.0,68.0,65.0,59.0,66.0,66.0,61.0,64.0,65.0,65.0,63.0,58.0,58.0,58.0,63.0,62.0,58.0,66.0,69.0,58,59,0.0,68,0.0,58,0.0,58,0.0,74,0.0,67,10.0,58,0.0,63,12.0,68,0.0,,,,,,,58,0.0,68,0.0,58,0.0,62,0.0,78,0.0,58.0,0.0
j30,j3026_4,j3026_4.sm,71.0,73.0,66.0,63.0,87.0,81.0,66.0,69.0,77.0,76.0,76.0,74.0,72.0,65.0,63.0,66.0,66.0,68.0,74.0,65.0,76.0,76.0,65.0,72.0,62.0,62.0,72.0,73.0,63.0,72.0,69.0,72.0,68.0,75.0,72.0,65.0,62.0,62.0,62.0,66.0,72.0,62.0,75.0,68.0,62,71,0.0,73,0.0,66,0.0,63,0.0,87,0.0,77,4.0,66,0.0,73,4.0,76,0.0,,,,,,,68,0.0,73,1.0,65,0.0,76,0.0,76,0.0,62.0,0.0
j30,j3026_5,j3026_5.sm,76.0,81.0,74.0,74.0,88.0,81.0,74.0,76.0,76.0,78.0,76.0,78.0,78.0,76.0,74.0,76.0,76.0,76.0,82.0,76.0,89.0,78.0,76.0,80.0,74.0,74.0,92.0,76.0,74.0,77.0,77.0,74.0,76.0,74.0,77.0,76.0,74.0,74.0,74.0,74.0,81.0,74.0,83.0,76.0,74,76,0.0,81,0.0,74,0.0,74,0.0,88,0.0,82,-1.0,74,0.0,76,0.0,78,0.0,,,,,,,76,0.0,82,0.0,76,0.0,89,0.0,78,0.0,74.0,0.0
j30,j3026_6,j3026_6.sm,62.0,67.0,56.0,55.0,71.0,58.0,60.0,65.0,65.0,63.0,62.0,63.0,63.0,60.0,55.0,56.0,56.0,55.0,62.0,55.0,66.0,74.0,60.0,62.0,54.0,55.0,66.0,60.0,58.0,71.0,64.0,58.0,60.0,57.0,60.0,61.0,54.0,54.0,62.0,58.0,62.0,58.0,68.0,68.0,53,62,0.0,67,0.0,56,0.0,55,0.0,71,0.0,66,-8.0,60,0.0,59,6.0,63,0.0,,,,,,,55,0.0,62,0.0,55,0.0,66,0.0,74,0.0,54.0,1.0
j30,j3026_7,j3026_7.sm,59.0,69.0,56.0,58.0,71.0,64.0,59.0,69.0,71.0,65.0,68.0,68.0,70.0,68.0,58.0,56.0,56.0,60.0,60.0,59.0,70.0,73.0,59.0,65.0,57.0,58.0,65.0,67.0,59.0,61.0,61.0,60.0,61.0,62.0,66.0,60.0,57.0,60.0,57.0,60.0,60.0,60.0,67.0,66.0,56,59,0.0,69,0.0,56,0.0,58,0.0,71,0.0,76,-12.0,59,0.0,67,4.0,65,0.0,,,,,,,60,0.0,60,0.0,59,0.0,70,0.0,73,0.0,56.0,0.0
j30,j3026_8,j3026_8.sm,70.0,75.0,68.0,66.0,76.0,77.0,66.0,77.0,70.0,73.0,75.0,75.0,75.0,79.0,66.0,66.0,68.0,66.0,74.0,66.0,77.0,81.0,72.0,72.0,68.0,69.0,73.0,72.0,69.0,76.0,68.0,81.0,73.0,70.0,71.0,71.0,69.0,69.0,68.0,69.0,73.0,69.0,84.0,84.0,66,70,0.0,75,0.0,68,0.0,66,0.0,76,0.0,87,-10.0,66,0.0,74,-4.0,73,0.0,,,,,,,66,0.0,74,0.0,66,0.0,77,0.0,81,0.0,66.0,0.0
j30,j3026_9,j3026_9.sm,49.0,56.0,46.0,49.0,59.0,54.0,49.0,68.0,57.0,50.0,64.0,64.0,52.0,49.0,49.0,46.0,46.0,49.0,51.0,50.0,57.0,64.0,49.0,52.0,45.0,46.0,54.0,52.0,45.0,51.0,53.0,49.0,49.0,50.0,46.0,49.0,45.0,45.0,45.0,51.0,51.0,46.0,51.0,51.0,43,49,0.0,56,0.0,46,0.0,49,0.0,59,0.0,52,2.0,49,0.0,44,13.0,50,0.0,,,,,,,50,-1.0,51,0.0,50,0.0,57,0.0,64,0.0,45.0,2.0
j30,j3027_1,j3027_1.sm,48.0,51.0,45.0,47.0,51.0,47.0,49.0,59.0,56.0,49.0,49.0,45.0,49.0,49.0,47.0,45.0,45.0,43.0,48.0,43.0,47.0,56.0,48.0,48.0,46.0,46.0,51.0,45.0,47.0,48.0,49.0,49.0,49.0,45.0,49.0,49.0,46.0,46.0,46.0,45.0,48.0,45.0,46.0,49.0,43,48,0.0,51,0.0,45,0.0,47,0.0,51,0.0,49,-2.0,49,0.0,53,3.0,49,0.0,,,,,,,43,0.0,48,0.0,43,0.0,47,0.0,56,0.0,43.0,0.0
j30,j3027_10,j3027_10.sm,65.0,65.0,62.0,62.0,62.0,62.0,62.0,65.0,62.0,62.0,63.0,72.0,65.0,62.0,62.0,62.0,62.0,62.0,65.0,62.0,65.0,78.0,65.0,65.0,65.0,65.0,65.0,65.0,65.0,69.0,65.0,65.0,65.0,65.0,65.0,65.0,65.0,65.0,65.0,65.0,65.0,65.0,69.0,68.0,62,65,0.0,65,0.0,62,0.0,62,0.0,62,0.0,65,-3.0,62,0.0,62,0.0,62,0.0,,,,,,,62,0.0,65,0.0,62,0.0,65,0.0,78,0.0,62.0,0.0
j30,j3027_2,j3027_2.sm,61.0,65.0,58.0,58.0,64.0,62.0,58.0,68.0,64.0,58.0,58.0,58.0,58.0,58.0,58.0,58.0,58.0,58.0,61.0,58.0,68.0,80.0,64.0,65.0,59.0,59.0,61.0,59.0,59.0,65.0,64.0,60.0,60.0,64.0,64.0,60.0,59.0,59.0,59.0,59.0,61.0,59.0,65.0,66.0,58,61,0.0,65,0.0,58,0.0,58,0.0,64,0.0,68,-6.0,58,0.0,58,6.0,58,0.0,,,,,,,58,0.0,61,0.0,58,0.0,68,0.0,80,0.0,58.0,0.0
j30,j3027_3,j3027_3.sm,63.0,61.0,60.0,60.0,66.0,69.0,60.0,66.0,61.0,61.0,62.0,67.0,67.0,66.0,60.0,60.0,60.0,60.0,65.0,60.0,66.0,63.0,66.0,61.0,60.0,60.0,61.0,66.0,60.0,66.0,66.0,60.0,66.0,62.0,65.0,61.0,60.0,60.0,60.0,60.0,66.0,60.0,67.0,67.0,60,63,0.0,61,0.0,60,0.0,60,0.0,66,0.0,66,3.0,60,0.0,65,-4.0,61,0.0,,,,,,,60,0.0,65,0.0,60,0.0,66,0.0,63,0.0,60.0,0.0
j30,j3027_4,j3027_4.sm,73.0,72.0,64.0,64.0,68.0,79.0,64.0,72.0,78.0,74.0,73.0,73.0,74.0,68.0,64.0,64.0,64.0,65.0,72.0,64.0,77.0,91.0,73.0,70.0,65.0,65.0,70.0,75.0,65.0,66.0,85.0,72.0,65.0,65.0,65.0,65.0,65.0,65.0,65.0,65.0,70.0,65.0,77.0,85.0,64,73,0.0,72,0.0,64,0.0,64,0.0,68,0.0,81,-2.0,64,0.0,87,-9.0,74,0.0,,,,,,,65,0.0,72,0.0,64,0.0,77,0.0,91,0.0,64.0,0.0
j30,j3027_5,j3027_5.sm,60.0,56.0,49.0,50.0,61.0,55.0,55.0,70.0,52.0,61.0,55.0,61.0,66.0,61.0,50.0,49.0,49.0,57.0,55.0,49.0,62.0,66.0,57.0,56.0,54.0,54.0,56.0,54.0,52.0,56.0,53.0,59.0,52.0,59.0,58.0,55.0,53.0,51.0,51.0,53.0,55.0,53.0,57.0,59.0,49,60,0.0,56,0.0,49,0.0,50,0.0,61,0.0,62,-7.0,55,0.0,53,-1.0,61,0.0,,,,,,,57,0.0,55,0.0,49,0.0,62,0.0,66,0.0,49.0,0.0
j30,j3027_6,j3027_6.sm,63.0,65.0,59.0,59.0,71.0,59.0,61.0,63.0,66.0,66.0,66.0,66.0,66.0,68.0,59.0,59.0,59.0,61.0,66.0,61.0,64.0,66.0,63.0,64.0,61.0,61.0,68.0,66.0,61.0,61.0,66.0,66.0,66.0,66.0,66.0,61.0,61.0,61.0,61.0,61.0,64.0,61.0,61.0,66.0,59,63,0.0,65,0.0,59,0.0,59,0.0,71,0.0,66,-7.0,61,0.0,61,5.0,66,0.0,,,,,,,61,0.0,66,0.0,61,0.0,64,0.0,66,0.0,59.0,0.0
j30,j3027_7,j3027_7.sm,53.0,51.0,49.0,52.0,59.0,58.0,54.0,57.0,58.0,59.0,58.0,58.0,60.0,58.0,52.0,49.0,49.0,51.0,51.0,53.0,58.0,58.0,54.0,54.0,50.0,51.0,57.0,54.0,50.0,58.0,58.0,53.0,53.0,53.0,57.0,53.0,50.0,50.0,50.0,51.0,50.0,51.0,58.0,64.0,49,53,0.0,51,0.0,49,0.0,52,0.0,59,0.0,63,-5.0,54,0.0,56,2.0,59,0.0,,,,,,,51,0.0,51,0.0,53,0.0,58,0.0,58,0.0,49.0,0.0
j30,j3027_8,j3027_8.sm,78.0,73.0,66.0,66.0,87.0,90.0,66.0,85.0,85.0,86.0,83.0,79.0,78.0,85.0,66.0,66.0,66.0,66.0,77.0,66.0,79.0,92.0,80.0,69.0,66.0,66.0,67.0,72.0,66.0,73.0,73.0,72.0,83.0,68.0,69.0,83.0,66.0,66.0,66.0,66.0,72.0,66.0,67.0,81.0,66,78,0.0,73,0.0,66,0.0,66,0.0,87,0.0,73,17.0,66,0.0,81,4.0,86,0.0,,,,,,,66,0.0,77,0.0,66,0.0,79,0.0,92,0.0,66.0,0.0
j30,j3027_9,j3027_9.sm,60.0,62.0,55.0,55.0,77.0,73.0,58.0,56.0,56.0,59.0,59.0,60.0,60.0,60.0,55.0,55.0,55.0,56.0,61.0,55.0,70.0,67.0,61.0,61.0,59.0,59.0,61.0,60.0,59.0,61.0,56.0,58.0,58.0,56.0,56.0,61.0,59.0,59.0,59.0,59.0,61.0,59.0,60.0,61.0,55,60,0.0,62,0.0,55,0.0,55,0.0,77,0.0,66,7.0,58,0.0,55,1.0,59,0.0,,,,,,,56,0.0,61,0.0,55,0.0,70,0.0,67,0.0,55.0,0.0
j30,j3028_1,j3028_1.sm,69.0,69.0,69.0,69.0,69.0,69.0,69.0,69.0,69.0,69.0,69.0,69.0,69.0,69.0,69.0,69.0,69.0,69.0,69.0,69.0,69.0,69.0,69.0,69.0,69.0,69.0,69.0,69.0,69.0,69.0,69.0,69.0,69.0,69.0,69.0,69.0,69.0,69.0,69.0,69.0,69.0,69.0,69.0,69.0,69,69,0.0,69,0.0,69,0.0,69,0.0,69,0.0,69,0.0,69,0.0,69,0.0,69,0.0,,,,,,,69,0.0,69,0.0,69,0.0,69,0.0,69,0.0,69.0,0.0
j30,j3028_10,j3028_10.sm,59.0,59.0,59.0,59.0,59.0,59.0,59.0,59.0,59.0,59.0,59.0,59.0,59.0,59.0,59.0,59.0,59.0,59.0,59.0,59.0,59.0,59.0,59.0,59.0,59.0,59.0,59.0,59.0,59.0,59.0,59.0,59.0,59.0,59.0,59.0,59.0,59.0,59.0,59.0,59.0,59.0,59.0,59.0,59.0,59,59,0.0,59,0.0,59,0.0,59,0.0,59,0.0,59,0.0,59,0.0,59,0.0,59,0.0,,,,,,,59,0.0,59,0.0,59,0.0,59,0.0,59,0.0,59.0,0.0
j30,j3028_2,j3028_2.sm,57.0,57.0,57.0,57.0,57.0,57.0,57.0,57.0,57.0,57.0,57.0,57.0,57.0,57.0,57.0,57.0,57.0,57.0,57.0,57.0,57.0,57.0,57.0,57.0,57.0,57.0,57.0,57.0,57.0,57.0,57.0,57.0,57.0,57.0,57.0,57.0,57.0,57.0,57.0,57.0,57.0,57.0,57.0,57.0,57,57,0.0,57,0.0,57,0.0,57,0.0,57,0.0,57,0.0,57,0.0,57,0.0,57,0.0,,,,,,,57,0.0,57,0.0,57,0.0,57,0.0,57,0.0,57.0,0.0
j30,j3028_3,j3028_3.sm,40.0,40.0,40.0,40.0,40.0,40.0,40.0,40.0,40.0,40.0,40.0,40.0,40.0,40.0,40.0,40.0,40.0,40.0,40.0,40.0,40.0,40.0,40.0,40.0,40.0,40.0,40.0,40.0,40.0,40.0,40.0,40.0,40.0,40.0,40.0,40.0,40.0,40.0,40.0,40.0,40.0,40.0,40.0,40.0,40,40,0.0,40,0.0,40,0.0,40,0.0,40,0.0,40,0.0,40,0.0,40,0.0,40,0.0,,,,,,,40,0.0,40,0.0,40,0.0,40,0.0,40,0.0,40.0,0.0
j30,j3028_4,j3028_4.sm,49.0,49.0,49.0,49.0,49.0,49.0,49.0,49.0,49.0,49.0,49.0,49.0,49.0,49.0,49.0,49.0,49.0,49.0,49.0,49.0,49.0,49.0,49.0,49.0,49.0,49.0,49.0,49.0,49.0,49.0,49.0,49.0,49.0,49.0,49.0,49.0,49.0,49.0,49.0,49.0,49.0,49.0,49.0,49.0,49,49,0.0,49,0.0,49,0.0,49,0.0,49,0.0,49,0.0,49,0.0,49,0.0,49,0.0,,,,,,,49,0.0,49,0.0,49,0.0,49,0.0,49,0.0,49.0,0.0
j30,j3028_5,j3028_5.sm,73.0,73.0,73.0,73.0,73.0,73.0,73.0,73.0,73.0,73.0,73.0,73.0,73.0,73.0,73.0,73.0,73.0,73.0,73.0,73.0,73.0,73.0,73.0,73.0,73.0,73.0,73.0,73.0,73.0,73.0,73.0,73.0,73.0,73.0,73.0,73.0,73.0,73.0,73.0,73.0,73.0,73.0,73.0,73.0,73,73,0.0,73,0.0,73,0.0,73,0.0,73,0.0,73,0.0,73,0.0,73,0.0,73,0.0,,,,,,,73,0.0,73,0.0,73,0.0,73,0.0,73,0.0,73.0,0.0
j30,j3028_6,j3028_6.sm,55.0,55.0,55.0,55.0,55.0,55.0,55.0,55.0,55.0,55.0,55.0,55.0,55.0,55.0,55.0,55.0,55.0,55.0,55.0,55.0,55.0,55.0,55.0,55.0,55.0,55.0,55.0,55.0,55.0,55.0,55.0,55.0,55.0,55.0,55.0,55.0,55.0,55.0,55.0,55.0,55.0,55.0,55.0,55.0,55,55,0.0,55,0.0,55,0.0,55,0.0,55,0.0,55,0.0,55,0.0,55,0.0,55,0.0,,,,,,,55,0.0,55,0.0,55,0.0,55,0.0,55,0.0,55.0,0.0
j30,j3028_7,j3028_7.sm,48.0,48.0,48.0,48.0,48.0,48.0,48.0,48.0,48.0,48.0,48.0,48.0,48.0,48.0,48.0,48.0,48.0,48.0,48.0,48.0,48.0,48.0,48.0,48.0,48.0,48.0,48.0,48.0,48.0,48.0,48.0,48.0,48.0,48.0,48.0,48.0,48.0,48.0,48.0,48.0,48.0,48.0,48.0,48.0,48,48,0.0,48,0.0,48,0.0,48,0.0,48,0.0,48,0.0,48,0.0,48,0.0,48,0.0,,,,,,,48,0.0,48,0.0,48,0.0,48,0.0,48,0.0,48.0,0.0
j30,j3028_8,j3028_8.sm,53.0,53.0,53.0,53.0,53.0,53.0,53.0,53.0,53.0,53.0,53.0,53.0,53.0,53.0,53.0,53.0,53.0,53.0,53.0,53.0,53.0,53.0,53.0,53.0,53.0,53.0,53.0,53.0,53.0,53.0,53.0,53.0,53.0,53.0,53.0,53.0,53.0,53.0,53.0,53.0,53.0,53.0,53.0,53.0,53,53,0.0,53,0.0,53,0.0,53,0.0,53,0.0,53,0.0,53,0.0,53,0.0,53,0.0,,,,,,,53,0.0,53,0.0,53,0.0,53,0.0,53,0.0,53.0,0.0
j30,j3028_9,j3028_9.sm,62.0,62.0,62.0,62.0,62.0,62.0,62.0,62.0,62.0,62.0,62.0,62.0,62.0,62.0,62.0,62.0,62.0,62.0,62.0,62.0,62.0,62.0,62.0,62.0,62.0,62.0,62.0,62.0,62.0,62.0,62.0,62.0,62.0,62.0,62.0,62.0,62.0,62.0,62.0,62.0,62.0,62.0,62.0,62.0,62,62,0.0,62,0.0,62,0.0,62,0.0,62,0.0,62,0.0,62,0.0,62,0.0,62,0.0,,,,,,,62,0.0,62,0.0,62,0.0,62,0.0,62,0.0,62.0,0.0
j30,j3029_1,j3029_1.sm,110.0,106.0,91.0,93.0,104.0,108.0,101.0,100.0,110.0,105.0,95.0,108.0,101.0,107.0,118.0,98.0,91.0,99.0,105.0,97.0,106.0,109.0,106.0,104.0,91.0,95.0,100.0,99.0,100.0,111.0,119.0,108.0,100.0,107.0,94.0,102.0,98.0,98.0,91.0,92.0,109.0,97.0,114.0,116.0,85,110,0.0,106,0.0,91,0.0,93,0.0,104,0.0,115,-7.0,101,0.0,113,-3.0,105,0.0,,,,,,,99,0.0,105,0.0,97,0.0,106,0.0,109,0.0,91.0,6.0
j30,j3029_10,j3029_10.sm,93.0,96.0,94.0,92.0,96.0,90.0,83.0,87.0,87.0,87.0,89.0,83.0,95.0,92.0,97.0,94.0,94.0,95.0,92.0,89.0,91.0,94.0,86.0,87.0,80.0,80.0,88.0,91.0,82.0,90.0,90.0,92.0,80.0,87.0,82.0,87.0,84.0,80.0,80.0,80.0,87.0,80.0,88.0,90.0,76,93,0.0,96,0.0,94,0.0,92,0.0,96,0.0,83,7.0,83,0.0,80,7.0,87,0.0,,,,,,,95,0.0,92,0.0,89,0.0,91,0.0,94,0.0,80.0,4.0
j30,j3029_2,j3029_2.sm,114.0,116.0,120.0,106.0,126.0,121.0,108.0,107.0,107.0,124.0,109.0,112.0,119.0,107.0,125.0,111.0,120.0,111.0,121.0,110.0,104.0,119.0,108.0,115.0,106.0,107.0,101.0,103.0,99.0,120.0,120.0,114.0,105.0,108.0,109.0,107.0,106.0,95.0,101.0,101.0,114.0,98.0,117.0,119.0,90,114,0.0,116,0.0,120,0.0,106,0.0,126,0.0,110,11.0,108,0.0,116,-9.0,124,0.0,,,,,,,109,2.0,121,0.0,110,0.0,104,0.0,119,0.0,95.0,5.0
j30,j3029_3,j3029_3.sm,94.0,91.0,87.0,91.0,96.0,112.0,90.0,96.0,95.0,106.0,86.0,89.0,91.0,92.0,99.0,88.0,88.0,86.0,89.0,95.0,85.0,101.0,93.0,88.0,90.0,89.0,90.0,90.0,86.0,88.0,112.0,99.0,85.0,90.0,89.0,109.0,86.0,88.0,88.0,93.0,87.0,88.0,103.0,108.0,78,94,0.0,91,0.0,87,0.0,91,0.0,96,0.0,96,16.0,90,0.0,102,-7.0,106,0.0,,,,,,,97,-11.0,88,1.0,95,0.0,85,0.0,101,0.0,85.0,7.0
j30,j3029_4,j3029_4.sm,117.0,117.0,119.0,120.0,120.0,134.0,111.0,130.0,122.0,121.0,118.0,118.0,123.0,130.0,114.0,119.0,106.0,113.0,117.0,121.0,123.0,136.0,114.0,121.0,111.0,113.0,121.0,120.0,110.0,108.0,111.0,128.0,106.0,117.0,114.0,118.0,116.0,111.0,111.0,108.0,119.0,113.0,110.0,118.0,103,117,0.0,117,0.0,119,0.0,120,0.0,120,0.0,128,6.0,111,0.0,124,-2.0,121,0.0,,,,,,,113,0.0,117,0.0,121,0.0,123,0.0,136,0.0,106.0,3.0
j30,j3029_5,j3029_5.sm,109.0,117.0,116.0,114.0,142.0,133.0,119.0,136.0,138.0,123.0,117.0,122.0,124.0,122.0,144.0,114.0,116.0,114.0,117.0,114.0,137.0,136.0,108.0,114.0,110.0,110.0,125.0,115.0,109.0,127.0,129.0,117.0,115.0,118.0,107.0,114.0,119.0,109.0,110.0,107.0,117.0,110.0,124.0,124.0,98,109,0.0,117,0.0,116,0.0,114,0.0,142,0.0,107,26.0,119,0.0,113,25.0,123,0.0,,,,,,,114,0.0,117,0.0,114,0.0,137,0.0,136,0.0,107.0,9.0
j30,j3029_6,j3029_6.sm,107.0,105.0,101.0,106.0,107.0,134.0,102.0,124.0,122.0,104.0,113.0,107.0,108.0,116.0,114.0,100.0,106.0,112.0,106.0,107.0,119.0,125.0,95.0,100.0,101.0,101.0,107.0,114.0,105.0,111.0,114.0,116.0,100.0,98.0,95.0,104.0,98.0,96.0,101.0,100.0,100.0,101.0,113.0,120.0,92,107,0.0,105,0.0,101,0.0,106,0.0,107,0.0,101,33.0,102,0.0,124,-2.0,104,0.0,,,,,,,112,0.0,106,0.0,107,0.0,119,0.0,125,0.0,95.0,3.0
j30,j3029_7,j3029_7.sm,87.0,98.0,80.0,87.0,108.0,98.0,81.0,93.0,87.0,96.0,85.0,88.0,87.0,93.0,110.0,83.0,80.0,85.0,87.0,82.0,93.0,102.0,85.0,88.0,79.0,81.0,94.0,80.0,77.0,94.0,96.0,97.0,85.0,80.0,78.0,92.0,86.0,81.0,76.0,85.0,79.0,76.0,91.0,88.0,73,87,0.0,98,0.0,80,0.0,87,0.0,108,0.0,91,7.0,81,0.0,85,2.0,96,0.0,,,,,,,85,0.0,87,0.0,82,0.0,93,0.0,102,0.0,76.0,3.0
j30,j3029_8,j3029_8.sm,98.0,109.0,93.0,93.0,112.0,102.0,93.0,102.0,107.0,101.0,95.0,108.0,107.0,98.0,104.0,91.0,90.0,92.0,99.0,89.0,102.0,109.0,98.0,104.0,94.0,89.0,102.0,103.0,91.0,102.0,102.0,104.0,93.0,97.0,100.0,98.0,98.0,87.0,87.0,91.0,99.0,88.0,111.0,99.0,80,98,0.0,109,0.0,93,0.0,93,0.0,112,0.0,110,-8.0,93,0.0,97,10.0,101,0.0,,,,,,,92,0.0,99,0.0,89,0.0,102,0.0,109,0.0,87.0,7.0
j30,j3029_9,j3029_9.sm,117.0,119.0,119.0,120.0,124.0,122.0,123.0,130.0,126.0,128.0,117.0,114.0,117.0,121.0,117.0,115.0,115.0,111.0,117.0,117.0,118.0,136.0,114.0,114.0,119.0,113.0,124.0,112.0,114.0,123.0,124.0,135.0,120.0,114.0,128.0,121.0,115.0,111.0,111.0,109.0,114.0,111.0,122.0,124.0,97,117,0.0,119,0.0,119,0.0,120,0.0,124,0.0,116,6.0,123,0.0,112,14.0,128,0.0,,,,,,,116,-5.0,117,0.0,117,0.0,118,0.0,136,0.0,109.0,12.0
j30,j302_1,j302_1.sm,39.0,42.0,41.0,41.0,49.0,44.0,44.0,49.0,41.0,39.0,44.0,42.0,42.0,44.0,46.0,41.0,41.0,41.0,38.0,41.0,46.0,45.0,39.0,39.0,38.0,38.0,39.0,39.0,38.0,39.0,38.0,39.0,39.0,39.0,39.0,39.0,38.0,38.0,38.0,38.0,38.0,38.0,39.0,39.0,38,39,0.0,42,0.0,41,0.0,41,0.0,49,0.0,41,3.0,44,0.0,38,3.0,39,0.0,,,,,,,41,0.0,38,0.0,41,0.0,46,0.0,45,0.0,38.0,0.0
j30,j302_10,j302_10.sm,48.0,53.0,43.0,44.0,61.0,49.0,52.0,59.0,54.0,58.0,51.0,50.0,50.0,51.0,49.0,43.0,43.0,45.0,48.0,45.0,53.0,59.0,48.0,53.0,44.0,44.0,53.0,51.0,45.0,53.0,50.0,51.0,51.0,48.0,48.0,51.0,44.0,44.0,44.0,45.0,48.0,45.0,53.0,53.0,43,48,0.0,53,0.0,43,0.0,44,0.0,61,0.0,50,-1.0,52,0.0,58,-4.0,58,0.0,,,,,,,45,0.0,48,0.0,45,0.0,53,0.0,59,0.0,43.0,0.0
j30,j302_2,j302_2.sm,54.0,53.0,53.0,53.0,58.0,56.0,53.0,58.0,62.0,58.0,54.0,62.0,62.0,54.0,68.0,56.0,53.0,53.0,59.0,53.0,58.0,67.0,51.0,51.0,51.0,51.0,51.0,51.0,53.0,51.0,51.0,53.0,51.0,53.0,53.0,51.0,51.0,51.0,51.0,53.0,51.0,53.0,51.0,53.0,51,54,0.0,53,0.0,53,0.0,53,0.0,58,0.0,56,0.0,53,0.0,58,4.0,58,0.0,,,,,,,53,0.0,59,0.0,53,0.0,58,0.0,67,0.0,51.0,0.0
j30,j302_3,j302_3.sm,48.0,48.0,43.0,43.0,56.0,45.0,44.0,54.0,65.0,52.0,44.0,48.0,48.0,44.0,43.0,43.0,43.0,43.0,48.0,43.0,45.0,61.0,48.0,48.0,45.0,45.0,48.0,48.0,48.0,48.0,45.0,48.0,48.0,48.0,48.0,48.0,45.0,45.0,45.0,45.0,48.0,45.0,48.0,48.0,43,48,0.0,48,0.0,43,0.0,43,0.0,56,0.0,46,-1.0,44,0.0,43,22.0,52,0.0,,,,,,,43,0.0,48,0.0,43,0.0,45,0.0,61,0.0,43.0,0.0
j30,j302_4,j302_4.sm,45.0,47.0,43.0,43.0,56.0,54.0,43.0,46.0,43.0,46.0,43.0,54.0,54.0,43.0,43.0,43.0,43.0,43.0,45.0,43.0,43.0,51.0,45.0,45.0,43.0,43.0,45.0,45.0,43.0,51.0,43.0,43.0,45.0,43.0,43.0,45.0,43.0,43.0,43.0,43.0,45.0,43.0,43.0,51.0,43,45,0.0,47,0.0,43,0.0,43,0.0,56,0.0,45,9.0,43,0.0,43,0.0,46,0.0,,,,,,,43,0.0,45,0.0,43,0.0,43,0.0,51,0.0,43.0,0.0
j30,j302_5,j302_5.sm,60.0,56.0,51.0,51.0,52.0,64.0,56.0,52.0,55.0,55.0,60.0,55.0,55.0,60.0,56.0,51.0,51.0,51.0,60.0,51.0,56.0,64.0,51.0,53.0,51.0,51.0,53.0,55.0,51.0,51.0,55.0,51.0,51.0,53.0,53.0,51.0,51.0,51.0,51.0,51.0,51.0,51.0,53.0,55.0,51,60,0.0,56,0.0,51,0.0,51,0.0,52,0.0,53,11.0,56,0.0,61,-6.0,55,0.0,,,,,,,51,0.0,60,0.0,51,0.0,56,0.0,64,0.0,51.0,0.0
j30,j302_6,j302_6.sm,48.0,54.0,47.0,47.0,54.0,48.0,47.0,53.0,53.0,53.0,47.0,47.0,47.0,47.0,47.0,47.0,47.0,47.0,48.0,47.0,54.0,48.0,48.0,48.0,48.0,48.0,48.0,54.0,48.0,54.0,54.0,54.0,48.0,48.0,48.0,48.0,48.0,48.0,48.0,48.0,48.0,48.0,54.0,54.0,47,48,0.0,54,0.0,47,0.0,47,0.0,54,0.0,48,0.0,47,0.0,47,6.0,53,0.0,,,,,,,47,0.0,48,0.0,47,0.0,54,0.0,48,0.0,47.0,0.0
j30,j302_7,j302_7.sm,53.0,52.0,47.0,47.0,54.0,53.0,47.0,51.0,53.0,48.0,48.0,48.0,48.0,48.0,47.0,47.0,47.0,47.0,56.0,47.0,53.0,57.0,54.0,51.0,47.0,47.0,51.0,47.0,47.0,51.0,47.0,47.0,48.0,48.0,48.0,48.0,47.0,47.0,47.0,47.0,56.0,47.0,47.0,51.0,47,53,0.0,52,0.0,47,0.0,47,0.0,54,0.0,52,1.0,47,0.0,47,6.0,48,0.0,,,,,,,47,0.0,57,-1.0,47,0.0,53,0.0,57,0.0,47.0,0.0
j30,j302_8,j302_8.sm,55.0,60.0,60.0,60.0,65.0,60.0,60.0,61.0,67.0,69.0,60.0,54.0,54.0,60.0,60.0,63.0,60.0,60.0,63.0,60.0,54.0,60.0,55.0,55.0,54.0,55.0,55.0,61.0,55.0,55.0,61.0,60.0,55.0,54.0,54.0,55.0,55.0,55.0,54.0,54.0,61.0,54.0,54.0,60.0,54,55,0.0,60,0.0,60,0.0,60,0.0,65,0.0,60,0.0,60,0.0,54,13.0,69,0.0,,,,,,,60,0.0,63,0.0,60,0.0,54,0.0,60,0.0,54.0,0.0
j30,j302_9,j302_9.sm,59.0,59.0,54.0,54.0,58.0,59.0,54.0,55.0,58.0,58.0,54.0,58.0,58.0,54.0,58.0,54.0,54.0,54.0,59.0,54.0,59.0,62.0,59.0,59.0,59.0,59.0,59.0,59.0,59.0,62.0,62.0,59.0,59.0,59.0,59.0,59.0,59.0,59.0,59.0,59.0,62.0,59.0,62.0,62.0,54,59,0.0,59,0.0,54,0.0,54,0.0,58,0.0,58,1.0,54,0.0,59,-1.0,58,0.0,,,,,,,54,0.0,59,0.0,54,0.0,59,0.0,62,0.0,54.0,0.0
j30,j3030_1,j3030_1.sm,53.0,56.0,52.0,53.0,59.0,63.0,55.0,60.0,56.0,54.0,54.0,57.0,64.0,66.0,53.0,52.0,52.0,57.0,58.0,56.0,58.0,69.0,53.0,53.0,51.0,54.0,59.0,56.0,54.0,57.0,51.0,54.0,55.0,54.0,54.0,61.0,53.0,49.0,51.0,51.0,54.0,49.0,55.0,55.0,47,53,0.0,56,0.0,52,0.0,53,0.0,59,0.0,60,3.0,55,0.0,55,1.0,54,0.0,,,,,,,57,0.0,58,0.0,56,0.0,58,0.0,69,0.0,49.0,2.0
j30,j3030_10,j3030_10.sm,60.0,61.0,56.0,55.0,69.0,64.0,57.0,69.0,69.0,64.0,61.0,64.0,59.0,60.0,55.0,55.0,55.0,60.0,54.0,55.0,64.0,61.0,60.0,61.0,55.0,55.0,62.0,58.0,55.0,60.0,61.0,63.0,57.0,62.0,58.0,58.0,54.0,54.0,55.0,61.0,54.0,55.0,61.0,64.0,53,60,0.0,61,0.0,56,0.0,55,0.0,69,0.0,63,1.0,57,0.0,61,8.0,64,0.0,,,,,,,58,2.0,54,0.0,55,0.0,64,0.0,61,0.0,54.0,1.0
j30,j3030_2,j3030_2.sm,90.0,81.0,76.0,75.0,98.0,100.0,75.0,78.0,78.0,82.0,84.0,82.0,82.0,82.0,75.0,76.0,76.0,79.0,84.0,75.0,89.0,99.0,81.0,82.0,76.0,71.0,83.0,80.0,78.0,75.0,74.0,81.0,77.0,73.0,80.0,81.0,74.0,70.0,70.0,73.0,77.0,73.0,82.0,78.0,68,90,0.0,81,0.0,76,0.0,75,0.0,98,0.0,85,15.0,75,0.0,76,2.0,82,0.0,,,,,,,79,0.0,84,0.0,75,0.0,89,0.0,99,0.0,70.0,2.0
j30,j3030_3,j3030_3.sm,63.0,69.0,62.0,61.0,71.0,75.0,64.0,68.0,79.0,74.0,59.0,67.0,66.0,72.0,61.0,62.0,62.0,63.0,66.0,60.0,68.0,76.0,63.0,67.0,61.0,60.0,71.0,66.0,60.0,71.0,72.0,66.0,63.0,67.0,65.0,70.0,60.0,60.0,61.0,61.0,66.0,59.0,62.0,76.0,55,63,0.0,69,0.0,62,0.0,61,0.0,71,0.0,70,5.0,64,0.0,68,11.0,74,0.0,,,,,,,63,0.0,66,0.0,60,0.0,68,0.0,81,-5.0,59.0,4.0
j30,j3030_4,j3030_4.sm,60.0,66.0,56.0,57.0,77.0,66.0,57.0,63.0,64.0,61.0,60.0,60.0,69.0,72.0,57.0,55.0,55.0,58.0,61.0,56.0,71.0,77.0,60.0,64.0,57.0,57.0,62.0,57.0,57.0,58.0,57.0,64.0,61.0,65.0,56.0,67.0,56.0,56.0,56.0,63.0,61.0,57.0,69.0,67.0,53,60,0.0,66,0.0,56,0.0,57,0.0,77,0.0,65,1.0,57,0.0,61,3.0,61,0.0,,,,,,,58,0.0,61,0.0,56,0.0,71,0.0,77,0.0,55.0,2.0
j30,j3030_5,j3030_5.sm,66.0,66.0,61.0,57.0,72.0,78.0,59.0,71.0,71.0,65.0,67.0,63.0,65.0,67.0,57.0,60.0,60.0,65.0,61.0,60.0,64.0,70.0,66.0,66.0,58.0,61.0,61.0,63.0,62.0,65.0,70.0,64.0,63.0,66.0,68.0,64.0,57.0,58.0,58.0,65.0,61.0,55.0,65.0,69.0,54,66,0.0,66,0.0,61,0.0,57,0.0,72,0.0,69,9.0,59,0.0,70,1.0,65,0.0,,,,,,,65,0.0,61,0.0,58,2.0,64,0.0,70,0.0,55.0,1.0
j30,j3030_6,j3030_6.sm,70.0,75.0,70.0,72.0,81.0,76.0,71.0,84.0,88.0,80.0,71.0,81.0,84.0,69.0,72.0,70.0,70.0,74.0,69.0,66.0,86.0,82.0,69.0,70.0,66.0,66.0,73.0,66.0,70.0,76.0,66.0,67.0,67.0,66.0,66.0,66.0,68.0,66.0,66.0,71.0,69.0,66.0,73.0,66.0,62,70,0.0,75,0.0,70,0.0,72,0.0,81,0.0,86,-10.0,71,0.0,73,15.0,80,0.0,,,,,,,71,3.0,69,0.0,66,0.0,86,0.0,82,0.0,66.0,4.0
j30,j3030_7,j3030_7.sm,76.0,79.0,73.0,71.0,86.0,83.0,75.0,87.0,87.0,87.0,81.0,81.0,76.0,81.0,71.0,73.0,73.0,81.0,79.0,73.0,83.0,91.0,73.0,79.0,71.0,71.0,74.0,77.0,73.0,77.0,78.0,78.0,71.0,73.0,76.0,74.0,75.0,71.0,71.0,72.0,79.0,71.0,77.0,77.0,68,76,0.0,79,0.0,73,0.0,71,0.0,86,0.0,82,1.0,75,0.0,87,0.0,87,0.0,,,,,,,80,1.0,79,0.0,73,0.0,83,0.0,91,0.0,71.0,3.0
j30,j3030_8,j3030_8.sm,49.0,52.0,47.0,50.0,56.0,51.0,52.0,48.0,49.0,54.0,53.0,52.0,51.0,51.0,50.0,47.0,47.0,50.0,51.0,48.0,64.0,65.0,49.0,51.0,47.0,46.0,52.0,50.0,47.0,52.0,54.0,51.0,49.0,49.0,47.0,54.0,48.0,47.0,47.0,48.0,52.0,47.0,51.0,54.0,46,49,0.0,52,0.0,47,0.0,50,0.0,56,0.0,58,-7.0,52,0.0,47,2.0,54,0.0,,,,,,,49,1.0,51,0.0,48,0.0,64,0.0,65,0.0,46.0,0.0
j30,j3030_9,j3030_9.sm,53.0,55.0,48.0,51.0,60.0,59.0,54.0,61.0,54.0,59.0,54.0,54.0,57.0,60.0,51.0,48.0,48.0,52.0,50.0,50.0,53.0,65.0,53.0,52.0,48.0,48.0,49.0,57.0,49.0,60.0,48.0,53.0,52.0,51.0,54.0,51.0,48.0,48.0,48.0,50.0,50.0,48.0,60.0,60.0,46,53,0.0,55,0.0,48,0.0,51,0.0,60,0.0,60,-1.0,54,0.0,54,0.0,59,0.0,,,,,,,52,0.0,51,-1.0,50,0.0,53,0.0,65,0.0,48.0,2.0
j30,j3031_1,j3031_1.sm,43.0,47.0,43.0,43.0,50.0,51.0,43.0,44.0,48.0,48.0,43.0,48.0,46.0,43.0,43.0,43.0,43.0,43.0,47.0,43.0,46.0,51.0,43.0,47.0,43.0,43.0,47.0,45.0,44.0,47.0,47.0,44.0,43.0,44.0,43.0,44.0,43.0,43.0,43.0,43.0,47.0,43.0,48.0,48.0,43,43,0.0,47,0.0,43,0.0,43,0.0,50,0.0,49,2.0,43,0.0,44,4.0,48,0.0,,,,,,,43,0.0,47,0.0,43,0.0,46,0.0,51,0.0,43.0,0.0
j30,j3031_10,j3031_10.sm,57.0,60.0,57.0,60.0,61.0,66.0,60.0,66.0,73.0,61.0,59.0,63.0,60.0,73.0,60.0,57.0,57.0,61.0,59.0,58.0,67.0,71.0,59.0,60.0,57.0,59.0,62.0,60.0,57.0,62.0,65.0,66.0,60.0,63.0,57.0,63.0,58.0,57.0,57.0,57.0,59.0,57.0,63.0,60.0,55,57,0.0,60,0.0,57,0.0,60,0.0,61,0.0,64,2.0,60,0.0,65,8.0,61,0.0,,,,,,,61,0.0,59,0.0,58,0.0,67,0.0,71,0.0,57.0,2.0
j30,j3031_2,j3031_2.sm,64.0,67.0,63.0,63.0,68.0,63.0,63.0,63.0,67.0,63.0,63.0,69.0,70.0,72.0,63.0,63.0,63.0,63.0,65.0,63.0,66.0,66.0,64.0,67.0,64.0,64.0,66.0,68.0,64.0,65.0,67.0,66.0,63.0,66.0,68.0,67.0,64.0,64.0,64.0,64.0,65.0,64.0,66.0,68.0,63,64,0.0,67,0.0,63,0.0,63,0.0,68,0.0,70,-7.0,63,0.0,63,4.0,63,0.0,,,,,,,63,0.0,65,0.0,63,0.0,66,0.0,66,0.0,63.0,0.0
j30,j3031_3,j3031_3.sm,60.0,64.0,58.0,58.0,66.0,60.0,58.0,58.0,58.0,58.0,60.0,61.0,66.0,61.0,58.0,58.0,58.0,58.0,63.0,58.0,60.0,60.0,60.0,65.0,58.0,59.0,66.0,59.0,60.0,60.0,60.0,58.0,60.0,62.0,65.0,61.0,58.0,58.0,58.0,58.0,63.0,58.0,68.0,60.0,58,60,0.0,64,0.0,58,0.0,58,0.0,66,0.0,64,-4.0,58,0.0,59,-1.0,58,0.0,,,,,,,58,0.0,63,0.0,58,0.0,60,0.0,60,0.0,58.0,0.0
j30,j3031_4,j3031_4.sm,52.0,53.0,50.0,50.0,51.0,52.0,50.0,59.0,53.0,51.0,50.0,53.0,53.0,54.0,50.0,50.0,50.0,50.0,52.0,50.0,51.0,59.0,52.0,51.0,50.0,50.0,50.0,52.0,50.0,50.0,51.0,51.0,52.0,51.0,52.0,50.0,50.0,50.0,50.0,50.0,51.0,50.0,51.0,52.0,50,52,0.0,53,0.0,50,0.0,50,0.0,51,0.0,61,-9.0,50,0.0,58,-5.0,51,0.0,,,,,,,50,0.0,52,0.0,50,0.0,51,0.0,59,0.0,50.0,0.0
j30,j3031_5,j3031_5.sm,56.0,59.0,59.0,60.0,62.0,67.0,60.0,67.0,66.0,58.0,64.0,66.0,66.0,73.0,60.0,60.0,60.0,64.0,57.0,59.0,66.0,64.0,58.0,55.0,57.0,60.0,57.0,59.0,56.0,63.0,60.0,60.0,59.0,59.0,63.0,59.0,57.0,57.0,57.0,54.0,57.0,54.0,57.0,59.0,52,56,0.0,59,0.0,59,0.0,60,0.0,62,0.0,62,5.0,60,0.0,64,2.0,58,0.0,,,,,,,64,0.0,57,0.0,58,1.0,66,0.0,64,0.0,54.0,2.0
j30,j3031_6,j3031_6.sm,59.0,61.0,53.0,53.0,63.0,62.0,53.0,55.0,56.0,63.0,54.0,61.0,65.0,66.0,53.0,53.0,53.0,53.0,56.0,53.0,61.0,63.0,57.0,60.0,53.0,53.0,61.0,53.0,53.0,58.0,58.0,56.0,56.0,58.0,56.0,58.0,53.0,53.0,53.0,53.0,58.0,53.0,58.0,61.0,53,59,0.0,61,0.0,53,0.0,53,0.0,63,0.0,60,2.0,53,0.0,56,0.0,63,0.0,,,,,,,53,0.0,56,0.0,53,0.0,61,0.0,63,0.0,53.0,0.0
j30,j3031_7,j3031_7.sm,66.0,64.0,61.0,61.0,70.0,75.0,66.0,82.0,70.0,68.0,66.0,67.0,74.0,67.0,61.0,61.0,61.0,67.0,64.0,65.0,75.0,82.0,66.0,64.0,63.0,63.0,67.0,66.0,66.0,82.0,70.0,71.0,66.0,67.0,71.0,67.0,63.0,63.0,63.0,66.0,64.0,66.0,69.0,82.0,61,66,0.0,64,0.0,61,0.0,61,0.0,70,0.0,70,5.0,66,0.0,67,3.0,68,0.0,,,,,,,67,0.0,64,0.0,65,0.0,75,0.0,82,0.0,61.0,0.0
j30,j3031_8,j3031_8.sm,62.0,65.0,59.0,60.0,69.0,64.0,62.0,62.0,66.0,61.0,61.0,64.0,64.0,60.0,60.0,58.0,58.0,66.0,66.0,60.0,67.0,75.0,58.0,66.0,58.0,58.0,69.0,61.0,60.0,63.0,61.0,58.0,58.0,61.0,61.0,63.0,58.0,58.0,58.0,58.0,66.0,58.0,63.0,69.0,58,62,0.0,65,0.0,59,0.0,60,0.0,69,0.0,65,-1.0,62,0.0,58,8.0,61,0.0,,,,,,,66,0.0,66,0.0,60,0.0,67,0.0,75,0.0,58.0,0.0
j30,j3031_9,j3031_9.sm,56.0,57.0,53.0,56.0,65.0,58.0,56.0,62.0,67.0,58.0,56.0,58.0,62.0,59.0,56.0,54.0,54.0,58.0,58.0,52.0,59.0,69.0,57.0,57.0,50.0,52.0,57.0,58.0,53.0,55.0,57.0,59.0,59.0,58.0,62.0,57.0,51.0,51.0,51.0,50.0,57.0,56.0,57.0,66.0,50,56,0.0,57,0.0,53,0.0,56,0.0,65,0.0,62,-4.0,56,0.0,58,9.0,58,0.0,,,,,,,58,0.0,58,0.0,52,0.0,59,0.0,69,0.0,50.0,0.0
j30,j3032_1,j3032_1.sm,61.0,61.0,61.0,61.0,61.0,61.0,61.0,61.0,61.0,61.0,61.0,61.0,61.0,61.0,61.0,61.0,61.0,61.0,61.0,61.0,61.0,61.0,61.0,61.0,61.0,61.0,61.0,61.0,61.0,61.0,61.0,61.0,61.0,61.0,61.0,61.0,61.0,61.0,61.0,61.0,61.0,61.0,61.0,61.0,61,61,0.0,61,0.0,61,0.0,61,0.0,61,0.0,61,0.0,61,0.0,61,0.0,61,0.0,,,,,,,61,0.0,61,0.0,61,0.0,61,0.0,61,0.0,61.0,0.0
j30,j3032_10,j3032_10.sm,51.0,51.0,51.0,51.0,51.0,51.0,51.0,51.0,51.0,51.0,51.0,51.0,51.0,51.0,51.0,51.0,51.0,51.0,51.0,51.0,51.0,51.0,51.0,51.0,51.0,51.0,51.0,51.0,51.0,51.0,51.0,51.0,51.0,51.0,51.0,51.0,51.0,51.0,51.0,51.0,51.0,51.0,51.0,51.0,51,51,0.0,51,0.0,51,0.0,51,0.0,51,0.0,51,0.0,51,0.0,51,0.0,51,0.0,,,,,,,51,0.0,51,0.0,51,0.0,51,0.0,51,0.0,51.0,0.0
j30,j3032_2,j3032_2.sm,60.0,60.0,60.0,60.0,60.0,60.0,60.0,60.0,60.0,60.0,60.0,60.0,60.0,60.0,60.0,60.0,60.0,60.0,60.0,60.0,60.0,60.0,60.0,60.0,60.0,60.0,60.0,60.0,60.0,60.0,60.0,60.0,60.0,60.0,60.0,60.0,60.0,60.0,60.0,60.0,60.0,60.0,60.0,60.0,60,60,0.0,60,0.0,60,0.0,60,0.0,60,0.0,60,0.0,60,0.0,60,0.0,60,0.0,,,,,,,60,0.0,60,0.0,60,0.0,60,0.0,60,0.0,60.0,0.0
j30,j3032_3,j3032_3.sm,57.0,57.0,57.0,57.0,57.0,57.0,57.0,57.0,57.0,57.0,57.0,57.0,57.0,57.0,57.0,57.0,57.0,57.0,57.0,57.0,57.0,57.0,57.0,57.0,57.0,57.0,57.0,57.0,57.0,57.0,57.0,57.0,57.0,57.0,57.0,57.0,57.0,57.0,57.0,57.0,57.0,57.0,57.0,57.0,57,57,0.0,57,0.0,57,0.0,57,0.0,57,0.0,57,0.0,57,0.0,57,0.0,57,0.0,,,,,,,57,0.0,57,0.0,57,0.0,57,0.0,57,0.0,57.0,0.0
j30,j3032_4,j3032_4.sm,68.0,68.0,68.0,68.0,68.0,68.0,68.0,68.0,68.0,68.0,68.0,68.0,68.0,68.0,68.0,68.0,68.0,68.0,68.0,68.0,68.0,68.0,68.0,68.0,68.0,68.0,68.0,68.0,68.0,68.0,68.0,68.0,68.0,68.0,68.0,68.0,68.0,68.0,68.0,68.0,68.0,68.0,68.0,68.0,68,68,0.0,68,0.0,68,0.0,68,0.0,68,0.0,68,0.0,68,0.0,68,0.0,68,0.0,,,,,,,68,0.0,68,0.0,68,0.0,68,0.0,68,0.0,68.0,0.0
j30,j3032_5,j3032_5.sm,54.0,54.0,54.0,54.0,54.0,54.0,54.0,54.0,54.0,54.0,54.0,54.0,54.0,54.0,54.0,54.0,54.0,54.0,54.0,54.0,54.0,54.0,54.0,54.0,54.0,54.0,54.0,54.0,54.0,54.0,54.0,54.0,54.0,54.0,54.0,54.0,54.0,54.0,54.0,54.0,54.0,54.0,54.0,54.0,54,54,0.0,54,0.0,54,0.0,54,0.0,54,0.0,54,0.0,54,0.0,54,0.0,54,0.0,,,,,,,54,0.0,54,0.0,54,0.0,54,0.0,54,0.0,54.0,0.0
j30,j3032_6,j3032_6.sm,44.0,44.0,44.0,44.0,44.0,44.0,44.0,44.0,44.0,44.0,44.0,44.0,44.0,44.0,44.0,44.0,44.0,44.0,44.0,44.0,44.0,44.0,44.0,44.0,44.0,44.0,44.0,44.0,44.0,44.0,44.0,44.0,44.0,44.0,44.0,44.0,44.0,44.0,44.0,44.0,44.0,44.0,44.0,44.0,44,44,0.0,44,0.0,44,0.0,44,0.0,44,0.0,44,0.0,44,0.0,44,0.0,44,0.0,,,,,,,44,0.0,44,0.0,44,0.0,44,0.0,44,0.0,44.0,0.0
j30,j3032_7,j3032_7.sm,35.0,35.0,35.0,35.0,35.0,35.0,35.0,35.0,35.0,35.0,35.0,35.0,35.0,35.0,35.0,35.0,35.0,35.0,35.0,35.0,35.0,35.0,35.0,35.0,35.0,35.0,35.0,35.0,35.0,35.0,35.0,35.0,35.0,35.0,35.0,35.0,35.0,35.0,35.0,35.0,35.0,35.0,35.0,35.0,35,35,0.0,35,0.0,35,0.0,35,0.0,35,0.0,35,0.0,35,0.0,35,0.0,35,0.0,,,,,,,35,0.0,35,0.0,35,0.0,35,0.0,35,0.0,35.0,0.0
j30,j3032_8,j3032_8.sm,54.0,54.0,54.0,54.0,54.0,54.0,54.0,54.0,54.0,54.0,54.0,54.0,54.0,54.0,54.0,54.0,54.0,54.0,54.0,54.0,54.0,54.0,54.0,54.0,54.0,54.0,54.0,54.0,54.0,54.0,54.0,54.0,54.0,54.0,54.0,54.0,54.0,54.0,54.0,54.0,54.0,54.0,54.0,54.0,54,54,0.0,54,0.0,54,0.0,54,0.0,54,0.0,54,0.0,54,0.0,54,0.0,54,0.0,,,,,,,54,0.0,54,0.0,54,0.0,54,0.0,54,0.0,54.0,0.0
j30,j3032_9,j3032_9.sm,65.0,65.0,65.0,65.0,65.0,65.0,65.0,65.0,65.0,65.0,65.0,65.0,65.0,65.0,65.0,65.0,65.0,65.0,65.0,65.0,65.0,65.0,65.0,65.0,65.0,65.0,65.0,65.0,65.0,65.0,65.0,65.0,65.0,65.0,65.0,65.0,65.0,65.0,65.0,65.0,65.0,65.0,65.0,65.0,65,65,0.0,65,0.0,65,0.0,65,0.0,65,0.0,65,0.0,65,0.0,65,0.0,65,0.0,,,,,,,65,0.0,65,0.0,65,0.0,65,0.0,65,0.0,65.0,0.0
j30,j3033_1,j3033_1.sm,75.0,76.0,65.0,65.0,76.0,77.0,65.0,81.0,81.0,85.0,66.0,78.0,78.0,66.0,65.0,65.0,65.0,77.0,81.0,65.0,75.0,81.0,75.0,75.0,65.0,66.0,75.0,70.0,66.0,81.0,65.0,69.0,75.0,75.0,75.0,75.0,66.0,65.0,65.0,66.0,81.0,66.0,81.0,81.0,65,75,0.0,76,0.0,65,0.0,65,0.0,76,0.0,65,12.0,65,0.0,93,-12.0,85,0.0,,,,,,,77,0.0,81,0.0,65,0.0,75,0.0,81,0.0,65.0,0.0
j30,j3033_10,j3033_10.sm,53.0,56.0,53.0,53.0,68.0,64.0,53.0,65.0,60.0,55.0,53.0,57.0,57.0,53.0,53.0,53.0,53.0,53.0,57.0,53.0,53.0,69.0,53.0,57.0,53.0,53.0,57.0,62.0,53.0,53.0,53.0,53.0,53.0,53.0,53.0,53.0,53.0,53.0,53.0,53.0,57.0,53.0,53.0,62.0,53,53,0.0,56,0.0,53,0.0,53,0.0,68,0.0,57,7.0,53,0.0,57,3.0,55,0.0,,,,,,,53,0.0,57,0.0,53,0.0,53,0.0,61,8.0,53.0,0.0
j30,j3033_2,j3033_2.sm,68.0,75.0,67.0,64.0,81.0,75.0,64.0,82.0,69.0,64.0,68.0,70.0,70.0,68.0,68.0,64.0,66.0,64.0,68.0,64.0,69.0,86.0,68.0,68.0,67.0,66.0,75.0,65.0,66.0,75.0,65.0,64.0,68.0,75.0,75.0,68.0,66.0,66.0,67.0,66.0,68.0,66.0,69.0,90.0,60,68,0.0,75,0.0,67,0.0,64,0.0,81,0.0,73,2.0,64,0.0,74,-5.0,64,0.0,,,,,,,64,0.0,68,0.0,64,0.0,69,0.0,86,0.0,64.0,4.0
j30,j3033_3,j3033_3.sm,64.0,59.0,55.0,55.0,72.0,65.0,56.0,69.0,65.0,68.0,58.0,62.0,62.0,58.0,65.0,55.0,55.0,56.0,63.0,56.0,60.0,65.0,58.0,58.0,58.0,58.0,58.0,60.0,58.0,58.0,60.0,60.0,58.0,58.0,58.0,58.0,58.0,58.0,58.0,58.0,58.0,58.0,60.0,65.0,55,64,0.0,59,0.0,55,0.0,55,0.0,72,0.0,62,3.0,56,0.0,65,0.0,68,0.0,,,,,,,56,0.0,63,0.0,56,0.0,60,0.0,65,0.0,55.0,0.0
j30,j3033_4,j3033_4.sm,92.0,92.0,77.0,77.0,82.0,85.0,82.0,86.0,86.0,92.0,82.0,106.0,106.0,82.0,82.0,77.0,77.0,82.0,82.0,77.0,101.0,106.0,92.0,92.0,78.0,78.0,82.0,96.0,88.0,102.0,93.0,106.0,82.0,106.0,106.0,82.0,78.0,78.0,78.0,78.0,82.0,78.0,106.0,106.0,77,92,0.0,92,0.0,77,0.0,77,0.0,82,0.0,82,3.0,82,0.0,82,4.0,92,0.0,,,,,,,82,0.0,82,0.0,77,0.0,101,0.0,106,0.0,77.0,0.0
j30,j3033_5,j3033_5.sm,60.0,62.0,53.0,53.0,60.0,61.0,61.0,62.0,58.0,59.0,62.0,62.0,62.0,62.0,64.0,53.0,58.0,61.0,60.0,61.0,60.0,58.0,60.0,62.0,53.0,53.0,62.0,53.0,58.0,62.0,58.0,58.0,62.0,58.0,58.0,62.0,53.0,53.0,53.0,58.0,60.0,58.0,58.0,61.0,53,60,0.0,62,0.0,53,0.0,53,0.0,60,0.0,62,-1.0,61,0.0,53,5.0,59,0.0,,,,,,,61,0.0,60,0.0,61,0.0,60,0.0,58,0.0,53.0,0.0
j30,j3033_6,j3033_6.sm,59.0,61.0,68.0,74.0,70.0,74.0,68.0,74.0,70.0,70.0,59.0,70.0,70.0,59.0,74.0,68.0,68.0,68.0,61.0,68.0,59.0,63.0,59.0,61.0,59.0,59.0,61.0,65.0,59.0,61.0,65.0,65.0,59.0,70.0,70.0,59.0,59.0,59.0,59.0,59.0,61.0,59.0,61.0,70.0,59,59,0.0,61,0.0,68,0.0,74,0.0,70,0.0,69,5.0,68,0.0,59,11.0,70,0.0,,,,,,,68,0.0,61,0.0,68,0.0,59,0.0,63,0.0,59.0,0.0
j30,j3033_7,j3033_7.sm,69.0,70.0,58.0,58.0,70.0,71.0,58.0,78.0,67.0,60.0,70.0,78.0,78.0,70.0,58.0,58.0,58.0,60.0,63.0,58.0,78.0,69.0,63.0,70.0,58.0,58.0,70.0,60.0,58.0,70.0,67.0,67.0,61.0,70.0,70.0,61.0,58.0,58.0,58.0,60.0,63.0,58.0,70.0,70.0,58,69,0.0,70,0.0,58,0.0,58,0.0,70,0.0,65,6.0,58,0.0,58,9.0,60,0.0,,,,,,,60,0.0,63,0.0,58,0.0,78,0.0,69,0.0,58.0,0.0
j30,j3033_8,j3033_8.sm,76.0,76.0,77.0,70.0,76.0,67.0,70.0,81.0,68.0,74.0,82.0,80.0,80.0,82.0,72.0,67.0,65.0,61.0,71.0,61.0,73.0,76.0,66.0,63.0,63.0,63.0,69.0,68.0,63.0,66.0,66.0,66.0,66.0,66.0,66.0,66.0,63.0,63.0,63.0,63.0,62.0,63.0,63.0,72.0,61,76,0.0,76,0.0,77,0.0,70,0.0,76,0.0,71,-4.0,70,0.0,79,-11.0,74,0.0,,,,,,,61,0.0,71,0.0,61,0.0,73,0.0,76,0.0,61.0,0.0
j30,j3033_9,j3033_9.sm,77.0,75.0,81.0,74.0,86.0,96.0,71.0,81.0,85.0,90.0,81.0,77.0,77.0,81.0,72.0,77.0,74.0,74.0,84.0,74.0,93.0,96.0,84.0,75.0,75.0,67.0,67.0,67.0,75.0,78.0,72.0,78.0,75.0,67.0,67.0,75.0,67.0,67.0,67.0,67.0,83.0,67.0,67.0,72.0,65,77,0.0,75,0.0,81,0.0,74,0.0,86,0.0,86,10.0,71,0.0,72,13.0,90,0.0,,,,,,,74,0.0,84,0.0,74,0.0,93,0.0,96,0.0,67.0,2.0
j30,j3034_1,j3034_1.sm,68.0,74.0,68.0,74.0,75.0,75.0,69.0,75.0,74.0,74.0,69.0,74.0,74.0,69.0,74.0,68.0,68.0,68.0,68.0,68.0,69.0,74.0,68.0,68.0,68.0,68.0,68.0,68.0,68.0,68.0,68.0,68.0,68.0,68.0,68.0,68.0,68.0,68.0,68.0,68.0,68.0,68.0,68.0,68.0,68,68,0.0,74,0.0,68,0.0,74,0.0,75,0.0,68,7.0,69,0.0,68,6.0,74,0.0,,,,,,,68,0.0,68,0.0,72,-4.0,69,0.0,74,0.0,68.0,0.0
j30,j3034_10,j3034_10.sm,48.0,51.0,52.0,48.0,57.0,56.0,53.0,54.0,48.0,47.0,48.0,48.0,48.0,48.0,48.0,47.0,52.0,53.0,54.0,53.0,48.0,55.0,48.0,48.0,47.0,47.0,48.0,48.0,48.0,47.0,47.0,47.0,48.0,47.0,47.0,48.0,47.0,47.0,47.0,48.0,48.0,48.0,47.0,48.0,47,48,0.0,51,0.0,52,0.0,48,0.0,57,0.0,50,6.0,53,0.0,47,1.0,47,0.0,,,,,,,53,0.0,54,0.0,53,0.0,48,0.0,55,0.0,47.0,0.0
j30,j3034_2,j3034_2.sm,44.0,47.0,44.0,47.0,47.0,45.0,44.0,47.0,45.0,44.0,44.0,44.0,44.0,44.0,47.0,44.0,44.0,44.0,44.0,47.0,47.0,45.0,44.0,44.0,44.0,44.0,44.0,45.0,44.0,44.0,45.0,44.0,44.0,44.0,44.0,44.0,44.0,44.0,44.0,44.0,44.0,44.0,44.0,45.0,44,44,0.0,47,0.0,44,0.0,47,0.0,47,0.0,50,-5.0,44,0.0,44,1.0,44,0.0,,,,,,,44,0.0,44,0.0,47,0.0,47,0.0,45,0.0,44.0,0.0
j30,j3034_3,j3034_3.sm,69.0,71.0,69.0,69.0,71.0,69.0,70.0,72.0,69.0,69.0,70.0,72.0,72.0,70.0,69.0,69.0,69.0,69.0,69.0,70.0,72.0,79.0,69.0,71.0,69.0,69.0,72.0,69.0,70.0,71.0,71.0,77.0,70.0,79.0,79.0,70.0,69.0,69.0,69.0,69.0,69.0,70.0,79.0,79.0,69,69,0.0,71,0.0,69,0.0,69,0.0,71,0.0,72,-3.0,70,0.0,69,0.0,69,0.0,,,,,,,69,0.0,69,0.0,70,0.0,72,0.0,79,0.0,69.0,0.0
j30,j3034_4,j3034_4.sm,75.0,76.0,67.0,67.0,77.0,67.0,67.0,76.0,76.0,84.0,75.0,67.0,67.0,75.0,67.0,67.0,67.0,67.0,68.0,67.0,67.0,85.0,75.0,68.0,67.0,67.0,68.0,76.0,67.0,76.0,75.0,75.0,75.0,67.0,67.0,75.0,67.0,67.0,67.0,67.0,68.0,67.0,67.0,76.0,67,75,0.0,76,0.0,67,0.0,67,0.0,77,0.0,67,0.0,67,0.0,75,1.0,84,0.0,,,,,,,67,0.0,68,0.0,67,0.0,67,0.0,85,0.0,67.0,0.0
j30,j3034_5,j3034_5.sm,69.0,69.0,63.0,63.0,69.0,77.0,63.0,70.0,70.0,63.0,69.0,74.0,74.0,69.0,69.0,63.0,63.0,63.0,69.0,63.0,63.0,69.0,69.0,69.0,63.0,63.0,69.0,69.0,63.0,69.0,69.0,63.0,69.0,69.0,69.0,69.0,63.0,63.0,63.0,63.0,69.0,63.0,63.0,69.0,63,69,0.0,69,0.0,63,0.0,63,0.0,69,0.0,63,14.0,63,0.0,63,7.0,63,0.0,,,,,,,63,0.0,69,0.0,63,0.0,63,0.0,69,0.0,63.0,0.0
j30,j3034_6,j3034_6.sm,52.0,59.0,52.0,52.0,59.0,56.0,52.0,56.0,56.0,56.0,56.0,56.0,56.0,56.0,52.0,52.0,52.0,52.0,57.0,52.0,57.0,65.0,52.0,59.0,52.0,52.0,59.0,52.0,52.0,57.0,57.0,56.0,56.0,56.0,56.0,56.0,52.0,52.0,52.0,52.0,57.0,52.0,59.0,59.0,52,52,0.0,59,0.0,52,0.0,52,0.0,59,0.0,52,4.0,52,0.0,56,0.0,56,0.0,,,,,,,52,0.0,57,0.0,52,0.0,57,0.0,65,0.0,52.0,0.0
j30,j3034_7,j3034_7.sm,60.0,67.0,58.0,58.0,63.0,58.0,58.0,64.0,64.0,62.0,64.0,62.0,62.0,64.0,58.0,58.0,58.0,58.0,67.0,58.0,72.0,76.0,60.0,60.0,60.0,60.0,60.0,60.0,60.0,60.0,60.0,60.0,60.0,60.0,60.0,60.0,60.0,60.0,60.0,60.0,60.0,60.0,60.0,60.0,58,60,0.0,67,0.0,58,0.0,58,0.0,63,0.0,64,-6.0,58,0.0,58,6.0,62,0.0,,,,,,,58,0.0,67,0.0,58,0.0,72,0.0,76,0.0,58.0,0.0
j30,j3034_8,j3034_8.sm,58.0,58.0,59.0,59.0,62.0,62.0,58.0,58.0,58.0,58.0,58.0,58.0,58.0,58.0,62.0,58.0,59.0,58.0,58.0,58.0,58.0,58.0,62.0,62.0,62.0,62.0,62.0,62.0,62.0,62.0,62.0,62.0,62.0,62.0,62.0,62.0,62.0,62.0,62.0,62.0,62.0,62.0,62.0,62.0,58,58,0.0,58,0.0,59,0.0,59,0.0,62,0.0,58,4.0,58,0.0,58,0.0,58,0.0,,,,,,,58,0.0,58,0.0,58,0.0,58,0.0,58,0.0,58.0,0.0
j30,j3034_9,j3034_9.sm,60.0,60.0,60.0,60.0,60.0,66.0,60.0,63.0,63.0,60.0,60.0,60.0,60.0,60.0,60.0,60.0,60.0,60.0,60.0,60.0,63.0,60.0,60.0,60.0,60.0,60.0,60.0,60.0,60.0,60.0,60.0,60.0,60.0,60.0,60.0,60.0,60.0,60.0,60.0,60.0,60.0,60.0,60.0,60.0,60,60,0.0,60,0.0,60,0.0,60,0.0,60,0.0,60,6.0,60,0.0,60,3.0,60,0.0,,,,,,,60,0.0,60,0.0,60,0.0,63,0.0,60,0.0,60.0,0.0
j30,j3035_1,j3035_1.sm,59.0,58.0,57.0,60.0,65.0,59.0,60.0,70.0,57.0,57.0,65.0,60.0,60.0,65.0,60.0,57.0,57.0,60.0,59.0,60.0,65.0,58.0,59.0,59.0,59.0,59.0,59.0,59.0,59.0,59.0,59.0,59.0,59.0,59.0,59.0,59.0,59.0,59.0,59.0,59.0,59.0,59.0,59.0,59.0,57,59,0.0,58,0.0,57,0.0,60,0.0,65,0.0,68,-9.0,60,0.0,57,0.0,57,0.0,,,,,,,60,0.0,59,0.0,60,0.0,65,0.0,58,0.0,57.0,0.0
j30,j3035_10,j3035_10.sm,59.0,59.0,59.0,59.0,59.0,59.0,59.0,65.0,59.0,65.0,59.0,65.0,65.0,59.0,59.0,59.0,59.0,59.0,59.0,59.0,65.0,59.0,59.0,59.0,59.0,59.0,59.0,59.0,59.0,59.0,59.0,59.0,59.0,59.0,59.0,59.0,59.0,59.0,59.0,59.0,59.0,59.0,59.0,59.0,59,59,0.0,59,0.0,59,0.0,59,0.0,59,0.0,65,-6.0,59,0.0,59,0.0,65,0.0,,,,,,,59,0.0,59,0.0,59,0.0,65,0.0,59,0.0,59.0,0.0
j30,j3035_2,j3035_2.sm,59.0,62.0,53.0,53.0,62.0,59.0,53.0,62.0,62.0,62.0,53.0,59.0,59.0,53.0,53.0,53.0,53.0,53.0,53.0,53.0,58.0,62.0,53.0,58.0,53.0,53.0,58.0,55.0,53.0,53.0,55.0,55.0,53.0,55.0,55.0,53.0,53.0,53.0,53.0,53.0,53.0,53.0,55.0,55.0,53,59,0.0,62,0.0,53,0.0,53,0.0,62,0.0,59,0.0,53,0.0,59,3.0,62,0.0,,,,,,,53,0.0,53,0.0,53,0.0,58,0.0,62,0.0,53.0,0.0
j30,j3035_3,j3035_3.sm,69.0,69.0,60.0,60.0,69.0,76.0,60.0,62.0,71.0,71.0,64.0,69.0,69.0,64.0,60.0,60.0,60.0,60.0,69.0,60.0,71.0,69.0,64.0,64.0,60.0,60.0,64.0,64.0,60.0,64.0,71.0,71.0,64.0,71.0,71.0,64.0,60.0,60.0,60.0,60.0,64.0,60.0,71.0,64.0,60,69,0.0,69,0.0,60,0.0,60,0.0,69,0.0,62,14.0,60,0.0,69,2.0,71,0.0,,,,,,,60,0.0,69,0.0,60,0.0,71,0.0,69,0.0,60.0,0.0
j30,j3035_4,j3035_4.sm,56.0,56.0,50.0,50.0,56.0,50.0,51.0,53.0,61.0,51.0,56.0,51.0,51.0,56.0,53.0,50.0,50.0,50.0,56.0,50.0,56.0,65.0,56.0,56.0,53.0,53.0,56.0,53.0,56.0,53.0,53.0,53.0,56.0,53.0,53.0,56.0,53.0,53.0,53.0,53.0,56.0,53.0,53.0,53.0,50,56,0.0,56,0.0,50,0.0,50,0.0,56,0.0,56,-6.0,51,0.0,54,7.0,51,0.0,,,,,,,50,0.0,56,0.0,50,0.0,56,0.0,65,0.0,50.0,0.0
j30,j3035_5,j3035_5.sm,68.0,66.0,60.0,60.0,64.0,62.0,64.0,64.0,62.0,60.0,64.0,68.0,68.0,64.0,60.0,60.0,60.0,62.0,66.0,62.0,64.0,66.0,62.0,64.0,60.0,60.0,64.0,60.0,62.0,64.0,60.0,60.0,62.0,64.0,64.0,62.0,60.0,60.0,60.0,62.0,64.0,62.0,64.0,64.0,60,68,0.0,66,0.0,60,0.0,60,0.0,64,0.0,64,-2.0,64,0.0,60,2.0,60,0.0,,,,,,,62,0.0,66,0.0,62,0.0,64,0.0,66,0.0,60.0,0.0
j30,j3035_6,j3035_6.sm,65.0,60.0,58.0,60.0,58.0,58.0,60.0,65.0,65.0,65.0,65.0,60.0,60.0,65.0,60.0,58.0,58.0,60.0,58.0,60.0,58.0,65.0,65.0,58.0,58.0,58.0,58.0,58.0,58.0,65.0,65.0,65.0,65.0,58.0,58.0,65.0,58.0,58.0,58.0,58.0,58.0,58.0,58.0,65.0,58,65,0.0,60,0.0,58,0.0,60,0.0,58,0.0,65,-7.0,60,0.0,65,0.0,65,0.0,,,,,,,60,0.0,58,0.0,60,0.0,58,0.0,65,0.0,58.0,0.0
j30,j3035_7,j3035_7.sm,64.0,64.0,61.0,61.0,66.0,62.0,63.0,64.0,64.0,64.0,63.0,64.0,64.0,63.0,63.0,61.0,61.0,61.0,63.0,61.0,64.0,64.0,64.0,64.0,64.0,64.0,64.0,64.0,64.0,64.0,64.0,64.0,64.0,64.0,64.0,64.0,64.0,64.0,64.0,64.0,64.0,64.0,64.0,64.0,61,64,0.0,64,0.0,61,0.0,61,0.0,66,0.0,63,-1.0,63,0.0,62,2.0,64,0.0,,,,,,,61,0.0,63,0.0,61,0.0,64,0.0,64,0.0,61.0,0.0
j30,j3035_8,j3035_8.sm,63.0,69.0,63.0,63.0,68.0,81.0,63.0,82.0,71.0,63.0,63.0,63.0,63.0,63.0,63.0,63.0,63.0,63.0,73.0,63.0,82.0,82.0,63.0,63.0,63.0,63.0,63.0,63.0,63.0,71.0,71.0,63.0,63.0,63.0,63.0,63.0,63.0,63.0,63.0,63.0,71.0,63.0,63.0,71.0,63,63,0.0,69,0.0,63,0.0,63,0.0,68,0.0,73,8.0,63,0.0,73,-2.0,63,0.0,,,,,,,63,0.0,73,0.0,63,0.0,82,0.0,82,0.0,63.0,0.0
j30,j3035_9,j3035_9.sm,65.0,59.0,59.0,59.0,62.0,62.0,62.0,59.0,65.0,65.0,65.0,69.0,69.0,65.0,59.0,59.0,59.0,59.0,65.0,59.0,76.0,65.0,65.0,65.0,65.0,65.0,65.0,65.0,65.0,65.0,65.0,65.0,65.0,65.0,65.0,65.0,65.0,65.0,65.0,65.0,65.0,65.0,65.0,65.0,59,65,0.0,59,0.0,59,0.0,59,0.0,62,0.0,59,3.0,62,0.0,65,0.0,65,0.0,,,,,,,59,0.0,65,0.0,59,0.0,76,0.0,65,0.0,59.0,0.0
j30,j3036_1,j3036_1.sm,66.0,66.0,66.0,66.0,66.0,66.0,66.0,66.0,66.0,66.0,66.0,66.0,66.0,66.0,66.0,66.0,66.0,66.0,66.0,66.0,66.0,66.0,66.0,66.0,66.0,66.0,66.0,66.0,66.0,66.0,66.0,66.0,66.0,66.0,66.0,66.0,66.0,66.0,66.0,66.0,66.0,66.0,66.0,66.0,66,66,0.0,66,0.0,66,0.0,66,0.0,66,0.0,66,0.0,66,0.0,66,0.0,66,0.0,,,,,,,66,0.0,66,0.0,66,0.0,66,0.0,66,0.0,66.0,0.0
j30,j3036_10,j3036_10.sm,59.0,59.0,59.0,59.0,59.0,59.0,59.0,59.0,59.0,59.0,59.0,59.0,59.0,59.0,59.0,59.0,59.0,59.0,59.0,59.0,59.0,59.0,59.0,59.0,59.0,59.0,59.0,59.0,59.0,59.0,59.0,59.0,59.0,59.0,59.0,59.0,59.0,59.0,59.0,59.0,59.0,59.0,59.0,59.0,59,59,0.0,59,0.0,59,0.0,59,0.0,59,0.0,59,0.0,59,0.0,59,0.0,59,0.0,,,,,,,59,0.0,59,0.0,59,0.0,59,0.0,59,0.0,59.0,0.0
j30,j3036_2,j3036_2.sm,44.0,44.0,44.0,44.0,44.0,44.0,44.0,44.0,44.0,44.0,44.0,44.0,44.0,44.0,44.0,44.0,44.0,44.0,44.0,44.0,44.0,44.0,44.0,44.0,44.0,44.0,44.0,44.0,44.0,44.0,44.0,44.0,44.0,44.0,44.0,44.0,44.0,44.0,44.0,44.0,44.0,44.0,44.0,44.0,44,44,0.0,44,0.0,44,0.0,44,0.0,44,0.0,44,0.0,44,0.0,44,0.0,44,0.0,,,,,,,44,0.0,44,0.0,44,0.0,44,0.0,44,0.0,44.0,0.0
j30,j3036_3,j3036_3.sm,61.0,61.0,61.0,61.0,61.0,61.0,61.0,61.0,61.0,61.0,61.0,61.0,61.0,61.0,61.0,61.0,61.0,61.0,61.0,61.0,61.0,61.0,61.0,61.0,61.0,61.0,61.0,61.0,61.0,61.0,61.0,61.0,61.0,61.0,61.0,61.0,61.0,61.0,61.0,61.0,61.0,61.0,61.0,61.0,61,61,0.0,61,0.0,61,0.0,61,0.0,61,0.0,61,0.0,61,0.0,61,0.0,61,0.0,,,,,,,61,0.0,61,0.0,61,0.0,61,0.0,61,0.0,61.0,0.0
j30,j3036_4,j3036_4.sm,59.0,59.0,59.0,59.0,59.0,59.0,59.0,59.0,59.0,59.0,59.0,59.0,59.0,59.0,59.0,59.0,59.0,59.0,59.0,59.0,59.0,59.0,59.0,59.0,59.0,59.0,59.0,59.0,59.0,59.0,59.0,59.0,59.0,59.0,59.0,59.0,59.0,59.0,59.0,59.0,59.0,59.0,59.0,59.0,59,59,0.0,59,0.0,59,0.0,59,0.0,59,0.0,59,0.0,59,0.0,59,0.0,59,0.0,,,,,,,59,0.0,59,0.0,59,0.0,59,0.0,59,0.0,59.0,0.0
j30,j3036_5,j3036_5.sm,64.0,64.0,64.0,64.0,64.0,64.0,64.0,64.0,64.0,64.0,64.0,64.0,64.0,64.0,64.0,64.0,64.0,64.0,64.0,64.0,64.0,64.0,64.0,64.0,64.0,64.0,64.0,64.0,64.0,64.0,64.0,64.0,64.0,64.0,64.0,64.0,64.0,64.0,64.0,64.0,64.0,64.0,64.0,64.0,64,64,0.0,64,0.0,64,0.0,64,0.0,64,0.0,64,0.0,64,0.0,64,0.0,64,0.0,,,,,,,64,0.0,64,0.0,64,0.0,64,0.0,64,0.0,64.0,0.0
j30,j3036_6,j3036_6.sm,46.0,46.0,46.0,46.0,46.0,46.0,46.0,46.0,46.0,46.0,46.0,46.0,46.0,46.0,46.0,46.0,46.0,46.0,46.0,46.0,46.0,46.0,46.0,46.0,46.0,46.0,46.0,46.0,46.0,46.0,46.0,46.0,46.0,46.0,46.0,46.0,46.0,46.0,46.0,46.0,46.0,46.0,46.0,46.0,46,46,0.0,46,0.0,46,0.0,46,0.0,46,0.0,46,0.0,46,0.0,46,0.0,46,0.0,,,,,,,46,0.0,46,0.0,46,0.0,46,0.0,46,0.0,46.0,0.0
j30,j3036_7,j3036_7.sm,56.0,56.0,56.0,56.0,56.0,56.0,56.0,56.0,56.0,56.0,56.0,56.0,56.0,56.0,56.0,56.0,56.0,56.0,56.0,56.0,56.0,56.0,56.0,56.0,56.0,56.0,56.0,56.0,56.0,56.0,56.0,56.0,56.0,56.0,56.0,56.0,56.0,56.0,56.0,56.0,56.0,56.0,56.0,56.0,56,56,0.0,56,0.0,56,0.0,56,0.0,56,0.0,56,0.0,56,0.0,56,0.0,56,0.0,,,,,,,56,0.0,56,0.0,56,0.0,56,0.0,56,0.0,56.0,0.0
j30,j3036_8,j3036_8.sm,63.0,63.0,63.0,63.0,63.0,63.0,63.0,63.0,63.0,63.0,63.0,63.0,63.0,63.0,63.0,63.0,63.0,63.0,63.0,63.0,63.0,63.0,63.0,63.0,63.0,63.0,63.0,63.0,63.0,63.0,63.0,63.0,63.0,63.0,63.0,63.0,63.0,63.0,63.0,63.0,63.0,63.0,63.0,63.0,63,63,0.0,63,0.0,63,0.0,63,0.0,63,0.0,63,0.0,63,0.0,63,0.0,63,0.0,,,,,,,63,0.0,63,0.0,63,0.0,63,0.0,63,0.0,63.0,0.0
j30,j3036_9,j3036_9.sm,59.0,59.0,59.0,59.0,59.0,59.0,59.0,59.0,59.0,59.0,59.0,59.0,59.0,59.0,59.0,59.0,59.0,59.0,59.0,59.0,59.0,59.0,59.0,59.0,59.0,59.0,59.0,59.0,59.0,59.0,59.0,59.0,59.0,59.0,59.0,59.0,59.0,59.0,59.0,59.0,59.0,59.0,59.0,59.0,59,59,0.0,59,0.0,59,0.0,59,0.0,59,0.0,59,0.0,59,0.0,59,0.0,59,0.0,,,,,,,59,0.0,59,0.0,59,0.0,59,0.0,59,0.0,59.0,0.0
j30,j3037_1,j3037_1.sm,92.0,99.0,81.0,90.0,101.0,84.0,86.0,114.0,92.0,87.0,96.0,90.0,90.0,84.0,105.0,81.0,81.0,83.0,91.0,83.0,99.0,101.0,92.0,90.0,82.0,88.0,90.0,82.0,82.0,95.0,97.0,84.0,82.0,84.0,80.0,84.0,89.0,88.0,82.0,82.0,91.0,82.0,97.0,98.0,79,92,0.0,99,0.0,81,0.0,90,0.0,101,0.0,88,-4.0,86,0.0,94,-2.0,87,0.0,,,,,,,83,0.0,91,0.0,83,0.0,99,0.0,101,0.0,80.0,1.0
j30,j3037_10,j3037_10.sm,87.0,107.0,91.0,85.0,123.0,95.0,86.0,98.0,101.0,104.0,92.0,92.0,100.0,98.0,110.0,91.0,86.0,88.0,93.0,89.0,110.0,113.0,86.0,83.0,88.0,83.0,87.0,85.0,86.0,94.0,95.0,87.0,91.0,91.0,94.0,93.0,83.0,83.0,83.0,87.0,83.0,87.0,86.0,90.0,81,87,0.0,107,0.0,91,0.0,85,0.0,123,0.0,94,1.0,86,0.0,91,10.0,104,0.0,,,,,,,88,0.0,93,0.0,89,0.0,110,0.0,113,0.0,83.0,2.0
j30,j3037_2,j3037_2.sm,75.0,79.0,72.0,72.0,85.0,75.0,73.0,90.0,95.0,75.0,80.0,75.0,75.0,78.0,91.0,75.0,69.0,71.0,75.0,69.0,103.0,92.0,74.0,75.0,74.0,74.0,74.0,83.0,73.0,87.0,92.0,85.0,85.0,85.0,79.0,85.0,74.0,73.0,74.0,75.0,74.0,75.0,79.0,92.0,69,75,0.0,79,0.0,72,0.0,72,0.0,85,0.0,75,0.0,73,0.0,75,20.0,75,0.0,,,,,,,71,0.0,75,0.0,69,0.0,103,0.0,92,0.0,69.0,0.0
j30,j3037_3,j3037_3.sm,90.0,89.0,97.0,98.0,94.0,96.0,91.0,105.0,94.0,91.0,86.0,99.0,94.0,94.0,118.0,96.0,90.0,93.0,90.0,89.0,99.0,113.0,94.0,94.0,92.0,92.0,100.0,91.0,96.0,101.0,113.0,96.0,100.0,96.0,95.0,94.0,92.0,91.0,91.0,96.0,94.0,95.0,109.0,101.0,81,90,0.0,89,0.0,97,0.0,98,0.0,94,0.0,103,-7.0,91,0.0,92,2.0,91,0.0,,,,,,,93,0.0,90,0.0,97,-8.0,99,0.0,113,0.0,86.0,5.0
j30,j3037_4,j3037_4.sm,93.0,93.0,89.0,86.0,101.0,104.0,83.0,100.0,113.0,100.0,104.0,100.0,93.0,93.0,105.0,88.0,89.0,86.0,97.0,86.0,104.0,115.0,90.0,90.0,86.0,86.0,90.0,86.0,86.0,96.0,99.0,98.0,90.0,91.0,98.0,90.0,89.0,86.0,86.0,86.0,93.0,93.0,96.0,105.0,83,93,0.0,93,0.0,89,0.0,86,0.0,101,0.0,95,9.0,83,0.0,93,20.0,100,0.0,,,,,,,86,0.0,97,0.0,86,0.0,104,0.0,115,0.0,83.0,0.0
j30,j3037_5,j3037_5.sm,108.0,103.0,82.0,82.0,103.0,96.0,94.0,119.0,103.0,91.0,88.0,98.0,95.0,104.0,109.0,82.0,82.0,92.0,100.0,82.0,122.0,120.0,100.0,93.0,87.0,88.0,99.0,94.0,96.0,103.0,103.0,84.0,82.0,84.0,84.0,97.0,87.0,93.0,88.0,87.0,93.0,87.0,103.0,109.0,80,108,0.0,103,0.0,82,0.0,82,0.0,103,0.0,104,-8.0,94,0.0,90,13.0,91,0.0,,,,,,,92,0.0,100,0.0,82,0.0,122,0.0,120,0.0,82.0,2.0
j30,j3037_6,j3037_6.sm,93.0,86.0,84.0,79.0,87.0,104.0,82.0,101.0,107.0,83.0,90.0,80.0,87.0,87.0,91.0,84.0,84.0,84.0,95.0,84.0,93.0,87.0,94.0,83.0,88.0,83.0,80.0,91.0,85.0,84.0,84.0,91.0,88.0,85.0,88.0,76.0,83.0,83.0,83.0,85.0,89.0,88.0,82.0,86.0,73,93,0.0,86,0.0,84,0.0,79,0.0,87,0.0,100,4.0,82,0.0,100,7.0,83,0.0,,,,,,,84,0.0,95,0.0,84,0.0,93,0.0,87,0.0,76.0,3.0
j30,j3037_7,j3037_7.sm,105.0,103.0,100.0,103.0,101.0,123.0,99.0,122.0,108.0,97.0,104.0,103.0,104.0,99.0,101.0,100.0,100.0,104.0,104.0,105.0,117.0,118.0,108.0,99.0,101.0,98.0,99.0,110.0,97.0,108.0,109.0,98.0,98.0,98.0,92.0,98.0,98.0,98.0,101.0,98.0,110.0,98.0,102.0,115.0,92,105,0.0,103,0.0,100,0.0,103,0.0,101,0.0,111,12.0,99,0.0,102,6.0,97,0.0,,,,,,,104,0.0,104,0.0,105,0.0,117,0.0,118,0.0,92.0,0.0
j30,j3037_8,j3037_8.sm,86.0,86.0,84.0,86.0,108.0,99.0,85.0,88.0,105.0,99.0,112.0,99.0,81.0,85.0,91.0,84.0,84.0,84.0,78.0,84.0,110.0,119.0,78.0,79.0,89.0,88.0,79.0,87.0,84.0,83.0,88.0,97.0,87.0,93.0,102.0,82.0,88.0,87.0,91.0,84.0,79.0,82.0,101.0,96.0,72,86,0.0,86,0.0,84,0.0,86,0.0,108,0.0,91,8.0,85,0.0,89,16.0,99,0.0,,,,,,,84,0.0,78,0.0,84,0.0,110,0.0,119,0.0,78.0,6.0
j30,j3037_9,j3037_9.sm,67.0,65.0,59.0,60.0,75.0,72.0,73.0,68.0,68.0,63.0,68.0,73.0,69.0,78.0,77.0,62.0,59.0,62.0,70.0,66.0,68.0,80.0,70.0,65.0,60.0,60.0,69.0,60.0,67.0,73.0,78.0,73.0,69.0,71.0,65.0,74.0,65.0,60.0,60.0,62.0,70.0,62.0,68.0,78.0,57,67,0.0,65,0.0,59,0.0,60,0.0,75,0.0,72,0.0,73,0.0,65,3.0,63,0.0,,,,,,,62,0.0,73,-3.0,66,0.0,68,0.0,80,0.0,59.0,2.0
j30,j3038_1,j3038_1.sm,52.0,60.0,49.0,49.0,63.0,49.0,51.0,54.0,68.0,59.0,63.0,58.0,68.0,50.0,49.0,49.0,49.0,51.0,56.0,51.0,56.0,66.0,54.0,58.0,48.0,50.0,50.0,54.0,50.0,48.0,56.0,52.0,48.0,54.0,52.0,50.0,48.0,48.0,48.0,48.0,50.0,48.0,52.0,56.0,48,52,0.0,60,0.0,49,0.0,49,0.0,63,0.0,51,-2.0,51,0.0,53,15.0,59,0.0,,,,,,,51,0.0,56,0.0,51,0.0,56,0.0,66,0.0,48.0,0.0
j30,j3038_10,j3038_10.sm,62.0,63.0,63.0,64.0,64.0,66.0,66.0,65.0,61.0,63.0,65.0,67.0,62.0,60.0,74.0,64.0,63.0,61.0,62.0,66.0,66.0,67.0,62.0,63.0,63.0,62.0,63.0,63.0,62.0,63.0,63.0,63.0,61.0,62.0,62.0,62.0,63.0,62.0,63.0,62.0,62.0,63.0,64.0,64.0,60,62,0.0,63,0.0,63,0.0,64,0.0,64,0.0,61,5.0,66,0.0,63,-2.0,63,0.0,,,,,,,61,0.0,62,0.0,66,0.0,66,0.0,67,0.0,60.0,0.0
j30,j3038_2,j3038_2.sm,61.0,61.0,58.0,58.0,61.0,60.0,58.0,58.0,58.0,54.0,59.0,61.0,59.0,58.0,58.0,58.0,54.0,58.0,61.0,58.0,65.0,58.0,58.0,61.0,58.0,60.0,61.0,58.0,58.0,58.0,61.0,58.0,60.0,61.0,57.0,59.0,58.0,58.0,58.0,58.0,58.0,58.0,58.0,58.0,54,61,0.0,61,0.0,58,0.0,58,0.0,61,0.0,59,1.0,58,0.0,58,0.0,54,0.0,,,,,,,58,0.0,61,0.0,58,0.0,65,0.0,58,0.0,54.0,0.0
j30,j3038_3,j3038_3.sm,65.0,69.0,61.0,62.0,70.0,70.0,61.0,68.0,70.0,70.0,70.0,70.0,65.0,65.0,83.0,60.0,59.0,63.0,65.0,62.0,68.0,70.0,65.0,69.0,61.0,62.0,69.0,62.0,61.0,64.0,64.0,61.0,61.0,61.0,60.0,64.0,61.0,66.0,66.0,62.0,65.0,62.0,64.0,64.0,59,65,0.0,69,0.0,61,0.0,62,0.0,70,0.0,66,4.0,61,0.0,65,5.0,70,0.0,,,,,,,63,0.0,65,0.0,62,0.0,68,0.0,69,1.0,59.0,0.0
j30,j3038_4,j3038_4.sm,67.0,62.0,70.0,62.0,78.0,78.0,62.0,80.0,75.0,69.0,74.0,67.0,67.0,67.0,72.0,59.0,70.0,59.0,65.0,59.0,69.0,85.0,67.0,65.0,68.0,62.0,65.0,62.0,62.0,66.0,66.0,67.0,66.0,66.0,67.0,62.0,68.0,62.0,68.0,62.0,65.0,62.0,64.0,68.0,59,67,0.0,62,0.0,70,0.0,62,0.0,78,0.0,67,11.0,62,0.0,65,10.0,69,0.0,,,,,,,59,0.0,65,0.0,59,0.0,69,0.0,85,0.0,59.0,0.0
j30,j3038_5,j3038_5.sm,72.0,77.0,77.0,80.0,82.0,83.0,79.0,80.0,83.0,78.0,79.0,83.0,85.0,76.0,81.0,77.0,77.0,82.0,79.0,81.0,76.0,85.0,76.0,76.0,71.0,76.0,76.0,81.0,72.0,76.0,81.0,77.0,75.0,77.0,82.0,76.0,75.0,75.0,71.0,71.0,76.0,71.0,82.0,81.0,71,72,0.0,77,0.0,77,0.0,80,0.0,82,0.0,84,-1.0,79,0.0,80,3.0,78,0.0,,,,,,,82,0.0,79,0.0,81,0.0,76,0.0,85,0.0,71.0,0.0
j30,j3038_6,j3038_6.sm,65.0,72.0,68.0,71.0,79.0,70.0,81.0,71.0,71.0,72.0,75.0,75.0,73.0,91.0,63.0,65.0,65.0,65.0,65.0,66.0,88.0,71.0,65.0,65.0,65.0,63.0,65.0,65.0,65.0,67.0,67.0,67.0,64.0,65.0,67.0,65.0,63.0,63.0,63.0,65.0,65.0,64.0,67.0,67.0,63,65,0.0,72,0.0,68,0.0,71,0.0,79,0.0,67,3.0,81,0.0,71,0.0,72,0.0,,,,,,,65,0.0,65,0.0,66,0.0,88,0.0,71,0.0,63.0,0.0
j30,j3038_7,j3038_7.sm,70.0,74.0,67.0,67.0,77.0,74.0,68.0,69.0,72.0,68.0,70.0,68.0,68.0,70.0,75.0,65.0,65.0,68.0,73.0,68.0,72.0,76.0,69.0,72.0,65.0,65.0,70.0,68.0,68.0,68.0,68.0,68.0,70.0,68.0,68.0,69.0,65.0,65.0,65.0,68.0,69.0,68.0,68.0,68.0,65,70,0.0,74,0.0,67,0.0,67,0.0,77,0.0,77,-3.0,68,0.0,71,1.0,68,0.0,,,,,,,68,0.0,73,0.0,68,0.0,72,0.0,76,0.0,65.0,0.0
j30,j3038_8,j3038_8.sm,63.0,64.0,64.0,70.0,68.0,66.0,71.0,69.0,66.0,69.0,64.0,69.0,69.0,72.0,67.0,66.0,64.0,71.0,64.0,63.0,63.0,72.0,63.0,66.0,66.0,63.0,66.0,66.0,66.0,66.0,66.0,66.0,66.0,66.0,66.0,66.0,63.0,62.0,63.0,66.0,66.0,63.0,66.0,66.0,61,63,0.0,64,0.0,64,0.0,70,0.0,68,0.0,70,-4.0,71,0.0,66,0.0,69,0.0,,,,,,,71,0.0,64,0.0,63,0.0,63,0.0,72,0.0,62.0,1.0
j30,j3038_9,j3038_9.sm,70.0,68.0,63.0,63.0,68.0,67.0,64.0,68.0,77.0,65.0,65.0,65.0,65.0,65.0,68.0,66.0,63.0,66.0,71.0,67.0,71.0,77.0,66.0,66.0,66.0,66.0,66.0,66.0,66.0,68.0,66.0,65.0,65.0,65.0,65.0,65.0,66.0,66.0,66.0,67.0,66.0,66.0,67.0,65.0,63,70,0.0,68,0.0,63,0.0,63,0.0,68,0.0,66,1.0,64,0.0,69,8.0,65,0.0,,,,,,,66,0.0,66,5.0,67,0.0,71,0.0,77,0.0,63.0,0.0
j30,j3039_1,j3039_1.sm,56.0,57.0,55.0,55.0,55.0,65.0,55.0,56.0,58.0,55.0,55.0,55.0,55.0,59.0,59.0,55.0,55.0,55.0,59.0,55.0,71.0,76.0,61.0,61.0,61.0,61.0,61.0,71.0,68.0,61.0,61.0,61.0,61.0,61.0,61.0,61.0,61.0,61.0,61.0,61.0,61.0,61.0,71.0,71.0,55,56,0.0,57,0.0,55,0.0,55,0.0,55,0.0,58,7.0,55,0.0,60,-2.0,55,0.0,,,,,,,55,0.0,59,0.0,55,0.0,71,0.0,76,0.0,55.0,0.0
j30,j3039_10,j3039_10.sm,63.0,60.0,60.0,60.0,60.0,68.0,68.0,61.0,68.0,60.0,60.0,60.0,60.0,60.0,72.0,60.0,60.0,68.0,62.0,68.0,73.0,72.0,63.0,60.0,60.0,60.0,60.0,60.0,60.0,61.0,61.0,63.0,60.0,62.0,63.0,60.0,60.0,60.0,60.0,60.0,62.0,60.0,63.0,63.0,60,63,0.0,60,0.0,60,0.0,60,0.0,60,0.0,68,0.0,68,0.0,60,8.0,60,0.0,,,,,,,68,0.0,62,0.0,68,0.0,73,0.0,72,0.0,60.0,0.0
j30,j3039_2,j3039_2.sm,56.0,59.0,54.0,54.0,68.0,60.0,54.0,69.0,67.0,67.0,54.0,68.0,68.0,56.0,67.0,54.0,54.0,54.0,59.0,54.0,60.0,68.0,56.0,56.0,56.0,56.0,56.0,56.0,56.0,56.0,56.0,56.0,56.0,56.0,56.0,56.0,56.0,56.0,56.0,56.0,56.0,56.0,56.0,56.0,54,56,0.0,59,0.0,54,0.0,54,0.0,68,0.0,54,6.0,54,0.0,54,13.0,67,0.0,,,,,,,54,0.0,59,0.0,54,0.0,60,0.0,68,0.0,54.0,0.0
j30,j3039_3,j3039_3.sm,55.0,55.0,58.0,58.0,55.0,58.0,58.0,57.0,59.0,60.0,60.0,60.0,60.0,60.0,58.0,58.0,58.0,58.0,55.0,58.0,66.0,66.0,55.0,55.0,54.0,54.0,55.0,54.0,54.0,55.0,54.0,54.0,55.0,55.0,55.0,55.0,54.0,54.0,54.0,54.0,55.0,54.0,55.0,55.0,54,55,0.0,55,0.0,58,0.0,58,0.0,55,0.0,65,-7.0,58,0.0,56,3.0,60,0.0,,,,,,,58,0.0,55,0.0,58,0.0,66,0.0,66,0.0,54.0,0.0
j30,j3039_4,j3039_4.sm,56.0,63.0,54.0,54.0,70.0,55.0,58.0,70.0,70.0,70.0,56.0,56.0,54.0,62.0,54.0,53.0,54.0,55.0,55.0,55.0,56.0,63.0,54.0,54.0,54.0,54.0,54.0,54.0,54.0,54.0,54.0,62.0,62.0,62.0,61.0,62.0,54.0,54.0,54.0,62.0,54.0,54.0,54.0,61.0,53,56,0.0,63,0.0,54,0.0,54,0.0,70,0.0,61,-6.0,58,0.0,54,16.0,70,0.0,,,,,,,55,0.0,55,0.0,55,0.0,56,0.0,63,0.0,53.0,0.0
j30,j3039_5,j3039_5.sm,58.0,61.0,55.0,55.0,67.0,63.0,57.0,70.0,55.0,55.0,59.0,57.0,62.0,57.0,55.0,55.0,55.0,57.0,59.0,57.0,70.0,65.0,58.0,60.0,55.0,55.0,60.0,58.0,57.0,57.0,56.0,56.0,58.0,56.0,57.0,57.0,55.0,55.0,55.0,57.0,59.0,57.0,59.0,60.0,55,58,0.0,61,0.0,55,0.0,55,0.0,67,0.0,71,-8.0,57,0.0,64,-9.0,55,0.0,,,,,,,57,0.0,60,-1.0,57,0.0,70,0.0,65,0.0,55.0,0.0
j30,j3039_6,j3039_6.sm,71.0,81.0,69.0,69.0,75.0,75.0,69.0,84.0,84.0,71.0,80.0,71.0,75.0,71.0,80.0,69.0,69.0,69.0,78.0,69.0,72.0,84.0,74.0,78.0,69.0,69.0,78.0,76.0,76.0,76.0,76.0,76.0,74.0,74.0,72.0,69.0,69.0,69.0,69.0,74.0,78.0,76.0,75.0,76.0,69,71,0.0,81,0.0,69,0.0,69,0.0,75,0.0,81,-6.0,69,0.0,75,9.0,71,0.0,,,,,,,69,0.0,78,0.0,69,0.0,72,0.0,84,0.0,69.0,0.0
j30,j3039_7,j3039_7.sm,60.0,70.0,56.0,56.0,66.0,66.0,56.0,64.0,57.0,56.0,60.0,56.0,60.0,56.0,57.0,56.0,56.0,56.0,64.0,56.0,68.0,70.0,57.0,57.0,56.0,56.0,56.0,60.0,56.0,60.0,60.0,60.0,56.0,60.0,60.0,56.0,56.0,56.0,56.0,57.0,57.0,56.0,60.0,60.0,56,60,0.0,70,0.0,56,0.0,56,0.0,66,0.0,56,10.0,56,0.0,56,1.0,56,0.0,,,,,,,56,0.0,64,0.0,56,0.0,68,0.0,70,0.0,56.0,0.0
j30,j3039_8,j3039_8.sm,67.0,70.0,67.0,67.0,69.0,67.0,67.0,67.0,67.0,74.0,67.0,74.0,74.0,67.0,67.0,67.0,67.0,67.0,67.0,67.0,70.0,73.0,67.0,70.0,67.0,67.0,70.0,67.0,67.0,70.0,67.0,67.0,67.0,69.0,72.0,67.0,67.0,67.0,67.0,67.0,67.0,67.0,72.0,73.0,67,67,0.0,70,0.0,67,0.0,67,0.0,69,0.0,67,0.0,67,0.0,67,0.0,74,0.0,,,,,,,67,0.0,67,0.0,67,0.0,70,0.0,73,0.0,67.0,0.0
j30,j3039_9,j3039_9.sm,67.0,65.0,65.0,67.0,65.0,68.0,75.0,77.0,77.0,72.0,67.0,67.0,67.0,65.0,67.0,65.0,65.0,67.0,65.0,67.0,83.0,80.0,67.0,65.0,67.0,67.0,65.0,69.0,72.0,78.0,73.0,67.0,67.0,67.0,69.0,65.0,67.0,67.0,67.0,72.0,65.0,67.0,72.0,78.0,64,67,0.0,65,0.0,65,0.0,67,0.0,65,0.0,69,-1.0,75,0.0,70,7.0,72,0.0,,,,,,,67,0.0,65,0.0,67,0.0,83,0.0,80,0.0,65.0,1.0
j30,j303_1,j303_1.sm,73.0,77.0,72.0,72.0,88.0,72.0,72.0,88.0,88.0,79.0,88.0,79.0,79.0,88.0,88.0,72.0,72.0,72.0,72.0,72.0,72.0,79.0,73.0,73.0,72.0,72.0,73.0,73.0,72.0,73.0,72.0,72.0,73.0,73.0,73.0,73.0,72.0,72.0,72.0,72.0,73.0,72.0,72.0,73.0,72,73,0.0,77,0.0,72,0.0,72,0.0,88,0.0,79,-7.0,72,0.0,72,16.0,79,0.0,,,,,,,72,0.0,72,0.0,72,0.0,72,0.0,79,0.0,72.0,0.0
j30,j303_10,j303_10.sm,60.0,62.0,64.0,64.0,62.0,76.0,64.0,62.0,62.0,64.0,64.0,64.0,64.0,64.0,64.0,64.0,64.0,64.0,59.0,64.0,63.0,62.0,60.0,59.0,60.0,60.0,59.0,59.0,60.0,59.0,59.0,60.0,60.0,60.0,60.0,60.0,60.0,60.0,60.0,60.0,59.0,60.0,60.0,59.0,59,60,0.0,62,0.0,64,0.0,64,0.0,62,0.0,59,17.0,64,0.0,64,-2.0,64,0.0,,,,,,,64,0.0,59,0.0,64,0.0,63,0.0,62,0.0,59.0,0.0
j30,j303_2,j303_2.sm,40.0,47.0,40.0,40.0,52.0,48.0,40.0,53.0,53.0,55.0,40.0,53.0,53.0,40.0,40.0,40.0,40.0,40.0,42.0,40.0,53.0,53.0,40.0,40.0,40.0,40.0,40.0,40.0,40.0,40.0,40.0,40.0,40.0,40.0,40.0,40.0,40.0,40.0,40.0,40.0,40.0,40.0,40.0,40.0,40,40,0.0,47,0.0,40,0.0,40,0.0,52,0.0,48,0.0,40,0.0,40,13.0,55,0.0,,,,,,,40,0.0,42,0.0,40,0.0,53,0.0,53,0.0,40.0,0.0
j30,j303_3,j303_3.sm,61.0,65.0,57.0,57.0,62.0,57.0,57.0,61.0,57.0,57.0,57.0,57.0,57.0,57.0,57.0,57.0,57.0,57.0,61.0,57.0,57.0,64.0,61.0,62.0,57.0,60.0,62.0,61.0,57.0,62.0,59.0,61.0,57.0,60.0,60.0,57.0,60.0,57.0,57.0,59.0,61.0,60.0,59.0,61.0,57,61,0.0,65,0.0,57,0.0,57,0.0,62,0.0,59,-2.0,57,0.0,57,0.0,57,0.0,,,,,,,57,0.0,61,0.0,57,0.0,57,0.0,64,0.0,57.0,0.0
j30,j303_4,j303_4.sm,103.0,98.0,98.0,98.0,98.0,112.0,98.0,103.0,112.0,98.0,98.0,103.0,103.0,98.0,98.0,98.0,98.0,98.0,112.0,98.0,103.0,112.0,103.0,103.0,103.0,103.0,103.0,112.0,103.0,103.0,112.0,103.0,103.0,103.0,103.0,103.0,103.0,103.0,103.0,103.0,112.0,103.0,103.0,112.0,98,103,0.0,98,0.0,98,0.0,98,0.0,98,0.0,107,5.0,98,0.0,103,9.0,98,0.0,,,,,,,98,0.0,112,0.0,98,0.0,103,0.0,112,0.0,98.0,0.0
j30,j303_5,j303_5.sm,53.0,57.0,53.0,53.0,67.0,62.0,53.0,65.0,65.0,65.0,53.0,53.0,53.0,53.0,53.0,62.0,53.0,53.0,53.0,53.0,62.0,61.0,54.0,57.0,54.0,54.0,57.0,54.0,54.0,54.0,54.0,57.0,54.0,57.0,57.0,54.0,54.0,54.0,54.0,54.0,54.0,54.0,57.0,57.0,53,53,0.0,57,0.0,53,0.0,53,0.0,67,0.0,67,-5.0,53,0.0,62,3.0,65,0.0,,,,,,,53,0.0,53,0.0,53,0.0,62,0.0,61,0.0,53.0,0.0
j30,j303_6,j303_6.sm,54.0,54.0,54.0,54.0,54.0,54.0,54.0,59.0,54.0,54.0,54.0,54.0,54.0,54.0,54.0,54.0,54.0,54.0,54.0,54.0,54.0,54.0,54.0,54.0,54.0,54.0,54.0,54.0,54.0,54.0,54.0,54.0,54.0,54.0,54.0,54.0,54.0,54.0,54.0,54.0,54.0,54.0,54.0,54.0,54,54,0.0,54,0.0,54,0.0,54,0.0,54,0.0,66,-12.0,54,0.0,54,0.0,54,0.0,,,,,,,54,0.0,54,0.0,54,0.0,54,0.0,54,0.0,54.0,0.0
j30,j303_7,j303_7.sm,56.0,54.0,48.0,48.0,54.0,54.0,48.0,48.0,48.0,54.0,48.0,54.0,54.0,48.0,48.0,48.0,48.0,48.0,54.0,48.0,54.0,54.0,48.0,54.0,48.0,48.0,54.0,54.0,48.0,48.0,48.0,54.0,48.0,54.0,54.0,48.0,48.0,48.0,48.0,48.0,54.0,48.0,54.0,54.0,48,56,0.0,54,0.0,48,0.0,48,0.0,54,0.0,54,0.0,48,0.0,48,0.0,54,0.0,,,,,,,48,0.0,54,0.0,48,0.0,54,0.0,54,0.0,48.0,0.0
j30,j303_8,j303_8.sm,54.0,54.0,54.0,54.0,54.0,61.0,54.0,61.0,54.0,55.0,54.0,63.0,63.0,54.0,59.0,54.0,54.0,54.0,54.0,54.0,61.0,61.0,54.0,54.0,54.0,54.0,54.0,54.0,54.0,54.0,54.0,54.0,54.0,54.0,54.0,54.0,54.0,54.0,54.0,54.0,54.0,54.0,54.0,54.0,54,54,0.0,54,0.0,54,0.0,54,0.0,54,0.0,61,0.0,54,0.0,54,0.0,55,0.0,,,,,,,54,0.0,54,0.0,54,0.0,61,0.0,61,0.0,54.0,0.0
j30,j303_9,j303_9.sm,68.0,68.0,70.0,65.0,65.0,70.0,70.0,70.0,70.0,65.0,65.0,70.0,70.0,65.0,65.0,70.0,70.0,69.0,68.0,70.0,70.0,68.0,68.0,68.0,69.0,65.0,65.0,65.0,68.0,69.0,70.0,68.0,65.0,68.0,68.0,65.0,65.0,65.0,69.0,69.0,68.0,69.0,69.0,70.0,65,68,0.0,68,0.0,70,0.0,65,0.0,65,0.0,70,0.0,70,0.0,70,0.0,65,0.0,,,,,,,69,0.0,68,0.0,70,0.0,70,0.0,68,0.0,65.0,0.0
j30,j3040_1,j3040_1.sm,51.0,51.0,51.0,51.0,51.0,51.0,51.0,51.0,51.0,51.0,51.0,51.0,51.0,51.0,51.0,51.0,51.0,51.0,51.0,51.0,51.0,51.0,51.0,51.0,51.0,51.0,51.0,51.0,51.0,51.0,51.0,51.0,51.0,51.0,51.0,51.0,51.0,51.0,51.0,51.0,51.0,51.0,51.0,51.0,51,51,0.0,51,0.0,51,0.0,51,0.0,51,0.0,51,0.0,51,0.0,51,0.0,51,0.0,,,,,,,51,0.0,51,0.0,51,0.0,51,0.0,51,0.0,51.0,0.0
j30,j3040_10,j3040_10.sm,51.0,51.0,51.0,51.0,51.0,51.0,51.0,51.0,51.0,51.0,51.0,51.0,51.0,51.0,51.0,51.0,51.0,51.0,51.0,51.0,51.0,51.0,51.0,51.0,51.0,51.0,51.0,51.0,51.0,51.0,51.0,51.0,51.0,51.0,51.0,51.0,51.0,51.0,51.0,51.0,51.0,51.0,51.0,51.0,51,51,0.0,51,0.0,51,0.0,51,0.0,51,0.0,51,0.0,51,0.0,51,0.0,51,0.0,,,,,,,51,0.0,51,0.0,51,0.0,51,0.0,51,0.0,51.0,0.0
j30,j3040_2,j3040_2.sm,56.0,56.0,56.0,56.0,56.0,56.0,56.0,56.0,56.0,56.0,56.0,56.0,56.0,56.0,56.0,56.0,56.0,56.0,56.0,56.0,56.0,56.0,56.0,56.0,56.0,56.0,56.0,56.0,56.0,56.0,56.0,56.0,56.0,56.0,56.0,56.0,56.0,56.0,56.0,56.0,56.0,56.0,56.0,56.0,56,56,0.0,56,0.0,56,0.0,56,0.0,56,0.0,56,0.0,56,0.0,56,0.0,56,0.0,,,,,,,56,0.0,56,0.0,56,0.0,56,0.0,56,0.0,56.0,0.0
j30,j3040_3,j3040_3.sm,57.0,57.0,57.0,57.0,57.0,57.0,57.0,57.0,57.0,57.0,57.0,57.0,57.0,57.0,57.0,57.0,57.0,57.0,57.0,57.0,57.0,57.0,57.0,57.0,57.0,57.0,57.0,57.0,57.0,57.0,57.0,57.0,57.0,57.0,57.0,57.0,57.0,57.0,57.0,57.0,57.0,57.0,57.0,57.0,57,57,0.0,57,0.0,57,0.0,57,0.0,57,0.0,57,0.0,57,0.0,57,0.0,57,0.0,,,,,,,57,0.0,57,0.0,57,0.0,57,0.0,57,0.0,57.0,0.0
j30,j3040_4,j3040_4.sm,57.0,57.0,57.0,57.0,57.0,57.0,57.0,57.0,57.0,57.0,57.0,57.0,57.0,57.0,57.0,57.0,57.0,57.0,57.0,57.0,57.0,57.0,57.0,57.0,57.0,57.0,57.0,57.0,57.0,57.0,57.0,57.0,57.0,57.0,57.0,57.0,57.0,57.0,57.0,57.0,57.0,57.0,57.0,57.0,57,57,0.0,57,0.0,57,0.0,57,0.0,57,0.0,57,0.0,57,0.0,57,0.0,57,0.0,,,,,,,57,0.0,57,0.0,57,0.0,57,0.0,57,0.0,57.0,0.0
j30,j3040_5,j3040_5.sm,65.0,65.0,65.0,65.0,65.0,65.0,65.0,65.0,65.0,65.0,65.0,65.0,65.0,65.0,65.0,65.0,65.0,65.0,65.0,65.0,65.0,65.0,65.0,65.0,65.0,65.0,65.0,65.0,65.0,65.0,65.0,65.0,65.0,65.0,65.0,65.0,65.0,65.0,65.0,65.0,65.0,65.0,65.0,65.0,65,65,0.0,65,0.0,65,0.0,65,0.0,65,0.0,65,0.0,65,0.0,65,0.0,65,0.0,,,,,,,65,0.0,65,0.0,65,0.0,65,0.0,65,0.0,65.0,0.0
j30,j3040_6,j3040_6.sm,60.0,60.0,60.0,60.0,60.0,60.0,60.0,60.0,60.0,60.0,60.0,60.0,60.0,60.0,60.0,60.0,60.0,60.0,60.0,60.0,60.0,60.0,60.0,60.0,60.0,60.0,60.0,60.0,60.0,60.0,60.0,60.0,60.0,60.0,60.0,60.0,60.0,60.0,60.0,60.0,60.0,60.0,60.0,60.0,60,60,0.0,60,0.0,60,0.0,60,0.0,60,0.0,60,0.0,60,0.0,60,0.0,60,0.0,,,,,,,60,0.0,60,0.0,60,0.0,60,0.0,60,0.0,60.0,0.0
j30,j3040_7,j3040_7.sm,46.0,46.0,46.0,46.0,46.0,46.0,46.0,46.0,46.0,46.0,46.0,46.0,46.0,46.0,46.0,46.0,46.0,46.0,46.0,46.0,46.0,46.0,46.0,46.0,46.0,46.0,46.0,46.0,46.0,46.0,46.0,46.0,46.0,46.0,46.0,46.0,46.0,46.0,46.0,46.0,46.0,46.0,46.0,46.0,46,46,0.0,46,0.0,46,0.0,46,0.0,46,0.0,46,0.0,46,0.0,46,0.0,46,0.0,,,,,,,46,0.0,46,0.0,46,0.0,46,0.0,46,0.0,46.0,0.0
j30,j3040_8,j3040_8.sm,57.0,57.0,57.0,57.0,57.0,57.0,57.0,57.0,57.0,57.0,57.0,57.0,57.0,57.0,57.0,57.0,57.0,57.0,57.0,57.0,57.0,57.0,57.0,57.0,57.0,57.0,57.0,57.0,57.0,57.0,57.0,57.0,57.0,57.0,57.0,57.0,57.0,57.0,57.0,57.0,57.0,57.0,57.0,57.0,57,57,0.0,57,0.0,57,0.0,57,0.0,57,0.0,57,0.0,57,0.0,57,0.0,57,0.0,,,,,,,57,0.0,57,0.0,57,0.0,57,0.0,57,0.0,57.0,0.0
j30,j3040_9,j3040_9.sm,64.0,64.0,64.0,64.0,64.0,64.0,64.0,64.0,64.0,64.0,64.0,64.0,64.0,64.0,64.0,64.0,64.0,64.0,64.0,64.0,64.0,64.0,64.0,64.0,64.0,64.0,64.0,64.0,64.0,64.0,64.0,64.0,64.0,64.0,64.0,64.0,64.0,64.0,64.0,64.0,64.0,64.0,64.0,64.0,64,64,0.0,64,0.0,64,0.0,64,0.0,64,0.0,64,0.0,64,0.0,64,0.0,64,0.0,,,,,,,64,0.0,64,0.0,64,0.0,64,0.0,64,0.0,64.0,0.0
j30,j3041_1,j3041_1.sm,106.0,117.0,92.0,96.0,100.0,104.0,91.0,104.0,107.0,112.0,103.0,116.0,116.0,104.0,97.0,94.0,96.0,106.0,103.0,105.0,111.0,126.0,97.0,99.0,95.0,94.0,105.0,113.0,94.0,112.0,111.0,98.0,99.0,99.0,100.0,94.0,95.0,94.0,97.0,92.0,102.0,91.0,108.0,101.0,86,106,0.0,117,0.0,92,0.0,96,0.0,100,0.0,115,-11.0,91,0.0,97,10.0,112,0.0,,,,,,,106,0.0,103,0.0,105,0.0,111,0.0,126,0.0,91.0,5.0
j30,j3041_10,j3041_10.sm,130.0,114.0,119.0,118.0,144.0,130.0,123.0,148.0,130.0,125.0,123.0,130.0,113.0,127.0,135.0,113.0,113.0,119.0,121.0,108.0,141.0,138.0,128.0,112.0,111.0,110.0,111.0,112.0,103.0,118.0,118.0,117.0,119.0,113.0,116.0,118.0,106.0,114.0,107.0,106.0,120.0,112.0,128.0,119.0,99,130,0.0,114,0.0,119,0.0,118,0.0,144,0.0,130,0.0,123,0.0,120,10.0,125,0.0,,,,,,,119,0.0,121,0.0,108,0.0,141,0.0,138,0.0,103.0,4.0
j30,j3041_2,j3041_2.sm,100.0,99.0,94.0,94.0,109.0,119.0,100.0,115.0,108.0,108.0,109.0,114.0,114.0,107.0,109.0,94.0,96.0,115.0,101.0,96.0,120.0,126.0,98.0,95.0,94.0,94.0,103.0,110.0,100.0,104.0,106.0,100.0,109.0,102.0,101.0,108.0,95.0,94.0,94.0,97.0,101.0,93.0,105.0,117.0,89,100,0.0,99,0.0,94,0.0,94,0.0,109,0.0,97,22.0,100,0.0,117,-9.0,108,0.0,,,,,,,115,0.0,95,6.0,96,0.0,120,0.0,126,0.0,93.0,4.0
j30,j3041_3,j3041_3.sm,105.0,107.0,96.0,92.0,101.0,97.0,98.0,102.0,92.0,96.0,107.0,98.0,103.0,93.0,112.0,101.0,86.0,94.0,105.0,98.0,111.0,110.0,105.0,99.0,96.0,86.0,99.0,100.0,98.0,101.0,101.0,104.0,94.0,91.0,92.0,91.0,89.0,86.0,86.0,88.0,99.0,86.0,110.0,108.0,85,105,0.0,107,0.0,96,0.0,92,0.0,101,0.0,95,2.0,98,0.0,103,-11.0,96,0.0,,,,,,,94,0.0,105,0.0,98,0.0,111,0.0,112,-2.0,86.0,1.0
j30,j3041_4,j3041_4.sm,96.0,90.0,89.0,99.0,103.0,107.0,99.0,107.0,104.0,108.0,102.0,100.0,101.0,101.0,103.0,87.0,86.0,91.0,89.0,96.0,113.0,101.0,97.0,86.0,87.0,86.0,104.0,104.0,82.0,92.0,96.0,105.0,90.0,88.0,93.0,93.0,96.0,86.0,86.0,89.0,86.0,84.0,99.0,101.0,78,96,0.0,90,0.0,89,0.0,99,0.0,103,0.0,99,8.0,99,0.0,102,2.0,108,0.0,,,,,,,91,0.0,89,0.0,96,0.0,113,0.0,101,0.0,82.0,4.0
j30,j3041_5,j3041_5.sm,108.0,125.0,105.0,107.0,124.0,120.0,103.0,153.0,112.0,114.0,104.0,101.0,102.0,111.0,149.0,105.0,102.0,119.0,110.0,106.0,128.0,113.0,108.0,114.0,109.0,115.0,109.0,105.0,110.0,132.0,132.0,106.0,105.0,102.0,106.0,105.0,112.0,106.0,106.0,117.0,110.0,109.0,119.0,112.0,99,108,0.0,125,0.0,105,0.0,107,0.0,124,0.0,114,6.0,103,0.0,107,5.0,114,0.0,,,,,,,119,0.0,110,0.0,106,0.0,128,0.0,113,0.0,101.0,2.0
j30,j3041_6,j3041_6.sm,111.0,124.0,117.0,111.0,121.0,121.0,112.0,111.0,115.0,109.0,110.0,111.0,113.0,108.0,120.0,118.0,119.0,113.0,124.0,111.0,114.0,119.0,110.0,117.0,114.0,110.0,117.0,113.0,112.0,110.0,109.0,109.0,110.0,109.0,111.0,108.0,114.0,109.0,114.0,115.0,121.0,110.0,116.0,116.0,103,111,0.0,124,0.0,117,0.0,111,0.0,121,0.0,118,3.0,112,0.0,121,-6.0,109,0.0,,,,,,,113,0.0,124,0.0,111,0.0,114,0.0,119,0.0,108.0,5.0
j30,j3041_7,j3041_7.sm,106.0,107.0,115.0,122.0,133.0,114.0,110.0,122.0,122.0,104.0,110.0,103.0,111.0,106.0,124.0,113.0,116.0,114.0,113.0,106.0,122.0,121.0,104.0,98.0,118.0,112.0,108.0,107.0,103.0,123.0,110.0,119.0,100.0,98.0,106.0,104.0,113.0,112.0,118.0,110.0,98.0,95.0,123.0,120.0,92,106,0.0,107,0.0,115,0.0,122,0.0,133,0.0,113,1.0,110,0.0,110,12.0,104,0.0,,,,,,,114,0.0,113,0.0,106,0.0,122,0.0,121,0.0,95.0,3.0
j30,j3041_8,j3041_8.sm,94.0,102.0,98.0,94.0,128.0,102.0,97.0,116.0,117.0,99.0,104.0,125.0,111.0,109.0,114.0,98.0,98.0,96.0,100.0,98.0,123.0,117.0,95.0,93.0,94.0,97.0,98.0,89.0,96.0,107.0,104.0,89.0,96.0,89.0,98.0,96.0,98.0,94.0,94.0,97.0,96.0,94.0,108.0,106.0,88,94,0.0,102,0.0,98,0.0,94,0.0,128,0.0,118,-16.0,97,0.0,99,18.0,99,0.0,,,,,,,96,0.0,100,0.0,98,0.0,123,0.0,117,0.0,89.0,1.0
j30,j3041_9,j3041_9.sm,113.0,129.0,109.0,100.0,120.0,125.0,113.0,103.0,119.0,114.0,123.0,110.0,109.0,115.0,132.0,109.0,109.0,112.0,115.0,109.0,118.0,133.0,113.0,127.0,109.0,96.0,122.0,118.0,109.0,106.0,105.0,121.0,109.0,107.0,122.0,110.0,99.0,99.0,97.0,109.0,111.0,109.0,110.0,123.0,92,113,0.0,129,0.0,109,0.0,100,0.0,120,0.0,131,-6.0,113,0.0,117,2.0,114,0.0,,,,,,,112,0.0,108,7.0,109,0.0,118,0.0,133,0.0,96.0,4.0
j30,j3042_1,j3042_1.sm,64.0,73.0,63.0,58.0,77.0,75.0,60.0,68.0,67.0,65.0,64.0,64.0,66.0,61.0,58.0,63.0,63.0,68.0,65.0,61.0,72.0,70.0,64.0,65.0,58.0,61.0,65.0,65.0,63.0,58.0,64.0,63.0,65.0,63.0,59.0,65.0,62.0,58.0,58.0,64.0,65.0,58.0,66.0,65.0,58,64,0.0,73,0.0,63,0.0,58,0.0,77,0.0,71,4.0,60,0.0,64,3.0,65,0.0,,,,,,,68,0.0,65,0.0,61,0.0,72,0.0,70,0.0,58.0,0.0
j30,j3042_10,j3042_10.sm,76.0,87.0,75.0,75.0,90.0,102.0,83.0,94.0,94.0,76.0,89.0,76.0,86.0,78.0,75.0,75.0,75.0,75.0,80.0,75.0,95.0,98.0,76.0,80.0,75.0,75.0,86.0,77.0,76.0,75.0,75.0,80.0,76.0,76.0,80.0,76.0,75.0,75.0,75.0,75.0,80.0,75.0,77.0,87.0,75,76,0.0,87,0.0,75,0.0,75,0.0,90,0.0,87,15.0,83,0.0,79,15.0,76,0.0,,,,,,,75,0.0,80,0.0,75,0.0,95,0.0,98,0.0,75.0,0.0
j30,j3042_2,j3042_2.sm,55.0,55.0,51.0,55.0,65.0,62.0,52.0,66.0,59.0,61.0,57.0,58.0,61.0,59.0,55.0,51.0,51.0,53.0,57.0,56.0,57.0,65.0,57.0,57.0,53.0,52.0,57.0,60.0,55.0,61.0,60.0,58.0,61.0,56.0,54.0,61.0,51.0,52.0,53.0,55.0,57.0,53.0,56.0,63.0,50,55,0.0,55,0.0,51,0.0,55,0.0,65,0.0,56,6.0,52,0.0,62,-3.0,61,0.0,,,,,,,53,0.0,57,0.0,56,0.0,57,0.0,65,0.0,51.0,1.0
j30,j3042_3,j3042_3.sm,72.0,74.0,62.0,67.0,80.0,68.0,67.0,68.0,68.0,67.0,67.0,64.0,68.0,67.0,67.0,67.0,62.0,62.0,72.0,62.0,70.0,86.0,63.0,67.0,62.0,64.0,76.0,66.0,68.0,76.0,62.0,62.0,63.0,61.0,60.0,66.0,62.0,62.0,62.0,62.0,68.0,62.0,79.0,72.0,60,72,0.0,74,0.0,62,0.0,67,0.0,80,0.0,78,-10.0,67,0.0,64,4.0,67,0.0,,,,,,,62,0.0,72,0.0,62,0.0,70,0.0,86,0.0,60.0,0.0
j30,j3042_4,j3042_4.sm,55.0,58.0,54.0,56.0,64.0,60.0,57.0,55.0,56.0,55.0,55.0,55.0,55.0,57.0,62.0,52.0,51.0,54.0,54.0,51.0,58.0,56.0,55.0,53.0,50.0,55.0,59.0,54.0,54.0,65.0,54.0,52.0,55.0,53.0,53.0,55.0,54.0,50.0,50.0,50.0,54.0,52.0,58.0,53.0,49,55,0.0,58,0.0,54,0.0,56,0.0,64,0.0,59,1.0,57,0.0,54,2.0,55,0.0,,,,,,,54,0.0,54,0.0,51,0.0,65,-7.0,56,0.0,50.0,1.0
j30,j3042_5,j3042_5.sm,55.0,56.0,52.0,57.0,63.0,63.0,52.0,56.0,65.0,67.0,72.0,67.0,59.0,70.0,57.0,52.0,52.0,54.0,56.0,52.0,65.0,63.0,59.0,56.0,53.0,53.0,63.0,57.0,53.0,62.0,62.0,62.0,55.0,62.0,54.0,55.0,53.0,53.0,53.0,53.0,56.0,53.0,61.0,56.0,52,55,0.0,56,0.0,52,0.0,57,0.0,63,0.0,62,1.0,52,0.0,61,4.0,67,0.0,,,,,,,54,0.0,56,0.0,52,0.0,65,0.0,63,0.0,52.0,0.0
j30,j3042_6,j3042_6.sm,72.0,73.0,74.0,69.0,77.0,77.0,76.0,79.0,74.0,74.0,74.0,73.0,75.0,74.0,73.0,72.0,74.0,72.0,69.0,72.0,85.0,83.0,72.0,67.0,72.0,69.0,70.0,73.0,72.0,73.0,76.0,71.0,71.0,74.0,70.0,68.0,69.0,69.0,70.0,68.0,67.0,68.0,76.0,74.0,66,72,0.0,73,0.0,74,0.0,69,0.0,77,0.0,68,9.0,76,0.0,76,-2.0,74,0.0,,,,,,,72,0.0,69,0.0,72,0.0,85,0.0,83,0.0,67.0,1.0
j30,j3042_7,j3042_7.sm,72.0,74.0,66.0,69.0,76.0,76.0,67.0,75.0,75.0,75.0,75.0,79.0,77.0,71.0,69.0,67.0,66.0,67.0,71.0,67.0,84.0,78.0,72.0,74.0,66.0,67.0,74.0,80.0,67.0,75.0,77.0,76.0,73.0,82.0,81.0,74.0,66.0,66.0,66.0,67.0,71.0,67.0,78.0,80.0,66,72,0.0,74,0.0,66,0.0,69,0.0,76,0.0,73,3.0,67,0.0,79,-4.0,75,0.0,,,,,,,67,0.0,71,0.0,67,0.0,84,0.0,78,0.0,66.0,0.0
j30,j3042_8,j3042_8.sm,83.0,95.0,82.0,82.0,90.0,92.0,82.0,85.0,98.0,86.0,84.0,87.0,91.0,95.0,82.0,87.0,82.0,82.0,86.0,82.0,98.0,101.0,83.0,83.0,84.0,84.0,83.0,82.0,83.0,83.0,89.0,82.0,84.0,85.0,83.0,84.0,83.0,84.0,84.0,82.0,83.0,82.0,89.0,83.0,82,83,0.0,95,0.0,82,0.0,82,0.0,90,0.0,89,3.0,82,0.0,85,13.0,86,0.0,,,,,,,82,0.0,86,0.0,82,0.0,98,0.0,101,0.0,82.0,0.0
j30,j3042_9,j3042_9.sm,71.0,76.0,70.0,64.0,76.0,71.0,67.0,79.0,82.0,70.0,75.0,69.0,74.0,68.0,64.0,68.0,70.0,67.0,77.0,64.0,82.0,91.0,66.0,74.0,66.0,64.0,71.0,69.0,67.0,76.0,71.0,78.0,72.0,77.0,72.0,68.0,66.0,66.0,66.0,64.0,74.0,64.0,73.0,84.0,60,71,0.0,76,0.0,70,0.0,64,0.0,76,0.0,74,-3.0,67,0.0,68,14.0,70,0.0,,,,,,,67,0.0,77,0.0,64,0.0,82,0.0,91,0.0,64.0,4.0
j30,j3043_1,j3043_1.sm,61.0,66.0,57.0,57.0,67.0,58.0,60.0,65.0,63.0,68.0,62.0,66.0,68.0,68.0,62.0,61.0,56.0,58.0,60.0,56.0,65.0,79.0,61.0,61.0,60.0,59.0,57.0,57.0,59.0,64.0,60.0,66.0,62.0,67.0,65.0,62.0,59.0,60.0,60.0,56.0,60.0,56.0,64.0,62.0,55,61,0.0,66,0.0,57,0.0,57,0.0,67,0.0,68,-10.0,60,0.0,64,-1.0,68,0.0,,,,,,,58,0.0,60,0.0,56,0.0,65,0.0,79,0.0,56.0,1.0
j30,j3043_10,j3043_10.sm,66.0,64.0,61.0,61.0,68.0,71.0,60.0,60.0,60.0,64.0,66.0,65.0,64.0,62.0,61.0,62.0,61.0,64.0,63.0,65.0,62.0,69.0,66.0,64.0,61.0,61.0,67.0,65.0,61.0,69.0,69.0,64.0,64.0,68.0,65.0,67.0,61.0,61.0,61.0,65.0,63.0,62.0,68.0,69.0,60,66,0.0,64,0.0,61,0.0,61,0.0,68,0.0,64,7.0,60,0.0,64,-4.0,64,0.0,,,,,,,64,0.0,63,0.0,65,0.0,62,0.0,69,0.0,60.0,0.0
j30,j3043_2,j3043_2.sm,51.0,55.0,43.0,46.0,53.0,57.0,46.0,51.0,55.0,53.0,54.0,51.0,51.0,51.0,46.0,43.0,43.0,44.0,46.0,43.0,50.0,54.0,51.0,53.0,44.0,46.0,55.0,50.0,46.0,55.0,50.0,50.0,51.0,50.0,50.0,50.0,44.0,44.0,44.0,44.0,46.0,44.0,50.0,50.0,43,51,0.0,55,0.0,43,0.0,46,0.0,53,0.0,54,3.0,46,0.0,48,7.0,53,0.0,,,,,,,44,0.0,46,0.0,43,0.0,50,0.0,54,0.0,43.0,0.0
j30,j3043_3,j3043_3.sm,63.0,67.0,62.0,65.0,74.0,62.0,64.0,81.0,62.0,67.0,68.0,73.0,73.0,67.0,65.0,61.0,61.0,63.0,64.0,63.0,78.0,88.0,64.0,66.0,58.0,61.0,66.0,66.0,64.0,61.0,64.0,66.0,62.0,67.0,66.0,62.0,62.0,61.0,61.0,61.0,64.0,61.0,74.0,89.0,57,63,0.0,67,0.0,62,0.0,65,0.0,74,0.0,75,-13.0,64,0.0,71,-9.0,67,0.0,,,,,,,63,0.0,64,0.0,63,0.0,78,0.0,88,0.0,58.0,1.0
j30,j3043_4,j3043_4.sm,71.0,81.0,67.0,67.0,90.0,75.0,69.0,78.0,75.0,74.0,74.0,71.0,71.0,69.0,67.0,67.0,67.0,73.0,76.0,67.0,76.0,90.0,71.0,74.0,67.0,67.0,74.0,80.0,69.0,74.0,75.0,71.0,74.0,68.0,67.0,74.0,67.0,67.0,67.0,67.0,73.0,67.0,75.0,78.0,67,71,0.0,81,0.0,67,0.0,67,0.0,90,0.0,82,-7.0,69,0.0,71,4.0,74,0.0,,,,,,,73,0.0,76,0.0,67,0.0,76,0.0,90,0.0,67.0,0.0
j30,j3043_5,j3043_5.sm,80.0,77.0,71.0,68.0,81.0,78.0,70.0,80.0,81.0,75.0,81.0,83.0,75.0,84.0,68.0,71.0,69.0,76.0,74.0,69.0,73.0,79.0,77.0,75.0,67.0,68.0,74.0,76.0,73.0,75.0,77.0,79.0,78.0,80.0,70.0,72.0,66.0,74.0,67.0,74.0,77.0,71.0,77.0,77.0,64,80,0.0,77,0.0,71,0.0,68,0.0,81,0.0,71,7.0,70,0.0,73,8.0,75,0.0,,,,,,,79,-3.0,74,0.0,69,0.0,73,0.0,79,0.0,66.0,2.0
j30,j3043_6,j3043_6.sm,60.0,63.0,59.0,62.0,66.0,66.0,62.0,65.0,71.0,65.0,66.0,65.0,67.0,73.0,62.0,59.0,59.0,62.0,66.0,62.0,73.0,71.0,60.0,63.0,59.0,62.0,64.0,63.0,60.0,65.0,65.0,65.0,65.0,65.0,65.0,65.0,60.0,59.0,59.0,60.0,64.0,60.0,65.0,65.0,58,60,0.0,63,0.0,59,0.0,62,0.0,66,0.0,65,1.0,62,0.0,62,9.0,65,0.0,,,,,,,62,0.0,66,0.0,62,0.0,73,0.0,71,0.0,59.0,1.0
j30,j3043_7,j3043_7.sm,56.0,58.0,53.0,52.0,64.0,52.0,54.0,60.0,54.0,55.0,54.0,58.0,58.0,56.0,52.0,52.0,52.0,55.0,57.0,53.0,58.0,60.0,57.0,59.0,54.0,54.0,59.0,54.0,54.0,59.0,54.0,56.0,57.0,57.0,58.0,57.0,54.0,54.0,54.0,54.0,59.0,54.0,59.0,57.0,52,56,0.0,58,0.0,53,0.0,52,0.0,64,0.0,57,-5.0,54,0.0,54,0.0,55,0.0,,,,,,,55,0.0,57,0.0,53,0.0,58,0.0,60,0.0,52.0,0.0
j30,j3043_8,j3043_8.sm,69.0,72.0,66.0,66.0,78.0,76.0,65.0,69.0,76.0,69.0,69.0,72.0,71.0,67.0,66.0,66.0,66.0,67.0,67.0,65.0,69.0,76.0,70.0,72.0,66.0,65.0,72.0,70.0,65.0,72.0,72.0,70.0,67.0,70.0,73.0,67.0,65.0,66.0,66.0,66.0,66.0,66.0,71.0,76.0,62,69,0.0,72,0.0,66,0.0,66,0.0,78,0.0,80,-4.0,65,0.0,67,9.0,69,0.0,,,,,,,67,0.0,67,0.0,65,0.0,69,0.0,76,0.0,65.0,3.0
j30,j3043_9,j3043_9.sm,58.0,68.0,57.0,59.0,68.0,70.0,60.0,69.0,58.0,61.0,59.0,64.0,63.0,58.0,59.0,57.0,57.0,58.0,58.0,57.0,63.0,70.0,58.0,58.0,58.0,58.0,58.0,58.0,58.0,58.0,58.0,61.0,58.0,58.0,58.0,58.0,58.0,58.0,58.0,58.0,58.0,58.0,60.0,58.0,57,58,0.0,68,0.0,57,0.0,59,0.0,68,0.0,60,10.0,60,0.0,69,-11.0,61,0.0,,,,,,,58,0.0,58,0.0,57,0.0,63,0.0,70,0.0,57.0,0.0
j30,j3044_1,j3044_1.sm,50.0,50.0,50.0,50.0,50.0,50.0,50.0,50.0,50.0,50.0,50.0,50.0,50.0,50.0,50.0,50.0,50.0,50.0,50.0,50.0,50.0,50.0,50.0,50.0,50.0,50.0,50.0,50.0,50.0,50.0,50.0,50.0,50.0,50.0,50.0,50.0,50.0,50.0,50.0,50.0,50.0,50.0,50.0,50.0,50,50,0.0,50,0.0,50,0.0,50,0.0,50,0.0,50,0.0,50,0.0,50,0.0,50,0.0,,,,,,,50,0.0,50,0.0,50,0.0,50,0.0,50,0.0,50.0,0.0
j30,j3044_10,j3044_10.sm,63.0,63.0,63.0,63.0,63.0,63.0,63.0,63.0,63.0,63.0,63.0,63.0,63.0,63.0,63.0,63.0,63.0,63.0,63.0,63.0,63.0,63.0,63.0,63.0,63.0,63.0,63.0,63.0,63.0,63.0,63.0,63.0,63.0,63.0,63.0,63.0,63.0,63.0,63.0,63.0,63.0,63.0,63.0,63.0,63,63,0.0,63,0.0,63,0.0,63,0.0,63,0.0,63,0.0,63,0.0,63,0.0,63,0.0,,,,,,,63,0.0,63,0.0,63,0.0,63,0.0,63,0.0,63.0,0.0
j30,j3044_2,j3044_2.sm,54.0,54.0,54.0,54.0,54.0,54.0,54.0,54.0,54.0,54.0,54.0,54.0,54.0,54.0,54.0,54.0,54.0,54.0,54.0,54.0,54.0,54.0,54.0,54.0,54.0,54.0,54.0,54.0,54.0,54.0,54.0,54.0,54.0,54.0,54.0,54.0,54.0,54.0,54.0,54.0,54.0,54.0,54.0,54.0,54,54,0.0,54,0.0,54,0.0,54,0.0,54,0.0,54,0.0,54,0.0,54,0.0,54,0.0,,,,,,,54,0.0,54,0.0,54,0.0,54,0.0,54,0.0,54.0,0.0
j30,j3044_3,j3044_3.sm,51.0,51.0,51.0,51.0,51.0,51.0,51.0,51.0,51.0,51.0,51.0,51.0,51.0,51.0,51.0,51.0,51.0,51.0,51.0,51.0,51.0,51.0,51.0,51.0,51.0,51.0,51.0,51.0,51.0,51.0,51.0,51.0,51.0,51.0,51.0,51.0,51.0,51.0,51.0,51.0,51.0,51.0,51.0,51.0,51,51,0.0,51,0.0,51,0.0,51,0.0,51,0.0,51,0.0,51,0.0,51,0.0,51,0.0,,,,,,,51,0.0,51,0.0,51,0.0,51,0.0,51,0.0,51.0,0.0
j30,j3044_4,j3044_4.sm,57.0,57.0,57.0,57.0,57.0,57.0,57.0,57.0,57.0,57.0,57.0,57.0,57.0,57.0,57.0,57.0,57.0,57.0,57.0,57.0,57.0,57.0,57.0,57.0,57.0,57.0,57.0,57.0,57.0,57.0,57.0,57.0,57.0,57.0,57.0,57.0,57.0,57.0,57.0,57.0,57.0,57.0,57.0,57.0,57,57,0.0,57,0.0,57,0.0,57,0.0,57,0.0,57,0.0,57,0.0,57,0.0,57,0.0,,,,,,,57,0.0,57,0.0,57,0.0,57,0.0,57,0.0,57.0,0.0
j30,j3044_5,j3044_5.sm,55.0,55.0,55.0,55.0,55.0,55.0,55.0,55.0,55.0,55.0,55.0,55.0,55.0,55.0,55.0,55.0,55.0,55.0,55.0,55.0,55.0,55.0,55.0,55.0,55.0,55.0,55.0,55.0,55.0,55.0,55.0,55.0,55.0,55.0,55.0,55.0,55.0,55.0,55.0,55.0,55.0,55.0,55.0,55.0,55,55,0.0,55,0.0,55,0.0,55,0.0,55,0.0,55,0.0,55,0.0,55,0.0,55,0.0,,,,,,,55,0.0,55,0.0,55,0.0,55,0.0,55,0.0,55.0,0.0
j30,j3044_6,j3044_6.sm,56.0,56.0,56.0,56.0,56.0,56.0,56.0,56.0,56.0,56.0,56.0,56.0,56.0,56.0,56.0,56.0,56.0,56.0,56.0,56.0,56.0,56.0,56.0,56.0,56.0,56.0,56.0,56.0,56.0,56.0,56.0,56.0,56.0,56.0,56.0,56.0,56.0,56.0,56.0,56.0,56.0,56.0,56.0,56.0,56,56,0.0,56,0.0,56,0.0,56,0.0,56,0.0,56,0.0,56,0.0,56,0.0,56,0.0,,,,,,,56,0.0,56,0.0,56,0.0,56,0.0,56,0.0,56.0,0.0
j30,j3044_7,j3044_7.sm,42.0,42.0,42.0,42.0,42.0,42.0,42.0,42.0,42.0,42.0,42.0,42.0,42.0,42.0,42.0,42.0,42.0,42.0,42.0,42.0,42.0,42.0,42.0,42.0,42.0,42.0,42.0,42.0,42.0,42.0,42.0,42.0,42.0,42.0,42.0,42.0,42.0,42.0,42.0,42.0,42.0,42.0,42.0,42.0,42,42,0.0,42,0.0,42,0.0,42,0.0,42,0.0,42,0.0,42,0.0,42,0.0,42,0.0,,,,,,,42,0.0,42,0.0,42,0.0,42,0.0,42,0.0,42.0,0.0
j30,j3044_8,j3044_8.sm,49.0,49.0,49.0,49.0,49.0,49.0,49.0,49.0,49.0,49.0,49.0,49.0,49.0,49.0,49.0,49.0,49.0,49.0,49.0,49.0,49.0,49.0,49.0,49.0,49.0,49.0,49.0,49.0,49.0,49.0,49.0,49.0,49.0,49.0,49.0,49.0,49.0,49.0,49.0,49.0,49.0,49.0,49.0,49.0,49,49,0.0,49,0.0,49,0.0,49,0.0,49,0.0,49,0.0,49,0.0,49,0.0,49,0.0,,,,,,,49,0.0,49,0.0,49,0.0,49,0.0,49,0.0,49.0,0.0
j30,j3044_9,j3044_9.sm,64.0,64.0,64.0,64.0,64.0,64.0,64.0,64.0,64.0,64.0,64.0,64.0,64.0,64.0,64.0,64.0,64.0,64.0,64.0,64.0,64.0,64.0,64.0,64.0,64.0,64.0,64.0,64.0,64.0,64.0,64.0,64.0,64.0,64.0,64.0,64.0,64.0,64.0,64.0,64.0,64.0,64.0,64.0,64.0,64,64,0.0,64,0.0,64,0.0,64,0.0,64,0.0,64,0.0,64,0.0,64,0.0,64,0.0,,,,,,,64,0.0,64,0.0,64,0.0,64,0.0,64,0.0,64.0,0.0
j30,j3045_1,j3045_1.sm,103.0,112.0,93.0,90.0,110.0,123.0,102.0,101.0,115.0,115.0,97.0,99.0,112.0,107.0,112.0,93.0,89.0,102.0,103.0,90.0,101.0,124.0,101.0,102.0,93.0,90.0,105.0,91.0,89.0,112.0,115.0,113.0,96.0,108.0,115.0,108.0,98.0,89.0,92.0,96.0,102.0,86.0,122.0,119.0,82,103,0.0,112,0.0,93,0.0,90,0.0,110,0.0,123,0.0,102,0.0,105,10.0,115,0.0,,,,,,,102,0.0,103,0.0,90,0.0,101,0.0,124,0.0,86.0,4.0
j30,j3045_10,j3045_10.sm,102.0,103.0,105.0,97.0,114.0,121.0,103.0,112.0,111.0,108.0,109.0,112.0,114.0,107.0,115.0,110.0,109.0,109.0,105.0,105.0,119.0,120.0,104.0,100.0,101.0,96.0,103.0,107.0,103.0,116.0,118.0,112.0,110.0,109.0,103.0,105.0,97.0,97.0,98.0,103.0,104.0,103.0,108.0,117.0,90,102,0.0,103,0.0,105,0.0,97,0.0,114,0.0,105,16.0,103,0.0,104,7.0,108,0.0,,,,,,,109,0.0,105,0.0,103,2.0,119,0.0,120,0.0,96.0,6.0
j30,j3045_2,j3045_2.sm,143.0,151.0,129.0,141.0,152.0,160.0,136.0,154.0,141.0,137.0,140.0,138.0,148.0,148.0,145.0,137.0,137.0,125.0,149.0,133.0,143.0,154.0,141.0,144.0,129.0,129.0,142.0,139.0,136.0,141.0,143.0,136.0,133.0,125.0,138.0,130.0,131.0,129.0,129.0,125.0,141.0,127.0,142.0,142.0,125,143,0.0,151,0.0,129,0.0,141,0.0,152,0.0,152,8.0,136,0.0,132,9.0,137,0.0,,,,,,,125,0.0,150,-1.0,133,0.0,143,0.0,154,0.0,125.0,0.0
j30,j3045_3,j3045_3.sm,113.0,106.0,113.0,98.0,115.0,121.0,106.0,114.0,138.0,125.0,108.0,119.0,111.0,125.0,122.0,113.0,113.0,110.0,118.0,106.0,114.0,116.0,110.0,102.0,112.0,98.0,113.0,105.0,104.0,104.0,133.0,125.0,100.0,101.0,98.0,115.0,99.0,110.0,110.0,112.0,108.0,103.0,104.0,114.0,92,113,0.0,106,0.0,113,0.0,98,0.0,115,0.0,122,-1.0,106,0.0,122,16.0,125,0.0,,,,,,,110,0.0,118,0.0,106,0.0,114,0.0,116,0.0,98.0,6.0
j30,j3045_4,j3045_4.sm,96.0,100.0,93.0,93.0,107.0,98.0,99.0,119.0,115.0,109.0,100.0,96.0,95.0,97.0,115.0,94.0,93.0,103.0,97.0,91.0,101.0,97.0,96.0,92.0,93.0,93.0,108.0,95.0,95.0,103.0,109.0,96.0,99.0,96.0,95.0,103.0,101.0,89.0,90.0,106.0,92.0,91.0,113.0,104.0,84,96,0.0,100,0.0,93,0.0,93,0.0,107,0.0,99,-1.0,99,0.0,104,11.0,109,0.0,,,,,,,103,0.0,97,0.0,91,0.0,101,0.0,97,0.0,89.0,5.0
j30,j3045_5,j3045_5.sm,102.0,103.0,92.0,100.0,101.0,107.0,104.0,112.0,100.0,103.0,102.0,95.0,110.0,99.0,99.0,92.0,92.0,98.0,105.0,91.0,110.0,106.0,93.0,93.0,97.0,96.0,100.0,101.0,99.0,95.0,102.0,99.0,95.0,95.0,94.0,92.0,89.0,94.0,94.0,95.0,92.0,91.0,104.0,100.0,86,102,0.0,103,0.0,92,0.0,100,0.0,101,0.0,109,-2.0,104,0.0,93,7.0,103,0.0,,,,,,,98,0.0,105,0.0,91,0.0,110,0.0,106,0.0,89.0,3.0
j30,j3045_6,j3045_6.sm,142.0,140.0,147.0,147.0,153.0,160.0,144.0,160.0,160.0,149.0,166.0,158.0,156.0,162.0,152.0,146.0,150.0,144.0,148.0,139.0,158.0,167.0,132.0,138.0,130.0,138.0,138.0,157.0,133.0,152.0,160.0,138.0,152.0,141.0,152.0,142.0,143.0,136.0,132.0,139.0,147.0,134.0,154.0,174.0,129,142,0.0,140,0.0,147,0.0,147,0.0,153,0.0,177,-17.0,144,0.0,158,2.0,149,0.0,,,,,,,144,0.0,148,0.0,139,0.0,158,0.0,167,0.0,130.0,1.0
j30,j3045_7,j3045_7.sm,119.0,121.0,120.0,109.0,138.0,146.0,117.0,144.0,144.0,122.0,122.0,127.0,126.0,135.0,109.0,111.0,115.0,123.0,121.0,109.0,131.0,136.0,120.0,119.0,109.0,112.0,117.0,121.0,116.0,116.0,116.0,117.0,119.0,122.0,121.0,116.0,111.0,112.0,111.0,114.0,118.0,114.0,114.0,126.0,101,119,0.0,121,0.0,120,0.0,109,0.0,138,0.0,127,19.0,117,0.0,114,30.0,122,0.0,,,,,,,123,0.0,121,0.0,109,0.0,131,0.0,136,0.0,109.0,8.0
j30,j3045_8,j3045_8.sm,112.0,116.0,101.0,101.0,111.0,104.0,105.0,108.0,110.0,106.0,109.0,100.0,108.0,116.0,109.0,94.0,104.0,96.0,108.0,108.0,99.0,105.0,105.0,105.0,94.0,99.0,104.0,103.0,106.0,109.0,108.0,107.0,102.0,102.0,106.0,106.0,100.0,96.0,96.0,96.0,105.0,103.0,109.0,102.0,94,112,0.0,116,0.0,101,0.0,101,0.0,111,0.0,112,-8.0,105,0.0,106,4.0,106,0.0,,,,,,,96,0.0,108,0.0,108,0.0,99,0.0,105,0.0,94.0,0.0
j30,j3045_9,j3045_9.sm,96.0,95.0,92.0,99.0,111.0,103.0,95.0,105.0,108.0,106.0,94.0,105.0,107.0,97.0,108.0,99.0,91.0,104.0,95.0,92.0,96.0,112.0,92.0,93.0,98.0,99.0,98.0,98.0,91.0,97.0,95.0,98.0,92.0,87.0,100.0,98.0,101.0,96.0,96.0,103.0,90.0,92.0,95.0,99.0,82,96,0.0,95,0.0,92,0.0,99,0.0,111,0.0,96,7.0,95,0.0,102,6.0,106,0.0,,,,,,,104,0.0,95,0.0,92,0.0,96,0.0,112,0.0,87.0,5.0
j30,j3046_1,j3046_1.sm,69.0,76.0,66.0,66.0,76.0,75.0,68.0,75.0,70.0,66.0,69.0,72.0,69.0,68.0,66.0,66.0,66.0,68.0,76.0,65.0,82.0,81.0,67.0,75.0,64.0,62.0,81.0,64.0,62.0,67.0,66.0,65.0,71.0,67.0,67.0,73.0,62.0,63.0,63.0,63.0,74.0,62.0,73.0,76.0,59,69,0.0,76,0.0,66,0.0,66,0.0,76,0.0,70,5.0,68,0.0,69,1.0,66,0.0,,,,,,,68,0.0,76,0.0,65,0.0,82,0.0,81,0.0,62.0,3.0
j30,j3046_10,j3046_10.sm,55.0,62.0,58.0,57.0,70.0,60.0,59.0,67.0,61.0,60.0,67.0,59.0,63.0,64.0,57.0,59.0,59.0,57.0,60.0,57.0,73.0,79.0,57.0,60.0,58.0,56.0,66.0,59.0,58.0,63.0,64.0,60.0,57.0,61.0,61.0,59.0,56.0,56.0,56.0,58.0,60.0,57.0,61.0,62.0,55,55,0.0,62,0.0,58,0.0,57,0.0,70,0.0,64,-4.0,59,0.0,58,3.0,60,0.0,,,,,,,57,0.0,60,0.0,57,0.0,73,0.0,79,0.0,55.0,0.0
j30,j3046_2,j3046_2.sm,76.0,75.0,71.0,72.0,80.0,81.0,73.0,79.0,77.0,78.0,71.0,71.0,73.0,75.0,72.0,71.0,71.0,84.0,73.0,78.0,70.0,89.0,75.0,78.0,72.0,71.0,72.0,75.0,73.0,80.0,79.0,76.0,71.0,74.0,76.0,71.0,71.0,71.0,71.0,69.0,73.0,72.0,80.0,80.0,67,76,0.0,75,0.0,71,0.0,72,0.0,80,0.0,73,8.0,73,0.0,79,-2.0,78,0.0,,,,,,,82,2.0,73,0.0,78,0.0,79,-9.0,89,0.0,69.0,2.0
j30,j3046_3,j3046_3.sm,80.0,80.0,70.0,70.0,91.0,78.0,71.0,71.0,70.0,77.0,71.0,72.0,71.0,77.0,70.0,70.0,70.0,78.0,77.0,73.0,80.0,92.0,79.0,79.0,70.0,71.0,79.0,69.0,73.0,80.0,79.0,68.0,76.0,77.0,68.0,77.0,70.0,70.0,70.0,76.0,77.0,76.0,82.0,82.0,65,80,0.0,80,0.0,70,0.0,70,0.0,91,0.0,76,2.0,71,0.0,77,-7.0,77,0.0,,,,,,,78,0.0,79,-2.0,73,0.0,80,0.0,92,0.0,68.0,3.0
j30,j3046_4,j3046_4.sm,73.0,74.0,67.0,68.0,83.0,80.0,67.0,85.0,73.0,79.0,70.0,78.0,79.0,82.0,68.0,65.0,67.0,68.0,72.0,68.0,85.0,86.0,70.0,75.0,66.0,67.0,75.0,80.0,69.0,74.0,75.0,80.0,73.0,75.0,72.0,69.0,69.0,66.0,66.0,68.0,69.0,68.0,75.0,84.0,64,73,0.0,74,0.0,67,0.0,68,0.0,83,0.0,71,9.0,67,0.0,81,-8.0,79,0.0,,,,,,,68,0.0,72,0.0,68,0.0,85,0.0,86,0.0,65.0,1.0
j30,j3046_5,j3046_5.sm,67.0,73.0,62.0,61.0,72.0,76.0,67.0,76.0,66.0,66.0,63.0,73.0,73.0,65.0,61.0,62.0,62.0,69.0,62.0,66.0,67.0,80.0,62.0,69.0,59.0,59.0,68.0,63.0,63.0,75.0,61.0,66.0,64.0,71.0,68.0,66.0,59.0,59.0,59.0,59.0,62.0,59.0,71.0,70.0,57,67,0.0,73,0.0,62,0.0,61,0.0,72,0.0,70,6.0,67,0.0,70,-4.0,66,0.0,,,,,,,69,0.0,62,0.0,66,0.0,67,0.0,80,0.0,59.0,2.0
j30,j3046_6,j3046_6.sm,67.0,71.0,64.0,65.0,80.0,71.0,68.0,65.0,65.0,74.0,65.0,72.0,69.0,75.0,65.0,66.0,66.0,66.0,69.0,63.0,78.0,89.0,68.0,69.0,63.0,61.0,69.0,66.0,66.0,61.0,61.0,64.0,60.0,67.0,62.0,70.0,61.0,62.0,63.0,66.0,68.0,66.0,63.0,69.0,59,67,0.0,71,0.0,64,0.0,65,0.0,80,0.0,67,4.0,68,0.0,63,2.0,74,0.0,,,,,,,66,0.0,69,0.0,63,0.0,78,0.0,89,0.0,60.0,1.0
j30,j3046_7,j3046_7.sm,67.0,71.0,64.0,69.0,66.0,67.0,72.0,82.0,69.0,72.0,68.0,68.0,69.0,72.0,69.0,64.0,64.0,66.0,67.0,63.0,69.0,81.0,64.0,71.0,63.0,65.0,69.0,72.0,62.0,70.0,77.0,68.0,62.0,65.0,65.0,70.0,64.0,62.0,63.0,65.0,69.0,64.0,65.0,73.0,59,67,0.0,71,0.0,64,0.0,69,0.0,66,0.0,79,-12.0,72,0.0,72,-3.0,72,0.0,,,,,,,66,0.0,67,0.0,63,0.0,69,0.0,81,0.0,62.0,3.0
j30,j3046_8,j3046_8.sm,70.0,68.0,61.0,62.0,77.0,72.0,59.0,71.0,72.0,67.0,65.0,65.0,64.0,64.0,62.0,61.0,61.0,61.0,70.0,61.0,68.0,76.0,70.0,67.0,62.0,64.0,66.0,66.0,63.0,73.0,73.0,66.0,65.0,65.0,63.0,62.0,62.0,62.0,62.0,65.0,70.0,63.0,69.0,73.0,58,70,0.0,68,0.0,61,0.0,62,0.0,77,0.0,69,3.0,59,0.0,64,8.0,67,0.0,,,,,,,61,0.0,70,0.0,61,0.0,68,0.0,76,0.0,59.0,1.0
j30,j3046_9,j3046_9.sm,54.0,64.0,53.0,53.0,77.0,75.0,55.0,57.0,71.0,58.0,55.0,61.0,60.0,58.0,53.0,54.0,54.0,53.0,59.0,53.0,64.0,70.0,57.0,58.0,55.0,56.0,62.0,56.0,55.0,58.0,57.0,55.0,55.0,58.0,58.0,56.0,53.0,55.0,55.0,56.0,57.0,52.0,58.0,61.0,49,54,0.0,64,0.0,53,0.0,53,0.0,77,0.0,59,16.0,55,0.0,58,13.0,58,0.0,,,,,,,53,0.0,59,0.0,53,0.0,64,0.0,70,0.0,52.0,3.0
j30,j3047_1,j3047_1.sm,64.0,71.0,60.0,59.0,68.0,69.0,59.0,68.0,68.0,67.0,65.0,62.0,62.0,70.0,59.0,59.0,59.0,63.0,69.0,59.0,64.0,71.0,64.0,71.0,63.0,64.0,70.0,67.0,65.0,71.0,71.0,69.0,65.0,69.0,69.0,68.0,63.0,63.0,63.0,69.0,69.0,63.0,74.0,72.0,58,64,0.0,71,0.0,60,0.0,59,0.0,68,0.0,68,1.0,59,0.0,64,4.0,67,0.0,,,,,,,63,0.0,69,0.0,59,0.0,64,0.0,71,0.0,59.0,1.0
j30,j3047_10,j3047_10.sm,62.0,66.0,61.0,65.0,86.0,80.0,64.0,78.0,80.0,78.0,74.0,81.0,86.0,68.0,65.0,61.0,61.0,66.0,68.0,65.0,73.0,89.0,62.0,65.0,60.0,63.0,63.0,75.0,61.0,63.0,70.0,71.0,64.0,63.0,66.0,65.0,63.0,60.0,60.0,61.0,67.0,60.0,63.0,82.0,60,62,0.0,66,0.0,61,0.0,65,0.0,86,0.0,64,16.0,64,0.0,72,8.0,78,0.0,,,,,,,66,0.0,68,0.0,65,0.0,73,0.0,89,0.0,60.0,0.0
j30,j3047_2,j3047_2.sm,63.0,62.0,59.0,59.0,64.0,60.0,59.0,64.0,65.0,61.0,61.0,62.0,63.0,62.0,59.0,59.0,59.0,59.0,62.0,59.0,68.0,65.0,62.0,64.0,59.0,59.0,64.0,62.0,59.0,64.0,64.0,63.0,60.0,64.0,63.0,66.0,59.0,59.0,59.0,61.0,63.0,59.0,64.0,64.0,59,63,0.0,62,0.0,59,0.0,59,0.0,64,0.0,66,-6.0,59,0.0,62,3.0,61,0.0,,,,,,,59,0.0,62,0.0,59,0.0,68,0.0,65,0.0,59.0,0.0
j30,j3047_3,j3047_3.sm,61.0,63.0,55.0,55.0,60.0,62.0,58.0,58.0,58.0,61.0,63.0,64.0,62.0,69.0,55.0,55.0,55.0,59.0,57.0,55.0,57.0,73.0,61.0,61.0,55.0,55.0,61.0,58.0,55.0,57.0,57.0,58.0,59.0,59.0,61.0,58.0,55.0,55.0,55.0,59.0,58.0,55.0,57.0,63.0,55,61,0.0,63,0.0,55,0.0,55,0.0,60,0.0,57,5.0,58,0.0,59,-1.0,61,0.0,,,,,,,59,0.0,59,-2.0,55,0.0,57,0.0,73,0.0,55.0,0.0
j30,j3047_4,j3047_4.sm,59.0,54.0,50.0,50.0,56.0,60.0,49.0,57.0,63.0,54.0,55.0,56.0,56.0,57.0,50.0,50.0,50.0,52.0,54.0,50.0,60.0,60.0,59.0,51.0,51.0,51.0,55.0,57.0,50.0,55.0,59.0,60.0,53.0,55.0,58.0,56.0,51.0,51.0,51.0,51.0,54.0,51.0,66.0,66.0,49,59,0.0,54,0.0,50,0.0,50,0.0,56,0.0,57,3.0,49,0.0,62,1.0,54,0.0,,,,,,,52,0.0,54,0.0,50,0.0,60,0.0,60,0.0,49.0,0.0
j30,j3047_5,j3047_5.sm,48.0,53.0,50.0,51.0,55.0,48.0,49.0,54.0,48.0,49.0,50.0,52.0,51.0,56.0,51.0,50.0,50.0,49.0,51.0,49.0,50.0,53.0,48.0,49.0,48.0,48.0,49.0,49.0,48.0,49.0,49.0,49.0,48.0,52.0,51.0,52.0,48.0,48.0,48.0,49.0,50.0,48.0,54.0,52.0,47,48,0.0,53,0.0,50,0.0,51,0.0,55,0.0,47,1.0,49,0.0,48,0.0,49,0.0,,,,,,,49,0.0,50,1.0,49,0.0,50,0.0,53,0.0,48.0,1.0
j30,j3047_6,j3047_6.sm,57.0,60.0,57.0,56.0,63.0,68.0,60.0,60.0,66.0,68.0,69.0,62.0,57.0,63.0,56.0,56.0,56.0,56.0,58.0,56.0,64.0,69.0,58.0,59.0,60.0,56.0,61.0,62.0,62.0,57.0,58.0,57.0,62.0,58.0,57.0,60.0,58.0,58.0,59.0,57.0,59.0,57.0,58.0,61.0,53,57,0.0,60,0.0,57,0.0,56,0.0,63,0.0,60,8.0,60,0.0,61,5.0,68,0.0,,,,,,,56,0.0,58,0.0,56,0.0,64,0.0,69,0.0,56.0,3.0
j30,j3047_7,j3047_7.sm,70.0,70.0,66.0,66.0,68.0,72.0,67.0,71.0,71.0,68.0,69.0,72.0,77.0,72.0,66.0,66.0,66.0,72.0,73.0,70.0,71.0,68.0,68.0,68.0,68.0,68.0,68.0,71.0,69.0,71.0,71.0,68.0,68.0,68.0,68.0,69.0,68.0,68.0,68.0,69.0,71.0,68.0,71.0,68.0,66,70,0.0,70,0.0,66,0.0,66,0.0,68,0.0,71,1.0,67,0.0,69,2.0,68,0.0,,,,,,,69,3.0,73,0.0,70,0.0,71,0.0,68,0.0,66.0,0.0
j30,j3047_8,j3047_8.sm,54.0,54.0,48.0,48.0,57.0,59.0,48.0,57.0,56.0,57.0,56.0,53.0,56.0,53.0,48.0,48.0,48.0,48.0,49.0,48.0,57.0,64.0,51.0,49.0,49.0,50.0,50.0,55.0,50.0,54.0,59.0,49.0,56.0,54.0,56.0,50.0,49.0,49.0,49.0,50.0,49.0,50.0,54.0,55.0,48,54,0.0,54,0.0,48,0.0,48,0.0,57,0.0,54,5.0,48,0.0,51,5.0,57,0.0,,,,,,,48,0.0,49,0.0,48,0.0,57,0.0,64,0.0,48.0,0.0
j30,j3047_9,j3047_9.sm,69.0,69.0,65.0,65.0,69.0,72.0,65.0,74.0,68.0,68.0,69.0,69.0,65.0,74.0,65.0,65.0,65.0,65.0,69.0,65.0,82.0,77.0,69.0,69.0,65.0,66.0,69.0,73.0,65.0,77.0,75.0,74.0,69.0,72.0,72.0,68.0,66.0,65.0,65.0,66.0,69.0,66.0,77.0,77.0,65,69,0.0,69,0.0,65,0.0,65,0.0,69,0.0,72,0.0,65,0.0,68,0.0,68,0.0,,,,,,,65,0.0,69,0.0,65,0.0,82,0.0,77,0.0,65.0,0.0
j30,j3048_1,j3048_1.sm,63.0,63.0,63.0,63.0,63.0,63.0,63.0,63.0,63.0,63.0,63.0,63.0,63.0,63.0,63.0,63.0,63.0,63.0,63.0,63.0,63.0,63.0,63.0,63.0,63.0,63.0,63.0,63.0,63.0,63.0,63.0,63.0,63.0,63.0,63.0,63.0,63.0,63.0,63.0,63.0,63.0,63.0,63.0,63.0,63,63,0.0,63,0.0,63,0.0,63,0.0,63,0.0,63,0.0,63,0.0,63,0.0,63,0.0,,,,,,,63,0.0,63,0.0,63,0.0,63,0.0,63,0.0,63.0,0.0
j30,j3048_10,j3048_10.sm,54.0,54.0,54.0,54.0,54.0,54.0,54.0,54.0,54.0,54.0,54.0,54.0,54.0,54.0,54.0,54.0,54.0,54.0,54.0,54.0,54.0,54.0,54.0,54.0,54.0,54.0,54.0,54.0,54.0,54.0,54.0,54.0,54.0,54.0,54.0,54.0,54.0,54.0,54.0,54.0,54.0,54.0,54.0,54.0,54,54,0.0,54,0.0,54,0.0,54,0.0,54,0.0,54,0.0,54,0.0,54,0.0,54,0.0,,,,,,,54,0.0,54,0.0,54,0.0,54,0.0,54,0.0,54.0,0.0
j30,j3048_2,j3048_2.sm,54.0,54.0,54.0,54.0,54.0,54.0,54.0,54.0,54.0,54.0,54.0,54.0,54.0,54.0,54.0,54.0,54.0,54.0,54.0,54.0,54.0,54.0,54.0,54.0,54.0,54.0,54.0,54.0,54.0,54.0,54.0,54.0,54.0,54.0,54.0,54.0,54.0,54.0,54.0,54.0,54.0,54.0,54.0,54.0,54,54,0.0,54,0.0,54,0.0,54,0.0,54,0.0,54,0.0,54,0.0,54,0.0,54,0.0,,,,,,,54,0.0,54,0.0,54,0.0,54,0.0,54,0.0,54.0,0.0
j30,j3048_3,j3048_3.sm,50.0,50.0,50.0,50.0,50.0,50.0,50.0,50.0,50.0,50.0,50.0,50.0,50.0,50.0,50.0,50.0,50.0,50.0,50.0,50.0,50.0,50.0,50.0,50.0,50.0,50.0,50.0,50.0,50.0,50.0,50.0,50.0,50.0,50.0,50.0,50.0,50.0,50.0,50.0,50.0,50.0,50.0,50.0,50.0,50,50,0.0,50,0.0,50,0.0,50,0.0,50,0.0,50,0.0,50,0.0,50,0.0,50,0.0,,,,,,,50,0.0,50,0.0,50,0.0,50,0.0,50,0.0,50.0,0.0
j30,j3048_4,j3048_4.sm,57.0,57.0,57.0,57.0,57.0,57.0,57.0,57.0,57.0,57.0,57.0,57.0,57.0,57.0,57.0,57.0,57.0,57.0,57.0,57.0,57.0,57.0,57.0,57.0,57.0,57.0,57.0,57.0,57.0,57.0,57.0,57.0,57.0,57.0,57.0,57.0,57.0,57.0,57.0,57.0,57.0,57.0,57.0,57.0,57,57,0.0,57,0.0,57,0.0,57,0.0,57,0.0,57,0.0,57,0.0,57,0.0,57,0.0,,,,,,,57,0.0,57,0.0,57,0.0,57,0.0,57,0.0,57.0,0.0
j30,j3048_5,j3048_5.sm,58.0,58.0,58.0,58.0,58.0,58.0,58.0,58.0,58.0,58.0,58.0,58.0,58.0,58.0,58.0,58.0,58.0,58.0,58.0,58.0,58.0,58.0,58.0,58.0,58.0,58.0,58.0,58.0,58.0,58.0,58.0,58.0,58.0,58.0,58.0,58.0,58.0,58.0,58.0,58.0,58.0,58.0,58.0,58.0,58,58,0.0,58,0.0,58,0.0,58,0.0,58,0.0,58,0.0,58,0.0,58,0.0,58,0.0,,,,,,,58,0.0,58,0.0,58,0.0,58,0.0,58,0.0,58.0,0.0
j30,j3048_6,j3048_6.sm,58.0,58.0,58.0,58.0,58.0,58.0,58.0,58.0,58.0,58.0,58.0,58.0,58.0,58.0,58.0,58.0,58.0,58.0,58.0,58.0,58.0,58.0,58.0,58.0,58.0,58.0,58.0,58.0,58.0,58.0,58.0,58.0,58.0,58.0,58.0,58.0,58.0,58.0,58.0,58.0,58.0,58.0,58.0,58.0,58,58,0.0,58,0.0,58,0.0,58,0.0,58,0.0,58,0.0,58,0.0,58,0.0,58,0.0,,,,,,,58,0.0,58,0.0,58,0.0,58,0.0,58,0.0,58.0,0.0
j30,j3048_7,j3048_7.sm,55.0,55.0,55.0,55.0,55.0,55.0,55.0,55.0,55.0,55.0,55.0,55.0,55.0,55.0,55.0,55.0,55.0,55.0,55.0,55.0,55.0,55.0,55.0,55.0,55.0,55.0,55.0,55.0,55.0,55.0,55.0,55.0,55.0,55.0,55.0,55.0,55.0,55.0,55.0,55.0,55.0,55.0,55.0,55.0,55,55,0.0,55,0.0,55,0.0,55,0.0,55,0.0,55,0.0,55,0.0,55,0.0,55,0.0,,,,,,,55,0.0,55,0.0,55,0.0,55,0.0,55,0.0,55.0,0.0
j30,j3048_8,j3048_8.sm,44.0,44.0,44.0,44.0,44.0,44.0,44.0,44.0,44.0,44.0,44.0,44.0,44.0,44.0,44.0,44.0,44.0,44.0,44.0,44.0,44.0,44.0,44.0,44.0,44.0,44.0,44.0,44.0,44.0,44.0,44.0,44.0,44.0,44.0,44.0,44.0,44.0,44.0,44.0,44.0,44.0,44.0,44.0,44.0,44,44,0.0,44,0.0,44,0.0,44,0.0,44,0.0,44,0.0,44,0.0,44,0.0,44,0.0,,,,,,,44,0.0,44,0.0,44,0.0,44,0.0,44,0.0,44.0,0.0
j30,j3048_9,j3048_9.sm,59.0,59.0,59.0,59.0,59.0,59.0,59.0,59.0,59.0,59.0,59.0,59.0,59.0,59.0,59.0,59.0,59.0,59.0,59.0,59.0,59.0,59.0,59.0,59.0,59.0,59.0,59.0,59.0,59.0,59.0,59.0,59.0,59.0,59.0,59.0,59.0,59.0,59.0,59.0,59.0,59.0,59.0,59.0,59.0,59,59,0.0,59,0.0,59,0.0,59,0.0,59,0.0,59,0.0,59,0.0,59,0.0,59,0.0,,,,,,,59,0.0,59,0.0,59,0.0,59,0.0,59,0.0,59.0,0.0
j30,j304_1,j304_1.sm,49.0,49.0,49.0,49.0,49.0,49.0,49.0,49.0,49.0,49.0,49.0,49.0,49.0,49.0,49.0,49.0,49.0,49.0,49.0,49.0,49.0,49.0,49.0,49.0,49.0,49.0,49.0,49.0,49.0,49.0,49.0,49.0,49.0,49.0,49.0,49.0,49.0,49.0,49.0,49.0,49.0,49.0,49.0,49.0,49,49,0.0,49,0.0,49,0.0,49,0.0,49,0.0,49,0.0,49,0.0,49,0.0,49,0.0,,,,,,,49,0.0,49,0.0,49,0.0,49,0.0,49,0.0,49.0,0.0
j30,j304_10,j304_10.sm,48.0,48.0,48.0,48.0,48.0,48.0,48.0,48.0,48.0,48.0,48.0,48.0,48.0,48.0,48.0,48.0,48.0,48.0,48.0,48.0,48.0,48.0,48.0,48.0,48.0,48.0,48.0,48.0,48.0,48.0,48.0,48.0,48.0,48.0,48.0,48.0,48.0,48.0,48.0,48.0,48.0,48.0,48.0,48.0,48,48,0.0,48,0.0,48,0.0,48,0.0,48,0.0,48,0.0,48,0.0,48,0.0,48,0.0,,,,,,,48,0.0,48,0.0,48,0.0,48,0.0,48,0.0,48.0,0.0
j30,j304_2,j304_2.sm,60.0,60.0,60.0,60.0,60.0,60.0,60.0,60.0,60.0,60.0,60.0,60.0,60.0,60.0,60.0,60.0,60.0,60.0,60.0,60.0,60.0,60.0,60.0,60.0,60.0,60.0,60.0,60.0,60.0,60.0,60.0,60.0,60.0,60.0,60.0,60.0,60.0,60.0,60.0,60.0,60.0,60.0,60.0,60.0,60,60,0.0,60,0.0,60,0.0,60,0.0,60,0.0,60,0.0,60,0.0,60,0.0,60,0.0,,,,,,,60,0.0,60,0.0,60,0.0,60,0.0,60,0.0,60.0,0.0
j30,j304_3,j304_3.sm,47.0,47.0,47.0,47.0,47.0,47.0,47.0,47.0,47.0,47.0,47.0,47.0,47.0,47.0,47.0,47.0,47.0,47.0,47.0,47.0,47.0,47.0,47.0,47.0,47.0,47.0,47.0,47.0,47.0,47.0,47.0,47.0,47.0,47.0,47.0,47.0,47.0,47.0,47.0,47.0,47.0,47.0,47.0,47.0,47,47,0.0,47,0.0,47,0.0,47,0.0,47,0.0,47,0.0,47,0.0,47,0.0,47,0.0,,,,,,,47,0.0,47,0.0,47,0.0,47,0.0,47,0.0,47.0,0.0
j30,j304_4,j304_4.sm,57.0,57.0,57.0,57.0,57.0,57.0,57.0,57.0,57.0,57.0,57.0,57.0,57.0,57.0,57.0,57.0,57.0,57.0,57.0,57.0,57.0,57.0,57.0,57.0,57.0,57.0,57.0,57.0,57.0,57.0,57.0,57.0,57.0,57.0,57.0,57.0,57.0,57.0,57.0,57.0,57.0,57.0,57.0,57.0,57,57,0.0,57,0.0,57,0.0,57,0.0,57,0.0,57,0.0,57,0.0,57,0.0,57,0.0,,,,,,,57,0.0,57,0.0,57,0.0,57,0.0,57,0.0,57.0,0.0
j30,j304_5,j304_5.sm,59.0,59.0,59.0,59.0,59.0,59.0,59.0,59.0,59.0,59.0,59.0,59.0,59.0,59.0,59.0,59.0,59.0,59.0,59.0,59.0,59.0,59.0,59.0,59.0,59.0,59.0,59.0,59.0,59.0,59.0,59.0,59.0,59.0,59.0,59.0,59.0,59.0,59.0,59.0,59.0,59.0,59.0,59.0,59.0,59,59,0.0,59,0.0,59,0.0,59,0.0,59,0.0,59,0.0,59,0.0,59,0.0,59,0.0,,,,,,,59,0.0,59,0.0,59,0.0,59,0.0,59,0.0,59.0,0.0
j30,j304_6,j304_6.sm,45.0,45.0,45.0,45.0,45.0,45.0,45.0,45.0,45.0,45.0,45.0,45.0,45.0,45.0,45.0,45.0,45.0,45.0,45.0,45.0,45.0,45.0,45.0,45.0,45.0,45.0,45.0,45.0,45.0,45.0,45.0,45.0,45.0,45.0,45.0,45.0,45.0,45.0,45.0,45.0,45.0,45.0,45.0,45.0,45,45,0.0,45,0.0,45,0.0,45,0.0,45,0.0,45,0.0,45,0.0,45,0.0,45,0.0,,,,,,,45,0.0,45,0.0,45,0.0,45,0.0,45,0.0,45.0,0.0
j30,j304_7,j304_7.sm,56.0,56.0,56.0,56.0,56.0,56.0,56.0,56.0,56.0,56.0,56.0,56.0,56.0,56.0,56.0,56.0,56.0,56.0,56.0,56.0,56.0,56.0,56.0,56.0,56.0,56.0,56.0,56.0,56.0,56.0,56.0,56.0,56.0,56.0,56.0,56.0,56.0,56.0,56.0,56.0,56.0,56.0,56.0,56.0,56,56,0.0,56,0.0,56,0.0,56,0.0,56,0.0,56,0.0,56,0.0,56,0.0,56,0.0,,,,,,,56,0.0,56,0.0,56,0.0,56,0.0,56,0.0,56.0,0.0
j30,j304_8,j304_8.sm,55.0,55.0,55.0,55.0,55.0,55.0,55.0,55.0,55.0,55.0,55.0,55.0,55.0,55.0,55.0,55.0,55.0,55.0,55.0,55.0,55.0,55.0,55.0,55.0,55.0,55.0,55.0,55.0,55.0,55.0,55.0,55.0,55.0,55.0,55.0,55.0,55.0,55.0,55.0,55.0,55.0,55.0,55.0,55.0,55,55,0.0,55,0.0,55,0.0,55,0.0,55,0.0,55,0.0,55,0.0,55,0.0,55,0.0,,,,,,,55,0.0,55,0.0,55,0.0,55,0.0,55,0.0,55.0,0.0
j30,j304_9,j304_9.sm,38.0,38.0,38.0,38.0,38.0,38.0,38.0,38.0,38.0,38.0,38.0,38.0,38.0,38.0,38.0,38.0,38.0,38.0,38.0,38.0,38.0,38.0,38.0,38.0,38.0,38.0,38.0,38.0,38.0,38.0,38.0,38.0,38.0,38.0,38.0,38.0,38.0,38.0,38.0,38.0,38.0,38.0,38.0,38.0,38,38,0.0,38,0.0,38,0.0,38,0.0,38,0.0,38,0.0,38,0.0,38,0.0,38,0.0,,,,,,,38,0.0,38,0.0,38,0.0,38,0.0,38,0.0,38.0,0.0
j30,j305_1,j305_1.sm,62.0,63.0,56.0,58.0,74.0,71.0,54.0,65.0,65.0,61.0,61.0,67.0,69.0,65.0,79.0,54.0,56.0,54.0,67.0,57.0,83.0,72.0,63.0,63.0,60.0,58.0,65.0,61.0,59.0,82.0,67.0,65.0,61.0,63.0,58.0,61.0,67.0,59.0,55.0,59.0,61.0,65.0,68.0,73.0,53,62,0.0,63,0.0,56,0.0,58,0.0,74,0.0,70,1.0,54,0.0,69,-4.0,61,0.0,,,,,,,54,0.0,67,0.0,57,0.0,83,0.0,72,0.0,54.0,1.0
j30,j305_10,j305_10.sm,85.0,83.0,78.0,88.0,90.0,86.0,78.0,93.0,93.0,90.0,84.0,82.0,90.0,79.0,80.0,85.0,78.0,87.0,88.0,86.0,101.0,90.0,78.0,82.0,81.0,83.0,89.0,83.0,75.0,79.0,81.0,78.0,73.0,79.0,81.0,80.0,83.0,83.0,83.0,81.0,80.0,81.0,83.0,85.0,70,85,0.0,83,0.0,78,0.0,88,0.0,90,0.0,83,3.0,78,0.0,106,-13.0,90,0.0,,,,,,,87,0.0,88,0.0,86,0.0,101,0.0,90,0.0,73.0,3.0
j30,j305_2,j305_2.sm,90.0,89.0,89.0,94.0,98.0,106.0,104.0,83.0,88.0,91.0,103.0,83.0,92.0,101.0,93.0,93.0,101.0,107.0,92.0,100.0,93.0,107.0,86.0,89.0,92.0,90.0,92.0,86.0,85.0,84.0,84.0,83.0,86.0,83.0,94.0,89.0,86.0,91.0,88.0,86.0,86.0,86.0,88.0,107.0,82,90,0.0,89,0.0,89,0.0,94,0.0,98,0.0,93,13.0,104,0.0,95,-7.0,91,0.0,,,,,,,107,0.0,92,0.0,100,0.0,93,0.0,107,0.0,83.0,1.0
j30,j305_3,j305_3.sm,93.0,100.0,92.0,95.0,95.0,111.0,92.0,113.0,94.0,104.0,99.0,99.0,91.0,91.0,95.0,89.0,89.0,94.0,90.0,94.0,119.0,93.0,92.0,86.0,92.0,93.0,87.0,84.0,90.0,93.0,93.0,98.0,90.0,93.0,88.0,90.0,93.0,93.0,88.0,88.0,85.0,88.0,89.0,88.0,76,93,0.0,100,0.0,92,0.0,95,0.0,95,0.0,88,23.0,92,0.0,86,8.0,104,0.0,,,,,,,94,0.0,90,0.0,94,0.0,119,0.0,93,0.0,84.0,8.0
j30,j305_4,j305_4.sm,73.0,78.0,71.0,74.0,76.0,82.0,67.0,99.0,104.0,76.0,77.0,74.0,76.0,70.0,88.0,67.0,71.0,70.0,75.0,66.0,90.0,87.0,69.0,75.0,66.0,71.0,73.0,73.0,71.0,80.0,91.0,75.0,72.0,67.0,77.0,69.0,71.0,69.0,67.0,73.0,73.0,68.0,82.0,79.0,63,73,0.0,78,0.0,71,0.0,74,0.0,76,0.0,80,2.0,67,0.0,79,25.0,76,0.0,,,,,,,70,0.0,75,0.0,66,0.0,90,0.0,87,0.0,66.0,3.0
j30,j305_5,j305_5.sm,94.0,92.0,86.0,85.0,100.0,100.0,94.0,93.0,106.0,99.0,92.0,99.0,108.0,89.0,95.0,85.0,83.0,90.0,100.0,87.0,93.0,116.0,89.0,89.0,87.0,87.0,86.0,84.0,95.0,100.0,98.0,87.0,99.0,81.0,87.0,87.0,89.0,87.0,87.0,84.0,93.0,88.0,83.0,97.0,76,94,0.0,92,0.0,86,0.0,85,0.0,100,0.0,103,-3.0,94,0.0,88,18.0,99,0.0,,,,,,,90,0.0,100,0.0,87,0.0,93,0.0,116,0.0,81.0,5.0
j30,j305_6,j305_6.sm,76.0,78.0,78.0,75.0,88.0,89.0,69.0,90.0,89.0,86.0,79.0,76.0,83.0,71.0,91.0,72.0,77.0,78.0,78.0,71.0,84.0,84.0,73.0,73.0,85.0,73.0,79.0,74.0,73.0,91.0,91.0,76.0,81.0,71.0,76.0,73.0,73.0,74.0,85.0,67.0,73.0,71.0,91.0,78.0,64,76,0.0,78,0.0,78,0.0,75,0.0,88,0.0,83,6.0,69,0.0,78,11.0,86,0.0,,,,,,,78,0.0,78,0.0,71,0.0,84,0.0,84,0.0,67.0,3.0
j30,j305_7,j305_7.sm,86.0,82.0,81.0,88.0,96.0,102.0,85.0,103.0,96.0,100.0,99.0,98.0,102.0,97.0,121.0,85.0,81.0,81.0,86.0,85.0,113.0,101.0,88.0,90.0,81.0,81.0,104.0,97.0,80.0,96.0,93.0,94.0,97.0,96.0,91.0,91.0,91.0,80.0,81.0,81.0,90.0,81.0,96.0,100.0,76,86,0.0,82,0.0,81,0.0,88,0.0,96,0.0,95,7.0,85,0.0,93,3.0,100,0.0,,,,,,,81,0.0,86,0.0,82,3.0,113,0.0,101,0.0,80.0,4.0
j30,j305_8,j305_8.sm,76.0,86.0,83.0,82.0,91.0,109.0,83.0,83.0,83.0,83.0,78.0,81.0,83.0,80.0,99.0,84.0,84.0,83.0,91.0,84.0,87.0,113.0,77.0,81.0,75.0,77.0,81.0,83.0,79.0,86.0,90.0,81.0,78.0,76.0,71.0,75.0,77.0,77.0,75.0,75.0,86.0,73.0,91.0,93.0,67,76,0.0,86,0.0,83,0.0,82,0.0,91,0.0,94,15.0,83,0.0,79,4.0,83,0.0,,,,,,,83,0.0,87,4.0,84,0.0,87,0.0,111,2.0,71.0,4.0
j30,j305_9,j305_9.sm,55.0,63.0,52.0,60.0,67.0,71.0,58.0,76.0,62.0,56.0,56.0,56.0,61.0,55.0,67.0,53.0,55.0,57.0,60.0,58.0,67.0,66.0,55.0,60.0,53.0,54.0,59.0,64.0,54.0,58.0,69.0,60.0,53.0,59.0,59.0,53.0,54.0,53.0,54.0,59.0,60.0,54.0,69.0,60.0,49,55,0.0,63,0.0,52,0.0,60,0.0,67,0.0,65,6.0,58,0.0,71,-9.0,56,0.0,,,,,,,55,2.0,60,0.0,58,0.0,67,0.0,66,0.0,52.0,3.0
j30,j306_1,j306_1.sm,65.0,65.0,64.0,67.0,77.0,76.0,64.0,74.0,74.0,70.0,70.0,65.0,74.0,68.0,69.0,63.0,64.0,62.0,67.0,60.0,73.0,95.0,69.0,64.0,67.0,65.0,64.0,70.0,66.0,71.0,71.0,73.0,63.0,63.0,67.0,67.0,65.0,65.0,67.0,67.0,64.0,64.0,64.0,66.0,59,65,0.0,65,0.0,64,0.0,67,0.0,77,0.0,75,1.0,64,0.0,65,9.0,70,0.0,,,,,,,62,0.0,67,0.0,60,0.0,73,0.0,95,0.0,60.0,1.0
j30,j306_10,j306_10.sm,68.0,70.0,70.0,68.0,79.0,74.0,72.0,79.0,81.0,76.0,81.0,73.0,69.0,71.0,68.0,72.0,70.0,69.0,70.0,69.0,79.0,69.0,69.0,68.0,63.0,70.0,66.0,63.0,70.0,68.0,79.0,66.0,66.0,66.0,65.0,70.0,70.0,63.0,63.0,65.0,70.0,69.0,81.0,68.0,61,68,0.0,70,0.0,70,0.0,68,0.0,79,0.0,74,0.0,72,0.0,87,-6.0,76,0.0,,,,,,,69,0.0,70,0.0,69,0.0,79,0.0,69,0.0,63.0,2.0
j30,j306_2,j306_2.sm,62.0,63.0,54.0,55.0,73.0,75.0,53.0,71.0,64.0,62.0,60.0,56.0,59.0,65.0,73.0,60.0,54.0,56.0,59.0,54.0,77.0,76.0,65.0,65.0,59.0,54.0,73.0,74.0,56.0,73.0,64.0,59.0,58.0,57.0,57.0,65.0,55.0,55.0,55.0,55.0,65.0,55.0,74.0,73.0,51,62,0.0,63,0.0,54,0.0,55,0.0,73,0.0,65,10.0,53,0.0,61,3.0,62,0.0,,,,,,,56,0.0,59,0.0,54,0.0,77,0.0,76,0.0,53.0,2.0
j30,j306_3,j306_3.sm,53.0,59.0,55.0,53.0,50.0,61.0,55.0,66.0,53.0,53.0,52.0,51.0,54.0,53.0,53.0,51.0,51.0,54.0,55.0,56.0,73.0,60.0,54.0,55.0,51.0,49.0,52.0,54.0,54.0,52.0,52.0,54.0,54.0,54.0,54.0,52.0,49.0,51.0,51.0,54.0,55.0,51.0,50.0,62.0,48,53,0.0,59,0.0,55,0.0,53,0.0,50,0.0,62,-1.0,55,0.0,54,-1.0,53,0.0,,,,,,,54,0.0,55,0.0,56,0.0,73,0.0,60,0.0,49.0,1.0
j30,j306_4,j306_4.sm,46.0,50.0,48.0,46.0,61.0,58.0,46.0,61.0,66.0,53.0,54.0,53.0,52.0,47.0,53.0,44.0,48.0,46.0,48.0,45.0,55.0,55.0,45.0,45.0,48.0,45.0,48.0,47.0,47.0,45.0,58.0,47.0,47.0,47.0,47.0,47.0,47.0,48.0,48.0,47.0,45.0,48.0,50.0,47.0,42,46,0.0,50,0.0,48,0.0,46,0.0,61,0.0,62,-4.0,46,0.0,48,18.0,53,0.0,,,,,,,46,0.0,48,0.0,45,0.0,55,0.0,55,0.0,44.0,2.0
j30,j306_5,j306_5.sm,71.0,72.0,72.0,75.0,77.0,75.0,72.0,93.0,76.0,70.0,74.0,70.0,71.0,76.0,88.0,68.0,72.0,70.0,72.0,73.0,85.0,97.0,71.0,70.0,69.0,69.0,80.0,75.0,71.0,78.0,78.0,74.0,71.0,71.0,71.0,71.0,69.0,71.0,69.0,71.0,70.0,71.0,73.0,73.0,67,71,0.0,72,0.0,72,0.0,75,0.0,77,0.0,77,-2.0,72,0.0,75,1.0,70,0.0,,,,,,,70,0.0,72,0.0,73,0.0,85,0.0,97,0.0,68.0,1.0
j30,j306_6,j306_6.sm,41.0,45.0,37.0,39.0,40.0,44.0,42.0,43.0,52.0,56.0,56.0,49.0,52.0,47.0,39.0,37.0,37.0,37.0,42.0,37.0,43.0,52.0,41.0,47.0,39.0,41.0,47.0,42.0,41.0,42.0,52.0,41.0,40.0,45.0,46.0,43.0,39.0,39.0,39.0,40.0,47.0,40.0,47.0,49.0,37,41,0.0,45,0.0,37,0.0,39,0.0,40,0.0,51,-7.0,42,0.0,45,7.0,56,0.0,,,,,,,37,0.0,42,0.0,37,0.0,43,0.0,52,0.0,37.0,0.0
j30,j306_7,j306_7.sm,56.0,58.0,47.0,47.0,72.0,61.0,47.0,54.0,52.0,51.0,54.0,52.0,52.0,57.0,55.0,46.0,47.0,47.0,54.0,47.0,59.0,67.0,56.0,57.0,50.0,48.0,53.0,57.0,50.0,53.0,50.0,50.0,51.0,50.0,54.0,53.0,48.0,50.0,50.0,50.0,56.0,50.0,50.0,67.0,46,56,0.0,58,0.0,47,0.0,47,0.0,72,0.0,52,9.0,47,0.0,50,2.0,51,0.0,,,,,,,47,0.0,54,0.0,47,0.0,59,0.0,67,0.0,46.0,0.0
j30,j306_8,j306_8.sm,42.0,48.0,39.0,43.0,52.0,54.0,41.0,55.0,47.0,42.0,44.0,47.0,44.0,47.0,43.0,43.0,41.0,43.0,49.0,43.0,53.0,61.0,42.0,42.0,41.0,44.0,42.0,44.0,42.0,53.0,53.0,41.0,42.0,42.0,45.0,42.0,41.0,41.0,41.0,44.0,42.0,42.0,46.0,58.0,39,42,0.0,48,0.0,39,0.0,43,0.0,52,0.0,48,6.0,41,0.0,47,0.0,42,0.0,,,,,,,43,0.0,49,0.0,43,0.0,53,0.0,61,0.0,39.0,0.0
j30,j306_9,j306_9.sm,54.0,54.0,53.0,51.0,59.0,76.0,53.0,62.0,62.0,57.0,58.0,55.0,53.0,62.0,61.0,53.0,53.0,53.0,56.0,53.0,62.0,73.0,54.0,58.0,53.0,51.0,58.0,57.0,53.0,62.0,62.0,57.0,51.0,53.0,53.0,53.0,51.0,51.0,53.0,53.0,57.0,53.0,62.0,58.0,51,54,0.0,54,0.0,53,0.0,51,0.0,59,0.0,59,17.0,53,0.0,62,0.0,57,0.0,,,,,,,53,0.0,56,0.0,53,0.0,62,0.0,73,0.0,51.0,0.0
j30,j307_1,j307_1.sm,55.0,58.0,55.0,55.0,55.0,55.0,55.0,62.0,55.0,57.0,58.0,57.0,57.0,55.0,55.0,55.0,55.0,55.0,55.0,55.0,62.0,55.0,55.0,55.0,57.0,57.0,57.0,57.0,57.0,55.0,55.0,55.0,55.0,55.0,55.0,55.0,57.0,57.0,57.0,57.0,57.0,57.0,55.0,55.0,55,55,0.0,58,0.0,55,0.0,55,0.0,55,0.0,60,-5.0,55,0.0,55,0.0,57,0.0,,,,,,,55,0.0,55,0.0,55,0.0,62,0.0,55,0.0,55.0,0.0
j30,j307_10,j307_10.sm,54.0,56.0,53.0,51.0,69.0,61.0,51.0,57.0,59.0,53.0,53.0,53.0,53.0,51.0,53.0,49.0,53.0,49.0,61.0,49.0,75.0,59.0,55.0,56.0,50.0,50.0,56.0,56.0,50.0,52.0,55.0,50.0,50.0,51.0,51.0,50.0,50.0,50.0,50.0,50.0,55.0,50.0,56.0,57.0,49,54,0.0,56,0.0,53,0.0,51,0.0,69,0.0,54,7.0,51,0.0,49,10.0,53,0.0,,,,,,,49,0.0,61,0.0,49,0.0,75,0.0,59,0.0,49.0,0.0
j30,j307_2,j307_2.sm,46.0,44.0,42.0,42.0,56.0,53.0,42.0,46.0,46.0,67.0,52.0,66.0,62.0,42.0,42.0,42.0,42.0,42.0,46.0,42.0,43.0,46.0,43.0,47.0,46.0,47.0,47.0,47.0,42.0,44.0,46.0,46.0,43.0,46.0,42.0,46.0,47.0,47.0,46.0,46.0,47.0,42.0,44.0,47.0,42,46,0.0,44,0.0,42,0.0,42,0.0,56,0.0,53,0.0,42,0.0,46,0.0,67,0.0,,,,,,,42,0.0,46,0.0,42,0.0,43,0.0,46,0.0,42.0,0.0
j30,j307_3,j307_3.sm,49.0,48.0,42.0,42.0,50.0,42.0,42.0,49.0,49.0,49.0,49.0,56.0,49.0,49.0,58.0,42.0,42.0,42.0,48.0,42.0,63.0,58.0,49.0,48.0,46.0,48.0,50.0,49.0,46.0,49.0,49.0,49.0,49.0,49.0,49.0,49.0,46.0,46.0,46.0,43.0,48.0,43.0,58.0,49.0,42,49,0.0,48,0.0,42,0.0,42,0.0,50,0.0,48,-6.0,42,0.0,44,5.0,49,0.0,,,,,,,42,0.0,48,0.0,42,0.0,63,0.0,58,0.0,42.0,0.0
j30,j307_4,j307_4.sm,49.0,46.0,45.0,45.0,48.0,50.0,44.0,49.0,49.0,49.0,44.0,49.0,49.0,44.0,45.0,45.0,45.0,44.0,49.0,44.0,55.0,55.0,49.0,49.0,49.0,49.0,49.0,49.0,49.0,50.0,50.0,49.0,49.0,49.0,49.0,49.0,49.0,49.0,49.0,49.0,49.0,49.0,49.0,49.0,44,49,0.0,46,0.0,45,0.0,45,0.0,48,0.0,55,-5.0,44,0.0,44,5.0,49,0.0,,,,,,,44,0.0,49,0.0,44,0.0,55,0.0,55,0.0,44.0,0.0
j30,j307_5,j307_5.sm,46.0,45.0,47.0,49.0,49.0,59.0,49.0,47.0,49.0,52.0,52.0,51.0,51.0,49.0,49.0,50.0,50.0,47.0,46.0,50.0,52.0,52.0,46.0,46.0,45.0,45.0,46.0,45.0,45.0,44.0,47.0,47.0,47.0,47.0,47.0,45.0,45.0,45.0,45.0,46.0,46.0,45.0,45.0,47.0,44,46,0.0,45,0.0,47,0.0,49,0.0,49,0.0,46,13.0,49,0.0,48,1.0,52,0.0,,,,,,,47,0.0,46,0.0,50,0.0,52,0.0,52,0.0,44.0,0.0
j30,j307_6,j307_6.sm,38.0,36.0,35.0,35.0,36.0,35.0,35.0,42.0,42.0,35.0,35.0,35.0,35.0,36.0,35.0,35.0,35.0,35.0,36.0,35.0,47.0,50.0,38.0,36.0,35.0,35.0,36.0,44.0,35.0,45.0,44.0,37.0,35.0,37.0,42.0,36.0,35.0,35.0,35.0,35.0,36.0,35.0,45.0,45.0,35,38,0.0,36,0.0,35,0.0,35,0.0,36,0.0,35,0.0,35,0.0,44,-2.0,35,0.0,,,,,,,35,0.0,36,0.0,35,0.0,47,0.0,50,0.0,35.0,0.0
j30,j307_7,j307_7.sm,53.0,52.0,53.0,58.0,57.0,70.0,57.0,63.0,57.0,50.0,50.0,50.0,50.0,61.0,58.0,50.0,53.0,61.0,52.0,55.0,64.0,65.0,53.0,53.0,53.0,53.0,53.0,53.0,52.0,53.0,52.0,52.0,52.0,52.0,52.0,53.0,53.0,53.0,53.0,52.0,53.0,52.0,53.0,53.0,50,53,0.0,52,0.0,53,0.0,58,0.0,57,0.0,60,10.0,57,0.0,50,7.0,50,0.0,,,,,,,61,0.0,52,0.0,55,0.0,64,0.0,65,0.0,50.0,0.0
j30,j307_8,j307_8.sm,46.0,45.0,51.0,50.0,44.0,44.0,50.0,59.0,55.0,51.0,44.0,51.0,51.0,50.0,47.0,50.0,50.0,50.0,45.0,50.0,51.0,44.0,44.0,47.0,47.0,47.0,47.0,44.0,47.0,44.0,44.0,44.0,44.0,44.0,44.0,44.0,47.0,47.0,47.0,47.0,47.0,47.0,47.0,44.0,44,46,0.0,45,0.0,51,0.0,50,0.0,44,0.0,61,-17.0,50,0.0,51,4.0,51,0.0,,,,,,,50,0.0,45,0.0,50,0.0,51,0.0,44,0.0,44.0,0.0
j30,j307_9,j307_9.sm,65.0,66.0,61.0,61.0,75.0,68.0,61.0,66.0,66.0,60.0,60.0,64.0,61.0,61.0,61.0,61.0,61.0,61.0,65.0,61.0,68.0,68.0,65.0,66.0,60.0,60.0,66.0,68.0,60.0,65.0,65.0,68.0,68.0,60.0,65.0,60.0,60.0,60.0,60.0,60.0,66.0,60.0,65.0,68.0,60,65,0.0,66,0.0,61,0.0,61,0.0,75,0.0,65,3.0,61,0.0,60,6.0,60,0.0,,,,,,,61,0.0,65,0.0,61,0.0,68,0.0,68,0.0,60.0,0.0
j30,j308_1,j308_1.sm,44.0,44.0,44.0,44.0,44.0,44.0,44.0,44.0,44.0,44.0,44.0,44.0,44.0,44.0,44.0,44.0,44.0,44.0,44.0,44.0,44.0,44.0,44.0,44.0,44.0,44.0,44.0,44.0,44.0,44.0,44.0,44.0,44.0,44.0,44.0,44.0,44.0,44.0,44.0,44.0,44.0,44.0,44.0,44.0,44,44,0.0,44,0.0,44,0.0,44,0.0,44,0.0,44,0.0,44,0.0,44,0.0,44,0.0,,,,,,,44,0.0,44,0.0,44,0.0,44,0.0,44,0.0,44.0,0.0
j30,j308_10,j308_10.sm,67.0,67.0,67.0,67.0,67.0,67.0,67.0,67.0,67.0,67.0,67.0,67.0,67.0,67.0,67.0,67.0,67.0,67.0,67.0,67.0,67.0,67.0,67.0,67.0,67.0,67.0,67.0,67.0,67.0,67.0,67.0,67.0,67.0,67.0,67.0,67.0,67.0,67.0,67.0,67.0,67.0,67.0,67.0,67.0,67,67,0.0,67,0.0,67,0.0,67,0.0,67,0.0,67,0.0,67,0.0,67,0.0,67,0.0,,,,,,,67,0.0,67,0.0,67,0.0,67,0.0,67,0.0,67.0,0.0
j30,j308_2,j308_2.sm,51.0,51.0,51.0,51.0,51.0,51.0,51.0,51.0,51.0,51.0,51.0,51.0,51.0,51.0,51.0,51.0,51.0,51.0,51.0,51.0,51.0,51.0,51.0,51.0,51.0,51.0,51.0,51.0,51.0,51.0,51.0,51.0,51.0,51.0,51.0,51.0,51.0,51.0,51.0,51.0,51.0,51.0,51.0,51.0,51,51,0.0,51,0.0,51,0.0,51,0.0,51,0.0,51,0.0,51,0.0,51,0.0,51,0.0,,,,,,,51,0.0,51,0.0,51,0.0,51,0.0,51,0.0,51.0,0.0
j30,j308_3,j308_3.sm,53.0,53.0,53.0,53.0,53.0,53.0,53.0,53.0,53.0,53.0,53.0,53.0,53.0,53.0,53.0,53.0,53.0,53.0,53.0,53.0,53.0,53.0,53.0,53.0,53.0,53.0,53.0,53.0,53.0,53.0,53.0,53.0,53.0,53.0,53.0,53.0,53.0,53.0,53.0,53.0,53.0,53.0,53.0,53.0,53,53,0.0,53,0.0,53,0.0,53,0.0,53,0.0,53,0.0,53,0.0,53,0.0,53,0.0,,,,,,,53,0.0,53,0.0,53,0.0,53,0.0,53,0.0,53.0,0.0
j30,j308_4,j308_4.sm,48.0,48.0,48.0,48.0,48.0,48.0,48.0,48.0,48.0,48.0,48.0,48.0,48.0,48.0,48.0,48.0,48.0,48.0,48.0,48.0,48.0,48.0,48.0,48.0,48.0,48.0,48.0,48.0,48.0,48.0,48.0,48.0,48.0,48.0,48.0,48.0,48.0,48.0,48.0,48.0,48.0,48.0,48.0,48.0,48,48,0.0,48,0.0,48,0.0,48,0.0,48,0.0,48,0.0,48,0.0,48,0.0,48,0.0,,,,,,,48,0.0,48,0.0,48,0.0,48,0.0,48,0.0,48.0,0.0
j30,j308_5,j308_5.sm,58.0,58.0,58.0,58.0,58.0,58.0,58.0,58.0,58.0,58.0,58.0,58.0,58.0,58.0,58.0,58.0,58.0,58.0,58.0,58.0,58.0,58.0,58.0,58.0,58.0,58.0,58.0,58.0,58.0,58.0,58.0,58.0,58.0,58.0,58.0,58.0,58.0,58.0,58.0,58.0,58.0,58.0,58.0,58.0,58,58,0.0,58,0.0,58,0.0,58,0.0,58,0.0,58,0.0,58,0.0,58,0.0,58,0.0,,,,,,,58,0.0,58,0.0,58,0.0,58,0.0,58,0.0,58.0,0.0
j30,j308_6,j308_6.sm,47.0,47.0,47.0,47.0,47.0,47.0,47.0,47.0,47.0,47.0,47.0,47.0,47.0,47.0,47.0,47.0,47.0,47.0,47.0,47.0,47.0,47.0,47.0,47.0,47.0,47.0,47.0,47.0,47.0,47.0,47.0,47.0,47.0,47.0,47.0,47.0,47.0,47.0,47.0,47.0,47.0,47.0,47.0,47.0,47,47,0.0,47,0.0,47,0.0,47,0.0,47,0.0,47,0.0,47,0.0,47,0.0,47,0.0,,,,,,,47,0.0,47,0.0,47,0.0,47,0.0,47,0.0,47.0,0.0
j30,j308_7,j308_7.sm,41.0,41.0,41.0,41.0,41.0,41.0,41.0,41.0,41.0,41.0,41.0,41.0,41.0,41.0,41.0,41.0,41.0,41.0,41.0,41.0,41.0,41.0,41.0,41.0,41.0,41.0,41.0,41.0,41.0,41.0,41.0,41.0,41.0,41.0,41.0,41.0,41.0,41.0,41.0,41.0,41.0,41.0,41.0,41.0,41,41,0.0,41,0.0,41,0.0,41,0.0,41,0.0,41,0.0,41,0.0,41,0.0,41,0.0,,,,,,,41,0.0,41,0.0,41,0.0,41,0.0,41,0.0,41.0,0.0
j30,j308_8,j308_8.sm,51.0,51.0,51.0,51.0,51.0,51.0,51.0,51.0,51.0,51.0,51.0,51.0,51.0,51.0,51.0,51.0,51.0,51.0,51.0,51.0,51.0,51.0,51.0,51.0,51.0,51.0,51.0,51.0,51.0,51.0,51.0,51.0,51.0,51.0,51.0,51.0,51.0,51.0,51.0,51.0,51.0,51.0,51.0,51.0,51,51,0.0,51,0.0,51,0.0,51,0.0,51,0.0,51,0.0,51,0.0,51,0.0,51,0.0,,,,,,,51,0.0,51,0.0,51,0.0,51,0.0,51,0.0,51.0,0.0
j30,j308_9,j308_9.sm,39.0,39.0,39.0,39.0,39.0,39.0,39.0,39.0,39.0,39.0,39.0,39.0,39.0,39.0,39.0,39.0,39.0,39.0,39.0,39.0,39.0,39.0,39.0,39.0,39.0,39.0,39.0,39.0,39.0,39.0,39.0,39.0,39.0,39.0,39.0,39.0,39.0,39.0,39.0,39.0,39.0,39.0,39.0,39.0,39,39,0.0,39,0.0,39,0.0,39,0.0,39,0.0,39,0.0,39,0.0,39,0.0,39,0.0,,,,,,,39,0.0,39,0.0,39,0.0,39,0.0,39,0.0,39.0,0.0
j30,j309_1,j309_1.sm,102.0,108.0,96.0,91.0,118.0,110.0,96.0,98.0,95.0,95.0,103.0,97.0,95.0,94.0,105.0,96.0,96.0,92.0,111.0,91.0,105.0,113.0,105.0,102.0,94.0,83.0,102.0,108.0,83.0,102.0,105.0,95.0,97.0,96.0,94.0,94.0,94.0,83.0,89.0,84.0,102.0,83.0,109.0,103.0,83,102,0.0,108,0.0,96,0.0,91,0.0,118,0.0,104,6.0,96,0.0,93,2.0,95,0.0,,,,,,,92,0.0,111,0.0,91,0.0,105,0.0,113,0.0,83.0,0.0
j30,j309_10,j309_10.sm,114.0,112.0,99.0,99.0,115.0,123.0,90.0,104.0,111.0,113.0,115.0,94.0,110.0,109.0,115.0,97.0,100.0,96.0,105.0,95.0,132.0,123.0,107.0,112.0,90.0,95.0,112.0,113.0,89.0,110.0,106.0,106.0,111.0,104.0,103.0,105.0,94.0,90.0,99.0,91.0,107.0,90.0,106.0,114.0,88,114,0.0,112,0.0,99,0.0,99,0.0,115,0.0,106,17.0,90,0.0,103,8.0,113,0.0,,,,,,,96,0.0,105,0.0,95,0.0,132,0.0,123,0.0,89.0,1.0
j30,j309_2,j309_2.sm,114.0,111.0,112.0,104.0,114.0,108.0,107.0,112.0,103.0,101.0,102.0,105.0,104.0,106.0,123.0,116.0,110.0,115.0,109.0,108.0,120.0,105.0,102.0,97.0,107.0,107.0,100.0,103.0,107.0,107.0,107.0,103.0,106.0,101.0,98.0,107.0,99.0,103.0,107.0,107.0,104.0,107.0,104.0,105.0,92,114,0.0,111,0.0,112,0.0,104,0.0,114,0.0,112,-4.0,107,0.0,114,-11.0,101,0.0,,,,,,,115,0.0,109,0.0,108,0.0,120,0.0,105,0.0,97.0,5.0
j30,j309_3,j309_3.sm,98.0,94.0,84.0,82.0,85.0,113.0,83.0,111.0,107.0,99.0,109.0,98.0,109.0,92.0,113.0,81.0,83.0,80.0,86.0,82.0,94.0,119.0,91.0,84.0,87.0,74.0,89.0,90.0,78.0,95.0,92.0,89.0,94.0,80.0,100.0,95.0,75.0,74.0,74.0,70.0,86.0,72.0,98.0,92.0,68,98,0.0,94,0.0,84,0.0,82,0.0,85,0.0,103,10.0,83,0.0,94,13.0,99,0.0,,,,,,,80,0.0,86,0.0,78,4.0,94,0.0,119,0.0,70.0,2.0
j30,j309_4,j309_4.sm,85.0,95.0,80.0,85.0,110.0,95.0,83.0,84.0,94.0,93.0,91.0,94.0,83.0,85.0,100.0,75.0,80.0,78.0,89.0,81.0,98.0,104.0,84.0,93.0,79.0,76.0,97.0,92.0,83.0,93.0,88.0,77.0,80.0,86.0,79.0,87.0,76.0,72.0,75.0,80.0,88.0,74.0,87.0,94.0,71,85,0.0,95,0.0,80,0.0,85,0.0,110,0.0,96,-1.0,83,0.0,80,14.0,93,0.0,,,,,,,78,0.0,89,0.0,81,0.0,98,0.0,104,0.0,72.0,1.0
j30,j309_5,j309_5.sm,90.0,88.0,81.0,72.0,91.0,97.0,82.0,92.0,98.0,101.0,92.0,87.0,93.0,86.0,91.0,72.0,73.0,78.0,86.0,70.0,95.0,97.0,90.0,85.0,81.0,81.0,92.0,82.0,82.0,88.0,88.0,88.0,82.0,78.0,79.0,78.0,81.0,81.0,81.0,78.0,82.0,75.0,88.0,82.0,70,90,0.0,88,0.0,81,0.0,72,0.0,91,0.0,98,-1.0,82,0.0,88,10.0,101,0.0,,,,,,,78,0.0,86,0.0,70,0.0,95,0.0,97,0.0,70.0,0.0
j30,j309_6,j309_6.sm,79.0,81.0,70.0,79.0,72.0,77.0,69.0,75.0,90.0,81.0,71.0,74.0,77.0,71.0,90.0,65.0,69.0,71.0,77.0,72.0,96.0,86.0,72.0,78.0,67.0,67.0,73.0,76.0,64.0,78.0,74.0,75.0,69.0,71.0,67.0,70.0,71.0,68.0,68.0,66.0,72.0,66.0,74.0,74.0,59,79,0.0,81,0.0,70,0.0,79,0.0,72,0.0,72,5.0,69,0.0,78,12.0,81,0.0,,,,,,,71,0.0,80,-3.0,72,0.0,93,3.0,86,0.0,64.0,5.0
j30,j309_7,j309_7.sm,72.0,84.0,74.0,73.0,82.0,88.0,77.0,93.0,82.0,81.0,82.0,80.0,79.0,78.0,97.0,70.0,71.0,84.0,75.0,75.0,93.0,96.0,71.0,78.0,72.0,69.0,77.0,84.0,71.0,91.0,76.0,77.0,85.0,70.0,74.0,78.0,71.0,72.0,72.0,67.0,71.0,71.0,87.0,82.0,63,72,0.0,84,0.0,74,0.0,73,0.0,82,0.0,84,4.0,77,0.0,75,7.0,81,0.0,,,,,,,84,0.0,75,0.0,75,0.0,93,0.0,96,0.0,67.0,4.0
j30,j309_8,j309_8.sm,110.0,116.0,92.0,111.0,140.0,124.0,96.0,121.0,123.0,108.0,108.0,108.0,112.0,111.0,139.0,94.0,92.0,101.0,109.0,105.0,127.0,132.0,104.0,107.0,92.0,99.0,107.0,129.0,93.0,116.0,124.0,115.0,103.0,110.0,113.0,103.0,99.0,99.0,92.0,94.0,104.0,96.0,124.0,115.0,91,110,0.0,116,0.0,92,0.0,111,0.0,140,0.0,113,11.0,96,0.0,114,9.0,108,0.0,,,,,,,101,0.0,109,0.0,105,0.0,127,0.0,132,0.0,92.0,1.0
j30,j309_9,j309_9.sm,83.0,82.0,74.0,74.0,84.0,74.0,75.0,86.0,84.0,73.0,84.0,78.0,81.0,76.0,81.0,75.0,79.0,76.0,82.0,71.0,92.0,73.0,73.0,73.0,74.0,70.0,78.0,85.0,72.0,81.0,78.0,76.0,74.0,82.0,70.0,78.0,70.0,70.0,67.0,73.0,75.0,65.0,79.0,90.0,63,83,0.0,82,0.0,74,0.0,74,0.0,84,0.0,89,-15.0,75,0.0,72,12.0,73,0.0,,,,,,,76,0.0,82,0.0,71,0.0,92,0.0,73,0.0,65.0,2.0
j60,j6010_1,j6010_1.sm,102.0,108.0,85.0,85.0,124.0,102.0,85.0,101.0,102.0,93.0,106.0,96.0,94.0,99.0,85.0,85.0,85.0,85.0,105.0,85.0,93.0,114.0,102.0,100.0,90.0,90.0,97.0,100.0,85.0,113.0,89.0,96.0,111.0,106.0,109.0,97.0,92.0,90.0,88.0,85.0,106.0,85.0,91.0,111.0,85,102,0.0,108,0.0,85,0.0,85,0.0,124,0.0,93,9.0,85,0.0,86,16.0,93,0.0,,,,,,,85,0.0,105,0.0,85,0.0,93,0.0,114,0.0,85.0,0.0
j60,j6010_10,j6010_10.sm,84.0,81.0,73.0,73.0,94.0,82.0,73.0,81.0,86.0,86.0,81.0,90.0,94.0,75.0,73.0,73.0,73.0,73.0,88.0,73.0,85.0,90.0,82.0,79.0,73.0,73.0,82.0,82.0,73.0,78.0,77.0,76.0,75.0,75.0,75.0,77.0,73.0,73.0,73.0,76.0,82.0,73.0,78.0,81.0,73,84,0.0,81,0.0,73,0.0,73,0.0,94,0.0,82,0.0,73,0.0,73,13.0,86,0.0,,,,,,,73,0.0,88,0.0,73,0.0,85,0.0,90,0.0,73.0,0.0
j60,j6010_2,j6010_2.sm,74.0,74.0,62.0,62.0,80.0,87.0,63.0,82.0,87.0,71.0,72.0,82.0,82.0,81.0,62.0,62.0,62.0,62.0,77.0,62.0,88.0,92.0,73.0,75.0,63.0,64.0,76.0,74.0,65.0,83.0,75.0,76.0,77.0,72.0,75.0,74.0,64.0,63.0,63.0,65.0,76.0,68.0,85.0,81.0,62,74,0.0,74,0.0,62,0.0,62,0.0,80,0.0,80,7.0,63,0.0,76,11.0,71,0.0,,,,,,,62,0.0,77,0.0,62,0.0,88,0.0,92,0.0,62.0,0.0
j60,j6010_3,j6010_3.sm,83.0,86.0,74.0,76.0,87.0,86.0,76.0,97.0,92.0,82.0,85.0,86.0,88.0,83.0,76.0,74.0,74.0,77.0,82.0,76.0,94.0,106.0,75.0,85.0,75.0,74.0,80.0,82.0,75.0,88.0,87.0,78.0,79.0,86.0,84.0,80.0,74.0,73.0,75.0,74.0,80.0,74.0,83.0,93.0,72,83,0.0,86,0.0,74,0.0,76,0.0,87,0.0,92,-6.0,76,0.0,79,13.0,82,0.0,,,,,,,76,1.0,82,0.0,76,0.0,94,0.0,106,0.0,73.0,1.0
j60,j6010_4,j6010_4.sm,93.0,95.0,80.0,80.0,90.0,88.0,80.0,90.0,86.0,96.0,91.0,88.0,94.0,84.0,80.0,80.0,80.0,80.0,97.0,80.0,111.0,111.0,95.0,96.0,85.0,91.0,99.0,97.0,91.0,84.0,89.0,88.0,84.0,97.0,94.0,87.0,91.0,85.0,85.0,92.0,100.0,90.0,93.0,108.0,80,93,0.0,95,0.0,80,0.0,80,0.0,90,0.0,100,-12.0,80,0.0,102,-16.0,96,0.0,,,,,,,80,0.0,98,-1.0,80,0.0,111,0.0,111,0.0,80.0,0.0
j60,j6010_5,j6010_5.sm,89.0,92.0,79.0,79.0,95.0,93.0,79.0,115.0,97.0,93.0,99.0,98.0,105.0,93.0,79.0,79.0,79.0,79.0,88.0,79.0,96.0,115.0,90.0,90.0,86.0,86.0,101.0,93.0,85.0,92.0,80.0,83.0,95.0,92.0,88.0,90.0,86.0,86.0,86.0,81.0,85.0,81.0,96.0,108.0,79,89,0.0,92,0.0,79,0.0,79,0.0,95,0.0,93,0.0,79,0.0,87,10.0,93,0.0,,,,,,,79,0.0,88,0.0,79,0.0,96,0.0,115,0.0,79.0,0.0
j60,j6010_6,j6010_6.sm,79.0,78.0,67.0,67.0,94.0,88.0,76.0,83.0,87.0,79.0,80.0,79.0,79.0,79.0,67.0,67.0,67.0,67.0,78.0,67.0,87.0,88.0,79.0,79.0,71.0,74.0,78.0,77.0,78.0,95.0,82.0,78.0,79.0,79.0,78.0,74.0,74.0,71.0,71.0,76.0,79.0,73.0,96.0,79.0,67,79,0.0,78,0.0,67,0.0,67,0.0,94,0.0,81,7.0,76,0.0,84,3.0,79,0.0,,,,,,,67,0.0,78,0.0,67,0.0,87,0.0,88,0.0,67.0,0.0
j60,j6010_7,j6010_7.sm,82.0,85.0,74.0,72.0,94.0,86.0,75.0,96.0,89.0,85.0,86.0,89.0,85.0,82.0,72.0,72.0,72.0,77.0,84.0,76.0,101.0,95.0,79.0,84.0,75.0,73.0,79.0,83.0,74.0,88.0,85.0,81.0,76.0,79.0,80.0,80.0,72.0,71.0,74.0,74.0,84.0,74.0,82.0,97.0,69,82,0.0,85,0.0,74,0.0,72,0.0,94,0.0,88,-2.0,75,0.0,86,3.0,85,0.0,,,,,,,77,0.0,82,2.0,76,0.0,101,0.0,95,0.0,71.0,2.0
j60,j6010_8,j6010_8.sm,77.0,78.0,68.0,69.0,88.0,83.0,72.0,84.0,111.0,97.0,77.0,83.0,88.0,91.0,69.0,67.0,67.0,68.0,77.0,69.0,107.0,112.0,76.0,79.0,68.0,73.0,81.0,75.0,73.0,80.0,71.0,72.0,76.0,81.0,76.0,81.0,77.0,71.0,69.0,73.0,76.0,74.0,80.0,77.0,65,77,0.0,78,0.0,68,0.0,69,0.0,88,0.0,84,-1.0,72,0.0,85,26.0,97,0.0,,,,,,,68,0.0,76,1.0,69,0.0,107,0.0,112,0.0,67.0,2.0
j60,j6010_9,j6010_9.sm,89.0,94.0,79.0,81.0,88.0,104.0,78.0,95.0,94.0,102.0,93.0,97.0,92.0,93.0,81.0,79.0,79.0,77.0,90.0,77.0,97.0,96.0,87.0,86.0,83.0,86.0,87.0,91.0,83.0,90.0,90.0,93.0,83.0,98.0,91.0,89.0,81.0,90.0,81.0,83.0,84.0,81.0,89.0,93.0,73,89,0.0,94,0.0,79,0.0,81,0.0,88,0.0,92,12.0,78,0.0,97,-3.0,102,0.0,,,,,,,77,0.0,90,0.0,77,0.0,97,0.0,96,0.0,77.0,4.0
j60,j6011_1,j6011_1.sm,73.0,79.0,71.0,71.0,78.0,81.0,71.0,88.0,89.0,71.0,79.0,80.0,79.0,74.0,71.0,71.0,71.0,71.0,77.0,71.0,88.0,89.0,72.0,77.0,71.0,71.0,77.0,80.0,71.0,71.0,72.0,72.0,74.0,80.0,77.0,71.0,71.0,71.0,71.0,71.0,76.0,71.0,71.0,78.0,71,73,0.0,79,0.0,71,0.0,71,0.0,78,0.0,84,-3.0,71,0.0,73,16.0,71,0.0,,,,,,,71,0.0,77,0.0,71,0.0,88,0.0,89,0.0,71.0,0.0
j60,j6011_10,j6011_10.sm,62.0,63.0,58.0,58.0,66.0,58.0,58.0,58.0,59.0,61.0,61.0,63.0,68.0,61.0,58.0,58.0,58.0,58.0,63.0,58.0,62.0,74.0,61.0,60.0,60.0,59.0,61.0,58.0,58.0,58.0,59.0,59.0,58.0,60.0,63.0,59.0,59.0,60.0,60.0,65.0,60.0,65.0,60.0,63.0,58,62,0.0,63,0.0,58,0.0,58,0.0,66,0.0,63,-5.0,58,0.0,58,1.0,61,0.0,,,,,,,58,0.0,63,0.0,58,0.0,62,0.0,74,0.0,58.0,0.0
j60,j6011_2,j6011_2.sm,63.0,68.0,61.0,61.0,70.0,74.0,63.0,71.0,80.0,66.0,61.0,62.0,64.0,61.0,61.0,61.0,61.0,61.0,68.0,61.0,71.0,80.0,63.0,69.0,63.0,63.0,70.0,68.0,64.0,68.0,66.0,66.0,67.0,63.0,64.0,62.0,63.0,63.0,63.0,63.0,68.0,63.0,66.0,70.0,61,63,0.0,68,0.0,61,0.0,61,0.0,70,0.0,68,6.0,63,0.0,61,19.0,66,0.0,,,,,,,61,0.0,68,0.0,61,0.0,71,0.0,80,0.0,61.0,0.0
j60,j6011_3,j6011_3.sm,81.0,82.0,76.0,76.0,89.0,80.0,76.0,88.0,88.0,76.0,76.0,85.0,81.0,77.0,76.0,76.0,76.0,76.0,80.0,76.0,93.0,93.0,82.0,80.0,77.0,77.0,76.0,78.0,77.0,81.0,78.0,82.0,78.0,77.0,77.0,78.0,77.0,77.0,77.0,77.0,80.0,77.0,81.0,85.0,76,81,0.0,82,0.0,76,0.0,76,0.0,89,0.0,78,2.0,76,0.0,77,11.0,76,0.0,,,,,,,76,0.0,80,0.0,76,0.0,93,0.0,93,0.0,76.0,0.0
j60,j6011_4,j6011_4.sm,75.0,74.0,69.0,69.0,78.0,81.0,69.0,83.0,80.0,77.0,89.0,87.0,78.0,77.0,69.0,69.0,69.0,69.0,75.0,69.0,81.0,80.0,75.0,77.0,70.0,70.0,83.0,80.0,69.0,72.0,76.0,75.0,74.0,75.0,72.0,76.0,70.0,70.0,70.0,71.0,75.0,70.0,75.0,85.0,69,75,0.0,74,0.0,69,0.0,69,0.0,78,0.0,79,2.0,69,0.0,82,-2.0,77,0.0,,,,,,,69,0.0,75,0.0,69,0.0,81,0.0,80,0.0,69.0,0.0
j60,j6011_5,j6011_5.sm,68.0,71.0,65.0,65.0,78.0,69.0,65.0,85.0,73.0,86.0,66.0,66.0,70.0,69.0,65.0,65.0,65.0,65.0,72.0,65.0,85.0,92.0,68.0,70.0,65.0,65.0,68.0,67.0,66.0,65.0,72.0,65.0,68.0,67.0,71.0,68.0,65.0,65.0,65.0,65.0,74.0,65.0,66.0,72.0,65,68,0.0,71,0.0,65,0.0,65,0.0,78,0.0,74,-5.0,65,0.0,71,2.0,86,0.0,,,,,,,65,0.0,72,0.0,65,0.0,85,0.0,92,0.0,65.0,0.0
j60,j6011_6,j6011_6.sm,75.0,78.0,70.0,70.0,92.0,82.0,74.0,86.0,93.0,73.0,77.0,76.0,78.0,74.0,70.0,70.0,70.0,70.0,76.0,70.0,86.0,92.0,74.0,75.0,72.0,72.0,74.0,74.0,72.0,73.0,74.0,74.0,73.0,76.0,76.0,74.0,72.0,72.0,72.0,72.0,75.0,72.0,73.0,74.0,70,75,0.0,78,0.0,70,0.0,70,0.0,92,0.0,86,-4.0,74,0.0,74,19.0,73,0.0,,,,,,,70,0.0,76,0.0,70,0.0,86,0.0,92,0.0,70.0,0.0
j60,j6011_7,j6011_7.sm,74.0,78.0,70.0,70.0,78.0,71.0,70.0,78.0,71.0,75.0,72.0,83.0,78.0,70.0,70.0,70.0,70.0,70.0,74.0,70.0,74.0,77.0,73.0,75.0,70.0,70.0,73.0,77.0,70.0,74.0,72.0,70.0,70.0,73.0,71.0,73.0,70.0,70.0,70.0,70.0,74.0,70.0,70.0,71.0,70,74,0.0,78,0.0,70,0.0,70,0.0,78,0.0,83,-12.0,70,0.0,72,-1.0,75,0.0,,,,,,,70,0.0,74,0.0,70,0.0,74,0.0,75,2.0,70.0,0.0
j60,j6011_8,j6011_8.sm,73.0,75.0,69.0,69.0,81.0,73.0,69.0,74.0,85.0,74.0,73.0,77.0,76.0,78.0,69.0,69.0,69.0,69.0,73.0,69.0,87.0,73.0,72.0,73.0,69.0,70.0,76.0,73.0,69.0,70.0,74.0,74.0,72.0,73.0,72.0,79.0,69.0,69.0,69.0,69.0,73.0,69.0,71.0,75.0,69,73,0.0,75,0.0,69,0.0,69,0.0,81,0.0,73,0.0,69,0.0,69,16.0,74,0.0,,,,,,,69,0.0,73,0.0,69,0.0,87,0.0,73,0.0,69.0,0.0
j60,j6011_9,j6011_9.sm,64.0,67.0,62.0,62.0,71.0,64.0,62.0,69.0,73.0,67.0,72.0,74.0,70.0,69.0,62.0,62.0,62.0,62.0,67.0,62.0,64.0,76.0,64.0,67.0,64.0,62.0,72.0,64.0,63.0,65.0,66.0,67.0,65.0,67.0,66.0,64.0,62.0,64.0,64.0,62.0,67.0,62.0,67.0,72.0,62,64,0.0,67,0.0,62,0.0,62,0.0,71,0.0,66,-2.0,62,0.0,66,7.0,67,0.0,,,,,,,62,0.0,67,0.0,62,0.0,73,-9.0,78,-2.0,62.0,0.0
j60,j6012_1,j6012_1.sm,59.0,59.0,59.0,59.0,59.0,59.0,59.0,59.0,59.0,59.0,59.0,59.0,59.0,59.0,59.0,59.0,59.0,59.0,59.0,59.0,59.0,59.0,59.0,59.0,59.0,59.0,59.0,59.0,59.0,59.0,59.0,59.0,59.0,59.0,59.0,59.0,59.0,59.0,59.0,59.0,59.0,59.0,59.0,59.0,59,59,0.0,59,0.0,59,0.0,59,0.0,59,0.0,59,0.0,59,0.0,59,0.0,59,0.0,,,,,,,59,0.0,59,0.0,59,0.0,59,0.0,59,0.0,59.0,0.0
j60,j6012_10,j6012_10.sm,79.0,79.0,79.0,79.0,79.0,79.0,79.0,79.0,79.0,79.0,79.0,79.0,79.0,79.0,79.0,79.0,79.0,79.0,79.0,79.0,79.0,79.0,79.0,79.0,79.0,79.0,79.0,79.0,79.0,79.0,79.0,79.0,79.0,79.0,79.0,79.0,79.0,79.0,79.0,79.0,79.0,79.0,79.0,79.0,79,79,0.0,79,0.0,79,0.0,79,0.0,79,0.0,79,0.0,79,0.0,79,0.0,79,0.0,,,,,,,79,0.0,79,0.0,79,0.0,79,0.0,79,0.0,79.0,0.0
j60,j6012_2,j6012_2.sm,58.0,58.0,58.0,58.0,58.0,58.0,58.0,58.0,58.0,58.0,58.0,58.0,58.0,58.0,58.0,58.0,58.0,58.0,58.0,58.0,58.0,58.0,58.0,58.0,58.0,58.0,58.0,58.0,58.0,58.0,58.0,58.0,58.0,58.0,58.0,58.0,58.0,58.0,58.0,58.0,58.0,58.0,58.0,58.0,58,58,0.0,58,0.0,58,0.0,58,0.0,58,0.0,58,0.0,58,0.0,58,0.0,58,0.0,,,,,,,58,0.0,58,0.0,58,0.0,58,0.0,58,0.0,58.0,0.0
j60,j6012_3,j6012_3.sm,75.0,75.0,75.0,75.0,75.0,75.0,75.0,75.0,75.0,75.0,75.0,75.0,75.0,75.0,75.0,75.0,75.0,75.0,75.0,75.0,75.0,75.0,75.0,75.0,75.0,75.0,75.0,75.0,75.0,75.0,75.0,75.0,75.0,75.0,75.0,75.0,75.0,75.0,75.0,75.0,75.0,75.0,75.0,75.0,75,75,0.0,75,0.0,75,0.0,75,0.0,75,0.0,75,0.0,75,0.0,75,0.0,75,0.0,,,,,,,75,0.0,75,0.0,75,0.0,75,0.0,75,0.0,75.0,0.0
j60,j6012_4,j6012_4.sm,69.0,69.0,69.0,69.0,69.0,69.0,69.0,69.0,69.0,69.0,69.0,69.0,69.0,69.0,69.0,69.0,69.0,69.0,69.0,69.0,69.0,69.0,69.0,69.0,69.0,69.0,69.0,69.0,69.0,69.0,69.0,69.0,69.0,69.0,69.0,69.0,69.0,69.0,69.0,69.0,69.0,69.0,69.0,69.0,69,69,0.0,69,0.0,69,0.0,69,0.0,69,0.0,69,0.0,69,0.0,69,0.0,69,0.0,,,,,,,69,0.0,69,0.0,69,0.0,69,0.0,69,0.0,69.0,0.0
j60,j6012_5,j6012_5.sm,63.0,63.0,63.0,63.0,63.0,63.0,63.0,63.0,63.0,63.0,63.0,63.0,63.0,63.0,63.0,63.0,63.0,63.0,63.0,63.0,63.0,63.0,63.0,63.0,63.0,63.0,63.0,63.0,63.0,63.0,63.0,63.0,63.0,63.0,63.0,63.0,63.0,63.0,63.0,63.0,63.0,63.0,63.0,63.0,63,63,0.0,63,0.0,63,0.0,63,0.0,63,0.0,63,0.0,63,0.0,63,0.0,63,0.0,,,,,,,63,0.0,63,0.0,63,0.0,63,0.0,63,0.0,63.0,0.0
j60,j6012_6,j6012_6.sm,54.0,54.0,54.0,54.0,54.0,54.0,54.0,54.0,54.0,54.0,54.0,54.0,54.0,54.0,54.0,54.0,54.0,54.0,54.0,54.0,54.0,54.0,54.0,54.0,54.0,54.0,54.0,54.0,54.0,54.0,54.0,54.0,54.0,54.0,54.0,54.0,54.0,54.0,54.0,54.0,54.0,54.0,54.0,54.0,54,54,0.0,54,0.0,54,0.0,54,0.0,54,0.0,54,0.0,54,0.0,54,0.0,54,0.0,,,,,,,54,0.0,54,0.0,54,0.0,54,0.0,54,0.0,54.0,0.0
j60,j6012_7,j6012_7.sm,71.0,71.0,71.0,71.0,71.0,71.0,71.0,71.0,71.0,71.0,71.0,71.0,71.0,71.0,71.0,71.0,71.0,71.0,71.0,71.0,71.0,71.0,71.0,71.0,71.0,71.0,71.0,71.0,71.0,71.0,71.0,71.0,71.0,71.0,71.0,71.0,71.0,71.0,71.0,71.0,71.0,71.0,71.0,71.0,71,71,0.0,71,0.0,71,0.0,71,0.0,71,0.0,71,0.0,71,0.0,71,0.0,71,0.0,,,,,,,71,0.0,71,0.0,71,0.0,71,0.0,71,0.0,71.0,0.0
j60,j6012_8,j6012_8.sm,60.0,60.0,60.0,60.0,60.0,60.0,60.0,60.0,60.0,60.0,60.0,60.0,60.0,60.0,60.0,60.0,60.0,60.0,60.0,60.0,60.0,60.0,60.0,60.0,60.0,60.0,60.0,60.0,60.0,60.0,60.0,60.0,60.0,60.0,60.0,60.0,60.0,60.0,60.0,60.0,60.0,60.0,60.0,60.0,60,60,0.0,60,0.0,60,0.0,60,0.0,60,0.0,60,0.0,60,0.0,60,0.0,60,0.0,,,,,,,60,0.0,60,0.0,60,0.0,60,0.0,60,0.0,60.0,0.0
j60,j6012_9,j6012_9.sm,59.0,59.0,59.0,59.0,59.0,59.0,59.0,59.0,59.0,59.0,59.0,59.0,59.0,59.0,59.0,59.0,59.0,59.0,59.0,59.0,59.0,59.0,59.0,59.0,59.0,59.0,59.0,59.0,59.0,59.0,59.0,59.0,59.0,59.0,59.0,59.0,59.0,59.0,59.0,59.0,59.0,59.0,59.0,59.0,59,59,0.0,59,0.0,59,0.0,59,0.0,59,0.0,59,0.0,59,0.0,59,0.0,59,0.0,,,,,,,59,0.0,59,0.0,59,0.0,59,0.0,59,0.0,59.0,0.0
j60,j6013_1,j6013_1.sm,141.0,147.0,138.0,142.0,148.0,156.0,131.0,146.0,150.0,160.0,134.0,149.0,145.0,162.0,156.0,139.0,134.0,142.0,142.0,138.0,162.0,165.0,136.0,139.0,128.0,128.0,138.0,140.0,127.0,137.0,148.0,139.0,135.0,128.0,127.0,142.0,142.0,125.0,128.0,131.0,136.0,125.0,148.0,144.0,112,141,0.0,147,0.0,138,0.0,142,0.0,148,0.0,144,12.0,131,0.0,146,4.0,160,0.0,,,,,,,142,0.0,145,-3.0,138,0.0,162,0.0,165,0.0,125.0,13.0
j60,j6013_10,j6013_10.sm,139.0,143.0,142.0,144.0,164.0,160.0,143.0,154.0,157.0,170.0,145.0,171.0,161.0,154.0,142.0,140.0,141.0,147.0,140.0,139.0,163.0,155.0,135.0,138.0,132.0,135.0,143.0,144.0,131.0,149.0,159.0,141.0,135.0,136.0,141.0,138.0,136.0,134.0,133.0,140.0,139.0,128.0,161.0,165.0,117,139,0.0,143,0.0,142,0.0,144,0.0,164,0.0,152,8.0,143,0.0,154,3.0,170,0.0,,,,,,,147,0.0,138,2.0,139,0.0,163,0.0,155,0.0,128.0,11.0
j60,j6013_2,j6013_2.sm,129.0,129.0,122.0,122.0,140.0,133.0,125.0,143.0,146.0,135.0,125.0,129.0,134.0,135.0,146.0,127.0,123.0,125.0,133.0,125.0,143.0,151.0,125.0,132.0,123.0,119.0,139.0,133.0,120.0,134.0,145.0,136.0,122.0,128.0,127.0,135.0,129.0,122.0,122.0,126.0,130.0,114.0,131.0,140.0,106,129,0.0,129,0.0,122,0.0,122,0.0,140,0.0,133,0.0,125,0.0,134,12.0,135,0.0,,,,,,,127,-2.0,132,1.0,128,-3.0,144,-1.0,151,0.0,114.0,8.0
j60,j6013_3,j6013_3.sm,105.0,119.0,104.0,112.0,119.0,125.0,107.0,140.0,126.0,110.0,106.0,127.0,129.0,117.0,112.0,105.0,105.0,103.0,112.0,104.0,139.0,147.0,100.0,109.0,99.0,99.0,113.0,100.0,103.0,112.0,102.0,101.0,103.0,105.0,100.0,107.0,102.0,100.0,100.0,101.0,107.0,98.0,112.0,104.0,88,105,0.0,119,0.0,104,0.0,112,0.0,119,0.0,116,9.0,107,0.0,108,18.0,110,0.0,,,,,,,107,-4.0,113,-1.0,104,0.0,133,6.0,147,0.0,98.0,10.0
j60,j6013_4,j6013_4.sm,123.0,127.0,116.0,124.0,143.0,130.0,125.0,142.0,135.0,131.0,125.0,136.0,131.0,134.0,124.0,117.0,117.0,118.0,128.0,113.0,142.0,153.0,116.0,120.0,112.0,118.0,124.0,122.0,123.0,125.0,128.0,119.0,117.0,117.0,120.0,119.0,116.0,112.0,114.0,116.0,118.0,119.0,131.0,137.0,103,123,0.0,127,0.0,116,0.0,124,0.0,143,0.0,130,0.0,125,0.0,128,7.0,131,0.0,,,,,,,122,-4.0,126,2.0,113,0.0,142,0.0,153,0.0,112.0,9.0
j60,j6013_5,j6013_5.sm,120.0,122.0,117.0,119.0,131.0,124.0,114.0,148.0,144.0,138.0,122.0,118.0,120.0,127.0,119.0,117.0,117.0,118.0,122.0,112.0,142.0,151.0,122.0,118.0,113.0,112.0,119.0,112.0,112.0,125.0,133.0,127.0,118.0,110.0,119.0,109.0,115.0,111.0,118.0,113.0,118.0,107.0,121.0,131.0,97,120,0.0,122,0.0,117,0.0,119,0.0,131,0.0,124,0.0,114,0.0,127,17.0,138,0.0,,,,,,,113,5.0,123,-1.0,112,0.0,142,0.0,151,0.0,107.0,10.0
j60,j6013_6,j6013_6.sm,125.0,129.0,112.0,111.0,132.0,110.0,111.0,130.0,124.0,119.0,110.0,123.0,125.0,140.0,111.0,112.0,112.0,113.0,126.0,111.0,129.0,143.0,122.0,117.0,110.0,107.0,114.0,112.0,106.0,116.0,123.0,116.0,106.0,114.0,112.0,116.0,108.0,105.0,108.0,104.0,114.0,104.0,118.0,117.0,94,125,0.0,129,0.0,112,0.0,111,0.0,132,0.0,125,-15.0,111,0.0,119,5.0,119,0.0,,,,,,,111,2.0,126,0.0,111,0.0,129,0.0,143,0.0,104.0,10.0
j60,j6013_7,j6013_7.sm,112.0,112.0,105.0,104.0,123.0,119.0,108.0,113.0,123.0,114.0,115.0,110.0,118.0,116.0,104.0,105.0,105.0,105.0,114.0,104.0,130.0,128.0,109.0,102.0,97.0,99.0,118.0,112.0,103.0,121.0,116.0,113.0,105.0,104.0,111.0,107.0,97.0,101.0,97.0,100.0,105.0,97.0,114.0,113.0,87,112,0.0,112,0.0,105,0.0,104,0.0,123,0.0,112,7.0,108,0.0,115,8.0,114,0.0,,,,,,,104,1.0,112,2.0,104,0.0,130,0.0,128,0.0,97.0,10.0
j60,j6013_8,j6013_8.sm,149.0,149.0,146.0,148.0,171.0,158.0,149.0,180.0,170.0,155.0,150.0,168.0,151.0,171.0,158.0,149.0,145.0,143.0,148.0,144.0,179.0,170.0,136.0,147.0,138.0,141.0,149.0,157.0,137.0,159.0,153.0,156.0,138.0,143.0,140.0,160.0,146.0,136.0,138.0,144.0,145.0,132.0,158.0,171.0,120,149,0.0,149,0.0,146,0.0,148,0.0,171,0.0,154,4.0,149,0.0,153,17.0,155,0.0,,,,,,,143,0.0,146,2.0,144,0.0,179,0.0,170,0.0,132.0,12.0
j60,j6013_9,j6013_9.sm,126.0,132.0,121.0,121.0,141.0,132.0,123.0,151.0,130.0,144.0,127.0,137.0,136.0,142.0,121.0,120.0,120.0,127.0,128.0,119.0,147.0,140.0,120.0,126.0,117.0,113.0,125.0,128.0,117.0,133.0,123.0,148.0,121.0,136.0,123.0,122.0,112.0,115.0,121.0,121.0,121.0,115.0,129.0,131.0,102,126,0.0,132,0.0,121,0.0,121,0.0,141,0.0,137,-5.0,123,0.0,142,-12.0,144,0.0,,,,,,,127,0.0,126,2.0,119,0.0,147,0.0,140,0.0,112.0,10.0
j60,j6014_1,j6014_1.sm,72.0,78.0,66.0,67.0,78.0,86.0,68.0,80.0,69.0,74.0,68.0,69.0,80.0,75.0,67.0,66.0,66.0,68.0,68.0,68.0,84.0,95.0,74.0,69.0,64.0,64.0,72.0,71.0,65.0,76.0,72.0,71.0,69.0,67.0,67.0,71.0,64.0,63.0,63.0,65.0,70.0,64.0,74.0,81.0,61,72,0.0,78,0.0,66,0.0,67,0.0,78,0.0,74,12.0,68,0.0,76,-7.0,74,0.0,,,,,,,68,0.0,68,0.0,68,0.0,84,0.0,95,0.0,63.0,2.0
j60,j6014_10,j6014_10.sm,85.0,87.0,81.0,82.0,88.0,102.0,82.0,93.0,97.0,100.0,86.0,92.0,108.0,97.0,82.0,81.0,81.0,81.0,86.0,83.0,104.0,99.0,86.0,81.0,79.0,79.0,88.0,89.0,85.0,85.0,83.0,89.0,81.0,80.0,80.0,82.0,79.0,79.0,79.0,80.0,85.0,78.0,82.0,93.0,72,85,0.0,87,0.0,81,0.0,82,0.0,88,0.0,96,6.0,82,0.0,97,0.0,100,0.0,,,,,,,82,-1.0,84,2.0,83,0.0,104,0.0,99,0.0,78.0,6.0
j60,j6014_2,j6014_2.sm,77.0,81.0,65.0,69.0,77.0,83.0,68.0,77.0,88.0,93.0,70.0,88.0,84.0,79.0,69.0,65.0,65.0,67.0,78.0,67.0,79.0,88.0,76.0,77.0,66.0,66.0,73.0,70.0,69.0,68.0,75.0,74.0,71.0,71.0,73.0,76.0,66.0,66.0,66.0,70.0,79.0,66.0,72.0,77.0,65,77,0.0,81,0.0,65,0.0,69,0.0,77,0.0,87,-4.0,68,0.0,80,8.0,93,0.0,,,,,,,67,0.0,79,-1.0,67,0.0,79,0.0,88,0.0,65.0,0.0
j60,j6014_3,j6014_3.sm,79.0,79.0,68.0,69.0,88.0,79.0,67.0,85.0,93.0,91.0,73.0,91.0,76.0,77.0,69.0,68.0,68.0,66.0,80.0,67.0,87.0,85.0,80.0,78.0,66.0,64.0,78.0,79.0,66.0,73.0,83.0,82.0,67.0,80.0,73.0,77.0,63.0,67.0,67.0,66.0,80.0,65.0,75.0,85.0,61,79,0.0,79,0.0,68,0.0,69,0.0,88,0.0,85,-6.0,67,0.0,83,10.0,91,0.0,,,,,,,66,0.0,75,5.0,67,0.0,90,-3.0,85,0.0,63.0,2.0
j60,j6014_4,j6014_4.sm,77.0,81.0,73.0,71.0,83.0,92.0,75.0,80.0,100.0,84.0,78.0,98.0,80.0,84.0,71.0,71.0,71.0,72.0,80.0,73.0,88.0,97.0,76.0,78.0,69.0,68.0,78.0,78.0,71.0,77.0,75.0,85.0,76.0,71.0,82.0,75.0,68.0,69.0,69.0,71.0,80.0,69.0,84.0,82.0,65,77,0.0,81,0.0,73,0.0,71,0.0,83,0.0,85,7.0,75,0.0,90,10.0,84,0.0,,,,,,,72,0.0,80,0.0,73,0.0,88,0.0,97,0.0,68.0,3.0
j60,j6014_5,j6014_5.sm,67.0,68.0,60.0,65.0,75.0,79.0,61.0,87.0,72.0,68.0,76.0,84.0,81.0,70.0,65.0,60.0,60.0,65.0,67.0,61.0,84.0,84.0,70.0,67.0,62.0,60.0,66.0,67.0,61.0,74.0,67.0,69.0,66.0,65.0,65.0,74.0,60.0,63.0,63.0,62.0,66.0,63.0,74.0,75.0,59,67,0.0,68,0.0,60,0.0,65,0.0,75,0.0,71,8.0,61,0.0,79,-7.0,68,0.0,,,,,,,65,0.0,67,0.0,61,0.0,84,0.0,84,0.0,60.0,1.0
j60,j6014_6,j6014_6.sm,75.0,73.0,67.0,70.0,82.0,75.0,70.0,82.0,84.0,74.0,70.0,76.0,75.0,74.0,70.0,66.0,66.0,69.0,71.0,70.0,79.0,85.0,73.0,72.0,66.0,65.0,83.0,72.0,66.0,75.0,72.0,72.0,67.0,72.0,77.0,67.0,65.0,67.0,65.0,67.0,71.0,66.0,80.0,72.0,65,75,0.0,73,0.0,67,0.0,70,0.0,82,0.0,73,2.0,70,0.0,78,6.0,74,0.0,,,,,,,69,0.0,71,0.0,70,0.0,79,0.0,85,0.0,65.0,0.0
j60,j6014_7,j6014_7.sm,83.0,85.0,69.0,73.0,93.0,88.0,74.0,102.0,99.0,80.0,82.0,80.0,92.0,102.0,73.0,69.0,69.0,76.0,82.0,69.0,90.0,92.0,82.0,82.0,70.0,71.0,84.0,75.0,73.0,81.0,77.0,78.0,77.0,78.0,83.0,81.0,72.0,70.0,70.0,71.0,83.0,70.0,80.0,90.0,69,83,0.0,85,0.0,69,0.0,73,0.0,93,0.0,89,-1.0,74,0.0,83,16.0,80,0.0,,,,,,,76,0.0,82,0.0,69,0.0,90,0.0,92,0.0,69.0,0.0
j60,j6014_8,j6014_8.sm,95.0,99.0,88.0,88.0,96.0,94.0,88.0,91.0,91.0,97.0,88.0,91.0,99.0,89.0,88.0,88.0,88.0,88.0,97.0,88.0,91.0,113.0,94.0,97.0,92.0,94.0,97.0,94.0,91.0,89.0,95.0,94.0,90.0,93.0,97.0,98.0,94.0,90.0,90.0,90.0,95.0,92.0,97.0,98.0,88,95,0.0,99,0.0,88,0.0,88,0.0,96,0.0,91,3.0,88,0.0,88,3.0,97,0.0,,,,,,,88,0.0,97,0.0,88,0.0,91,0.0,113,0.0,88.0,0.0
j60,j6014_9,j6014_9.sm,74.0,74.0,62.0,64.0,75.0,74.0,69.0,80.0,75.0,72.0,74.0,79.0,79.0,73.0,64.0,62.0,62.0,65.0,74.0,63.0,74.0,86.0,71.0,72.0,62.0,65.0,69.0,68.0,63.0,65.0,66.0,67.0,70.0,76.0,65.0,71.0,65.0,62.0,61.0,64.0,72.0,64.0,68.0,76.0,61,74,0.0,74,0.0,62,0.0,64,0.0,75,0.0,69,5.0,69,0.0,68,7.0,72,0.0,,,,,,,65,0.0,73,1.0,63,0.0,74,0.0,86,0.0,61.0,0.0
j60,j6015_1,j6015_1.sm,87.0,96.0,84.0,84.0,92.0,84.0,84.0,84.0,84.0,84.0,84.0,86.0,84.0,84.0,84.0,84.0,84.0,84.0,91.0,84.0,84.0,100.0,87.0,88.0,84.0,84.0,88.0,88.0,87.0,84.0,91.0,87.0,86.0,85.0,87.0,87.0,84.0,84.0,84.0,84.0,94.0,84.0,88.0,99.0,84,87,0.0,96,0.0,84,0.0,84,0.0,92,0.0,99,-15.0,84,0.0,84,0.0,84,0.0,,,,,,,84,0.0,91,0.0,84,0.0,84,0.0,100,0.0,84.0,0.0
j60,j6015_10,j6015_10.sm,65.0,67.0,61.0,61.0,69.0,62.0,61.0,67.0,62.0,61.0,74.0,66.0,61.0,61.0,61.0,61.0,61.0,61.0,64.0,61.0,70.0,66.0,62.0,66.0,61.0,61.0,64.0,64.0,61.0,63.0,61.0,65.0,64.0,64.0,64.0,62.0,61.0,61.0,61.0,61.0,63.0,61.0,62.0,64.0,61,65,0.0,67,0.0,61,0.0,61,0.0,69,0.0,67,-5.0,61,0.0,63,-1.0,61,0.0,,,,,,,61,0.0,64,0.0,61,0.0,70,0.0,66,0.0,61.0,0.0
j60,j6015_2,j6015_2.sm,97.0,98.0,89.0,89.0,96.0,94.0,89.0,100.0,107.0,95.0,90.0,105.0,96.0,97.0,89.0,89.0,89.0,89.0,95.0,89.0,121.0,114.0,96.0,96.0,90.0,90.0,96.0,97.0,91.0,94.0,89.0,105.0,91.0,89.0,91.0,101.0,90.0,90.0,90.0,91.0,98.0,91.0,104.0,101.0,89,97,0.0,98,0.0,89,0.0,89,0.0,96,0.0,89,5.0,89,0.0,103,4.0,95,0.0,,,,,,,89,0.0,95,0.0,89,0.0,121,0.0,114,0.0,89.0,0.0
j60,j6015_3,j6015_3.sm,76.0,72.0,72.0,72.0,72.0,72.0,72.0,72.0,72.0,73.0,72.0,78.0,78.0,78.0,72.0,72.0,72.0,72.0,72.0,72.0,72.0,81.0,76.0,74.0,72.0,72.0,74.0,74.0,72.0,72.0,73.0,78.0,72.0,74.0,79.0,74.0,72.0,72.0,72.0,72.0,73.0,72.0,79.0,75.0,72,76,0.0,72,0.0,72,0.0,72,0.0,72,0.0,72,0.0,72,0.0,75,-3.0,73,0.0,,,,,,,72,0.0,72,0.0,72,0.0,72,0.0,81,0.0,72.0,0.0
j60,j6015_4,j6015_4.sm,82.0,80.0,75.0,75.0,75.0,84.0,75.0,81.0,75.0,78.0,75.0,82.0,84.0,88.0,75.0,75.0,75.0,75.0,83.0,75.0,84.0,93.0,82.0,77.0,76.0,75.0,77.0,75.0,75.0,80.0,75.0,79.0,77.0,80.0,78.0,79.0,75.0,75.0,75.0,75.0,77.0,75.0,82.0,90.0,75,82,0.0,80,0.0,75,0.0,75,0.0,75,0.0,75,9.0,75,0.0,75,0.0,78,0.0,,,,,,,75,0.0,83,0.0,75,0.0,84,0.0,93,0.0,75.0,0.0
j60,j6015_5,j6015_5.sm,74.0,79.0,70.0,70.0,82.0,86.0,70.0,92.0,70.0,80.0,72.0,78.0,89.0,83.0,70.0,70.0,70.0,70.0,75.0,70.0,91.0,91.0,74.0,73.0,70.0,71.0,74.0,75.0,71.0,77.0,70.0,72.0,75.0,75.0,81.0,78.0,71.0,71.0,71.0,70.0,73.0,70.0,76.0,83.0,70,74,0.0,79,0.0,70,0.0,70,0.0,82,0.0,76,10.0,70,0.0,78,-8.0,80,0.0,,,,,,,70,0.0,75,0.0,70,0.0,91,0.0,91,0.0,70.0,0.0
j60,j6015_6,j6015_6.sm,79.0,79.0,76.0,76.0,99.0,93.0,76.0,97.0,83.0,90.0,82.0,82.0,86.0,79.0,76.0,76.0,76.0,76.0,79.0,76.0,86.0,91.0,82.0,77.0,76.0,76.0,79.0,82.0,76.0,83.0,83.0,81.0,81.0,81.0,77.0,83.0,76.0,76.0,76.0,76.0,76.0,76.0,83.0,82.0,76,79,0.0,79,0.0,76,0.0,76,0.0,99,0.0,87,6.0,76,0.0,83,0.0,90,0.0,,,,,,,76,0.0,79,0.0,76,0.0,86,0.0,91,0.0,76.0,0.0
j60,j6015_7,j6015_7.sm,70.0,69.0,64.0,64.0,70.0,74.0,70.0,75.0,75.0,75.0,70.0,66.0,72.0,70.0,64.0,64.0,64.0,64.0,69.0,64.0,73.0,79.0,69.0,68.0,64.0,64.0,69.0,67.0,66.0,65.0,67.0,68.0,65.0,70.0,66.0,74.0,64.0,64.0,64.0,64.0,68.0,64.0,76.0,74.0,64,70,0.0,69,0.0,64,0.0,64,0.0,70,0.0,71,3.0,70,0.0,66,9.0,75,0.0,,,,,,,64,0.0,69,0.0,64,0.0,73,0.0,79,0.0,64.0,0.0
j60,j6015_8,j6015_8.sm,83.0,85.0,79.0,79.0,83.0,87.0,79.0,79.0,79.0,79.0,79.0,82.0,82.0,81.0,79.0,79.0,79.0,79.0,86.0,79.0,79.0,94.0,83.0,83.0,79.0,79.0,84.0,83.0,79.0,82.0,87.0,87.0,81.0,86.0,80.0,86.0,79.0,79.0,79.0,79.0,84.0,79.0,83.0,88.0,79,83,0.0,85,0.0,79,0.0,79,0.0,83,0.0,94,-7.0,79,0.0,81,-2.0,79,0.0,,,,,,,79,0.0,86,0.0,79,0.0,79,0.0,94,0.0,79.0,0.0
j60,j6015_9,j6015_9.sm,75.0,74.0,72.0,72.0,75.0,72.0,72.0,73.0,79.0,76.0,72.0,79.0,72.0,77.0,72.0,72.0,72.0,72.0,73.0,72.0,72.0,79.0,75.0,74.0,72.0,72.0,74.0,73.0,72.0,74.0,76.0,76.0,74.0,72.0,75.0,72.0,72.0,72.0,72.0,72.0,73.0,72.0,77.0,76.0,72,75,0.0,74,0.0,72,0.0,72,0.0,75,0.0,74,-2.0,72,0.0,73,6.0,76,0.0,,,,,,,72,0.0,73,0.0,72,0.0,72,0.0,79,0.0,72.0,0.0
j60,j6016_1,j6016_1.sm,64.0,64.0,64.0,64.0,64.0,64.0,64.0,64.0,64.0,64.0,64.0,64.0,64.0,64.0,64.0,64.0,64.0,64.0,64.0,64.0,64.0,64.0,64.0,64.0,64.0,64.0,64.0,64.0,64.0,64.0,64.0,64.0,64.0,64.0,64.0,64.0,64.0,64.0,64.0,64.0,64.0,64.0,64.0,64.0,64,64,0.0,64,0.0,64,0.0,64,0.0,64,0.0,64,0.0,64,0.0,64,0.0,64,0.0,,,,,,,64,0.0,64,0.0,64,0.0,64,0.0,64,0.0,64.0,0.0
j60,j6016_10,j6016_10.sm,68.0,68.0,68.0,68.0,68.0,68.0,68.0,68.0,68.0,68.0,68.0,68.0,68.0,68.0,68.0,68.0,68.0,68.0,68.0,68.0,68.0,68.0,68.0,68.0,68.0,68.0,68.0,68.0,68.0,68.0,68.0,68.0,68.0,68.0,68.0,68.0,68.0,68.0,68.0,68.0,68.0,68.0,68.0,68.0,68,68,0.0,68,0.0,68,0.0,68,0.0,68,0.0,68,0.0,68,0.0,68,0.0,68,0.0,,,,,,,68,0.0,68,0.0,68,0.0,68,0.0,68,0.0,68.0,0.0
j60,j6016_2,j6016_2.sm,64.0,64.0,64.0,64.0,64.0,64.0,64.0,64.0,64.0,64.0,64.0,64.0,64.0,64.0,64.0,64.0,64.0,64.0,64.0,64.0,64.0,64.0,64.0,64.0,64.0,64.0,64.0,64.0,64.0,64.0,64.0,64.0,64.0,64.0,64.0,64.0,64.0,64.0,64.0,64.0,64.0,64.0,64.0,64.0,64,64,0.0,64,0.0,64,0.0,64,0.0,64,0.0,64,0.0,64,0.0,64,0.0,64,0.0,,,,,,,64,0.0,64,0.0,64,0.0,64,0.0,64,0.0,64.0,0.0
j60,j6016_3,j6016_3.sm,53.0,53.0,53.0,53.0,53.0,53.0,53.0,53.0,53.0,53.0,53.0,53.0,53.0,53.0,53.0,53.0,53.0,53.0,53.0,53.0,53.0,53.0,53.0,53.0,53.0,53.0,53.0,53.0,53.0,53.0,53.0,53.0,53.0,53.0,53.0,53.0,53.0,53.0,53.0,53.0,53.0,53.0,53.0,53.0,53,53,0.0,53,0.0,53,0.0,53,0.0,53,0.0,53,0.0,53,0.0,53,0.0,53,0.0,,,,,,,53,0.0,53,0.0,53,0.0,53,0.0,53,0.0,53.0,0.0
j60,j6016_4,j6016_4.sm,60.0,60.0,60.0,60.0,60.0,60.0,60.0,60.0,60.0,60.0,60.0,60.0,60.0,60.0,60.0,60.0,60.0,60.0,60.0,60.0,60.0,60.0,60.0,60.0,60.0,60.0,60.0,60.0,60.0,60.0,60.0,60.0,60.0,60.0,60.0,60.0,60.0,60.0,60.0,60.0,60.0,60.0,60.0,60.0,60,60,0.0,60,0.0,60,0.0,60,0.0,60,0.0,60,0.0,60,0.0,60,0.0,60,0.0,,,,,,,60,0.0,60,0.0,60,0.0,60,0.0,60,0.0,60.0,0.0
j60,j6016_5,j6016_5.sm,66.0,66.0,66.0,66.0,66.0,66.0,66.0,66.0,66.0,66.0,66.0,66.0,66.0,66.0,66.0,66.0,66.0,66.0,66.0,66.0,66.0,66.0,66.0,66.0,66.0,66.0,66.0,66.0,66.0,66.0,66.0,66.0,66.0,66.0,66.0,66.0,66.0,66.0,66.0,66.0,66.0,66.0,66.0,66.0,66,66,0.0,66,0.0,66,0.0,66,0.0,66,0.0,66,0.0,66,0.0,66,0.0,66,0.0,,,,,,,66,0.0,66,0.0,66,0.0,66,0.0,66,0.0,66.0,0.0
j60,j6016_6,j6016_6.sm,66.0,66.0,66.0,66.0,66.0,66.0,66.0,66.0,66.0,66.0,66.0,66.0,66.0,66.0,66.0,66.0,66.0,66.0,66.0,66.0,66.0,66.0,66.0,66.0,66.0,66.0,66.0,66.0,66.0,66.0,66.0,66.0,66.0,66.0,66.0,66.0,66.0,66.0,66.0,66.0,66.0,66.0,66.0,66.0,66,66,0.0,66,0.0,66,0.0,66,0.0,66,0.0,66,0.0,66,0.0,66,0.0,66,0.0,,,,,,,66,0.0,66,0.0,66,0.0,66,0.0,66,0.0,66.0,0.0
j60,j6016_7,j6016_7.sm,82.0,82.0,82.0,82.0,82.0,82.0,82.0,82.0,82.0,82.0,82.0,82.0,82.0,82.0,82.0,82.0,82.0,82.0,82.0,82.0,82.0,82.0,82.0,82.0,82.0,82.0,82.0,82.0,82.0,82.0,82.0,82.0,82.0,82.0,82.0,82.0,82.0,82.0,82.0,82.0,82.0,82.0,82.0,82.0,82,82,0.0,82,0.0,82,0.0,82,0.0,82,0.0,82,0.0,82,0.0,82,0.0,82,0.0,,,,,,,82,0.0,82,0.0,82,0.0,82,0.0,82,0.0,82.0,0.0
j60,j6016_8,j6016_8.sm,68.0,68.0,68.0,68.0,68.0,68.0,68.0,68.0,68.0,68.0,68.0,68.0,68.0,68.0,68.0,68.0,68.0,68.0,68.0,68.0,68.0,68.0,68.0,68.0,68.0,68.0,68.0,68.0,68.0,68.0,68.0,68.0,68.0,68.0,68.0,68.0,68.0,68.0,68.0,68.0,68.0,68.0,68.0,68.0,68,68,0.0,68,0.0,68,0.0,68,0.0,68,0.0,68,0.0,68,0.0,68,0.0,68,0.0,,,,,,,68,0.0,68,0.0,68,0.0,68,0.0,68,0.0,68.0,0.0
j60,j6016_9,j6016_9.sm,54.0,54.0,54.0,54.0,54.0,54.0,54.0,54.0,54.0,54.0,54.0,54.0,54.0,54.0,54.0,54.0,54.0,54.0,54.0,54.0,54.0,54.0,54.0,54.0,54.0,54.0,54.0,54.0,54.0,54.0,54.0,54.0,54.0,54.0,54.0,54.0,54.0,54.0,54.0,54.0,54.0,54.0,54.0,54.0,54,54,0.0,54,0.0,54,0.0,54,0.0,54,0.0,54,0.0,54,0.0,54,0.0,54,0.0,,,,,,,54,0.0,54,0.0,54,0.0,54,0.0,54,0.0,54.0,0.0
j60,j6017_1,j6017_1.sm,109.0,102.0,96.0,93.0,125.0,106.0,93.0,119.0,138.0,108.0,101.0,91.0,91.0,101.0,100.0,92.0,96.0,94.0,99.0,93.0,106.0,138.0,103.0,109.0,90.0,91.0,107.0,98.0,89.0,95.0,99.0,98.0,96.0,109.0,109.0,96.0,88.0,90.0,90.0,90.0,108.0,90.0,109.0,108.0,86,109,0.0,102,0.0,96,0.0,93,0.0,125,0.0,97,9.0,93,0.0,105,33.0,108,0.0,,,,,,,94,0.0,99,0.0,93,0.0,106,0.0,138,0.0,88.0,2.0
j60,j6017_10,j6017_10.sm,84.0,90.0,75.0,82.0,101.0,94.0,72.0,105.0,98.0,89.0,84.0,92.0,92.0,84.0,89.0,75.0,75.0,72.0,87.0,75.0,96.0,150.0,85.0,82.0,76.0,77.0,81.0,102.0,76.0,104.0,100.0,94.0,85.0,81.0,81.0,85.0,77.0,77.0,77.0,76.0,81.0,76.0,100.0,102.0,72,84,0.0,90,0.0,75,0.0,82,0.0,101,0.0,98,-4.0,72,0.0,79,19.0,89,0.0,,,,,,,72,0.0,87,0.0,75,0.0,96,0.0,150,0.0,72.0,0.0
j60,j6017_2,j6017_2.sm,84.0,83.0,80.0,79.0,89.0,92.0,80.0,81.0,98.0,92.0,88.0,85.0,85.0,88.0,81.0,79.0,77.0,78.0,88.0,78.0,85.0,85.0,81.0,86.0,83.0,89.0,86.0,75.0,85.0,86.0,76.0,75.0,82.0,75.0,75.0,82.0,87.0,87.0,83.0,85.0,86.0,75.0,84.0,84.0,69,84,0.0,83,0.0,80,0.0,79,0.0,89,0.0,81,11.0,80,0.0,92,6.0,92,0.0,,,,,,,78,0.0,88,0.0,78,0.0,85,0.0,85,0.0,75.0,6.0
j60,j6017_3,j6017_3.sm,103.0,104.0,96.0,96.0,111.0,109.0,95.0,115.0,112.0,112.0,100.0,101.0,101.0,100.0,104.0,93.0,93.0,96.0,106.0,97.0,110.0,115.0,107.0,107.0,100.0,100.0,102.0,110.0,94.0,106.0,107.0,106.0,99.0,107.0,107.0,99.0,99.0,100.0,100.0,99.0,107.0,99.0,106.0,113.0,89,103,0.0,104,0.0,96,0.0,96,0.0,111,0.0,113,-4.0,95,0.0,102,10.0,112,0.0,,,,,,,96,0.0,106,0.0,97,0.0,110,0.0,115,0.0,93.0,4.0
j60,j6017_4,j6017_4.sm,79.0,80.0,76.0,80.0,98.0,92.0,80.0,100.0,83.0,90.0,84.0,98.0,98.0,84.0,99.0,79.0,82.0,80.0,84.0,80.0,104.0,118.0,80.0,73.0,79.0,72.0,73.0,79.0,72.0,73.0,79.0,80.0,79.0,80.0,80.0,79.0,72.0,72.0,79.0,72.0,80.0,72.0,80.0,81.0,71,79,0.0,80,0.0,76,0.0,80,0.0,98,0.0,84,8.0,80,0.0,85,-2.0,90,0.0,,,,,,,80,0.0,84,0.0,80,0.0,104,0.0,118,0.0,72.0,1.0
j60,j6017_5,j6017_5.sm,66.0,78.0,65.0,66.0,89.0,72.0,68.0,71.0,71.0,80.0,65.0,83.0,83.0,65.0,75.0,65.0,65.0,65.0,67.0,67.0,78.0,73.0,66.0,67.0,65.0,65.0,70.0,64.0,66.0,66.0,66.0,68.0,65.0,68.0,68.0,65.0,65.0,64.0,65.0,66.0,66.0,66.0,66.0,68.0,59,66,0.0,78,0.0,65,0.0,66,0.0,89,0.0,70,2.0,68,0.0,82,-11.0,80,0.0,,,,,,,65,0.0,67,0.0,67,0.0,78,0.0,73,0.0,64.0,5.0
j60,j6017_6,j6017_6.sm,79.0,82.0,75.0,75.0,89.0,99.0,75.0,96.0,99.0,93.0,79.0,93.0,93.0,79.0,92.0,75.0,75.0,75.0,93.0,75.0,101.0,104.0,89.0,89.0,79.0,79.0,78.0,93.0,79.0,85.0,92.0,96.0,76.0,84.0,84.0,76.0,80.0,79.0,79.0,79.0,89.0,79.0,96.0,98.0,69,79,0.0,82,0.0,75,0.0,75,0.0,89,0.0,76,23.0,75,0.0,94,5.0,93,0.0,,,,,,,75,0.0,93,0.0,75,0.0,101,0.0,104,0.0,75.0,6.0
j60,j6017_7,j6017_7.sm,112.0,103.0,87.0,87.0,125.0,102.0,87.0,95.0,105.0,106.0,116.0,98.0,98.0,116.0,103.0,87.0,87.0,85.0,108.0,86.0,105.0,132.0,103.0,102.0,98.0,99.0,102.0,101.0,98.0,104.0,111.0,107.0,104.0,102.0,102.0,104.0,99.0,99.0,98.0,98.0,103.0,98.0,104.0,110.0,83,112,0.0,103,0.0,87,0.0,87,0.0,125,0.0,112,-10.0,87,0.0,96,9.0,106,0.0,,,,,,,85,0.0,108,0.0,86,0.0,105,0.0,132,0.0,85.0,2.0
j60,j6017_8,j6017_8.sm,92.0,97.0,94.0,94.0,110.0,104.0,94.0,104.0,119.0,108.0,102.0,111.0,111.0,102.0,94.0,99.0,93.0,93.0,92.0,93.0,99.0,111.0,89.0,95.0,90.0,97.0,111.0,97.0,95.0,99.0,99.0,102.0,95.0,102.0,102.0,95.0,97.0,90.0,90.0,89.0,96.0,89.0,104.0,116.0,85,92,0.0,97,0.0,94,0.0,94,0.0,110,0.0,113,-9.0,94,0.0,112,7.0,108,0.0,,,,,,,93,0.0,92,0.0,93,0.0,99,0.0,111,0.0,89.0,4.0
j60,j6017_9,j6017_9.sm,88.0,94.0,82.0,82.0,106.0,84.0,88.0,99.0,102.0,94.0,99.0,99.0,99.0,99.0,101.0,85.0,82.0,85.0,92.0,85.0,102.0,106.0,88.0,91.0,80.0,80.0,94.0,86.0,83.0,96.0,96.0,88.0,88.0,96.0,96.0,88.0,82.0,80.0,80.0,80.0,88.0,80.0,96.0,102.0,76,88,0.0,94,0.0,82,0.0,82,0.0,106,0.0,108,-24.0,88,0.0,89,13.0,94,0.0,,,,,,,85,0.0,92,0.0,85,0.0,102,0.0,106,0.0,80.0,4.0
j60,j6018_1,j6018_1.sm,88.0,89.0,81.0,81.0,105.0,85.0,85.0,102.0,85.0,82.0,97.0,81.0,81.0,97.0,90.0,81.0,81.0,81.0,94.0,81.0,88.0,108.0,88.0,89.0,88.0,88.0,93.0,92.0,92.0,88.0,88.0,88.0,88.0,88.0,88.0,88.0,88.0,88.0,88.0,88.0,93.0,88.0,88.0,93.0,81,88,0.0,89,0.0,81,0.0,81,0.0,105,0.0,97,-12.0,85,0.0,90,-5.0,82,0.0,,,,,,,81,0.0,94,0.0,81,0.0,88,0.0,108,0.0,81.0,0.0
j60,j6018_10,j6018_10.sm,102.0,107.0,97.0,97.0,108.0,102.0,97.0,106.0,104.0,97.0,97.0,99.0,99.0,97.0,97.0,97.0,97.0,97.0,106.0,97.0,105.0,124.0,102.0,104.0,102.0,102.0,104.0,102.0,102.0,106.0,106.0,102.0,102.0,104.0,104.0,102.0,102.0,102.0,102.0,102.0,106.0,102.0,104.0,107.0,97,102,0.0,107,0.0,97,0.0,97,0.0,108,0.0,106,-4.0,97,0.0,102,2.0,97,0.0,,,,,,,97,0.0,106,0.0,97,0.0,105,0.0,124,0.0,97.0,0.0
j60,j6018_2,j6018_2.sm,73.0,76.0,69.0,69.0,83.0,79.0,71.0,73.0,76.0,76.0,72.0,81.0,81.0,72.0,69.0,69.0,69.0,69.0,75.0,69.0,79.0,86.0,73.0,75.0,70.0,75.0,75.0,73.0,73.0,70.0,70.0,73.0,73.0,80.0,80.0,73.0,75.0,73.0,70.0,75.0,75.0,75.0,70.0,76.0,69,73,0.0,76,0.0,69,0.0,69,0.0,83,0.0,75,4.0,71,0.0,76,0.0,76,0.0,,,,,,,69,0.0,75,0.0,69,0.0,79,0.0,86,0.0,69.0,0.0
j60,j6018_3,j6018_3.sm,80.0,84.0,77.0,77.0,89.0,83.0,77.0,89.0,87.0,87.0,78.0,83.0,83.0,78.0,77.0,77.0,77.0,77.0,78.0,77.0,91.0,91.0,77.0,77.0,77.0,77.0,77.0,77.0,77.0,77.0,77.0,77.0,77.0,77.0,77.0,77.0,77.0,77.0,77.0,77.0,77.0,77.0,77.0,77.0,77,80,0.0,84,0.0,77,0.0,77,0.0,89,0.0,87,-4.0,77,0.0,77,10.0,87,0.0,,,,,,,77,0.0,78,0.0,77,0.0,91,0.0,91,0.0,77.0,0.0
j60,j6018_4,j6018_4.sm,80.0,79.0,71.0,73.0,94.0,85.0,74.0,85.0,84.0,86.0,82.0,87.0,87.0,82.0,73.0,71.0,71.0,78.0,80.0,78.0,93.0,87.0,80.0,80.0,80.0,80.0,88.0,80.0,80.0,89.0,89.0,80.0,80.0,80.0,80.0,80.0,80.0,80.0,80.0,80.0,80.0,80.0,89.0,88.0,71,80,0.0,79,0.0,71,0.0,73,0.0,94,0.0,90,-5.0,74,0.0,80,4.0,86,0.0,,,,,,,78,0.0,80,0.0,78,0.0,93,0.0,87,0.0,71.0,0.0
j60,j6018_5,j6018_5.sm,82.0,84.0,80.0,80.0,84.0,96.0,80.0,95.0,80.0,87.0,82.0,87.0,87.0,82.0,80.0,80.0,80.0,80.0,84.0,83.0,80.0,96.0,82.0,84.0,82.0,82.0,84.0,82.0,82.0,84.0,82.0,87.0,84.0,87.0,87.0,84.0,82.0,82.0,82.0,82.0,84.0,82.0,84.0,91.0,80,82,0.0,84,0.0,80,0.0,80,0.0,84,0.0,87,9.0,80,0.0,80,0.0,87,0.0,,,,,,,80,0.0,84,0.0,83,0.0,80,0.0,96,0.0,80.0,0.0
j60,j6018_6,j6018_6.sm,61.0,65.0,61.0,61.0,76.0,70.0,62.0,71.0,76.0,77.0,61.0,69.0,69.0,61.0,61.0,61.0,61.0,61.0,65.0,61.0,67.0,72.0,61.0,65.0,62.0,62.0,65.0,62.0,64.0,65.0,65.0,61.0,61.0,64.0,64.0,61.0,62.0,62.0,62.0,62.0,65.0,62.0,65.0,65.0,61,61,0.0,65,0.0,61,0.0,61,0.0,76,0.0,62,8.0,62,0.0,65,11.0,77,0.0,,,,,,,61,0.0,65,0.0,61,0.0,67,0.0,72,0.0,61.0,0.0
j60,j6018_7,j6018_7.sm,108.0,109.0,99.0,99.0,109.0,98.0,99.0,112.0,112.0,99.0,107.0,100.0,100.0,107.0,99.0,99.0,99.0,99.0,104.0,99.0,107.0,103.0,93.0,98.0,93.0,93.0,98.0,98.0,93.0,93.0,93.0,93.0,93.0,93.0,93.0,93.0,93.0,93.0,93.0,93.0,98.0,93.0,93.0,96.0,93,108,0.0,109,0.0,99,0.0,99,0.0,109,0.0,99,-1.0,99,0.0,106,6.0,99,0.0,,,,,,,99,0.0,104,0.0,99,0.0,107,0.0,103,0.0,93.0,0.0
j60,j6018_8,j6018_8.sm,86.0,87.0,78.0,78.0,97.0,88.0,78.0,85.0,84.0,78.0,78.0,86.0,86.0,78.0,78.0,78.0,78.0,78.0,78.0,78.0,86.0,86.0,78.0,83.0,80.0,80.0,78.0,81.0,80.0,82.0,82.0,82.0,79.0,78.0,78.0,79.0,80.0,80.0,80.0,80.0,78.0,80.0,79.0,80.0,78,86,0.0,87,0.0,78,0.0,78,0.0,97,0.0,78,10.0,78,0.0,78,6.0,78,0.0,,,,,,,78,0.0,78,0.0,78,0.0,86,0.0,86,0.0,78.0,0.0
j60,j6018_9,j6018_9.sm,73.0,80.0,69.0,69.0,81.0,82.0,75.0,96.0,96.0,96.0,76.0,83.0,83.0,76.0,82.0,69.0,69.0,75.0,74.0,75.0,83.0,86.0,73.0,73.0,69.0,69.0,73.0,69.0,69.0,69.0,69.0,73.0,73.0,73.0,73.0,73.0,69.0,69.0,69.0,69.0,69.0,69.0,73.0,73.0,69,73,0.0,80,0.0,69,0.0,69,0.0,81,0.0,86,-4.0,75,0.0,96,0.0,96,0.0,,,,,,,75,0.0,74,0.0,75,0.0,83,0.0,86,0.0,69.0,0.0
j60,j6019_1,j6019_1.sm,64.0,64.0,62.0,64.0,72.0,86.0,62.0,79.0,66.0,63.0,63.0,63.0,63.0,63.0,64.0,62.0,62.0,64.0,64.0,62.0,79.0,66.0,64.0,64.0,63.0,64.0,64.0,64.0,63.0,64.0,63.0,63.0,63.0,64.0,64.0,63.0,64.0,63.0,63.0,63.0,64.0,63.0,64.0,64.0,62,64,0.0,64,0.0,62,0.0,64,0.0,72,0.0,66,20.0,62,0.0,65,1.0,63,0.0,,,,,,,64,0.0,64,0.0,62,0.0,79,0.0,66,0.0,62.0,0.0
j60,j6019_10,j6019_10.sm,80.0,80.0,78.0,78.0,81.0,81.0,78.0,81.0,80.0,78.0,78.0,78.0,78.0,78.0,78.0,78.0,78.0,78.0,80.0,78.0,82.0,88.0,80.0,80.0,80.0,80.0,80.0,80.0,80.0,80.0,80.0,80.0,80.0,80.0,80.0,80.0,80.0,80.0,80.0,80.0,80.0,80.0,80.0,80.0,78,80,0.0,80,0.0,78,0.0,78,0.0,81,0.0,81,0.0,78,0.0,78,2.0,78,0.0,,,,,,,78,0.0,80,0.0,78,0.0,82,0.0,88,0.0,78.0,0.0
j60,j6019_2,j6019_2.sm,87.0,83.0,83.0,83.0,84.0,83.0,83.0,83.0,83.0,90.0,83.0,90.0,90.0,83.0,83.0,83.0,83.0,83.0,83.0,83.0,90.0,90.0,83.0,83.0,83.0,83.0,83.0,83.0,83.0,83.0,83.0,85.0,83.0,83.0,83.0,83.0,83.0,83.0,83.0,83.0,83.0,83.0,83.0,85.0,83,87,0.0,83,0.0,83,0.0,83,0.0,84,0.0,84,-1.0,83,0.0,83,0.0,90,0.0,,,,,,,83,0.0,83,0.0,83,0.0,90,0.0,90,0.0,83.0,0.0
j60,j6019_3,j6019_3.sm,83.0,85.0,84.0,84.0,85.0,85.0,83.0,84.0,84.0,84.0,84.0,85.0,85.0,84.0,84.0,84.0,84.0,83.0,83.0,83.0,83.0,85.0,83.0,85.0,83.0,83.0,85.0,85.0,83.0,83.0,83.0,83.0,83.0,85.0,85.0,83.0,83.0,83.0,83.0,83.0,83.0,83.0,83.0,85.0,83,83,0.0,85,0.0,84,0.0,84,0.0,85,0.0,83,2.0,83,0.0,83,1.0,84,0.0,,,,,,,83,0.0,83,0.0,83,0.0,83,0.0,85,0.0,83.0,0.0
j60,j6019_4,j6019_4.sm,67.0,74.0,67.0,67.0,74.0,67.0,68.0,67.0,67.0,67.0,74.0,67.0,67.0,74.0,67.0,67.0,67.0,67.0,69.0,67.0,67.0,74.0,67.0,67.0,67.0,67.0,67.0,67.0,67.0,67.0,67.0,67.0,67.0,67.0,67.0,67.0,67.0,67.0,67.0,67.0,69.0,67.0,67.0,67.0,67,67,0.0,74,0.0,67,0.0,67,0.0,74,0.0,67,0.0,68,0.0,67,0.0,67,0.0,,,,,,,67,0.0,69,0.0,67,0.0,67,0.0,74,0.0,67.0,0.0
j60,j6019_5,j6019_5.sm,78.0,77.0,73.0,73.0,87.0,77.0,76.0,73.0,73.0,73.0,76.0,88.0,88.0,76.0,76.0,73.0,73.0,73.0,78.0,73.0,73.0,90.0,78.0,78.0,76.0,76.0,78.0,78.0,76.0,79.0,79.0,78.0,78.0,78.0,78.0,78.0,76.0,76.0,76.0,76.0,79.0,76.0,79.0,78.0,73,78,0.0,77,0.0,73,0.0,73,0.0,87,0.0,76,1.0,76,0.0,73,0.0,73,0.0,,,,,,,73,0.0,78,0.0,73,0.0,73,0.0,90,0.0,73.0,0.0
j60,j6019_6,j6019_6.sm,71.0,72.0,70.0,71.0,72.0,72.0,70.0,72.0,79.0,73.0,70.0,74.0,74.0,70.0,71.0,71.0,70.0,71.0,72.0,71.0,72.0,81.0,71.0,71.0,70.0,70.0,71.0,71.0,70.0,71.0,71.0,70.0,70.0,70.0,70.0,70.0,70.0,70.0,70.0,70.0,71.0,70.0,70.0,71.0,69,71,0.0,72,0.0,70,0.0,71,0.0,72,0.0,74,-2.0,70,0.0,75,4.0,73,0.0,,,,,,,71,0.0,72,0.0,71,0.0,72,0.0,81,0.0,70.0,1.0
j60,j6019_7,j6019_7.sm,60.0,60.0,60.0,60.0,70.0,61.0,60.0,64.0,64.0,60.0,61.0,60.0,60.0,61.0,60.0,60.0,60.0,60.0,60.0,60.0,68.0,72.0,60.0,60.0,60.0,60.0,60.0,60.0,60.0,60.0,60.0,60.0,60.0,60.0,60.0,60.0,60.0,60.0,60.0,60.0,60.0,60.0,60.0,60.0,60,60,0.0,60,0.0,60,0.0,60,0.0,70,0.0,60,1.0,60,0.0,60,4.0,60,0.0,,,,,,,60,0.0,60,0.0,60,0.0,68,0.0,72,0.0,60.0,0.0
j60,j6019_8,j6019_8.sm,87.0,90.0,87.0,87.0,90.0,87.0,87.0,87.0,87.0,101.0,90.0,101.0,101.0,90.0,87.0,87.0,87.0,87.0,87.0,87.0,90.0,108.0,87.0,87.0,87.0,87.0,87.0,87.0,87.0,87.0,87.0,87.0,87.0,87.0,87.0,87.0,87.0,87.0,87.0,87.0,87.0,87.0,87.0,87.0,87,87,0.0,90,0.0,87,0.0,87,0.0,90,0.0,90,-3.0,87,0.0,90,-3.0,101,0.0,,,,,,,87,0.0,87,0.0,87,0.0,90,0.0,108,0.0,87.0,0.0
j60,j6019_9,j6019_9.sm,72.0,71.0,71.0,71.0,76.0,82.0,73.0,77.0,79.0,77.0,77.0,73.0,73.0,77.0,71.0,71.0,71.0,73.0,72.0,73.0,77.0,77.0,72.0,72.0,73.0,72.0,75.0,75.0,72.0,74.0,74.0,74.0,75.0,73.0,73.0,75.0,72.0,73.0,73.0,73.0,72.0,72.0,74.0,74.0,69,72,0.0,71,0.0,71,0.0,71,0.0,76,0.0,71,11.0,73,0.0,72,7.0,77,0.0,,,,,,,73,0.0,72,0.0,73,0.0,77,0.0,77,0.0,71.0,2.0
j60,j601_1,j601_1.sm,86.0,88.0,77.0,77.0,121.0,98.0,77.0,114.0,88.0,98.0,80.0,100.0,100.0,80.0,81.0,77.0,77.0,77.0,85.0,77.0,109.0,121.0,85.0,85.0,86.0,86.0,85.0,86.0,82.0,92.0,92.0,92.0,84.0,86.0,86.0,84.0,86.0,86.0,86.0,86.0,85.0,86.0,96.0,96.0,77,86,0.0,88,0.0,77,0.0,77,0.0,121,0.0,106,-8.0,77,0.0,84,4.0,98,0.0,,,,,,,77,0.0,85,0.0,77,0.0,109,0.0,121,0.0,77.0,0.0
j60,j601_10,j601_10.sm,93.0,87.0,84.0,84.0,82.0,89.0,84.0,108.0,108.0,93.0,84.0,95.0,95.0,84.0,99.0,84.0,84.0,84.0,95.0,84.0,89.0,116.0,92.0,84.0,87.0,81.0,84.0,92.0,84.0,92.0,108.0,91.0,84.0,91.0,91.0,84.0,81.0,81.0,81.0,81.0,84.0,81.0,92.0,108.0,80,93,0.0,87,0.0,84,0.0,84,0.0,82,0.0,116,-27.0,84,0.0,93,15.0,93,0.0,,,,,,,84,0.0,95,0.0,84,0.0,89,0.0,116,0.0,81.0,1.0
j60,j601_2,j601_2.sm,90.0,89.0,70.0,70.0,85.0,96.0,75.0,98.0,96.0,89.0,85.0,92.0,92.0,85.0,87.0,72.0,70.0,70.0,85.0,70.0,97.0,120.0,84.0,85.0,72.0,72.0,80.0,89.0,68.0,80.0,85.0,96.0,79.0,96.0,96.0,79.0,72.0,72.0,72.0,72.0,85.0,72.0,81.0,94.0,68,90,0.0,89,0.0,70,0.0,70,0.0,85,0.0,91,5.0,75,0.0,86,10.0,89,0.0,,,,,,,70,0.0,85,0.0,70,0.0,97,0.0,120,0.0,68.0,0.0
j60,j601_3,j601_3.sm,86.0,89.0,70.0,76.0,90.0,85.0,82.0,89.0,89.0,84.0,90.0,88.0,88.0,90.0,93.0,70.0,72.0,73.0,89.0,82.0,97.0,96.0,86.0,76.0,71.0,71.0,76.0,75.0,73.0,79.0,76.0,84.0,72.0,84.0,84.0,72.0,71.0,71.0,71.0,71.0,76.0,71.0,82.0,79.0,68,86,0.0,89,0.0,70,0.0,76,0.0,90,0.0,81,4.0,82,0.0,85,4.0,84,0.0,,,,,,,73,0.0,89,0.0,82,0.0,97,0.0,96,0.0,70.0,2.0
j60,j601_4,j601_4.sm,106.0,107.0,105.0,91.0,104.0,105.0,95.0,106.0,93.0,108.0,100.0,107.0,107.0,100.0,93.0,94.0,105.0,94.0,114.0,94.0,100.0,118.0,96.0,96.0,96.0,96.0,96.0,96.0,96.0,96.0,91.0,97.0,96.0,93.0,93.0,96.0,96.0,96.0,96.0,96.0,96.0,96.0,93.0,102.0,91,106,0.0,107,0.0,105,0.0,91,0.0,104,0.0,109,-4.0,95,0.0,95,-2.0,108,0.0,,,,,,,94,0.0,105,9.0,94,0.0,100,0.0,118,0.0,91.0,0.0
j60,j601_5,j601_5.sm,93.0,88.0,77.0,75.0,108.0,83.0,75.0,84.0,90.0,93.0,81.0,86.0,86.0,81.0,78.0,77.0,77.0,77.0,85.0,78.0,101.0,98.0,87.0,87.0,83.0,83.0,82.0,86.0,83.0,98.0,99.0,102.0,83.0,103.0,103.0,83.0,83.0,83.0,83.0,83.0,82.0,83.0,79.0,87.0,73,93,0.0,88,0.0,77,0.0,75,0.0,108,0.0,96,-13.0,75,0.0,100,-10.0,93,0.0,,,,,,,77,0.0,85,0.0,78,0.0,101,0.0,98,0.0,75.0,2.0
j60,j601_6,j601_6.sm,66.0,71.0,67.0,66.0,71.0,82.0,66.0,72.0,78.0,83.0,69.0,77.0,77.0,69.0,73.0,68.0,67.0,66.0,71.0,66.0,77.0,90.0,67.0,67.0,67.0,67.0,72.0,67.0,69.0,66.0,72.0,66.0,69.0,66.0,66.0,69.0,67.0,67.0,67.0,67.0,67.0,67.0,76.0,75.0,66,66,0.0,71,0.0,67,0.0,66,0.0,71,0.0,75,7.0,66,0.0,69,9.0,83,0.0,,,,,,,66,0.0,71,0.0,66,0.0,77,0.0,90,0.0,66.0,0.0
j60,j601_7,j601_7.sm,75.0,83.0,88.0,76.0,95.0,89.0,87.0,100.0,101.0,88.0,83.0,86.0,86.0,83.0,94.0,80.0,78.0,79.0,75.0,78.0,91.0,104.0,75.0,75.0,78.0,80.0,84.0,83.0,81.0,93.0,93.0,93.0,83.0,83.0,83.0,83.0,80.0,80.0,78.0,80.0,75.0,80.0,97.0,81.0,72,75,0.0,83,0.0,88,0.0,76,0.0,95,0.0,95,-6.0,87,0.0,89,12.0,88,0.0,,,,,,,79,0.0,75,0.0,78,0.0,91,0.0,104,0.0,75.0,3.0
j60,j601_8,j601_8.sm,95.0,95.0,78.0,84.0,94.0,87.0,80.0,110.0,101.0,97.0,117.0,87.0,87.0,117.0,112.0,82.0,82.0,82.0,90.0,79.0,98.0,98.0,89.0,86.0,79.0,79.0,95.0,96.0,80.0,99.0,112.0,109.0,87.0,82.0,82.0,87.0,79.0,79.0,79.0,79.0,86.0,78.0,89.0,101.0,75,95,0.0,95,0.0,78,0.0,84,0.0,94,0.0,98,-11.0,80,0.0,95,6.0,97,0.0,,,,,,,82,0.0,90,0.0,79,0.0,94,4.0,98,0.0,78.0,3.0
j60,j601_9,j601_9.sm,108.0,107.0,85.0,85.0,106.0,104.0,85.0,109.0,108.0,101.0,92.0,106.0,106.0,92.0,101.0,86.0,92.0,92.0,104.0,91.0,108.0,104.0,104.0,99.0,95.0,92.0,94.0,108.0,88.0,94.0,111.0,108.0,89.0,99.0,99.0,89.0,92.0,92.0,94.0,93.0,99.0,93.0,111.0,109.0,85,108,0.0,107,0.0,85,0.0,85,0.0,106,0.0,106,-2.0,85,0.0,108,0.0,101,0.0,,,,,,,92,0.0,104,0.0,91,0.0,108,0.0,104,0.0,85.0,0.0
j60,j6020_1,j6020_1.sm,60.0,60.0,60.0,60.0,60.0,60.0,60.0,60.0,60.0,60.0,60.0,60.0,60.0,60.0,60.0,60.0,60.0,60.0,60.0,60.0,60.0,60.0,60.0,60.0,60.0,60.0,60.0,60.0,60.0,60.0,60.0,60.0,60.0,60.0,60.0,60.0,60.0,60.0,60.0,60.0,60.0,60.0,60.0,60.0,60,60,0.0,60,0.0,60,0.0,60,0.0,60,0.0,60,0.0,60,0.0,60,0.0,60,0.0,,,,,,,60,0.0,60,0.0,60,0.0,60,0.0,60,0.0,60.0,0.0
j60,j6020_10,j6020_10.sm,70.0,70.0,70.0,70.0,70.0,70.0,70.0,70.0,70.0,70.0,70.0,70.0,70.0,70.0,70.0,70.0,70.0,70.0,70.0,70.0,70.0,70.0,70.0,70.0,70.0,70.0,70.0,70.0,70.0,70.0,70.0,70.0,70.0,70.0,70.0,70.0,70.0,70.0,70.0,70.0,70.0,70.0,70.0,70.0,70,70,0.0,70,0.0,70,0.0,70,0.0,70,0.0,70,0.0,70,0.0,70,0.0,70,0.0,,,,,,,70,0.0,70,0.0,70,0.0,70,0.0,70,0.0,70.0,0.0
j60,j6020_2,j6020_2.sm,78.0,78.0,78.0,78.0,78.0,78.0,78.0,78.0,78.0,78.0,78.0,78.0,78.0,78.0,78.0,78.0,78.0,78.0,78.0,78.0,78.0,78.0,78.0,78.0,78.0,78.0,78.0,78.0,78.0,78.0,78.0,78.0,78.0,78.0,78.0,78.0,78.0,78.0,78.0,78.0,78.0,78.0,78.0,78.0,78,78,0.0,78,0.0,78,0.0,78,0.0,78,0.0,78,0.0,78,0.0,78,0.0,78,0.0,,,,,,,78,0.0,78,0.0,78,0.0,78,0.0,78,0.0,78.0,0.0
j60,j6020_3,j6020_3.sm,69.0,69.0,69.0,69.0,69.0,69.0,69.0,69.0,69.0,69.0,69.0,69.0,69.0,69.0,69.0,69.0,69.0,69.0,69.0,69.0,69.0,69.0,69.0,69.0,69.0,69.0,69.0,69.0,69.0,69.0,69.0,69.0,69.0,69.0,69.0,69.0,69.0,69.0,69.0,69.0,69.0,69.0,69.0,69.0,69,69,0.0,69,0.0,69,0.0,69,0.0,69,0.0,69,0.0,69,0.0,69,0.0,69,0.0,,,,,,,69,0.0,69,0.0,69,0.0,69,0.0,69,0.0,69.0,0.0
j60,j6020_4,j6020_4.sm,86.0,86.0,86.0,86.0,86.0,86.0,86.0,86.0,86.0,86.0,86.0,86.0,86.0,86.0,86.0,86.0,86.0,86.0,86.0,86.0,86.0,86.0,86.0,86.0,86.0,86.0,86.0,86.0,86.0,86.0,86.0,86.0,86.0,86.0,86.0,86.0,86.0,86.0,86.0,86.0,86.0,86.0,86.0,86.0,86,86,0.0,86,0.0,86,0.0,86,0.0,86,0.0,86,0.0,86,0.0,86,0.0,86,0.0,,,,,,,86,0.0,86,0.0,86,0.0,86,0.0,86,0.0,86.0,0.0
j60,j6020_5,j6020_5.sm,71.0,71.0,71.0,71.0,71.0,71.0,71.0,71.0,71.0,71.0,71.0,71.0,71.0,71.0,71.0,71.0,71.0,71.0,71.0,71.0,71.0,71.0,71.0,71.0,71.0,71.0,71.0,71.0,71.0,71.0,71.0,71.0,71.0,71.0,71.0,71.0,71.0,71.0,71.0,71.0,71.0,71.0,71.0,71.0,71,71,0.0,71,0.0,71,0.0,71,0.0,71,0.0,71,0.0,71,0.0,71,0.0,71,0.0,,,,,,,71,0.0,71,0.0,71,0.0,71,0.0,71,0.0,71.0,0.0
j60,j6020_6,j6020_6.sm,97.0,97.0,97.0,97.0,97.0,97.0,97.0,97.0,97.0,97.0,97.0,97.0,97.0,97.0,97.0,97.0,97.0,97.0,97.0,97.0,97.0,97.0,97.0,97.0,97.0,97.0,97.0,97.0,97.0,97.0,97.0,97.0,97.0,97.0,97.0,97.0,97.0,97.0,97.0,97.0,97.0,97.0,97.0,97.0,97,97,0.0,97,0.0,97,0.0,97,0.0,97,0.0,97,0.0,97,0.0,97,0.0,97,0.0,,,,,,,97,0.0,97,0.0,97,0.0,97,0.0,97,0.0,97.0,0.0
j60,j6020_7,j6020_7.sm,74.0,74.0,74.0,74.0,74.0,74.0,74.0,74.0,74.0,74.0,74.0,74.0,74.0,74.0,74.0,74.0,74.0,74.0,74.0,74.0,74.0,74.0,74.0,74.0,74.0,74.0,74.0,74.0,74.0,74.0,74.0,74.0,74.0,74.0,74.0,74.0,74.0,74.0,74.0,74.0,74.0,74.0,74.0,74.0,74,74,0.0,74,0.0,74,0.0,74,0.0,74,0.0,74,0.0,74,0.0,74,0.0,74,0.0,,,,,,,74,0.0,74,0.0,74,0.0,74,0.0,74,0.0,74.0,0.0
j60,j6020_8,j6020_8.sm,65.0,65.0,65.0,65.0,65.0,65.0,65.0,65.0,65.0,65.0,65.0,65.0,65.0,65.0,65.0,65.0,65.0,65.0,65.0,65.0,65.0,65.0,65.0,65.0,65.0,65.0,65.0,65.0,65.0,65.0,65.0,65.0,65.0,65.0,65.0,65.0,65.0,65.0,65.0,65.0,65.0,65.0,65.0,65.0,65,65,0.0,65,0.0,65,0.0,65,0.0,65,0.0,65,0.0,65,0.0,65,0.0,65,0.0,,,,,,,65,0.0,65,0.0,65,0.0,65,0.0,65,0.0,65.0,0.0
j60,j6020_9,j6020_9.sm,74.0,74.0,74.0,74.0,74.0,74.0,74.0,74.0,74.0,74.0,74.0,74.0,74.0,74.0,74.0,74.0,74.0,74.0,74.0,74.0,74.0,74.0,74.0,74.0,74.0,74.0,74.0,74.0,74.0,74.0,74.0,74.0,74.0,74.0,74.0,74.0,74.0,74.0,74.0,74.0,74.0,74.0,74.0,74.0,74,74,0.0,74,0.0,74,0.0,74,0.0,74,0.0,74,0.0,74,0.0,74,0.0,74,0.0,,,,,,,74,0.0,74,0.0,74,0.0,74,0.0,74,0.0,74.0,0.0
j60,j6021_1,j6021_1.sm,131.0,134.0,134.0,130.0,140.0,154.0,121.0,147.0,131.0,127.0,131.0,125.0,126.0,125.0,153.0,133.0,133.0,123.0,143.0,133.0,130.0,138.0,121.0,132.0,117.0,115.0,132.0,126.0,120.0,149.0,123.0,121.0,118.0,118.0,115.0,112.0,134.0,117.0,117.0,122.0,132.0,118.0,159.0,123.0,103,131,0.0,134,0.0,134,0.0,130,0.0,140,0.0,150,4.0,121,0.0,127,4.0,127,0.0,,,,,,,124,-1.0,143,0.0,133,0.0,130,0.0,138,0.0,112.0,9.0
j60,j6021_10,j6021_10.sm,96.0,103.0,93.0,94.0,117.0,111.0,90.0,118.0,99.0,107.0,96.0,94.0,96.0,103.0,120.0,100.0,95.0,96.0,103.0,99.0,131.0,121.0,90.0,93.0,91.0,89.0,107.0,89.0,92.0,96.0,92.0,110.0,92.0,90.0,91.0,87.0,92.0,89.0,94.0,90.0,93.0,96.0,98.0,94.0,80,96,0.0,103,0.0,93,0.0,94,0.0,117,0.0,107,4.0,90,0.0,110,-11.0,107,0.0,,,,,,,96,0.0,103,0.0,99,0.0,131,0.0,121,0.0,87.0,7.0
j60,j6021_2,j6021_2.sm,150.0,143.0,129.0,128.0,157.0,165.0,130.0,142.0,168.0,142.0,150.0,145.0,149.0,143.0,161.0,126.0,126.0,132.0,142.0,131.0,154.0,147.0,138.0,138.0,118.0,118.0,135.0,131.0,148.0,149.0,150.0,132.0,139.0,130.0,141.0,129.0,120.0,118.0,118.0,118.0,141.0,118.0,141.0,146.0,108,150,0.0,143,0.0,129,0.0,128,0.0,157,0.0,149,16.0,130,0.0,152,16.0,142,0.0,,,,,,,132,0.0,142,0.0,131,0.0,154,0.0,147,0.0,118.0,10.0
j60,j6021_3,j6021_3.sm,121.0,137.0,118.0,106.0,131.0,125.0,109.0,137.0,131.0,119.0,130.0,110.0,112.0,120.0,163.0,104.0,109.0,108.0,112.0,108.0,124.0,157.0,106.0,112.0,105.0,99.0,110.0,111.0,101.0,132.0,124.0,108.0,98.0,95.0,106.0,101.0,98.0,99.0,105.0,105.0,115.0,103.0,138.0,126.0,87,121,0.0,137,0.0,118,0.0,106,0.0,131,0.0,120,5.0,109,0.0,109,22.0,119,0.0,,,,,,,108,0.0,113,-1.0,108,0.0,124,0.0,157,0.0,95.0,8.0
j60,j6021_4,j6021_4.sm,127.0,129.0,117.0,112.0,140.0,153.0,117.0,132.0,123.0,130.0,128.0,119.0,114.0,116.0,147.0,119.0,116.0,107.0,130.0,112.0,128.0,139.0,122.0,117.0,118.0,118.0,110.0,130.0,109.0,109.0,136.0,125.0,124.0,112.0,113.0,119.0,107.0,113.0,115.0,112.0,121.0,104.0,124.0,135.0,95,127,0.0,129,0.0,117,0.0,112,0.0,140,0.0,121,32.0,117,0.0,125,-2.0,130,0.0,,,,,,,107,0.0,130,0.0,112,0.0,128,0.0,139,0.0,104.0,9.0
j60,j6021_5,j6021_5.sm,109.0,111.0,111.0,112.0,113.0,112.0,119.0,117.0,122.0,131.0,121.0,133.0,121.0,115.0,113.0,109.0,111.0,101.0,112.0,111.0,112.0,139.0,99.0,106.0,104.0,101.0,104.0,113.0,107.0,106.0,107.0,109.0,109.0,103.0,98.0,101.0,104.0,104.0,104.0,98.0,101.0,98.0,106.0,114.0,89,109,0.0,111,0.0,111,0.0,112,0.0,113,0.0,118,-6.0,119,0.0,130,-8.0,131,0.0,,,,,,,101,0.0,112,0.0,111,0.0,112,0.0,139,0.0,98.0,9.0
j60,j6021_6,j6021_6.sm,120.0,119.0,94.0,99.0,141.0,119.0,109.0,128.0,136.0,112.0,104.0,121.0,122.0,119.0,137.0,93.0,97.0,97.0,112.0,94.0,121.0,131.0,107.0,108.0,106.0,94.0,118.0,108.0,98.0,112.0,99.0,109.0,96.0,93.0,104.0,113.0,97.0,97.0,106.0,95.0,111.0,94.0,126.0,132.0,84,120,0.0,119,0.0,94,0.0,99,0.0,141,0.0,124,-5.0,109,0.0,109,27.0,112,0.0,,,,,,,97,0.0,112,0.0,94,0.0,121,0.0,131,0.0,93.0,9.0
j60,j6021_7,j6021_7.sm,123.0,137.0,121.0,116.0,141.0,147.0,120.0,142.0,144.0,130.0,133.0,141.0,149.0,121.0,147.0,110.0,121.0,126.0,138.0,111.0,153.0,161.0,130.0,133.0,113.0,117.0,140.0,119.0,113.0,131.0,135.0,120.0,121.0,114.0,121.0,123.0,114.0,118.0,117.0,110.0,131.0,115.0,148.0,138.0,103,123,0.0,137,0.0,121,0.0,116,0.0,141,0.0,135,12.0,120,0.0,132,12.0,130,0.0,,,,,,,126,0.0,138,0.0,111,0.0,153,0.0,161,0.0,110.0,7.0
j60,j6021_8,j6021_8.sm,148.0,147.0,126.0,132.0,162.0,133.0,129.0,153.0,153.0,142.0,132.0,145.0,132.0,138.0,166.0,129.0,126.0,132.0,153.0,134.0,168.0,175.0,140.0,147.0,120.0,131.0,137.0,129.0,125.0,152.0,152.0,126.0,149.0,121.0,120.0,123.0,129.0,130.0,123.0,122.0,136.0,119.0,134.0,159.0,110,148,0.0,147,0.0,126,0.0,132,0.0,162,0.0,150,-17.0,129,0.0,134,19.0,142,0.0,,,,,,,132,0.0,153,0.0,134,0.0,168,0.0,175,0.0,119.0,9.0
j60,j6021_9,j6021_9.sm,128.0,112.0,110.0,112.0,117.0,117.0,105.0,116.0,128.0,114.0,136.0,111.0,109.0,108.0,124.0,101.0,108.0,109.0,123.0,102.0,138.0,151.0,105.0,116.0,107.0,105.0,111.0,109.0,105.0,114.0,128.0,106.0,100.0,108.0,100.0,106.0,104.0,102.0,105.0,103.0,102.0,100.0,120.0,141.0,89,128,0.0,112,0.0,110,0.0,112,0.0,117,0.0,129,-12.0,105,0.0,121,7.0,114,0.0,,,,,,,109,0.0,122,1.0,102,0.0,138,0.0,151,0.0,100.0,11.0
j60,j6022_1,j6022_1.sm,74.0,79.0,68.0,66.0,77.0,74.0,69.0,90.0,79.0,71.0,73.0,72.0,71.0,72.0,66.0,65.0,65.0,67.0,76.0,67.0,90.0,87.0,75.0,76.0,70.0,70.0,75.0,78.0,70.0,72.0,72.0,76.0,75.0,77.0,72.0,72.0,70.0,70.0,70.0,69.0,72.0,69.0,75.0,73.0,64,74,0.0,79,0.0,68,0.0,66,0.0,77,0.0,75,-1.0,69,0.0,74,5.0,71,0.0,,,,,,,67,0.0,76,0.0,67,0.0,90,0.0,87,0.0,65.0,1.0
j60,j6022_10,j6022_10.sm,80.0,85.0,72.0,72.0,85.0,92.0,75.0,97.0,93.0,80.0,85.0,88.0,89.0,79.0,72.0,75.0,72.0,72.0,81.0,75.0,93.0,104.0,80.0,76.0,74.0,74.0,78.0,80.0,75.0,88.0,83.0,79.0,80.0,81.0,77.0,78.0,76.0,74.0,74.0,73.0,76.0,73.0,81.0,80.0,70,80,0.0,85,0.0,72,0.0,72,0.0,85,0.0,85,7.0,75,0.0,85,8.0,80,0.0,,,,,,,72,0.0,81,0.0,75,0.0,93,0.0,104,0.0,72.0,2.0
j60,j6022_2,j6022_2.sm,97.0,94.0,83.0,85.0,111.0,103.0,96.0,106.0,96.0,91.0,96.0,91.0,89.0,92.0,85.0,86.0,83.0,90.0,94.0,90.0,107.0,116.0,96.0,96.0,94.0,97.0,101.0,96.0,96.0,101.0,95.0,95.0,98.0,94.0,95.0,94.0,94.0,94.0,94.0,96.0,96.0,96.0,97.0,99.0,83,97,0.0,94,0.0,83,0.0,85,0.0,111,0.0,106,-3.0,96,0.0,94,2.0,91,0.0,,,,,,,90,0.0,94,0.0,90,0.0,107,0.0,116,0.0,83.0,0.0
j60,j6022_3,j6022_3.sm,77.0,85.0,73.0,73.0,91.0,90.0,76.0,86.0,86.0,81.0,93.0,93.0,77.0,82.0,73.0,78.0,73.0,77.0,82.0,75.0,96.0,96.0,77.0,82.0,72.0,79.0,82.0,81.0,78.0,78.0,83.0,82.0,78.0,77.0,78.0,77.0,79.0,72.0,72.0,77.0,82.0,79.0,81.0,91.0,70,77,0.0,85,0.0,73,0.0,73,0.0,91,0.0,82,8.0,76,0.0,87,-1.0,81,0.0,,,,,,,77,0.0,82,0.0,75,0.0,96,0.0,96,0.0,72.0,2.0
j60,j6022_4,j6022_4.sm,83.0,87.0,81.0,85.0,111.0,102.0,88.0,99.0,95.0,100.0,91.0,100.0,107.0,94.0,105.0,79.0,81.0,82.0,83.0,79.0,104.0,94.0,83.0,79.0,81.0,81.0,83.0,107.0,87.0,90.0,89.0,83.0,84.0,82.0,82.0,83.0,86.0,81.0,81.0,81.0,81.0,81.0,95.0,87.0,73,83,0.0,87,0.0,81,0.0,85,0.0,111,0.0,87,15.0,88,0.0,91,4.0,100,0.0,,,,,,,82,0.0,83,0.0,79,0.0,104,0.0,94,0.0,79.0,6.0
j60,j6022_5,j6022_5.sm,87.0,81.0,76.0,76.0,83.0,89.0,76.0,83.0,82.0,84.0,81.0,86.0,88.0,77.0,76.0,76.0,76.0,76.0,86.0,77.0,101.0,89.0,88.0,82.0,79.0,81.0,86.0,86.0,81.0,79.0,81.0,85.0,83.0,81.0,82.0,83.0,79.0,79.0,79.0,81.0,88.0,81.0,80.0,92.0,76,87,0.0,81,0.0,76,0.0,76,0.0,83,0.0,83,6.0,76,0.0,83,-1.0,84,0.0,,,,,,,76,0.0,86,0.0,77,0.0,101,0.0,89,0.0,76.0,0.0
j60,j6022_6,j6022_6.sm,88.0,91.0,86.0,84.0,110.0,91.0,83.0,101.0,101.0,93.0,93.0,99.0,99.0,90.0,84.0,86.0,81.0,79.0,89.0,79.0,83.0,99.0,88.0,87.0,88.0,88.0,87.0,89.0,88.0,87.0,85.0,88.0,85.0,87.0,87.0,85.0,88.0,88.0,85.0,85.0,86.0,85.0,87.0,85.0,79,88,0.0,91,0.0,86,0.0,84,0.0,110,0.0,91,0.0,83,0.0,87,14.0,93,0.0,,,,,,,79,0.0,89,0.0,79,0.0,83,0.0,99,0.0,79.0,0.0
j60,j6022_7,j6022_7.sm,80.0,80.0,72.0,69.0,87.0,91.0,79.0,92.0,93.0,78.0,81.0,87.0,76.0,81.0,69.0,72.0,72.0,72.0,78.0,69.0,91.0,86.0,78.0,75.0,74.0,74.0,75.0,76.0,75.0,74.0,80.0,79.0,78.0,76.0,77.0,76.0,76.0,74.0,74.0,75.0,75.0,75.0,74.0,80.0,69,80,0.0,80,0.0,72,0.0,69,0.0,87,0.0,83,8.0,79,0.0,74,19.0,78,0.0,,,,,,,69,3.0,78,0.0,69,0.0,91,0.0,86,0.0,69.0,0.0
j60,j6022_8,j6022_8.sm,67.0,72.0,59.0,61.0,81.0,72.0,66.0,71.0,71.0,67.0,73.0,65.0,71.0,66.0,61.0,59.0,59.0,63.0,69.0,63.0,70.0,90.0,70.0,67.0,68.0,68.0,67.0,66.0,67.0,70.0,66.0,68.0,67.0,64.0,64.0,67.0,68.0,68.0,68.0,67.0,67.0,67.0,69.0,70.0,59,67,0.0,72,0.0,59,0.0,61,0.0,81,0.0,72,0.0,66,0.0,75,-4.0,67,0.0,,,,,,,64,-1.0,72,-3.0,63,0.0,70,0.0,90,0.0,59.0,0.0
j60,j6022_9,j6022_9.sm,72.0,74.0,65.0,67.0,80.0,78.0,67.0,79.0,84.0,84.0,80.0,78.0,78.0,77.0,67.0,65.0,65.0,65.0,74.0,65.0,90.0,85.0,70.0,71.0,68.0,68.0,72.0,71.0,70.0,77.0,79.0,71.0,72.0,73.0,71.0,69.0,68.0,68.0,68.0,69.0,69.0,69.0,78.0,80.0,65,72,0.0,74,0.0,65,0.0,67,0.0,80,0.0,74,4.0,67,0.0,83,1.0,84,0.0,,,,,,,65,0.0,74,0.0,65,0.0,90,0.0,85,0.0,65.0,0.0
j60,j6023_1,j6023_1.sm,79.0,82.0,75.0,75.0,92.0,97.0,76.0,77.0,87.0,77.0,75.0,83.0,82.0,83.0,75.0,75.0,75.0,75.0,75.0,75.0,77.0,91.0,75.0,75.0,75.0,75.0,75.0,75.0,75.0,76.0,76.0,76.0,75.0,75.0,75.0,75.0,75.0,75.0,75.0,76.0,75.0,76.0,76.0,75.0,75,79,0.0,82,0.0,75,0.0,75,0.0,92,0.0,79,18.0,76,0.0,80,7.0,77,0.0,,,,,,,75,0.0,75,0.0,75,0.0,77,0.0,91,0.0,75.0,0.0
j60,j6023_10,j6023_10.sm,70.0,70.0,68.0,68.0,70.0,85.0,68.0,76.0,78.0,76.0,78.0,80.0,73.0,70.0,68.0,68.0,68.0,68.0,70.0,68.0,78.0,81.0,70.0,69.0,69.0,69.0,69.0,70.0,69.0,70.0,69.0,70.0,70.0,68.0,68.0,69.0,69.0,69.0,69.0,69.0,70.0,69.0,69.0,68.0,68,70,0.0,70,0.0,68,0.0,68,0.0,70,0.0,75,10.0,68,0.0,75,3.0,76,0.0,,,,,,,68,0.0,70,0.0,68,0.0,78,0.0,81,0.0,68.0,0.0
j60,j6023_2,j6023_2.sm,71.0,74.0,69.0,69.0,82.0,73.0,70.0,70.0,70.0,76.0,69.0,69.0,69.0,69.0,69.0,69.0,69.0,69.0,75.0,69.0,87.0,87.0,76.0,76.0,69.0,69.0,70.0,74.0,70.0,76.0,76.0,76.0,76.0,76.0,76.0,76.0,69.0,69.0,69.0,70.0,74.0,70.0,74.0,75.0,69,71,0.0,74,0.0,69,0.0,69,0.0,82,0.0,69,4.0,70,0.0,79,-9.0,76,0.0,,,,,,,69,0.0,76,-1.0,69,0.0,87,0.0,87,0.0,69.0,0.0
j60,j6023_3,j6023_3.sm,78.0,81.0,78.0,78.0,86.0,91.0,78.0,109.0,109.0,78.0,87.0,78.0,78.0,91.0,99.0,78.0,78.0,78.0,81.0,78.0,88.0,120.0,78.0,78.0,78.0,78.0,78.0,81.0,78.0,78.0,78.0,78.0,79.0,78.0,78.0,80.0,78.0,78.0,78.0,78.0,78.0,78.0,78.0,81.0,78,78,0.0,81,0.0,78,0.0,78,0.0,86,0.0,85,6.0,78,0.0,109,0.0,78,0.0,,,,,,,78,0.0,81,0.0,78,0.0,88,0.0,120,0.0,78.0,0.0
j60,j6023_4,j6023_4.sm,88.0,88.0,83.0,86.0,90.0,91.0,86.0,83.0,90.0,86.0,92.0,91.0,91.0,92.0,89.0,83.0,83.0,86.0,91.0,83.0,91.0,106.0,88.0,88.0,83.0,83.0,85.0,91.0,83.0,85.0,91.0,91.0,83.0,83.0,89.0,88.0,83.0,83.0,83.0,83.0,83.0,83.0,91.0,93.0,83,88,0.0,88,0.0,83,0.0,86,0.0,90,0.0,90,1.0,86,0.0,91,-1.0,86,0.0,,,,,,,86,0.0,91,0.0,83,0.0,91,0.0,106,0.0,83.0,0.0
j60,j6023_5,j6023_5.sm,76.0,76.0,72.0,72.0,81.0,85.0,72.0,90.0,85.0,75.0,78.0,90.0,84.0,86.0,72.0,72.0,72.0,72.0,79.0,72.0,78.0,91.0,81.0,83.0,76.0,76.0,85.0,84.0,76.0,81.0,82.0,80.0,76.0,75.0,78.0,77.0,78.0,76.0,76.0,76.0,83.0,76.0,81.0,83.0,72,76,0.0,76,0.0,72,0.0,72,0.0,81,0.0,80,5.0,72,0.0,83,2.0,75,0.0,,,,,,,72,0.0,82,-3.0,72,0.0,78,0.0,91,0.0,72.0,0.0
j60,j6023_6,j6023_6.sm,85.0,83.0,81.0,81.0,81.0,85.0,81.0,88.0,82.0,82.0,85.0,85.0,86.0,81.0,81.0,81.0,81.0,81.0,91.0,81.0,89.0,92.0,85.0,84.0,84.0,84.0,84.0,83.0,83.0,86.0,91.0,90.0,83.0,83.0,83.0,83.0,84.0,84.0,84.0,83.0,86.0,83.0,91.0,86.0,81,85,0.0,83,0.0,81,0.0,81,0.0,81,0.0,89,-4.0,81,0.0,81,1.0,82,0.0,,,,,,,81,0.0,91,0.0,81,0.0,89,0.0,92,0.0,81.0,0.0
j60,j6023_7,j6023_7.sm,67.0,63.0,61.0,60.0,67.0,72.0,60.0,76.0,70.0,67.0,74.0,71.0,75.0,63.0,60.0,61.0,61.0,60.0,66.0,60.0,68.0,87.0,67.0,62.0,62.0,62.0,62.0,65.0,62.0,65.0,65.0,67.0,65.0,67.0,68.0,62.0,62.0,62.0,62.0,62.0,62.0,62.0,67.0,68.0,60,67,0.0,63,0.0,61,0.0,60,0.0,67,0.0,72,0.0,60,0.0,60,10.0,67,0.0,,,,,,,60,0.0,66,0.0,60,0.0,68,0.0,87,0.0,60.0,0.0
j60,j6023_8,j6023_8.sm,76.0,76.0,72.0,72.0,72.0,72.0,72.0,72.0,74.0,74.0,72.0,72.0,72.0,72.0,72.0,72.0,72.0,72.0,76.0,72.0,72.0,76.0,76.0,76.0,72.0,72.0,76.0,76.0,72.0,76.0,74.0,72.0,72.0,72.0,76.0,76.0,72.0,72.0,72.0,72.0,76.0,72.0,76.0,74.0,72,76,0.0,76,0.0,72,0.0,72,0.0,72,0.0,76,-4.0,72,0.0,72,2.0,74,0.0,,,,,,,72,0.0,76,0.0,72,0.0,72,0.0,76,0.0,72.0,0.0
j60,j6023_9,j6023_9.sm,66.0,70.0,64.0,64.0,70.0,64.0,66.0,64.0,66.0,64.0,72.0,69.0,68.0,64.0,64.0,64.0,64.0,64.0,71.0,64.0,78.0,76.0,66.0,64.0,65.0,65.0,64.0,64.0,64.0,67.0,67.0,67.0,66.0,66.0,65.0,65.0,65.0,65.0,65.0,64.0,65.0,65.0,64.0,68.0,64,66,0.0,70,0.0,64,0.0,64,0.0,70,0.0,64,0.0,66,0.0,64,2.0,64,0.0,,,,,,,64,0.0,71,0.0,64,0.0,78,0.0,76,0.0,64.0,0.0
j60,j6024_1,j6024_1.sm,65.0,65.0,65.0,65.0,65.0,65.0,65.0,65.0,65.0,65.0,65.0,65.0,65.0,65.0,65.0,65.0,65.0,65.0,65.0,65.0,65.0,65.0,65.0,65.0,65.0,65.0,65.0,65.0,65.0,65.0,65.0,65.0,65.0,65.0,65.0,65.0,65.0,65.0,65.0,65.0,65.0,65.0,65.0,65.0,65,65,0.0,65,0.0,65,0.0,65,0.0,65,0.0,65,0.0,65,0.0,65,0.0,65,0.0,,,,,,,65,0.0,65,0.0,65,0.0,65,0.0,65,0.0,65.0,0.0
j60,j6024_10,j6024_10.sm,66.0,66.0,66.0,66.0,66.0,66.0,66.0,66.0,66.0,66.0,66.0,66.0,66.0,66.0,66.0,66.0,66.0,66.0,66.0,66.0,66.0,66.0,66.0,66.0,66.0,66.0,66.0,66.0,66.0,66.0,66.0,66.0,66.0,66.0,66.0,66.0,66.0,66.0,66.0,66.0,66.0,66.0,66.0,66.0,66,66,0.0,66,0.0,66,0.0,66,0.0,66,0.0,66,0.0,66,0.0,66,0.0,66,0.0,,,,,,,66,0.0,66,0.0,66,0.0,66,0.0,66,0.0,66.0,0.0
j60,j6024_2,j6024_2.sm,55.0,55.0,55.0,55.0,55.0,55.0,55.0,55.0,55.0,55.0,55.0,55.0,55.0,55.0,55.0,55.0,55.0,55.0,55.0,55.0,55.0,55.0,55.0,55.0,55.0,55.0,55.0,55.0,55.0,55.0,55.0,55.0,55.0,55.0,55.0,55.0,55.0,55.0,55.0,55.0,55.0,55.0,55.0,55.0,55,55,0.0,55,0.0,55,0.0,55,0.0,55,0.0,55,0.0,55,0.0,55,0.0,55,0.0,,,,,,,55,0.0,55,0.0,55,0.0,55,0.0,55,0.0,55.0,0.0
j60,j6024_3,j6024_3.sm,67.0,67.0,67.0,67.0,67.0,67.0,67.0,67.0,67.0,67.0,67.0,67.0,67.0,67.0,67.0,67.0,67.0,67.0,67.0,67.0,67.0,67.0,67.0,67.0,67.0,67.0,67.0,67.0,67.0,67.0,67.0,67.0,67.0,67.0,67.0,67.0,67.0,67.0,67.0,67.0,67.0,67.0,67.0,67.0,67,67,0.0,67,0.0,67,0.0,67,0.0,67,0.0,67,0.0,67,0.0,67,0.0,67,0.0,,,,,,,67,0.0,67,0.0,67,0.0,67,0.0,67,0.0,67.0,0.0
j60,j6024_4,j6024_4.sm,78.0,78.0,78.0,78.0,78.0,78.0,78.0,78.0,78.0,78.0,78.0,78.0,78.0,78.0,78.0,78.0,78.0,78.0,78.0,78.0,78.0,78.0,78.0,78.0,78.0,78.0,78.0,78.0,78.0,78.0,78.0,78.0,78.0,78.0,78.0,78.0,78.0,78.0,78.0,78.0,78.0,78.0,78.0,78.0,78,78,0.0,78,0.0,78,0.0,78,0.0,78,0.0,78,0.0,78,0.0,78,0.0,78,0.0,,,,,,,78,0.0,78,0.0,78,0.0,78,0.0,78,0.0,78.0,0.0
j60,j6024_5,j6024_5.sm,76.0,76.0,76.0,76.0,76.0,76.0,76.0,76.0,76.0,76.0,76.0,76.0,76.0,76.0,76.0,76.0,76.0,76.0,76.0,76.0,76.0,76.0,76.0,76.0,76.0,76.0,76.0,76.0,76.0,76.0,76.0,76.0,76.0,76.0,76.0,76.0,76.0,76.0,76.0,76.0,76.0,76.0,76.0,76.0,76,76,0.0,76,0.0,76,0.0,76,0.0,76,0.0,76,0.0,76,0.0,76,0.0,76,0.0,,,,,,,76,0.0,76,0.0,76,0.0,76,0.0,76,0.0,76.0,0.0
j60,j6024_6,j6024_6.sm,75.0,75.0,75.0,75.0,75.0,75.0,75.0,75.0,75.0,75.0,75.0,75.0,75.0,75.0,75.0,75.0,75.0,75.0,75.0,75.0,75.0,75.0,75.0,75.0,75.0,75.0,75.0,75.0,75.0,75.0,75.0,75.0,75.0,75.0,75.0,75.0,75.0,75.0,75.0,75.0,75.0,75.0,75.0,75.0,75,75,0.0,75,0.0,75,0.0,75,0.0,75,0.0,75,0.0,75,0.0,75,0.0,75,0.0,,,,,,,75,0.0,75,0.0,75,0.0,75,0.0,75,0.0,75.0,0.0
j60,j6024_7,j6024_7.sm,68.0,68.0,68.0,68.0,68.0,68.0,68.0,68.0,68.0,68.0,68.0,68.0,68.0,68.0,68.0,68.0,68.0,68.0,68.0,68.0,68.0,68.0,68.0,68.0,68.0,68.0,68.0,68.0,68.0,68.0,68.0,68.0,68.0,68.0,68.0,68.0,68.0,68.0,68.0,68.0,68.0,68.0,68.0,68.0,68,68,0.0,68,0.0,68,0.0,68,0.0,68,0.0,68,0.0,68,0.0,68,0.0,68,0.0,,,,,,,68,0.0,68,0.0,68,0.0,68,0.0,68,0.0,68.0,0.0
j60,j6024_8,j6024_8.sm,81.0,81.0,81.0,81.0,81.0,81.0,81.0,81.0,81.0,81.0,81.0,81.0,81.0,81.0,81.0,81.0,81.0,81.0,81.0,81.0,81.0,81.0,81.0,81.0,81.0,81.0,81.0,81.0,81.0,81.0,81.0,81.0,81.0,81.0,81.0,81.0,81.0,81.0,81.0,81.0,81.0,81.0,81.0,81.0,81,81,0.0,81,0.0,81,0.0,81,0.0,81,0.0,81,0.0,81,0.0,81,0.0,81,0.0,,,,,,,81,0.0,81,0.0,81,0.0,81,0.0,81,0.0,81.0,0.0
j60,j6024_9,j6024_9.sm,80.0,80.0,80.0,80.0,80.0,80.0,80.0,80.0,80.0,80.0,80.0,80.0,80.0,80.0,80.0,80.0,80.0,80.0,80.0,80.0,80.0,80.0,80.0,80.0,80.0,80.0,80.0,80.0,80.0,80.0,80.0,80.0,80.0,80.0,80.0,80.0,80.0,80.0,80.0,80.0,80.0,80.0,80.0,80.0,80,80,0.0,80,0.0,80,0.0,80,0.0,80,0.0,80,0.0,80,0.0,80,0.0,80,0.0,,,,,,,80,0.0,80,0.0,80,0.0,80,0.0,80,0.0,80.0,0.0
j60,j6025_1,j6025_1.sm,139.0,153.0,137.0,132.0,154.0,151.0,143.0,159.0,164.0,147.0,152.0,149.0,156.0,147.0,161.0,132.0,133.0,140.0,151.0,135.0,160.0,151.0,138.0,143.0,133.0,134.0,137.0,139.0,136.0,145.0,159.0,150.0,138.0,143.0,130.0,133.0,133.0,130.0,130.0,131.0,139.0,135.0,150.0,156.0,114,139,0.0,153,0.0,137,0.0,132,0.0,154,0.0,147,4.0,143,0.0,149,15.0,147,0.0,,,,,,,127,13.0,151,0.0,135,0.0,160,0.0,151,0.0,130.0,16.0
j60,j6025_10,j6025_10.sm,132.0,144.0,126.0,124.0,148.0,146.0,125.0,137.0,146.0,141.0,128.0,138.0,137.0,140.0,141.0,123.0,122.0,124.0,141.0,124.0,155.0,148.0,125.0,132.0,128.0,120.0,137.0,133.0,123.0,139.0,141.0,136.0,130.0,125.0,126.0,125.0,129.0,123.0,123.0,127.0,139.0,120.0,139.0,136.0,108,132,0.0,144,0.0,126,0.0,124,0.0,148,0.0,147,-1.0,125,0.0,136,10.0,141,0.0,,,,,,,124,0.0,141,0.0,122,2.0,155,0.0,148,0.0,120.0,12.0
j60,j6025_2,j6025_2.sm,124.0,126.0,115.0,116.0,145.0,149.0,122.0,143.0,153.0,136.0,136.0,139.0,129.0,129.0,130.0,115.0,112.0,120.0,129.0,119.0,149.0,148.0,115.0,118.0,115.0,117.0,124.0,121.0,112.0,129.0,132.0,128.0,124.0,124.0,117.0,119.0,110.0,115.0,115.0,114.0,115.0,114.0,139.0,133.0,98,124,0.0,126,0.0,115,0.0,116,0.0,145,0.0,132,17.0,122,0.0,126,27.0,136,0.0,,,,,,,120,0.0,129,0.0,119,0.0,149,0.0,148,0.0,110.0,12.0
j60,j6025_3,j6025_3.sm,146.0,156.0,128.0,131.0,158.0,146.0,130.0,165.0,164.0,155.0,148.0,154.0,155.0,162.0,175.0,140.0,128.0,128.0,155.0,127.0,155.0,177.0,138.0,152.0,130.0,126.0,152.0,148.0,129.0,129.0,151.0,148.0,139.0,136.0,138.0,142.0,132.0,127.0,133.0,133.0,139.0,130.0,153.0,158.0,113,146,0.0,156,0.0,128,0.0,131,0.0,158,0.0,160,-14.0,130,0.0,141,23.0,155,0.0,,,,,,,128,0.0,155,0.0,128,-1.0,155,0.0,177,0.0,126.0,13.0
j60,j6025_4,j6025_4.sm,130.0,141.0,123.0,130.0,164.0,155.0,130.0,148.0,149.0,153.0,155.0,144.0,155.0,132.0,130.0,131.0,125.0,132.0,147.0,129.0,156.0,169.0,132.0,133.0,126.0,121.0,137.0,143.0,132.0,139.0,151.0,137.0,126.0,131.0,130.0,124.0,129.0,123.0,128.0,118.0,134.0,120.0,151.0,154.0,108,130,0.0,141,0.0,123,0.0,130,0.0,164,0.0,147,8.0,130,0.0,139,10.0,153,0.0,,,,,,,132,0.0,147,0.0,129,0.0,156,0.0,169,0.0,118.0,10.0
j60,j6025_5,j6025_5.sm,124.0,130.0,116.0,118.0,129.0,122.0,114.0,124.0,130.0,125.0,129.0,119.0,119.0,115.0,118.0,111.0,111.0,120.0,129.0,113.0,134.0,133.0,118.0,126.0,114.0,109.0,112.0,121.0,112.0,118.0,130.0,114.0,118.0,117.0,117.0,115.0,114.0,108.0,109.0,121.0,118.0,106.0,129.0,129.0,98,124,0.0,130,0.0,116,0.0,118,0.0,129,0.0,136,-14.0,114,0.0,126,4.0,125,0.0,,,,,,,120,0.0,129,0.0,113,0.0,134,0.0,133,0.0,106.0,8.0
j60,j6025_6,j6025_6.sm,145.0,146.0,129.0,136.0,160.0,151.0,134.0,147.0,143.0,135.0,147.0,146.0,145.0,136.0,164.0,132.0,129.0,138.0,153.0,138.0,149.0,168.0,127.0,137.0,129.0,127.0,142.0,141.0,131.0,136.0,139.0,141.0,134.0,130.0,133.0,141.0,140.0,133.0,135.0,126.0,134.0,134.0,136.0,143.0,112,145,0.0,146,0.0,129,0.0,136,0.0,160,0.0,143,8.0,134,0.0,140,3.0,135,0.0,,,,,,,140,-2.0,152,1.0,138,0.0,149,0.0,168,0.0,126.0,14.0
j60,j6025_7,j6025_7.sm,115.0,115.0,108.0,108.0,121.0,125.0,105.0,112.0,113.0,112.0,109.0,118.0,118.0,113.0,127.0,107.0,103.0,111.0,116.0,110.0,114.0,121.0,112.0,108.0,107.0,104.0,113.0,102.0,103.0,109.0,133.0,122.0,104.0,106.0,106.0,108.0,103.0,103.0,106.0,103.0,112.0,103.0,115.0,110.0,90,115,0.0,115,0.0,108,0.0,108,0.0,121,0.0,114,11.0,105,0.0,113,0.0,112,0.0,,,,,,,111,0.0,116,0.0,110,0.0,114,0.0,121,0.0,102.0,12.0
j60,j6025_8,j6025_8.sm,125.0,126.0,131.0,134.0,153.0,144.0,130.0,132.0,145.0,131.0,139.0,126.0,138.0,132.0,134.0,127.0,122.0,125.0,121.0,125.0,138.0,132.0,118.0,121.0,119.0,121.0,128.0,115.0,119.0,127.0,150.0,140.0,125.0,123.0,131.0,122.0,125.0,122.0,118.0,117.0,119.0,120.0,141.0,131.0,99,125,0.0,126,0.0,131,0.0,134,0.0,153,0.0,138,6.0,130,0.0,129,16.0,131,0.0,,,,,,,125,0.0,123,-2.0,125,0.0,138,0.0,132,0.0,115.0,16.0
j60,j6025_9,j6025_9.sm,123.0,131.0,119.0,120.0,151.0,134.0,121.0,140.0,137.0,121.0,123.0,123.0,124.0,116.0,129.0,118.0,118.0,123.0,120.0,119.0,147.0,146.0,117.0,122.0,116.0,115.0,133.0,118.0,112.0,137.0,128.0,116.0,120.0,112.0,126.0,117.0,120.0,113.0,114.0,120.0,116.0,117.0,126.0,131.0,99,123,0.0,131,0.0,119,0.0,120,0.0,151,0.0,129,5.0,121,0.0,113,24.0,121,0.0,,,,,,,113,10.0,120,0.0,119,0.0,147,0.0,146,0.0,112.0,13.0
j60,j6026_1,j6026_1.sm,97.0,100.0,80.0,80.0,96.0,94.0,80.0,96.0,101.0,95.0,93.0,93.0,105.0,96.0,80.0,80.0,80.0,80.0,97.0,80.0,98.0,120.0,92.0,92.0,87.0,81.0,102.0,93.0,82.0,92.0,96.0,95.0,93.0,99.0,91.0,91.0,81.0,87.0,87.0,82.0,92.0,82.0,89.0,98.0,80,97,0.0,100,0.0,80,0.0,80,0.0,96,0.0,92,2.0,80,0.0,90,11.0,95,0.0,,,,,,,80,0.0,97,0.0,80,0.0,98,0.0,120,0.0,80.0,0.0
j60,j6026_10,j6026_10.sm,97.0,100.0,85.0,85.0,113.0,99.0,89.0,95.0,95.0,95.0,103.0,91.0,94.0,92.0,85.0,85.0,85.0,85.0,99.0,85.0,107.0,117.0,94.0,101.0,88.0,87.0,94.0,97.0,92.0,107.0,105.0,96.0,93.0,94.0,93.0,93.0,87.0,89.0,89.0,89.0,97.0,89.0,103.0,106.0,85,97,0.0,100,0.0,85,0.0,85,0.0,113,0.0,92,7.0,89,0.0,106,-11.0,95,0.0,,,,,,,85,0.0,99,0.0,85,0.0,107,0.0,117,0.0,85.0,0.0
j60,j6026_2,j6026_2.sm,76.0,79.0,69.0,75.0,91.0,87.0,77.0,88.0,90.0,85.0,100.0,86.0,83.0,87.0,75.0,69.0,69.0,72.0,82.0,73.0,88.0,93.0,76.0,79.0,71.0,72.0,81.0,77.0,81.0,84.0,86.0,81.0,81.0,75.0,75.0,76.0,70.0,71.0,71.0,74.0,78.0,72.0,78.0,86.0,66,76,0.0,79,0.0,69,0.0,75,0.0,91,0.0,90,-3.0,77,0.0,79,11.0,85,0.0,,,,,,,72,0.0,82,0.0,73,0.0,88,0.0,93,0.0,69.0,3.0
j60,j6026_3,j6026_3.sm,92.0,94.0,80.0,79.0,103.0,100.0,84.0,87.0,93.0,92.0,86.0,92.0,81.0,98.0,79.0,80.0,80.0,83.0,92.0,82.0,94.0,107.0,89.0,95.0,81.0,84.0,91.0,89.0,83.0,89.0,91.0,89.0,91.0,92.0,88.0,88.0,83.0,81.0,81.0,81.0,91.0,82.0,89.0,94.0,76,92,0.0,94,0.0,80,0.0,79,0.0,103,0.0,90,10.0,84,0.0,88,5.0,92,0.0,,,,,,,81,2.0,95,-3.0,82,0.0,94,0.0,107,0.0,79.0,3.0
j60,j6026_4,j6026_4.sm,82.0,83.0,73.0,74.0,84.0,86.0,75.0,102.0,96.0,89.0,87.0,89.0,86.0,83.0,74.0,73.0,73.0,79.0,85.0,71.0,93.0,97.0,84.0,75.0,73.0,75.0,74.0,83.0,74.0,86.0,88.0,89.0,88.0,87.0,83.0,88.0,71.0,71.0,75.0,75.0,77.0,80.0,81.0,92.0,67,82,0.0,83,0.0,73,0.0,74,0.0,84,0.0,85,1.0,75,0.0,83,13.0,89,0.0,,,,,,,79,0.0,85,0.0,71,0.0,93,0.0,97,0.0,71.0,4.0
j60,j6026_5,j6026_5.sm,68.0,73.0,61.0,65.0,77.0,76.0,66.0,81.0,78.0,72.0,68.0,69.0,83.0,73.0,65.0,61.0,61.0,62.0,71.0,62.0,69.0,85.0,70.0,71.0,62.0,64.0,73.0,74.0,72.0,77.0,81.0,79.0,70.0,64.0,64.0,71.0,64.0,61.0,64.0,61.0,71.0,64.0,74.0,77.0,61,68,0.0,73,0.0,61,0.0,65,0.0,77,0.0,72,4.0,66,0.0,69,9.0,72,0.0,,,,,,,62,0.0,72,-1.0,62,0.0,89,-20.0,85,0.0,61.0,0.0
j60,j6026_6,j6026_6.sm,85.0,89.0,79.0,82.0,104.0,95.0,83.0,104.0,96.0,91.0,87.0,93.0,103.0,102.0,82.0,80.0,80.0,81.0,87.0,81.0,107.0,109.0,91.0,87.0,78.0,82.0,93.0,92.0,89.0,100.0,89.0,85.0,88.0,93.0,93.0,94.0,82.0,81.0,81.0,82.0,89.0,79.0,84.0,102.0,74,85,0.0,89,0.0,79,0.0,82,0.0,104,0.0,92,3.0,83,0.0,88,8.0,91,0.0,,,,,,,81,0.0,91,-4.0,81,0.0,107,0.0,109,0.0,78.0,4.0
j60,j6026_7,j6026_7.sm,84.0,82.0,72.0,72.0,87.0,77.0,73.0,88.0,79.0,73.0,79.0,73.0,74.0,79.0,72.0,72.0,72.0,72.0,83.0,72.0,107.0,103.0,80.0,80.0,76.0,76.0,77.0,78.0,72.0,79.0,79.0,79.0,81.0,79.0,79.0,76.0,76.0,76.0,76.0,76.0,82.0,72.0,85.0,79.0,72,84,0.0,82,0.0,72,0.0,72,0.0,87,0.0,74,3.0,73,0.0,75,4.0,73,0.0,,,,,,,72,0.0,83,0.0,72,0.0,107,0.0,103,0.0,72.0,0.0
j60,j6026_8,j6026_8.sm,105.0,105.0,89.0,89.0,114.0,108.0,89.0,105.0,120.0,99.0,105.0,102.0,111.0,98.0,89.0,89.0,89.0,89.0,104.0,89.0,101.0,121.0,97.0,97.0,92.0,95.0,99.0,103.0,92.0,92.0,105.0,96.0,103.0,100.0,97.0,100.0,94.0,92.0,92.0,92.0,100.0,93.0,104.0,101.0,89,105,0.0,105,0.0,89,0.0,89,0.0,114,0.0,101,7.0,89,0.0,96,24.0,99,0.0,,,,,,,89,0.0,106,-2.0,89,0.0,101,0.0,121,0.0,89.0,0.0
j60,j6026_9,j6026_9.sm,78.0,78.0,73.0,75.0,84.0,95.0,81.0,77.0,80.0,83.0,78.0,78.0,81.0,81.0,75.0,73.0,73.0,72.0,76.0,73.0,92.0,86.0,78.0,77.0,69.0,73.0,81.0,79.0,71.0,84.0,85.0,87.0,76.0,80.0,78.0,74.0,71.0,74.0,74.0,70.0,77.0,68.0,84.0,86.0,65,78,0.0,78,0.0,73,0.0,75,0.0,84,0.0,76,19.0,81,0.0,88,-8.0,83,0.0,,,,,,,72,0.0,76,0.0,73,0.0,92,0.0,86,0.0,68.0,3.0
j60,j6027_1,j6027_1.sm,107.0,105.0,96.0,96.0,106.0,114.0,96.0,104.0,96.0,101.0,104.0,110.0,100.0,107.0,96.0,96.0,96.0,96.0,107.0,96.0,107.0,117.0,101.0,109.0,96.0,100.0,108.0,104.0,100.0,104.0,100.0,104.0,109.0,98.0,98.0,105.0,100.0,96.0,96.0,96.0,111.0,96.0,115.0,120.0,96,107,0.0,105,0.0,96,0.0,96,0.0,106,0.0,96,18.0,96,0.0,104,-8.0,101,0.0,,,,,,,96,0.0,107,0.0,96,0.0,107,0.0,117,0.0,96.0,0.0
j60,j6027_10,j6027_10.sm,61.0,65.0,57.0,57.0,57.0,78.0,57.0,69.0,64.0,68.0,70.0,70.0,70.0,59.0,57.0,57.0,57.0,58.0,62.0,57.0,65.0,77.0,62.0,59.0,57.0,57.0,58.0,62.0,59.0,61.0,58.0,65.0,65.0,63.0,64.0,64.0,57.0,57.0,57.0,58.0,58.0,57.0,58.0,59.0,57,61,0.0,65,0.0,57,0.0,57,0.0,57,0.0,60,18.0,57,0.0,60,4.0,68,0.0,,,,,,,58,0.0,62,0.0,57,0.0,65,0.0,77,0.0,57.0,0.0
j60,j6027_2,j6027_2.sm,77.0,84.0,74.0,74.0,93.0,94.0,75.0,84.0,76.0,84.0,77.0,80.0,79.0,84.0,74.0,74.0,74.0,76.0,79.0,74.0,93.0,106.0,77.0,78.0,76.0,76.0,80.0,84.0,76.0,76.0,76.0,76.0,78.0,76.0,77.0,77.0,77.0,76.0,76.0,76.0,78.0,76.0,76.0,83.0,74,77,0.0,84,0.0,74,0.0,74,0.0,93,0.0,84,10.0,75,0.0,77,-1.0,84,0.0,,,,,,,76,0.0,79,0.0,74,0.0,93,0.0,106,0.0,74.0,0.0
j60,j6027_3,j6027_3.sm,85.0,84.0,76.0,76.0,100.0,85.0,76.0,84.0,81.0,87.0,82.0,83.0,82.0,82.0,76.0,76.0,76.0,76.0,85.0,76.0,79.0,96.0,85.0,85.0,80.0,78.0,79.0,78.0,78.0,83.0,84.0,84.0,84.0,88.0,87.0,83.0,78.0,80.0,80.0,78.0,85.0,78.0,85.0,85.0,76,85,0.0,84,0.0,76,0.0,76,0.0,100,0.0,83,2.0,76,0.0,82,-1.0,87,0.0,,,,,,,76,0.0,85,0.0,76,0.0,79,0.0,96,0.0,76.0,0.0
j60,j6027_4,j6027_4.sm,65.0,65.0,60.0,60.0,73.0,74.0,62.0,66.0,71.0,72.0,67.0,68.0,64.0,66.0,60.0,60.0,60.0,60.0,66.0,60.0,67.0,74.0,68.0,69.0,64.0,65.0,69.0,69.0,65.0,66.0,65.0,67.0,69.0,72.0,67.0,66.0,64.0,64.0,64.0,65.0,70.0,65.0,66.0,69.0,60,65,0.0,65,0.0,60,0.0,60,0.0,73,0.0,72,2.0,62,0.0,68,3.0,72,0.0,,,,,,,60,0.0,66,0.0,60,0.0,67,0.0,74,0.0,60.0,0.0
j60,j6027_5,j6027_5.sm,80.0,89.0,78.0,78.0,82.0,86.0,78.0,87.0,78.0,78.0,79.0,96.0,94.0,83.0,78.0,78.0,78.0,78.0,81.0,78.0,88.0,100.0,81.0,86.0,78.0,78.0,79.0,85.0,78.0,85.0,85.0,78.0,78.0,84.0,84.0,78.0,78.0,78.0,78.0,78.0,81.0,78.0,85.0,79.0,78,80,0.0,89,0.0,78,0.0,78,0.0,82,0.0,83,3.0,78,0.0,83,-5.0,78,0.0,,,,,,,78,0.0,80,1.0,78,0.0,88,0.0,100,0.0,78.0,0.0
j60,j6027_6,j6027_6.sm,69.0,69.0,64.0,64.0,69.0,67.0,64.0,81.0,65.0,72.0,71.0,68.0,73.0,67.0,64.0,64.0,64.0,64.0,68.0,64.0,77.0,72.0,69.0,69.0,65.0,65.0,69.0,64.0,66.0,70.0,66.0,67.0,68.0,67.0,67.0,65.0,65.0,65.0,65.0,67.0,67.0,65.0,84.0,82.0,64,69,0.0,69,0.0,64,0.0,64,0.0,69,0.0,73,-6.0,64,0.0,66,-1.0,72,0.0,,,,,,,64,0.0,68,0.0,64,0.0,77,0.0,72,0.0,64.0,0.0
j60,j6027_7,j6027_7.sm,84.0,86.0,83.0,83.0,88.0,83.0,83.0,83.0,83.0,93.0,93.0,93.0,93.0,84.0,83.0,83.0,83.0,83.0,84.0,83.0,83.0,94.0,84.0,84.0,83.0,83.0,83.0,85.0,83.0,83.0,83.0,83.0,83.0,85.0,83.0,84.0,83.0,83.0,83.0,83.0,84.0,83.0,86.0,84.0,83,84,0.0,86,0.0,83,0.0,83,0.0,88,0.0,89,-6.0,83,0.0,83,0.0,93,0.0,,,,,,,83,0.0,84,0.0,83,0.0,83,0.0,94,0.0,83.0,0.0
j60,j6027_8,j6027_8.sm,93.0,96.0,88.0,88.0,96.0,88.0,88.0,88.0,88.0,88.0,98.0,89.0,100.0,88.0,88.0,88.0,88.0,88.0,91.0,88.0,98.0,100.0,91.0,91.0,91.0,91.0,97.0,91.0,89.0,92.0,98.0,93.0,90.0,90.0,94.0,90.0,91.0,91.0,91.0,88.0,91.0,89.0,97.0,96.0,88,93,0.0,96,0.0,88,0.0,88,0.0,96,0.0,95,-7.0,88,0.0,91,-3.0,88,0.0,,,,,,,88,0.0,91,0.0,88,0.0,98,0.0,100,0.0,88.0,0.0
j60,j6027_9,j6027_9.sm,78.0,79.0,76.0,76.0,88.0,86.0,76.0,89.0,89.0,92.0,83.0,86.0,84.0,87.0,76.0,76.0,76.0,76.0,79.0,76.0,86.0,100.0,77.0,79.0,77.0,77.0,79.0,78.0,77.0,80.0,80.0,79.0,79.0,82.0,79.0,78.0,77.0,77.0,77.0,76.0,79.0,76.0,80.0,83.0,76,78,0.0,79,0.0,76,0.0,76,0.0,88,0.0,79,7.0,76,0.0,82,7.0,92,0.0,,,,,,,76,0.0,79,0.0,76,0.0,86,0.0,100,0.0,76.0,0.0
j60,j6028_1,j6028_1.sm,92.0,92.0,92.0,92.0,92.0,92.0,92.0,92.0,92.0,92.0,92.0,92.0,92.0,92.0,92.0,92.0,92.0,92.0,92.0,92.0,92.0,92.0,92.0,92.0,92.0,92.0,92.0,92.0,92.0,92.0,92.0,92.0,92.0,92.0,92.0,92.0,92.0,92.0,92.0,92.0,92.0,92.0,92.0,92.0,92,92,0.0,92,0.0,92,0.0,92,0.0,92,0.0,92,0.0,92,0.0,92,0.0,92,0.0,,,,,,,92,0.0,92,0.0,92,0.0,92,0.0,92,0.0,92.0,0.0
j60,j6028_10,j6028_10.sm,74.0,74.0,74.0,74.0,74.0,74.0,74.0,74.0,74.0,74.0,74.0,74.0,74.0,74.0,74.0,74.0,74.0,74.0,74.0,74.0,74.0,74.0,74.0,74.0,74.0,74.0,74.0,74.0,74.0,74.0,74.0,74.0,74.0,74.0,74.0,74.0,74.0,74.0,74.0,74.0,74.0,74.0,74.0,74.0,74,74,0.0,74,0.0,74,0.0,74,0.0,74,0.0,74,0.0,74,0.0,74,0.0,74,0.0,,,,,,,74,0.0,74,0.0,74,0.0,74,0.0,74,0.0,74.0,0.0
j60,j6028_2,j6028_2.sm,64.0,64.0,64.0,64.0,64.0,64.0,64.0,64.0,64.0,64.0,64.0,64.0,64.0,64.0,64.0,64.0,64.0,64.0,64.0,64.0,64.0,64.0,64.0,64.0,64.0,64.0,64.0,64.0,64.0,64.0,64.0,64.0,64.0,64.0,64.0,64.0,64.0,64.0,64.0,64.0,64.0,64.0,64.0,64.0,64,64,0.0,64,0.0,64,0.0,64,0.0,64,0.0,64,0.0,64,0.0,64,0.0,64,0.0,,,,,,,64,0.0,64,0.0,64,0.0,64,0.0,64,0.0,64.0,0.0
j60,j6028_3,j6028_3.sm,72.0,72.0,72.0,72.0,72.0,72.0,72.0,72.0,72.0,72.0,72.0,72.0,72.0,72.0,72.0,72.0,72.0,72.0,72.0,72.0,72.0,72.0,72.0,72.0,72.0,72.0,72.0,72.0,72.0,72.0,72.0,72.0,72.0,72.0,72.0,72.0,72.0,72.0,72.0,72.0,72.0,72.0,72.0,72.0,72,72,0.0,72,0.0,72,0.0,72,0.0,72,0.0,72,0.0,72,0.0,72,0.0,72,0.0,,,,,,,72,0.0,72,0.0,72,0.0,72,0.0,72,0.0,72.0,0.0
j60,j6028_4,j6028_4.sm,84.0,84.0,84.0,84.0,84.0,84.0,84.0,84.0,84.0,84.0,84.0,84.0,84.0,84.0,84.0,84.0,84.0,84.0,84.0,84.0,84.0,84.0,84.0,84.0,84.0,84.0,84.0,84.0,84.0,84.0,84.0,84.0,84.0,84.0,84.0,84.0,84.0,84.0,84.0,84.0,84.0,84.0,84.0,84.0,84,84,0.0,84,0.0,84,0.0,84,0.0,84,0.0,84,0.0,84,0.0,84,0.0,84,0.0,,,,,,,84,0.0,84,0.0,84,0.0,84,0.0,84,0.0,84.0,0.0
j60,j6028_5,j6028_5.sm,71.0,71.0,71.0,71.0,71.0,71.0,71.0,71.0,71.0,71.0,71.0,71.0,71.0,71.0,71.0,71.0,71.0,71.0,71.0,71.0,71.0,71.0,71.0,71.0,71.0,71.0,71.0,71.0,71.0,71.0,71.0,71.0,71.0,71.0,71.0,71.0,71.0,71.0,71.0,71.0,71.0,71.0,71.0,71.0,71,71,0.0,71,0.0,71,0.0,71,0.0,71,0.0,71,0.0,71,0.0,71,0.0,71,0.0,,,,,,,71,0.0,71,0.0,71,0.0,71,0.0,71,0.0,71.0,0.0
j60,j6028_6,j6028_6.sm,89.0,89.0,89.0,89.0,89.0,89.0,89.0,89.0,89.0,89.0,89.0,89.0,89.0,89.0,89.0,89.0,89.0,89.0,89.0,89.0,89.0,89.0,89.0,89.0,89.0,89.0,89.0,89.0,89.0,89.0,89.0,89.0,89.0,89.0,89.0,89.0,89.0,89.0,89.0,89.0,89.0,89.0,89.0,89.0,89,89,0.0,89,0.0,89,0.0,89,0.0,89,0.0,89,0.0,89,0.0,89,0.0,89,0.0,,,,,,,89,0.0,89,0.0,89,0.0,89,0.0,89,0.0,89.0,0.0
j60,j6028_7,j6028_7.sm,75.0,75.0,75.0,75.0,75.0,75.0,75.0,75.0,75.0,75.0,75.0,75.0,75.0,75.0,75.0,75.0,75.0,75.0,75.0,75.0,75.0,75.0,75.0,75.0,75.0,75.0,75.0,75.0,75.0,75.0,75.0,75.0,75.0,75.0,75.0,75.0,75.0,75.0,75.0,75.0,75.0,75.0,75.0,75.0,75,75,0.0,75,0.0,75,0.0,75,0.0,75,0.0,75,0.0,75,0.0,75,0.0,75,0.0,,,,,,,75,0.0,75,0.0,75,0.0,75,0.0,75,0.0,75.0,0.0
j60,j6028_8,j6028_8.sm,62.0,62.0,62.0,62.0,62.0,62.0,62.0,62.0,62.0,62.0,62.0,62.0,62.0,62.0,62.0,62.0,62.0,62.0,62.0,62.0,62.0,62.0,62.0,62.0,62.0,62.0,62.0,62.0,62.0,62.0,62.0,62.0,62.0,62.0,62.0,62.0,62.0,62.0,62.0,62.0,62.0,62.0,62.0,62.0,62,62,0.0,62,0.0,62,0.0,62,0.0,62,0.0,62,0.0,62,0.0,62,0.0,62,0.0,,,,,,,62,0.0,62,0.0,62,0.0,62,0.0,62,0.0,62.0,0.0
j60,j6028_9,j6028_9.sm,74.0,74.0,74.0,74.0,74.0,74.0,74.0,74.0,74.0,74.0,74.0,74.0,74.0,74.0,74.0,74.0,74.0,74.0,74.0,74.0,74.0,74.0,74.0,74.0,74.0,74.0,74.0,74.0,74.0,74.0,74.0,74.0,74.0,74.0,74.0,74.0,74.0,74.0,74.0,74.0,74.0,74.0,74.0,74.0,74,74,0.0,74,0.0,74,0.0,74,0.0,74,0.0,74,0.0,74,0.0,74,0.0,74,0.0,,,,,,,74,0.0,74,0.0,74,0.0,74,0.0,74,0.0,74.0,0.0
j60,j6029_1,j6029_1.sm,128.0,132.0,123.0,127.0,157.0,137.0,127.0,135.0,155.0,130.0,133.0,139.0,144.0,141.0,127.0,122.0,124.0,124.0,127.0,119.0,150.0,149.0,125.0,124.0,115.0,117.0,129.0,132.0,116.0,132.0,122.0,130.0,120.0,133.0,118.0,128.0,118.0,119.0,118.0,126.0,122.0,113.0,124.0,136.0,103,128,0.0,132,0.0,123,0.0,127,0.0,157,0.0,145,-8.0,127,0.0,136,19.0,130,0.0,,,,,,,127,-3.0,127,0.0,119,0.0,150,0.0,149,0.0,113.0,10.0
j60,j6029_10,j6029_10.sm,147.0,153.0,142.0,146.0,171.0,156.0,144.0,175.0,146.0,145.0,151.0,145.0,157.0,162.0,151.0,144.0,142.0,139.0,144.0,141.0,171.0,170.0,139.0,141.0,139.0,136.0,141.0,145.0,135.0,149.0,149.0,144.0,143.0,142.0,149.0,153.0,137.0,135.0,137.0,144.0,139.0,136.0,148.0,166.0,119,147,0.0,153,0.0,142,0.0,146,0.0,171,0.0,153,3.0,144,0.0,145,1.0,145,0.0,,,,,,,139,0.0,144,0.0,141,0.0,173,-2.0,170,0.0,135.0,16.0
j60,j6029_2,j6029_2.sm,160.0,166.0,151.0,153.0,187.0,181.0,149.0,183.0,163.0,159.0,162.0,174.0,166.0,178.0,153.0,159.0,157.0,157.0,157.0,152.0,168.0,172.0,158.0,159.0,146.0,153.0,166.0,156.0,149.0,158.0,153.0,153.0,160.0,150.0,153.0,163.0,148.0,148.0,148.0,160.0,153.0,149.0,154.0,159.0,133,160,0.0,166,0.0,151,0.0,153,0.0,187,0.0,164,17.0,149,0.0,162,1.0,159,0.0,,,,,,,157,0.0,156,1.0,152,0.0,168,0.0,172,0.0,146.0,13.0
j60,j6029_3,j6029_3.sm,152.0,155.0,148.0,152.0,175.0,150.0,150.0,160.0,159.0,144.0,151.0,170.0,166.0,159.0,164.0,150.0,151.0,150.0,151.0,146.0,178.0,167.0,146.0,146.0,137.0,141.0,150.0,144.0,133.0,152.0,151.0,148.0,140.0,144.0,147.0,153.0,139.0,136.0,140.0,139.0,145.0,133.0,147.0,153.0,121,152,0.0,155,0.0,148,0.0,152,0.0,175,0.0,145,5.0,150,0.0,158,1.0,144,0.0,,,,,,,151,-1.0,151,0.0,146,0.0,178,0.0,167,0.0,133.0,12.0
j60,j6029_4,j6029_4.sm,164.0,168.0,153.0,162.0,190.0,165.0,160.0,172.0,177.0,174.0,163.0,177.0,169.0,178.0,185.0,157.0,157.0,154.0,163.0,154.0,179.0,173.0,162.0,157.0,147.0,153.0,164.0,155.0,156.0,173.0,182.0,161.0,160.0,154.0,155.0,161.0,162.0,151.0,147.0,153.0,161.0,152.0,179.0,180.0,134,164,0.0,168,0.0,153,0.0,162,0.0,190,0.0,160,5.0,160,0.0,170,7.0,174,0.0,,,,,,,154,0.0,158,5.0,154,0.0,179,0.0,178,-5.0,147.0,13.0
j60,j6029_5,j6029_5.sm,153.0,159.0,129.0,138.0,150.0,167.0,136.0,161.0,147.0,143.0,138.0,164.0,157.0,147.0,138.0,129.0,129.0,131.0,150.0,135.0,169.0,160.0,146.0,146.0,125.0,131.0,151.0,143.0,126.0,138.0,142.0,142.0,138.0,137.0,132.0,148.0,132.0,126.0,126.0,126.0,147.0,121.0,150.0,153.0,110,153,0.0,159,0.0,129,0.0,138,0.0,150,0.0,148,19.0,136,0.0,140,7.0,143,0.0,,,,,,,135,-4.0,150,0.0,135,0.0,169,0.0,160,0.0,121.0,11.0
j60,j6029_6,j6029_6.sm,186.0,192.0,188.0,189.0,222.0,206.0,185.0,217.0,210.0,205.0,180.0,193.0,195.0,198.0,199.0,179.0,187.0,190.0,181.0,190.0,220.0,205.0,177.0,184.0,182.0,180.0,207.0,178.0,183.0,195.0,204.0,196.0,179.0,178.0,175.0,189.0,185.0,177.0,176.0,170.0,185.0,181.0,192.0,186.0,154,186,0.0,192,0.0,188,0.0,189,0.0,222,0.0,190,16.0,185,0.0,184,26.0,205,0.0,,,,,,,190,0.0,183,-2.0,190,0.0,220,0.0,205,0.0,170.0,16.0
j60,j6029_7,j6029_7.sm,151.0,148.0,146.0,146.0,183.0,162.0,153.0,175.0,165.0,152.0,155.0,157.0,157.0,167.0,162.0,151.0,142.0,153.0,148.0,147.0,181.0,168.0,140.0,139.0,144.0,136.0,144.0,148.0,143.0,151.0,156.0,146.0,144.0,147.0,142.0,143.0,142.0,142.0,140.0,142.0,145.0,140.0,154.0,154.0,123,151,0.0,148,0.0,146,0.0,146,0.0,183,0.0,147,15.0,153,0.0,145,20.0,152,0.0,,,,,,,153,0.0,146,2.0,147,0.0,181,0.0,168,0.0,136.0,13.0
j60,j6029_8,j6029_8.sm,123.0,124.0,119.0,124.0,133.0,144.0,119.0,147.0,148.0,123.0,127.0,127.0,129.0,136.0,124.0,120.0,120.0,113.0,122.0,117.0,137.0,146.0,121.0,118.0,115.0,116.0,118.0,119.0,116.0,121.0,127.0,117.0,120.0,119.0,121.0,119.0,112.0,116.0,116.0,115.0,120.0,112.0,121.0,122.0,103,123,0.0,124,0.0,119,0.0,124,0.0,133,0.0,132,12.0,119,0.0,126,22.0,123,0.0,,,,,,,114,-1.0,123,-1.0,117,0.0,137,0.0,146,0.0,112.0,9.0
j60,j6029_9,j6029_9.sm,146.0,151.0,133.0,138.0,169.0,166.0,135.0,160.0,153.0,141.0,142.0,141.0,141.0,137.0,164.0,133.0,137.0,135.0,148.0,124.0,166.0,174.0,136.0,134.0,132.0,128.0,147.0,140.0,130.0,141.0,147.0,142.0,141.0,139.0,130.0,139.0,130.0,130.0,132.0,133.0,134.0,129.0,159.0,156.0,112,146,0.0,151,0.0,133,0.0,138,0.0,169,0.0,143,23.0,135,0.0,151,2.0,141,0.0,,,,,,,138,-3.0,148,0.0,124,0.0,166,0.0,174,0.0,124.0,12.0
j60,j602_1,j602_1.sm,69.0,71.0,65.0,65.0,76.0,74.0,65.0,70.0,79.0,70.0,70.0,71.0,71.0,70.0,65.0,65.0,65.0,65.0,70.0,65.0,79.0,79.0,66.0,71.0,65.0,65.0,71.0,70.0,65.0,66.0,65.0,65.0,67.0,71.0,71.0,67.0,65.0,65.0,65.0,65.0,70.0,65.0,70.0,72.0,65,69,0.0,71,0.0,65,0.0,65,0.0,76,0.0,74,0.0,65,0.0,73,6.0,70,0.0,,,,,,,65,0.0,70,0.0,65,0.0,79,0.0,79,0.0,65.0,0.0
j60,j602_10,j602_10.sm,71.0,72.0,69.0,69.0,75.0,77.0,69.0,75.0,87.0,80.0,72.0,87.0,87.0,72.0,69.0,69.0,69.0,69.0,74.0,69.0,89.0,76.0,73.0,73.0,73.0,73.0,73.0,72.0,73.0,73.0,73.0,73.0,73.0,73.0,73.0,73.0,73.0,73.0,73.0,73.0,71.0,73.0,73.0,74.0,69,71,0.0,72,0.0,69,0.0,69,0.0,75,0.0,81,-4.0,69,0.0,69,18.0,80,0.0,,,,,,,69,0.0,74,0.0,69,0.0,89,0.0,76,0.0,69.0,0.0
j60,j602_2,j602_2.sm,89.0,93.0,82.0,82.0,93.0,85.0,82.0,85.0,95.0,95.0,82.0,91.0,91.0,82.0,82.0,82.0,82.0,82.0,87.0,82.0,92.0,94.0,89.0,89.0,84.0,84.0,88.0,87.0,84.0,95.0,92.0,92.0,86.0,91.0,91.0,86.0,84.0,84.0,84.0,84.0,88.0,84.0,95.0,95.0,82,89,0.0,93,0.0,82,0.0,82,0.0,93,0.0,92,-7.0,82,0.0,90,5.0,95,0.0,,,,,,,82,0.0,87,0.0,82,0.0,92,0.0,94,0.0,82.0,0.0
j60,j602_3,j602_3.sm,80.0,85.0,78.0,78.0,101.0,85.0,78.0,85.0,78.0,89.0,78.0,78.0,78.0,78.0,98.0,78.0,78.0,78.0,87.0,78.0,85.0,112.0,78.0,85.0,78.0,78.0,85.0,78.0,78.0,85.0,85.0,80.0,80.0,80.0,80.0,80.0,78.0,78.0,78.0,78.0,85.0,78.0,85.0,87.0,78,80,0.0,85,0.0,78,0.0,78,0.0,101,0.0,78,7.0,78,0.0,89,-11.0,89,0.0,,,,,,,78,0.0,85,2.0,78,0.0,85,0.0,112,0.0,78.0,0.0
j60,j602_4,j602_4.sm,96.0,82.0,78.0,78.0,86.0,93.0,78.0,78.0,86.0,83.0,87.0,86.0,86.0,87.0,78.0,78.0,78.0,78.0,78.0,78.0,90.0,93.0,92.0,90.0,82.0,82.0,90.0,86.0,86.0,82.0,82.0,91.0,82.0,88.0,88.0,82.0,82.0,82.0,82.0,86.0,82.0,86.0,86.0,90.0,78,96,0.0,82,0.0,78,0.0,78,0.0,86,0.0,78,15.0,78,0.0,83,3.0,83,0.0,,,,,,,78,0.0,78,0.0,78,0.0,90,0.0,93,0.0,78.0,0.0
j60,j602_5,j602_5.sm,60.0,57.0,55.0,55.0,57.0,69.0,55.0,82.0,57.0,62.0,56.0,60.0,60.0,56.0,55.0,55.0,55.0,55.0,59.0,55.0,68.0,62.0,60.0,59.0,60.0,61.0,59.0,59.0,60.0,70.0,69.0,69.0,60.0,71.0,71.0,60.0,60.0,60.0,60.0,60.0,60.0,60.0,68.0,68.0,54,60,0.0,57,0.0,55,0.0,55,0.0,57,0.0,61,8.0,55,0.0,62,-5.0,62,0.0,,,,,,,55,0.0,59,0.0,55,0.0,68,0.0,62,0.0,55.0,1.0
j60,j602_6,j602_6.sm,68.0,72.0,73.0,70.0,73.0,71.0,74.0,78.0,68.0,68.0,78.0,80.0,80.0,78.0,70.0,73.0,73.0,70.0,70.0,70.0,79.0,78.0,68.0,68.0,67.0,64.0,68.0,68.0,68.0,70.0,71.0,71.0,68.0,71.0,71.0,68.0,64.0,64.0,64.0,64.0,70.0,64.0,73.0,71.0,64,68,0.0,72,0.0,73,0.0,70,0.0,73,0.0,79,-8.0,74,0.0,79,-11.0,68,0.0,,,,,,,70,0.0,70,0.0,70,0.0,79,0.0,78,0.0,64.0,0.0
j60,j602_7,j602_7.sm,56.0,58.0,53.0,53.0,58.0,56.0,57.0,65.0,65.0,61.0,57.0,56.0,56.0,57.0,53.0,53.0,53.0,53.0,57.0,53.0,65.0,64.0,55.0,57.0,54.0,54.0,57.0,57.0,54.0,57.0,53.0,53.0,55.0,53.0,53.0,55.0,54.0,54.0,54.0,54.0,57.0,54.0,57.0,57.0,53,56,0.0,58,0.0,53,0.0,53,0.0,58,0.0,57,-1.0,57,0.0,64,1.0,61,0.0,,,,,,,53,0.0,57,0.0,53,0.0,65,0.0,64,0.0,53.0,0.0
j60,j602_8,j602_8.sm,72.0,71.0,66.0,66.0,75.0,70.0,66.0,66.0,70.0,70.0,66.0,70.0,70.0,66.0,66.0,66.0,66.0,66.0,75.0,66.0,87.0,75.0,72.0,72.0,72.0,72.0,74.0,72.0,72.0,74.0,74.0,72.0,72.0,73.0,73.0,72.0,72.0,72.0,72.0,72.0,72.0,72.0,75.0,74.0,66,72,0.0,71,0.0,66,0.0,66,0.0,75,0.0,75,-5.0,66,0.0,66,4.0,70,0.0,,,,,,,66,0.0,75,0.0,66,0.0,87,0.0,75,0.0,66.0,0.0
j60,j602_9,j602_9.sm,72.0,79.0,65.0,65.0,84.0,80.0,74.0,76.0,92.0,75.0,71.0,74.0,74.0,71.0,65.0,65.0,65.0,65.0,75.0,65.0,91.0,94.0,72.0,76.0,69.0,71.0,76.0,74.0,71.0,73.0,77.0,72.0,72.0,72.0,72.0,72.0,69.0,69.0,69.0,71.0,74.0,71.0,73.0,77.0,65,72,0.0,79,0.0,65,0.0,65,0.0,84,0.0,76,4.0,74,0.0,71,21.0,75,0.0,,,,,,,65,0.0,75,0.0,65,0.0,91,0.0,94,0.0,65.0,0.0
j60,j6030_1,j6030_1.sm,87.0,92.0,71.0,73.0,93.0,99.0,77.0,92.0,92.0,87.0,79.0,89.0,94.0,95.0,73.0,72.0,72.0,77.0,89.0,73.0,93.0,92.0,88.0,90.0,76.0,76.0,91.0,83.0,76.0,83.0,84.0,91.0,79.0,82.0,84.0,85.0,76.0,76.0,76.0,77.0,88.0,76.0,93.0,93.0,70,87,0.0,92,0.0,71,0.0,73,0.0,93,0.0,85,14.0,77,0.0,89,3.0,87,0.0,,,,,,,75,2.0,90,-1.0,73,0.0,93,0.0,92,0.0,71.0,1.0
j60,j6030_10,j6030_10.sm,108.0,110.0,94.0,97.0,124.0,112.0,95.0,136.0,114.0,114.0,111.0,103.0,105.0,119.0,97.0,94.0,94.0,100.0,109.0,95.0,130.0,136.0,105.0,103.0,92.0,94.0,112.0,105.0,97.0,113.0,115.0,111.0,103.0,106.0,103.0,109.0,93.0,96.0,92.0,99.0,106.0,96.0,103.0,118.0,86,108,0.0,110,0.0,94,0.0,97,0.0,124,0.0,110,2.0,95,0.0,96,18.0,114,0.0,,,,,,,100,0.0,109,0.0,95,0.0,130,0.0,136,0.0,92.0,6.0
j60,j6030_2,j6030_2.sm,82.0,81.0,78.0,83.0,88.0,87.0,81.0,98.0,86.0,83.0,81.0,92.0,84.0,85.0,83.0,78.0,78.0,80.0,86.0,79.0,86.0,108.0,79.0,85.0,79.0,79.0,83.0,87.0,78.0,80.0,78.0,79.0,78.0,82.0,83.0,79.0,74.0,79.0,81.0,75.0,80.0,77.0,85.0,93.0,70,82,0.0,81,0.0,78,0.0,83,0.0,88,0.0,85,2.0,81,0.0,83,3.0,83,0.0,,,,,,,78,2.0,86,0.0,79,0.0,86,0.0,108,0.0,74.0,4.0
j60,j6030_3,j6030_3.sm,96.0,100.0,88.0,90.0,115.0,110.0,94.0,115.0,106.0,110.0,98.0,97.0,105.0,98.0,90.0,89.0,89.0,90.0,97.0,87.0,117.0,114.0,97.0,98.0,88.0,86.0,96.0,109.0,94.0,98.0,102.0,96.0,104.0,95.0,101.0,93.0,89.0,88.0,88.0,86.0,96.0,86.0,105.0,103.0,82,96,0.0,100,0.0,88,0.0,90,0.0,115,0.0,108,2.0,94,0.0,109,-3.0,110,0.0,,,,,,,88,2.0,97,0.0,87,0.0,117,0.0,114,0.0,86.0,4.0
j60,j6030_4,j6030_4.sm,84.0,86.0,76.0,76.0,79.0,88.0,77.0,80.0,86.0,80.0,76.0,79.0,78.0,78.0,76.0,76.0,76.0,76.0,85.0,76.0,79.0,100.0,80.0,82.0,76.0,80.0,83.0,81.0,80.0,89.0,76.0,79.0,76.0,76.0,82.0,76.0,79.0,76.0,76.0,78.0,81.0,78.0,87.0,90.0,76,84,0.0,86,0.0,76,0.0,76,0.0,79,0.0,83,5.0,77,0.0,85,1.0,80,0.0,,,,,,,76,0.0,85,0.0,76,0.0,82,-3.0,100,0.0,76.0,0.0
j60,j6030_5,j6030_5.sm,86.0,87.0,84.0,85.0,91.0,89.0,84.0,100.0,94.0,88.0,84.0,103.0,87.0,106.0,85.0,83.0,83.0,86.0,87.0,86.0,101.0,100.0,85.0,88.0,80.0,81.0,85.0,84.0,84.0,86.0,87.0,89.0,81.0,86.0,82.0,100.0,80.0,83.0,80.0,83.0,85.0,79.0,96.0,101.0,76,86,0.0,87,0.0,84,0.0,85,0.0,91,0.0,101,-12.0,84,0.0,87,7.0,88,0.0,,,,,,,86,0.0,87,0.0,86,0.0,101,0.0,100,0.0,79.0,3.0
j60,j6030_6,j6030_6.sm,78.0,75.0,68.0,68.0,90.0,88.0,71.0,77.0,87.0,75.0,76.0,82.0,78.0,88.0,68.0,68.0,68.0,70.0,75.0,70.0,85.0,90.0,78.0,76.0,73.0,72.0,77.0,76.0,75.0,89.0,72.0,77.0,80.0,79.0,75.0,76.0,72.0,73.0,73.0,70.0,76.0,70.0,79.0,77.0,68,78,0.0,75,0.0,68,0.0,68,0.0,90,0.0,79,9.0,71,0.0,81,6.0,75,0.0,,,,,,,70,0.0,75,0.0,70,0.0,85,0.0,90,0.0,68.0,0.0
j60,j6030_7,j6030_7.sm,95.0,99.0,95.0,99.0,115.0,99.0,98.0,106.0,114.0,105.0,95.0,99.0,101.0,102.0,99.0,95.0,95.0,94.0,100.0,95.0,106.0,107.0,95.0,97.0,92.0,89.0,106.0,95.0,93.0,100.0,104.0,110.0,99.0,100.0,92.0,100.0,94.0,92.0,92.0,91.0,94.0,91.0,101.0,106.0,86,95,0.0,99,0.0,95,0.0,99,0.0,115,0.0,113,-14.0,98,0.0,102,12.0,105,0.0,,,,,,,94,0.0,100,0.0,95,0.0,106,0.0,107,0.0,89.0,3.0
j60,j6030_8,j6030_8.sm,74.0,77.0,65.0,66.0,77.0,76.0,69.0,89.0,95.0,81.0,77.0,75.0,76.0,80.0,66.0,65.0,65.0,71.0,75.0,67.0,91.0,86.0,72.0,75.0,66.0,71.0,79.0,76.0,70.0,83.0,82.0,76.0,72.0,76.0,78.0,79.0,71.0,70.0,71.0,71.0,73.0,71.0,77.0,79.0,63,74,0.0,77,0.0,65,0.0,66,0.0,77,0.0,85,-9.0,69,0.0,82,13.0,81,0.0,,,,,,,71,0.0,75,0.0,67,0.0,91,0.0,86,0.0,65.0,2.0
j60,j6030_9,j6030_9.sm,118.0,122.0,98.0,99.0,129.0,122.0,98.0,125.0,115.0,126.0,123.0,129.0,122.0,121.0,99.0,99.0,99.0,105.0,118.0,99.0,119.0,136.0,115.0,116.0,109.0,107.0,124.0,114.0,100.0,120.0,121.0,114.0,122.0,109.0,108.0,121.0,109.0,108.0,108.0,101.0,117.0,106.0,125.0,128.0,98,118,0.0,122,0.0,98,0.0,99,0.0,129,0.0,122,0.0,98,0.0,124,-9.0,126,0.0,,,,,,,105,0.0,118,0.0,99,0.0,119,0.0,136,0.0,98.0,0.0
j60,j6031_1,j6031_1.sm,70.0,74.0,65.0,65.0,79.0,74.0,65.0,65.0,76.0,65.0,65.0,65.0,66.0,71.0,65.0,65.0,65.0,65.0,71.0,65.0,76.0,78.0,67.0,69.0,65.0,65.0,70.0,65.0,65.0,65.0,65.0,65.0,66.0,67.0,65.0,67.0,65.0,65.0,65.0,65.0,67.0,65.0,66.0,67.0,65,70,0.0,74,0.0,65,0.0,65,0.0,79,0.0,69,5.0,65,0.0,65,11.0,65,0.0,,,,,,,65,0.0,71,0.0,65,0.0,72,4.0,78,0.0,65.0,0.0
j60,j6031_10,j6031_10.sm,61.0,66.0,56.0,56.0,72.0,74.0,63.0,66.0,71.0,66.0,65.0,72.0,72.0,77.0,56.0,56.0,56.0,57.0,62.0,56.0,72.0,75.0,61.0,64.0,56.0,57.0,66.0,61.0,59.0,65.0,62.0,61.0,62.0,66.0,62.0,64.0,56.0,56.0,56.0,57.0,61.0,57.0,67.0,69.0,56,61,0.0,66,0.0,56,0.0,56,0.0,72,0.0,70,4.0,63,0.0,62,9.0,66,0.0,,,,,,,57,0.0,62,0.0,56,0.0,72,0.0,75,0.0,56.0,0.0
j60,j6031_2,j6031_2.sm,80.0,79.0,74.0,75.0,92.0,89.0,79.0,84.0,91.0,83.0,80.0,83.0,77.0,84.0,75.0,74.0,74.0,78.0,79.0,78.0,98.0,90.0,80.0,79.0,74.0,74.0,79.0,77.0,77.0,82.0,83.0,83.0,80.0,74.0,75.0,84.0,74.0,74.0,74.0,74.0,79.0,74.0,83.0,89.0,74,80,0.0,79,0.0,74,0.0,75,0.0,92,0.0,85,4.0,79,0.0,91,0.0,83,0.0,,,,,,,78,0.0,79,0.0,78,0.0,98,0.0,90,0.0,74.0,0.0
j60,j6031_3,j6031_3.sm,71.0,76.0,66.0,66.0,76.0,75.0,68.0,80.0,83.0,72.0,69.0,76.0,70.0,74.0,66.0,66.0,66.0,66.0,73.0,66.0,79.0,78.0,70.0,68.0,66.0,66.0,71.0,67.0,67.0,69.0,69.0,75.0,69.0,75.0,71.0,73.0,66.0,66.0,66.0,66.0,73.0,66.0,69.0,74.0,66,71,0.0,76,0.0,66,0.0,66,0.0,76,0.0,70,5.0,68,0.0,78,5.0,72,0.0,,,,,,,66,0.0,73,0.0,66,0.0,79,0.0,78,0.0,66.0,0.0
j60,j6031_4,j6031_4.sm,72.0,76.0,68.0,68.0,75.0,80.0,68.0,78.0,84.0,79.0,69.0,73.0,76.0,77.0,68.0,68.0,68.0,68.0,76.0,68.0,71.0,85.0,72.0,72.0,68.0,68.0,72.0,71.0,70.0,71.0,69.0,69.0,69.0,71.0,72.0,71.0,68.0,68.0,68.0,69.0,72.0,69.0,70.0,79.0,68,72,0.0,76,0.0,68,0.0,68,0.0,75,0.0,71,9.0,68,0.0,69,15.0,79,0.0,,,,,,,68,0.0,76,0.0,68,0.0,71,0.0,85,0.0,68.0,0.0
j60,j6031_5,j6031_5.sm,73.0,76.0,72.0,72.0,73.0,72.0,72.0,72.0,72.0,72.0,72.0,72.0,72.0,72.0,72.0,72.0,72.0,72.0,76.0,72.0,72.0,78.0,73.0,76.0,72.0,72.0,76.0,74.0,72.0,74.0,75.0,72.0,72.0,75.0,78.0,78.0,72.0,72.0,72.0,72.0,76.0,72.0,79.0,79.0,72,73,0.0,76,0.0,72,0.0,72,0.0,73,0.0,73,-1.0,72,0.0,72,0.0,72,0.0,,,,,,,72,0.0,76,0.0,72,0.0,72,0.0,78,0.0,72.0,0.0
j60,j6031_6,j6031_6.sm,78.0,79.0,72.0,72.0,84.0,72.0,72.0,74.0,98.0,80.0,80.0,80.0,72.0,72.0,72.0,72.0,72.0,72.0,78.0,72.0,72.0,94.0,76.0,79.0,72.0,72.0,80.0,76.0,74.0,74.0,78.0,78.0,81.0,80.0,72.0,78.0,72.0,72.0,72.0,73.0,79.0,72.0,83.0,84.0,72,78,0.0,79,0.0,72,0.0,72,0.0,84,0.0,80,-8.0,72,0.0,80,18.0,80,0.0,,,,,,,72,0.0,78,0.0,72,0.0,72,0.0,94,0.0,72.0,0.0
j60,j6031_7,j6031_7.sm,82.0,86.0,76.0,76.0,91.0,84.0,76.0,78.0,91.0,78.0,84.0,80.0,82.0,82.0,76.0,76.0,76.0,76.0,81.0,76.0,92.0,90.0,81.0,84.0,76.0,79.0,84.0,82.0,79.0,84.0,82.0,80.0,83.0,81.0,82.0,83.0,79.0,76.0,76.0,77.0,80.0,76.0,81.0,81.0,76,82,0.0,86,0.0,76,0.0,76,0.0,91,0.0,85,-1.0,76,0.0,81,10.0,78,0.0,,,,,,,76,0.0,81,0.0,76,0.0,92,0.0,90,0.0,76.0,0.0
j60,j6031_8,j6031_8.sm,82.0,79.0,75.0,75.0,85.0,86.0,82.0,89.0,91.0,88.0,86.0,86.0,87.0,90.0,75.0,75.0,75.0,78.0,79.0,76.0,82.0,95.0,79.0,80.0,75.0,78.0,81.0,80.0,78.0,84.0,78.0,79.0,82.0,80.0,77.0,83.0,76.0,75.0,75.0,77.0,79.0,77.0,84.0,85.0,75,82,0.0,79,0.0,75,0.0,75,0.0,85,0.0,86,0.0,82,0.0,92,-1.0,88,0.0,,,,,,,78,0.0,79,0.0,76,0.0,82,0.0,95,0.0,75.0,0.0
j60,j6031_9,j6031_9.sm,91.0,94.0,86.0,86.0,92.0,89.0,86.0,90.0,86.0,86.0,86.0,86.0,91.0,88.0,86.0,86.0,86.0,86.0,89.0,86.0,87.0,102.0,91.0,89.0,87.0,87.0,87.0,88.0,86.0,89.0,90.0,87.0,88.0,87.0,88.0,92.0,87.0,87.0,87.0,87.0,89.0,86.0,89.0,89.0,86,91,0.0,94,0.0,86,0.0,86,0.0,92,0.0,92,-3.0,86,0.0,86,0.0,86,0.0,,,,,,,86,0.0,89,0.0,86,0.0,87,0.0,102,0.0,86.0,0.0
j60,j6032_1,j6032_1.sm,69.0,69.0,69.0,69.0,69.0,69.0,69.0,69.0,69.0,69.0,69.0,69.0,69.0,69.0,69.0,69.0,69.0,69.0,69.0,69.0,69.0,69.0,69.0,69.0,69.0,69.0,69.0,69.0,69.0,69.0,69.0,69.0,69.0,69.0,69.0,69.0,69.0,69.0,69.0,69.0,69.0,69.0,69.0,69.0,69,69,0.0,69,0.0,69,0.0,69,0.0,69,0.0,69,0.0,69,0.0,69,0.0,69,0.0,,,,,,,69,0.0,69,0.0,69,0.0,69,0.0,69,0.0,69.0,0.0
j60,j6032_10,j6032_10.sm,77.0,77.0,77.0,77.0,77.0,77.0,77.0,77.0,77.0,77.0,77.0,77.0,77.0,77.0,77.0,77.0,77.0,77.0,77.0,77.0,77.0,77.0,77.0,77.0,77.0,77.0,77.0,77.0,77.0,77.0,77.0,77.0,77.0,77.0,77.0,77.0,77.0,77.0,77.0,77.0,77.0,77.0,77.0,77.0,77,77,0.0,77,0.0,77,0.0,77,0.0,77,0.0,77,0.0,77,0.0,77,0.0,77,0.0,,,,,,,77,0.0,77,0.0,77,0.0,77,0.0,77,0.0,77.0,0.0
j60,j6032_2,j6032_2.sm,114.0,114.0,114.0,114.0,114.0,114.0,114.0,114.0,114.0,114.0,114.0,114.0,114.0,114.0,114.0,114.0,114.0,114.0,114.0,114.0,114.0,114.0,114.0,114.0,114.0,114.0,114.0,114.0,114.0,114.0,114.0,114.0,114.0,114.0,114.0,114.0,114.0,114.0,114.0,114.0,114.0,114.0,114.0,114.0,114,114,0.0,114,0.0,114,0.0,114,0.0,114,0.0,114,0.0,114,0.0,114,0.0,114,0.0,,,,,,,114,0.0,114,0.0,114,0.0,114,0.0,114,0.0,114.0,0.0
j60,j6032_3,j6032_3.sm,85.0,85.0,85.0,85.0,85.0,85.0,85.0,85.0,85.0,85.0,85.0,85.0,85.0,85.0,85.0,85.0,85.0,85.0,85.0,85.0,85.0,85.0,85.0,85.0,85.0,85.0,85.0,85.0,85.0,85.0,85.0,85.0,85.0,85.0,85.0,85.0,85.0,85.0,85.0,85.0,85.0,85.0,85.0,85.0,85,85,0.0,85,0.0,85,0.0,85,0.0,85,0.0,85,0.0,85,0.0,85,0.0,85,0.0,,,,,,,85,0.0,85,0.0,85,0.0,85,0.0,85,0.0,85.0,0.0
j60,j6032_4,j6032_4.sm,56.0,56.0,56.0,56.0,56.0,56.0,56.0,56.0,56.0,56.0,56.0,56.0,56.0,56.0,56.0,56.0,56.0,56.0,56.0,56.0,56.0,56.0,56.0,56.0,56.0,56.0,56.0,56.0,56.0,56.0,56.0,56.0,56.0,56.0,56.0,56.0,56.0,56.0,56.0,56.0,56.0,56.0,56.0,56.0,56,56,0.0,56,0.0,56,0.0,56,0.0,56,0.0,56,0.0,56,0.0,56,0.0,56,0.0,,,,,,,56,0.0,56,0.0,56,0.0,56,0.0,56,0.0,56.0,0.0
j60,j6032_5,j6032_5.sm,77.0,77.0,77.0,77.0,77.0,77.0,77.0,77.0,77.0,77.0,77.0,77.0,77.0,77.0,77.0,77.0,77.0,77.0,77.0,77.0,77.0,77.0,77.0,77.0,77.0,77.0,77.0,77.0,77.0,77.0,77.0,77.0,77.0,77.0,77.0,77.0,77.0,77.0,77.0,77.0,77.0,77.0,77.0,77.0,77,77,0.0,77,0.0,77,0.0,77,0.0,77,0.0,77,0.0,77,0.0,77,0.0,77,0.0,,,,,,,77,0.0,77,0.0,77,0.0,77,0.0,77,0.0,77.0,0.0
j60,j6032_6,j6032_6.sm,93.0,93.0,93.0,93.0,93.0,93.0,93.0,93.0,93.0,93.0,93.0,93.0,93.0,93.0,93.0,93.0,93.0,93.0,93.0,93.0,93.0,93.0,93.0,93.0,93.0,93.0,93.0,93.0,93.0,93.0,93.0,93.0,93.0,93.0,93.0,93.0,93.0,93.0,93.0,93.0,93.0,93.0,93.0,93.0,93,93,0.0,93,0.0,93,0.0,93,0.0,93,0.0,93,0.0,93,0.0,93,0.0,93,0.0,,,,,,,93,0.0,93,0.0,93,0.0,93,0.0,93,0.0,93.0,0.0
j60,j6032_7,j6032_7.sm,76.0,76.0,76.0,76.0,76.0,76.0,76.0,76.0,76.0,76.0,76.0,76.0,76.0,76.0,76.0,76.0,76.0,76.0,76.0,76.0,76.0,76.0,76.0,76.0,76.0,76.0,76.0,76.0,76.0,76.0,76.0,76.0,76.0,76.0,76.0,76.0,76.0,76.0,76.0,76.0,76.0,76.0,76.0,76.0,76,76,0.0,76,0.0,76,0.0,76,0.0,76,0.0,76,0.0,76,0.0,76,0.0,76,0.0,,,,,,,76,0.0,76,0.0,76,0.0,76,0.0,76,0.0,76.0,0.0
j60,j6032_8,j6032_8.sm,76.0,76.0,76.0,76.0,76.0,76.0,76.0,76.0,76.0,76.0,76.0,76.0,76.0,76.0,76.0,76.0,76.0,76.0,76.0,76.0,76.0,76.0,76.0,76.0,76.0,76.0,76.0,76.0,76.0,76.0,76.0,76.0,76.0,76.0,76.0,76.0,76.0,76.0,76.0,76.0,76.0,76.0,76.0,76.0,76,76,0.0,76,0.0,76,0.0,76,0.0,76,0.0,76,0.0,76,0.0,76,0.0,76,0.0,,,,,,,76,0.0,76,0.0,76,0.0,76,0.0,76,0.0,76.0,0.0
j60,j6032_9,j6032_9.sm,74.0,74.0,74.0,74.0,74.0,74.0,74.0,74.0,74.0,74.0,74.0,74.0,74.0,74.0,74.0,74.0,74.0,74.0,74.0,74.0,74.0,74.0,74.0,74.0,74.0,74.0,74.0,74.0,74.0,74.0,74.0,74.0,74.0,74.0,74.0,74.0,74.0,74.0,74.0,74.0,74.0,74.0,74.0,74.0,74,74,0.0,74,0.0,74,0.0,74,0.0,74,0.0,74,0.0,74,0.0,74,0.0,74,0.0,,,,,,,74,0.0,74,0.0,74,0.0,74,0.0,74,0.0,74.0,0.0
j60,j6033_1,j6033_1.sm,117.0,113.0,110.0,110.0,134.0,122.0,114.0,110.0,127.0,119.0,114.0,121.0,121.0,114.0,120.0,114.0,110.0,119.0,118.0,114.0,122.0,144.0,114.0,114.0,114.0,114.0,114.0,114.0,114.0,123.0,123.0,114.0,114.0,114.0,114.0,114.0,114.0,114.0,114.0,114.0,114.0,114.0,114.0,139.0,105,117,0.0,113,0.0,110,0.0,110,0.0,134,0.0,129,-7.0,114,0.0,114,13.0,119,0.0,,,,,,,119,0.0,118,0.0,114,0.0,122,0.0,144,0.0,110.0,5.0
j60,j6033_10,j6033_10.sm,97.0,97.0,90.0,89.0,104.0,105.0,100.0,102.0,129.0,95.0,98.0,99.0,99.0,98.0,105.0,90.0,90.0,87.0,98.0,91.0,96.0,113.0,97.0,95.0,97.0,97.0,95.0,97.0,97.0,99.0,119.0,99.0,94.0,95.0,95.0,94.0,95.0,97.0,97.0,93.0,98.0,97.0,97.0,97.0,84,97,0.0,97,0.0,90,0.0,89,0.0,104,0.0,94,11.0,100,0.0,101,28.0,95,0.0,,,,,,,87,0.0,98,0.0,91,0.0,96,0.0,113,0.0,87.0,3.0
j60,j6033_2,j6033_2.sm,117.0,124.0,100.0,100.0,122.0,107.0,103.0,155.0,101.0,119.0,112.0,104.0,104.0,112.0,127.0,100.0,100.0,100.0,111.0,100.0,117.0,121.0,111.0,108.0,103.0,103.0,109.0,116.0,105.0,123.0,117.0,119.0,107.0,112.0,112.0,107.0,103.0,103.0,103.0,103.0,109.0,103.0,122.0,123.0,100,117,0.0,124,0.0,100,0.0,100,0.0,122,0.0,112,-5.0,103,0.0,118,-17.0,119,0.0,,,,,,,100,0.0,111,0.0,100,0.0,117,0.0,121,0.0,100.0,0.0
j60,j6033_3,j6033_3.sm,95.0,95.0,85.0,85.0,117.0,106.0,92.0,98.0,95.0,99.0,97.0,107.0,107.0,97.0,85.0,84.0,84.0,92.0,94.0,82.0,106.0,107.0,92.0,92.0,83.0,83.0,97.0,91.0,83.0,85.0,88.0,89.0,97.0,94.0,94.0,97.0,83.0,83.0,83.0,83.0,97.0,83.0,86.0,95.0,79,95,0.0,95,0.0,85,0.0,85,0.0,117,0.0,105,1.0,92,0.0,88,7.0,99,0.0,,,,,,,92,0.0,94,0.0,82,0.0,106,0.0,107,0.0,82.0,3.0
j60,j6033_4,j6033_4.sm,86.0,91.0,81.0,81.0,107.0,105.0,86.0,118.0,103.0,87.0,84.0,87.0,87.0,84.0,109.0,81.0,81.0,81.0,89.0,81.0,123.0,118.0,89.0,89.0,91.0,91.0,96.0,89.0,91.0,97.0,91.0,91.0,89.0,91.0,91.0,89.0,91.0,91.0,91.0,89.0,89.0,89.0,91.0,96.0,81,86,0.0,91,0.0,81,0.0,81,0.0,107,0.0,104,1.0,86,0.0,87,16.0,87,0.0,,,,,,,81,0.0,89,0.0,81,0.0,123,0.0,118,0.0,81.0,0.0
j60,j6033_5,j6033_5.sm,122.0,122.0,113.0,116.0,129.0,134.0,116.0,124.0,140.0,122.0,126.0,122.0,122.0,126.0,123.0,114.0,113.0,114.0,123.0,114.0,123.0,164.0,115.0,115.0,111.0,115.0,117.0,115.0,125.0,117.0,122.0,116.0,117.0,119.0,119.0,117.0,114.0,114.0,111.0,111.0,115.0,111.0,125.0,130.0,108,122,0.0,122,0.0,113,0.0,116,0.0,129,0.0,125,9.0,116,0.0,126,14.0,122,0.0,,,,,,,114,0.0,123,0.0,114,0.0,123,0.0,164,0.0,111.0,3.0
j60,j6033_6,j6033_6.sm,89.0,92.0,91.0,83.0,97.0,94.0,84.0,102.0,103.0,101.0,83.0,97.0,97.0,83.0,101.0,82.0,88.0,83.0,91.0,83.0,100.0,109.0,89.0,91.0,83.0,83.0,86.0,93.0,83.0,91.0,90.0,82.0,83.0,83.0,83.0,83.0,83.0,83.0,83.0,83.0,91.0,83.0,86.0,93.0,75,89,0.0,92,0.0,91,0.0,83,0.0,97,0.0,90,4.0,84,0.0,96,7.0,101,0.0,,,,,,,83,0.0,91,0.0,83,0.0,100,0.0,109,0.0,82.0,7.0
j60,j6033_7,j6033_7.sm,93.0,90.0,84.0,80.0,102.0,109.0,88.0,104.0,98.0,92.0,92.0,94.0,94.0,92.0,95.0,84.0,80.0,82.0,80.0,83.0,104.0,94.0,87.0,86.0,81.0,81.0,85.0,84.0,85.0,88.0,98.0,97.0,88.0,88.0,88.0,88.0,81.0,81.0,81.0,87.0,87.0,87.0,88.0,89.0,78,93,0.0,90,0.0,84,0.0,80,0.0,102,0.0,96,13.0,88,0.0,89,9.0,92,0.0,,,,,,,82,0.0,80,0.0,83,0.0,104,0.0,94,0.0,80.0,2.0
j60,j6033_8,j6033_8.sm,99.0,93.0,86.0,81.0,117.0,112.0,86.0,97.0,98.0,99.0,93.0,102.0,102.0,93.0,103.0,82.0,86.0,83.0,95.0,84.0,110.0,126.0,88.0,88.0,90.0,90.0,97.0,109.0,88.0,105.0,101.0,96.0,92.0,97.0,97.0,92.0,90.0,90.0,90.0,91.0,86.0,88.0,93.0,105.0,79,99,0.0,93,0.0,86,0.0,81,0.0,117,0.0,105,7.0,86,0.0,113,-15.0,99,0.0,,,,,,,83,0.0,95,0.0,84,0.0,110,0.0,126,0.0,81.0,2.0
j60,j6033_9,j6033_9.sm,121.0,132.0,120.0,119.0,135.0,131.0,121.0,127.0,124.0,117.0,120.0,124.0,124.0,120.0,133.0,119.0,120.0,120.0,124.0,120.0,128.0,127.0,129.0,129.0,114.0,114.0,133.0,129.0,129.0,140.0,140.0,136.0,125.0,114.0,114.0,125.0,114.0,114.0,114.0,114.0,129.0,114.0,121.0,140.0,108,121,0.0,132,0.0,120,0.0,119,0.0,135,0.0,127,4.0,121,0.0,129,-5.0,117,0.0,,,,,,,120,0.0,124,0.0,120,0.0,128,0.0,127,0.0,114.0,6.0
j60,j6034_1,j6034_1.sm,74.0,79.0,78.0,81.0,81.0,84.0,81.0,88.0,85.0,88.0,79.0,77.0,77.0,79.0,81.0,74.0,78.0,81.0,74.0,84.0,85.0,84.0,73.0,74.0,73.0,73.0,73.0,73.0,73.0,82.0,76.0,76.0,81.0,77.0,77.0,81.0,73.0,73.0,73.0,74.0,74.0,74.0,76.0,76.0,72,74,0.0,79,0.0,78,0.0,81,0.0,81,0.0,75,9.0,81,0.0,76,9.0,88,0.0,,,,,,,81,0.0,74,0.0,84,0.0,86,-1.0,84,0.0,73.0,1.0
j60,j6034_10,j6034_10.sm,102.0,104.0,92.0,92.0,103.0,113.0,92.0,105.0,98.0,96.0,105.0,101.0,101.0,105.0,92.0,92.0,92.0,92.0,109.0,92.0,98.0,121.0,101.0,111.0,106.0,102.0,111.0,105.0,100.0,101.0,105.0,104.0,101.0,102.0,102.0,101.0,102.0,102.0,106.0,100.0,108.0,100.0,104.0,115.0,92,102,0.0,104,0.0,92,0.0,92,0.0,103,0.0,104,9.0,92,0.0,98,0.0,96,0.0,,,,,,,92,0.0,107,2.0,92,0.0,98,0.0,121,0.0,92.0,0.0
j60,j6034_2,j6034_2.sm,72.0,75.0,70.0,68.0,74.0,85.0,77.0,81.0,78.0,79.0,77.0,79.0,79.0,77.0,81.0,77.0,70.0,78.0,73.0,77.0,79.0,82.0,72.0,73.0,72.0,72.0,73.0,72.0,72.0,72.0,72.0,72.0,72.0,73.0,73.0,72.0,72.0,72.0,72.0,72.0,73.0,72.0,72.0,73.0,68,72,0.0,75,0.0,70,0.0,68,0.0,74,0.0,75,10.0,77,0.0,72,6.0,79,0.0,,,,,,,70,8.0,73,0.0,77,0.0,79,0.0,82,0.0,68.0,0.0
j60,j6034_3,j6034_3.sm,68.0,72.0,64.0,65.0,76.0,78.0,62.0,75.0,67.0,76.0,69.0,72.0,72.0,69.0,65.0,68.0,64.0,65.0,72.0,65.0,76.0,79.0,68.0,71.0,67.0,66.0,74.0,67.0,68.0,66.0,67.0,68.0,71.0,70.0,70.0,71.0,66.0,66.0,67.0,66.0,68.0,66.0,68.0,70.0,61,68,0.0,72,0.0,64,0.0,65,0.0,76,0.0,69,9.0,62,0.0,72,-5.0,76,0.0,,,,,,,65,0.0,72,0.0,65,0.0,76,0.0,79,0.0,62.0,1.0
j60,j6034_4,j6034_4.sm,83.0,83.0,83.0,83.0,83.0,87.0,83.0,89.0,94.0,93.0,83.0,93.0,93.0,83.0,83.0,83.0,83.0,83.0,87.0,83.0,93.0,105.0,83.0,83.0,83.0,83.0,83.0,83.0,83.0,83.0,96.0,93.0,83.0,93.0,93.0,83.0,83.0,83.0,83.0,83.0,83.0,83.0,96.0,96.0,83,83,0.0,83,0.0,83,0.0,83,0.0,83,0.0,99,-12.0,83,0.0,99,-5.0,93,0.0,,,,,,,83,0.0,87,0.0,83,0.0,93,0.0,105,0.0,83.0,0.0
j60,j6034_5,j6034_5.sm,86.0,85.0,80.0,80.0,87.0,91.0,80.0,81.0,102.0,102.0,87.0,92.0,92.0,87.0,80.0,80.0,80.0,80.0,81.0,80.0,91.0,91.0,86.0,80.0,80.0,80.0,80.0,86.0,80.0,81.0,87.0,87.0,86.0,87.0,87.0,86.0,80.0,80.0,80.0,80.0,80.0,80.0,87.0,87.0,80,86,0.0,85,0.0,80,0.0,80,0.0,87,0.0,86,5.0,80,0.0,92,10.0,102,0.0,,,,,,,80,0.0,81,0.0,80,0.0,91,0.0,91,0.0,80.0,0.0
j60,j6034_6,j6034_6.sm,91.0,90.0,87.0,81.0,102.0,102.0,83.0,96.0,96.0,102.0,82.0,98.0,98.0,82.0,81.0,87.0,87.0,82.0,88.0,82.0,88.0,102.0,93.0,91.0,93.0,93.0,91.0,91.0,83.0,86.0,86.0,83.0,93.0,93.0,93.0,93.0,93.0,93.0,93.0,93.0,89.0,93.0,90.0,92.0,81,91,0.0,90,0.0,87,0.0,81,0.0,102,0.0,99,3.0,83,0.0,87,9.0,102,0.0,,,,,,,82,0.0,88,0.0,82,0.0,88,0.0,102,0.0,81.0,0.0
j60,j6034_7,j6034_7.sm,95.0,95.0,85.0,85.0,91.0,99.0,88.0,88.0,93.0,100.0,92.0,95.0,95.0,92.0,85.0,85.0,85.0,85.0,88.0,85.0,92.0,97.0,90.0,91.0,86.0,86.0,91.0,90.0,86.0,95.0,95.0,88.0,90.0,95.0,95.0,90.0,86.0,86.0,86.0,86.0,86.0,86.0,90.0,95.0,85,95,0.0,95,0.0,85,0.0,85,0.0,91,0.0,95,4.0,88,0.0,86,7.0,100,0.0,,,,,,,85,0.0,88,0.0,85,0.0,92,0.0,97,0.0,85.0,0.0
j60,j6034_8,j6034_8.sm,70.0,67.0,63.0,64.0,76.0,69.0,64.0,75.0,75.0,76.0,70.0,76.0,76.0,70.0,64.0,63.0,63.0,63.0,70.0,63.0,77.0,76.0,69.0,70.0,68.0,68.0,70.0,68.0,68.0,67.0,67.0,69.0,69.0,69.0,69.0,69.0,68.0,68.0,68.0,68.0,70.0,68.0,69.0,69.0,63,70,0.0,67,0.0,63,0.0,64,0.0,76,0.0,75,-6.0,64,0.0,76,-1.0,76,0.0,,,,,,,63,0.0,70,0.0,63,0.0,77,0.0,76,0.0,63.0,0.0
j60,j6034_9,j6034_9.sm,85.0,92.0,77.0,77.0,92.0,89.0,77.0,88.0,83.0,83.0,83.0,92.0,92.0,83.0,84.0,77.0,77.0,77.0,85.0,77.0,87.0,89.0,83.0,83.0,77.0,77.0,83.0,77.0,77.0,83.0,77.0,77.0,83.0,83.0,83.0,83.0,77.0,77.0,77.0,77.0,83.0,77.0,83.0,83.0,77,85,0.0,92,0.0,77,0.0,77,0.0,92,0.0,83,6.0,77,0.0,77,6.0,83,0.0,,,,,,,77,0.0,85,0.0,77,0.0,87,0.0,89,0.0,77.0,0.0
j60,j6035_1,j6035_1.sm,81.0,84.0,78.0,78.0,88.0,90.0,90.0,90.0,90.0,90.0,90.0,90.0,90.0,90.0,78.0,78.0,78.0,90.0,83.0,90.0,90.0,91.0,78.0,78.0,78.0,78.0,78.0,78.0,78.0,78.0,78.0,78.0,78.0,78.0,78.0,78.0,78.0,78.0,78.0,78.0,78.0,78.0,78.0,78.0,78,81,0.0,84,0.0,78,0.0,78,0.0,88,0.0,91,-1.0,90,0.0,90,0.0,90,0.0,,,,,,,90,0.0,83,0.0,90,0.0,90,0.0,91,0.0,78.0,0.0
j60,j6035_10,j6035_10.sm,72.0,71.0,71.0,71.0,80.0,78.0,76.0,80.0,86.0,76.0,71.0,80.0,80.0,71.0,71.0,71.0,71.0,76.0,71.0,76.0,101.0,101.0,72.0,71.0,71.0,71.0,71.0,78.0,71.0,71.0,71.0,78.0,71.0,71.0,71.0,71.0,71.0,71.0,71.0,71.0,71.0,71.0,72.0,78.0,71,72,0.0,71,0.0,71,0.0,71,0.0,80,0.0,80,-2.0,76,0.0,78,8.0,76,0.0,,,,,,,76,0.0,71,0.0,76,0.0,101,0.0,101,0.0,71.0,0.0
j60,j6035_2,j6035_2.sm,80.0,84.0,78.0,78.0,82.0,80.0,77.0,88.0,88.0,90.0,78.0,80.0,80.0,78.0,78.0,78.0,78.0,77.0,79.0,77.0,93.0,88.0,80.0,80.0,79.0,79.0,80.0,77.0,77.0,80.0,79.0,80.0,78.0,80.0,80.0,78.0,79.0,79.0,79.0,77.0,79.0,77.0,80.0,80.0,77,80,0.0,84,0.0,78,0.0,78,0.0,82,0.0,78,2.0,77,0.0,91,-3.0,90,0.0,,,,,,,77,0.0,79,0.0,77,0.0,93,0.0,88,0.0,77.0,0.0
j60,j6035_3,j6035_3.sm,95.0,91.0,89.0,89.0,91.0,95.0,89.0,95.0,106.0,97.0,96.0,97.0,97.0,96.0,89.0,89.0,89.0,89.0,93.0,89.0,95.0,105.0,95.0,95.0,95.0,95.0,95.0,98.0,95.0,101.0,101.0,100.0,96.0,95.0,95.0,96.0,95.0,95.0,95.0,95.0,95.0,95.0,100.0,101.0,89,95,0.0,91,0.0,89,0.0,89,0.0,91,0.0,95,0.0,89,0.0,101,5.0,97,0.0,,,,,,,89,0.0,93,0.0,89,0.0,95,0.0,105,0.0,89.0,0.0
j60,j6035_4,j6035_4.sm,76.0,72.0,72.0,72.0,75.0,72.0,72.0,91.0,76.0,72.0,74.0,72.0,72.0,74.0,72.0,72.0,72.0,72.0,72.0,73.0,91.0,83.0,77.0,74.0,74.0,74.0,74.0,74.0,74.0,77.0,76.0,75.0,76.0,76.0,76.0,76.0,74.0,74.0,74.0,74.0,74.0,74.0,76.0,78.0,72,76,0.0,72,0.0,72,0.0,72,0.0,75,0.0,77,-5.0,72,0.0,80,-4.0,72,0.0,,,,,,,72,0.0,72,0.0,73,0.0,91,0.0,83,0.0,72.0,0.0
j60,j6035_5,j6035_5.sm,81.0,81.0,76.0,77.0,78.0,78.0,77.0,83.0,83.0,81.0,79.0,81.0,81.0,79.0,77.0,76.0,76.0,76.0,81.0,77.0,78.0,78.0,81.0,81.0,81.0,81.0,81.0,81.0,81.0,81.0,81.0,81.0,81.0,81.0,81.0,81.0,81.0,81.0,81.0,81.0,81.0,81.0,81.0,81.0,76,81,0.0,81,0.0,76,0.0,77,0.0,78,0.0,78,0.0,77,0.0,77,6.0,81,0.0,,,,,,,76,0.0,81,0.0,77,0.0,78,0.0,78,0.0,76.0,0.0
j60,j6035_6,j6035_6.sm,83.0,88.0,79.0,79.0,91.0,96.0,79.0,107.0,99.0,81.0,81.0,81.0,81.0,81.0,81.0,79.0,79.0,79.0,83.0,79.0,88.0,107.0,89.0,80.0,93.0,88.0,80.0,88.0,93.0,89.0,94.0,93.0,79.0,79.0,79.0,79.0,88.0,93.0,93.0,93.0,89.0,93.0,89.0,89.0,79,83,0.0,88,0.0,79,0.0,79,0.0,91,0.0,85,11.0,79,0.0,79,20.0,81,0.0,,,,,,,79,0.0,83,0.0,79,0.0,88,0.0,107,0.0,79.0,0.0
j60,j6035_7,j6035_7.sm,73.0,73.0,73.0,77.0,83.0,85.0,77.0,98.0,98.0,94.0,73.0,85.0,85.0,73.0,77.0,73.0,73.0,77.0,79.0,77.0,98.0,87.0,73.0,73.0,73.0,73.0,73.0,73.0,73.0,73.0,73.0,73.0,73.0,73.0,73.0,73.0,73.0,73.0,73.0,73.0,73.0,73.0,73.0,73.0,73,73,0.0,73,0.0,73,0.0,77,0.0,83,0.0,81,4.0,77,0.0,81,17.0,94,0.0,,,,,,,77,0.0,79,0.0,77,0.0,98,0.0,87,0.0,73.0,0.0
j60,j6035_8,j6035_8.sm,82.0,85.0,78.0,78.0,93.0,81.0,78.0,85.0,85.0,78.0,81.0,78.0,78.0,81.0,78.0,78.0,78.0,78.0,81.0,78.0,107.0,107.0,82.0,82.0,82.0,82.0,82.0,82.0,82.0,82.0,82.0,82.0,82.0,82.0,82.0,82.0,82.0,82.0,82.0,82.0,82.0,82.0,82.0,82.0,78,82,0.0,85,0.0,78,0.0,78,0.0,93,0.0,81,0.0,78,0.0,78,7.0,78,0.0,,,,,,,78,0.0,81,0.0,78,0.0,107,0.0,107,0.0,78.0,0.0
j60,j6035_9,j6035_9.sm,78.0,85.0,76.0,76.0,91.0,78.0,80.0,82.0,91.0,83.0,78.0,88.0,88.0,78.0,76.0,76.0,76.0,76.0,85.0,76.0,81.0,91.0,78.0,78.0,78.0,78.0,78.0,78.0,78.0,78.0,78.0,78.0,78.0,78.0,78.0,78.0,78.0,78.0,78.0,78.0,78.0,78.0,78.0,78.0,76,78,0.0,85,0.0,76,0.0,76,0.0,91,0.0,84,-6.0,80,0.0,78,13.0,83,0.0,,,,,,,76,0.0,85,0.0,76,0.0,81,0.0,91,0.0,76.0,0.0
j60,j6036_1,j6036_1.sm,61.0,61.0,61.0,61.0,61.0,61.0,61.0,61.0,61.0,61.0,61.0,61.0,61.0,61.0,61.0,61.0,61.0,61.0,61.0,61.0,61.0,61.0,61.0,61.0,61.0,61.0,61.0,61.0,61.0,61.0,61.0,61.0,61.0,61.0,61.0,61.0,61.0,61.0,61.0,61.0,61.0,61.0,61.0,61.0,61,61,0.0,61,0.0,61,0.0,61,0.0,61,0.0,61,0.0,61,0.0,61,0.0,61,0.0,,,,,,,61,0.0,61,0.0,61,0.0,61,0.0,61,0.0,61.0,0.0
j60,j6036_10,j6036_10.sm,77.0,77.0,77.0,77.0,77.0,77.0,77.0,77.0,77.0,77.0,77.0,77.0,77.0,77.0,77.0,77.0,77.0,77.0,77.0,77.0,77.0,77.0,77.0,77.0,77.0,77.0,77.0,77.0,77.0,77.0,77.0,77.0,77.0,77.0,77.0,77.0,77.0,77.0,77.0,77.0,77.0,77.0,77.0,77.0,77,77,0.0,77,0.0,77,0.0,77,0.0,77,0.0,77,0.0,77,0.0,77,0.0,77,0.0,,,,,,,77,0.0,77,0.0,77,0.0,77,0.0,77,0.0,77.0,0.0
j60,j6036_2,j6036_2.sm,75.0,75.0,75.0,75.0,75.0,75.0,75.0,75.0,75.0,75.0,75.0,75.0,75.0,75.0,75.0,75.0,75.0,75.0,75.0,75.0,75.0,75.0,75.0,75.0,75.0,75.0,75.0,75.0,75.0,75.0,75.0,75.0,75.0,75.0,75.0,75.0,75.0,75.0,75.0,75.0,75.0,75.0,75.0,75.0,75,75,0.0,75,0.0,75,0.0,75,0.0,75,0.0,75,0.0,75,0.0,75,0.0,75,0.0,,,,,,,75,0.0,75,0.0,75,0.0,75,0.0,75,0.0,75.0,0.0
j60,j6036_3,j6036_3.sm,81.0,81.0,81.0,81.0,81.0,81.0,81.0,81.0,81.0,81.0,81.0,81.0,81.0,81.0,81.0,81.0,81.0,81.0,81.0,81.0,81.0,81.0,81.0,81.0,81.0,81.0,81.0,81.0,81.0,81.0,81.0,81.0,81.0,81.0,81.0,81.0,81.0,81.0,81.0,81.0,81.0,81.0,81.0,81.0,81,81,0.0,81,0.0,81,0.0,81,0.0,81,0.0,81,0.0,81,0.0,81,0.0,81,0.0,,,,,,,81,0.0,81,0.0,81,0.0,81,0.0,81,0.0,81.0,0.0
j60,j6036_4,j6036_4.sm,85.0,85.0,85.0,85.0,85.0,85.0,85.0,85.0,85.0,85.0,85.0,85.0,85.0,85.0,85.0,85.0,85.0,85.0,85.0,85.0,85.0,85.0,85.0,85.0,85.0,85.0,85.0,85.0,85.0,85.0,85.0,85.0,85.0,85.0,85.0,85.0,85.0,85.0,85.0,85.0,85.0,85.0,85.0,85.0,85,85,0.0,85,0.0,85,0.0,85,0.0,85,0.0,85,0.0,85,0.0,85,0.0,85,0.0,,,,,,,85,0.0,85,0.0,85,0.0,85,0.0,85,0.0,85.0,0.0
j60,j6036_5,j6036_5.sm,57.0,57.0,57.0,57.0,57.0,57.0,57.0,57.0,57.0,57.0,57.0,57.0,57.0,57.0,57.0,57.0,57.0,57.0,57.0,57.0,57.0,57.0,57.0,57.0,57.0,57.0,57.0,57.0,57.0,57.0,57.0,57.0,57.0,57.0,57.0,57.0,57.0,57.0,57.0,57.0,57.0,57.0,57.0,57.0,57,57,0.0,57,0.0,57,0.0,57,0.0,57,0.0,57,0.0,57,0.0,57,0.0,57,0.0,,,,,,,57,0.0,57,0.0,57,0.0,57,0.0,57,0.0,57.0,0.0
j60,j6036_6,j6036_6.sm,76.0,76.0,76.0,76.0,76.0,76.0,76.0,76.0,76.0,76.0,76.0,76.0,76.0,76.0,76.0,76.0,76.0,76.0,76.0,76.0,76.0,76.0,76.0,76.0,76.0,76.0,76.0,76.0,76.0,76.0,76.0,76.0,76.0,76.0,76.0,76.0,76.0,76.0,76.0,76.0,76.0,76.0,76.0,76.0,76,76,0.0,76,0.0,76,0.0,76,0.0,76,0.0,76,0.0,76,0.0,76,0.0,76,0.0,,,,,,,76,0.0,76,0.0,76,0.0,76,0.0,76,0.0,76.0,0.0
j60,j6036_7,j6036_7.sm,71.0,71.0,71.0,71.0,71.0,71.0,71.0,71.0,71.0,71.0,71.0,71.0,71.0,71.0,71.0,71.0,71.0,71.0,71.0,71.0,71.0,71.0,71.0,71.0,71.0,71.0,71.0,71.0,71.0,71.0,71.0,71.0,71.0,71.0,71.0,71.0,71.0,71.0,71.0,71.0,71.0,71.0,71.0,71.0,71,71,0.0,71,0.0,71,0.0,71,0.0,71,0.0,71,0.0,71,0.0,71,0.0,71,0.0,,,,,,,71,0.0,71,0.0,71,0.0,71,0.0,71,0.0,71.0,0.0
j60,j6036_8,j6036_8.sm,69.0,69.0,69.0,69.0,69.0,69.0,69.0,69.0,69.0,69.0,69.0,69.0,69.0,69.0,69.0,69.0,69.0,69.0,69.0,69.0,69.0,69.0,69.0,69.0,69.0,69.0,69.0,69.0,69.0,69.0,69.0,69.0,69.0,69.0,69.0,69.0,69.0,69.0,69.0,69.0,69.0,69.0,69.0,69.0,69,69,0.0,69,0.0,69,0.0,69,0.0,69,0.0,69,0.0,69,0.0,69,0.0,69,0.0,,,,,,,69,0.0,69,0.0,69,0.0,69,0.0,69,0.0,69.0,0.0
j60,j6036_9,j6036_9.sm,86.0,86.0,86.0,86.0,86.0,86.0,86.0,86.0,86.0,86.0,86.0,86.0,86.0,86.0,86.0,86.0,86.0,86.0,86.0,86.0,86.0,86.0,86.0,86.0,86.0,86.0,86.0,86.0,86.0,86.0,86.0,86.0,86.0,86.0,86.0,86.0,86.0,86.0,86.0,86.0,86.0,86.0,86.0,86.0,86,86,0.0,86,0.0,86,0.0,86,0.0,86,0.0,86,0.0,86,0.0,86,0.0,86,0.0,,,,,,,86,0.0,86,0.0,86,0.0,86,0.0,86,0.0,86.0,0.0
j60,j6037_1,j6037_1.sm,117.0,126.0,111.0,110.0,139.0,127.0,117.0,119.0,118.0,122.0,113.0,132.0,138.0,124.0,124.0,105.0,114.0,112.0,123.0,110.0,127.0,132.0,113.0,114.0,106.0,103.0,122.0,119.0,106.0,119.0,124.0,105.0,105.0,114.0,114.0,109.0,105.0,106.0,106.0,102.0,115.0,106.0,133.0,111.0,97,117,0.0,126,0.0,111,0.0,110,0.0,139,0.0,119,8.0,117,0.0,118,0.0,122,0.0,,,,,,,112,0.0,120,3.0,110,0.0,127,0.0,132,0.0,102.0,5.0
j60,j6037_10,j6037_10.sm,126.0,135.0,123.0,108.0,161.0,139.0,118.0,127.0,130.0,121.0,134.0,123.0,119.0,121.0,145.0,115.0,119.0,106.0,128.0,110.0,144.0,151.0,128.0,121.0,110.0,110.0,126.0,127.0,111.0,124.0,126.0,134.0,120.0,142.0,117.0,116.0,112.0,110.0,110.0,110.0,125.0,112.0,115.0,140.0,96,126,0.0,135,0.0,123,0.0,108,0.0,161,0.0,119,20.0,118,0.0,121,9.0,121,0.0,,,,,,,106,0.0,128,0.0,110,0.0,144,0.0,151,0.0,106.0,10.0
j60,j6037_2,j6037_2.sm,110.0,114.0,108.0,116.0,122.0,123.0,108.0,122.0,123.0,120.0,117.0,128.0,127.0,111.0,128.0,107.0,108.0,117.0,118.0,113.0,128.0,139.0,110.0,112.0,115.0,115.0,122.0,115.0,104.0,119.0,119.0,120.0,109.0,111.0,106.0,110.0,112.0,115.0,115.0,111.0,114.0,111.0,116.0,122.0,95,110,0.0,114,0.0,108,0.0,116,0.0,122,0.0,135,-12.0,108,0.0,115,8.0,120,0.0,,,,,,,117,0.0,118,0.0,113,0.0,128,0.0,139,0.0,104.0,9.0
j60,j6037_3,j6037_3.sm,178.0,181.0,163.0,166.0,178.0,179.0,158.0,198.0,211.0,174.0,189.0,182.0,181.0,173.0,194.0,172.0,163.0,159.0,181.0,157.0,187.0,203.0,174.0,178.0,155.0,157.0,175.0,182.0,157.0,190.0,212.0,174.0,176.0,181.0,160.0,171.0,166.0,155.0,151.0,166.0,175.0,159.0,207.0,200.0,139,178,0.0,181,0.0,163,0.0,166,0.0,178,0.0,183,-4.0,158,0.0,192,19.0,174,0.0,,,,,,,159,0.0,181,0.0,157,0.0,187,0.0,203,0.0,151.0,12.0
j60,j6037_4,j6037_4.sm,124.0,131.0,128.0,132.0,154.0,158.0,124.0,148.0,132.0,128.0,126.0,120.0,129.0,127.0,129.0,121.0,128.0,116.0,127.0,120.0,161.0,144.0,127.0,118.0,121.0,128.0,126.0,130.0,123.0,133.0,133.0,123.0,122.0,111.0,123.0,123.0,127.0,128.0,112.0,123.0,123.0,121.0,133.0,137.0,101,124,0.0,131,0.0,128,0.0,132,0.0,154,0.0,140,18.0,124,0.0,135,-3.0,128,0.0,,,,,,,116,0.0,127,0.0,120,0.0,161,0.0,144,0.0,111.0,10.0
j60,j6037_5,j6037_5.sm,128.0,130.0,112.0,105.0,144.0,133.0,119.0,121.0,121.0,132.0,125.0,143.0,124.0,123.0,149.0,115.0,115.0,115.0,124.0,113.0,139.0,148.0,114.0,129.0,112.0,110.0,127.0,131.0,113.0,129.0,141.0,127.0,110.0,115.0,118.0,111.0,113.0,108.0,108.0,111.0,115.0,104.0,123.0,114.0,98,128,0.0,130,0.0,112,0.0,105,0.0,144,0.0,133,0.0,119,0.0,124,-3.0,132,0.0,,,,,,,115,0.0,124,0.0,113,0.0,139,0.0,148,0.0,104.0,6.0
j60,j6037_6,j6037_6.sm,126.0,124.0,118.0,116.0,128.0,149.0,111.0,140.0,127.0,130.0,126.0,148.0,138.0,118.0,116.0,120.0,121.0,122.0,126.0,120.0,147.0,137.0,111.0,112.0,120.0,117.0,113.0,142.0,119.0,151.0,118.0,122.0,116.0,122.0,116.0,115.0,119.0,123.0,126.0,120.0,127.0,113.0,130.0,118.0,102,126,0.0,124,0.0,118,0.0,116,0.0,128,0.0,134,15.0,111,0.0,129,-2.0,130,0.0,,,,,,,118,4.0,126,0.0,120,0.0,147,0.0,137,0.0,111.0,9.0
j60,j6037_7,j6037_7.sm,135.0,142.0,136.0,142.0,169.0,149.0,134.0,175.0,169.0,155.0,151.0,140.0,141.0,135.0,167.0,137.0,140.0,138.0,141.0,136.0,168.0,155.0,131.0,134.0,128.0,134.0,129.0,126.0,130.0,157.0,158.0,136.0,135.0,134.0,131.0,129.0,128.0,128.0,128.0,129.0,137.0,127.0,144.0,142.0,110,135,0.0,142,0.0,136,0.0,142,0.0,169,0.0,135,14.0,134,0.0,135,34.0,155,0.0,,,,,,,138,0.0,141,0.0,136,0.0,168,0.0,155,0.0,126.0,16.0
j60,j6037_8,j6037_8.sm,117.0,141.0,108.0,105.0,145.0,123.0,108.0,137.0,135.0,130.0,125.0,134.0,136.0,117.0,130.0,104.0,107.0,115.0,114.0,114.0,130.0,144.0,117.0,109.0,101.0,96.0,122.0,110.0,100.0,116.0,127.0,109.0,115.0,114.0,121.0,110.0,101.0,100.0,102.0,106.0,115.0,103.0,122.0,114.0,93,117,0.0,141,0.0,108,0.0,105,0.0,145,0.0,116,7.0,108,0.0,119,16.0,130,0.0,,,,,,,115,0.0,117,-3.0,114,0.0,130,0.0,144,0.0,96.0,3.0
j60,j6037_9,j6037_9.sm,128.0,128.0,107.0,108.0,151.0,149.0,111.0,139.0,161.0,134.0,119.0,128.0,134.0,121.0,140.0,115.0,107.0,119.0,125.0,110.0,153.0,180.0,127.0,122.0,110.0,121.0,100.0,130.0,108.0,138.0,146.0,138.0,124.0,113.0,115.0,125.0,120.0,110.0,110.0,113.0,117.0,107.0,152.0,149.0,96,128,0.0,128,0.0,107,0.0,108,0.0,151,0.0,121,28.0,111,0.0,124,37.0,134,0.0,,,,,,,119,0.0,125,0.0,110,0.0,153,0.0,180,0.0,100.0,4.0
j60,j6038_1,j6038_1.sm,82.0,83.0,75.0,73.0,93.0,95.0,75.0,92.0,92.0,92.0,81.0,81.0,92.0,88.0,73.0,73.0,73.0,74.0,88.0,73.0,94.0,98.0,82.0,84.0,81.0,81.0,85.0,83.0,81.0,85.0,85.0,86.0,84.0,87.0,85.0,84.0,81.0,81.0,81.0,79.0,87.0,81.0,85.0,93.0,73,82,0.0,83,0.0,75,0.0,73,0.0,93,0.0,92,3.0,75,0.0,96,-4.0,92,0.0,,,,,,,74,0.0,88,0.0,73,0.0,94,0.0,98,0.0,73.0,0.0
j60,j6038_10,j6038_10.sm,74.0,75.0,71.0,69.0,86.0,82.0,72.0,90.0,85.0,84.0,84.0,85.0,85.0,81.0,69.0,71.0,71.0,73.0,72.0,73.0,83.0,92.0,72.0,75.0,67.0,70.0,75.0,74.0,69.0,72.0,74.0,72.0,71.0,71.0,74.0,70.0,70.0,67.0,67.0,68.0,73.0,68.0,74.0,77.0,66,74,0.0,75,0.0,71,0.0,69,0.0,86,0.0,76,6.0,72,0.0,74,11.0,84,0.0,,,,,,,73,0.0,72,0.0,73,0.0,83,0.0,92,0.0,67.0,1.0
j60,j6038_2,j6038_2.sm,93.0,89.0,81.0,85.0,101.0,109.0,87.0,108.0,96.0,108.0,98.0,101.0,104.0,97.0,85.0,87.0,82.0,90.0,95.0,85.0,112.0,118.0,85.0,88.0,81.0,86.0,89.0,86.0,86.0,92.0,94.0,88.0,83.0,89.0,87.0,91.0,81.0,82.0,81.0,88.0,87.0,83.0,92.0,92.0,76,93,0.0,89,0.0,81,0.0,85,0.0,101,0.0,103,6.0,87,0.0,96,0.0,108,0.0,,,,,,,90,0.0,95,0.0,85,0.0,112,0.0,118,0.0,81.0,5.0
j60,j6038_3,j6038_3.sm,86.0,89.0,88.0,87.0,99.0,105.0,91.0,88.0,92.0,97.0,84.0,102.0,92.0,91.0,87.0,88.0,88.0,89.0,88.0,89.0,95.0,101.0,87.0,84.0,84.0,84.0,85.0,85.0,84.0,85.0,85.0,85.0,85.0,83.0,82.0,84.0,84.0,84.0,84.0,84.0,84.0,84.0,88.0,87.0,77,86,0.0,89,0.0,88,0.0,87,0.0,99,0.0,97,8.0,91,0.0,95,-3.0,97,0.0,,,,,,,89,0.0,88,0.0,89,0.0,95,0.0,101,0.0,82.0,5.0
j60,j6038_4,j6038_4.sm,65.0,67.0,62.0,63.0,85.0,77.0,69.0,87.0,91.0,88.0,76.0,76.0,76.0,68.0,63.0,62.0,62.0,68.0,65.0,64.0,78.0,96.0,64.0,66.0,61.0,61.0,67.0,69.0,64.0,67.0,72.0,82.0,63.0,67.0,64.0,69.0,61.0,61.0,61.0,62.0,65.0,62.0,78.0,86.0,58,65,0.0,67,0.0,62,0.0,63,0.0,85,0.0,76,1.0,69,0.0,65,26.0,88,0.0,,,,,,,68,0.0,65,0.0,65,-1.0,78,0.0,95,1.0,61.0,3.0
j60,j6038_5,j6038_5.sm,114.0,127.0,103.0,103.0,125.0,112.0,103.0,108.0,117.0,116.0,123.0,112.0,114.0,104.0,103.0,103.0,103.0,103.0,120.0,103.0,116.0,131.0,114.0,116.0,107.0,109.0,118.0,112.0,109.0,112.0,112.0,110.0,114.0,115.0,119.0,112.0,109.0,107.0,107.0,109.0,116.0,109.0,118.0,119.0,103,114,0.0,127,0.0,103,0.0,103,0.0,125,0.0,117,-5.0,103,0.0,107,10.0,116,0.0,,,,,,,103,0.0,120,0.0,103,0.0,116,0.0,131,0.0,103.0,0.0
j60,j6038_6,j6038_6.sm,106.0,102.0,90.0,89.0,104.0,97.0,93.0,105.0,92.0,102.0,97.0,102.0,102.0,99.0,89.0,90.0,86.0,91.0,99.0,91.0,119.0,118.0,99.0,102.0,95.0,95.0,102.0,103.0,95.0,101.0,96.0,104.0,101.0,104.0,102.0,100.0,95.0,95.0,95.0,95.0,95.0,95.0,100.0,104.0,86,106,0.0,102,0.0,90,0.0,89,0.0,104,0.0,108,-11.0,93,0.0,94,-2.0,102,0.0,,,,,,,91,0.0,99,0.0,91,0.0,119,0.0,118,0.0,86.0,0.0
j60,j6038_7,j6038_7.sm,81.0,93.0,77.0,78.0,95.0,102.0,82.0,87.0,90.0,86.0,87.0,87.0,86.0,86.0,78.0,77.0,77.0,83.0,93.0,82.0,86.0,102.0,84.0,83.0,79.0,79.0,83.0,83.0,79.0,90.0,87.0,89.0,89.0,89.0,89.0,82.0,79.0,79.0,79.0,79.0,85.0,79.0,90.0,92.0,74,81,0.0,93,0.0,77,0.0,78,0.0,95,0.0,86,16.0,82,0.0,90,0.0,86,0.0,,,,,,,80,3.0,93,0.0,82,0.0,86,0.0,102,0.0,77.0,3.0
j60,j6038_8,j6038_8.sm,80.0,94.0,75.0,80.0,95.0,100.0,85.0,108.0,97.0,93.0,90.0,82.0,88.0,83.0,80.0,75.0,75.0,78.0,77.0,78.0,109.0,104.0,77.0,83.0,74.0,77.0,83.0,86.0,77.0,85.0,85.0,84.0,83.0,79.0,88.0,82.0,78.0,74.0,74.0,82.0,77.0,80.0,83.0,97.0,71,80,0.0,94,0.0,75,0.0,80,0.0,95,0.0,87,13.0,85,0.0,97,0.0,93,0.0,,,,,,,78,0.0,77,0.0,81,-3.0,109,0.0,104,0.0,74.0,3.0
j60,j6038_9,j6038_9.sm,72.0,84.0,68.0,69.0,84.0,89.0,72.0,76.0,87.0,78.0,77.0,80.0,82.0,79.0,69.0,68.0,68.0,72.0,70.0,72.0,84.0,96.0,73.0,79.0,69.0,70.0,80.0,72.0,73.0,72.0,74.0,76.0,72.0,77.0,72.0,76.0,69.0,69.0,69.0,73.0,71.0,70.0,70.0,75.0,66,72,0.0,84,0.0,68,0.0,69,0.0,84,0.0,89,0.0,72,0.0,79,8.0,78,0.0,,,,,,,72,0.0,70,0.0,72,0.0,84,0.0,96,0.0,68.0,2.0
j60,j6039_1,j6039_1.sm,84.0,92.0,80.0,80.0,91.0,86.0,80.0,88.0,95.0,94.0,88.0,91.0,88.0,81.0,80.0,80.0,80.0,80.0,87.0,80.0,91.0,103.0,85.0,88.0,85.0,85.0,92.0,87.0,85.0,88.0,92.0,85.0,85.0,88.0,88.0,85.0,85.0,85.0,85.0,88.0,85.0,85.0,92.0,92.0,80,84,0.0,92,0.0,80,0.0,80,0.0,91,0.0,92,-6.0,80,0.0,82,13.0,94,0.0,,,,,,,80,0.0,87,0.0,80,0.0,91,0.0,103,0.0,80.0,0.0
j60,j6039_10,j6039_10.sm,77.0,83.0,74.0,74.0,74.0,84.0,74.0,91.0,90.0,76.0,74.0,82.0,90.0,74.0,74.0,74.0,74.0,74.0,77.0,74.0,91.0,91.0,74.0,76.0,74.0,74.0,78.0,75.0,74.0,75.0,75.0,74.0,74.0,74.0,74.0,74.0,74.0,74.0,74.0,74.0,77.0,74.0,75.0,75.0,74,77,0.0,83,0.0,74,0.0,74,0.0,74,0.0,75,9.0,74,0.0,74,16.0,76,0.0,,,,,,,74,0.0,77,0.0,74,0.0,91,0.0,91,0.0,74.0,0.0
j60,j6039_2,j6039_2.sm,84.0,89.0,84.0,84.0,88.0,88.0,84.0,87.0,89.0,86.0,84.0,84.0,85.0,88.0,84.0,84.0,84.0,84.0,89.0,84.0,100.0,105.0,84.0,86.0,84.0,84.0,86.0,84.0,84.0,85.0,88.0,84.0,84.0,89.0,85.0,84.0,84.0,84.0,84.0,84.0,89.0,84.0,89.0,92.0,84,84,0.0,89,0.0,84,0.0,84,0.0,88,0.0,95,-7.0,84,0.0,84,5.0,86,0.0,,,,,,,84,0.0,89,0.0,84,0.0,100,0.0,105,0.0,84.0,0.0
j60,j6039_3,j6039_3.sm,88.0,92.0,83.0,83.0,91.0,91.0,83.0,89.0,87.0,89.0,88.0,89.0,89.0,83.0,83.0,83.0,83.0,83.0,88.0,83.0,97.0,93.0,83.0,92.0,83.0,83.0,91.0,84.0,83.0,84.0,85.0,87.0,87.0,87.0,87.0,83.0,83.0,83.0,83.0,83.0,88.0,83.0,84.0,88.0,83,88,0.0,92,0.0,83,0.0,83,0.0,91,0.0,90,1.0,83,0.0,90,-3.0,89,0.0,,,,,,,83,0.0,88,0.0,83,0.0,97,0.0,93,0.0,83.0,0.0
j60,j6039_4,j6039_4.sm,99.0,99.0,92.0,92.0,110.0,108.0,96.0,103.0,115.0,92.0,92.0,99.0,97.0,107.0,92.0,92.0,92.0,96.0,96.0,97.0,110.0,115.0,93.0,101.0,92.0,92.0,106.0,95.0,96.0,96.0,94.0,93.0,92.0,93.0,97.0,93.0,92.0,92.0,92.0,92.0,95.0,92.0,95.0,94.0,92,99,0.0,99,0.0,92,0.0,92,0.0,110,0.0,110,-2.0,96,0.0,105,10.0,92,0.0,,,,,,,97,-1.0,96,0.0,97,0.0,110,0.0,115,0.0,92.0,0.0
j60,j6039_5,j6039_5.sm,75.0,78.0,74.0,75.0,85.0,81.0,77.0,81.0,80.0,74.0,80.0,74.0,74.0,81.0,75.0,74.0,74.0,79.0,76.0,76.0,86.0,89.0,75.0,77.0,73.0,73.0,77.0,76.0,77.0,76.0,75.0,76.0,77.0,77.0,77.0,76.0,73.0,73.0,73.0,76.0,77.0,73.0,74.0,77.0,73,75,0.0,78,0.0,74,0.0,75,0.0,85,0.0,82,-1.0,77,0.0,80,0.0,74,0.0,,,,,,,79,0.0,76,0.0,76,0.0,86,0.0,89,0.0,73.0,0.0
j60,j6039_6,j6039_6.sm,94.0,97.0,85.0,87.0,101.0,98.0,91.0,91.0,98.0,92.0,90.0,87.0,93.0,87.0,87.0,85.0,85.0,89.0,103.0,86.0,95.0,113.0,94.0,95.0,86.0,89.0,93.0,94.0,86.0,98.0,98.0,86.0,86.0,86.0,94.0,86.0,86.0,86.0,86.0,86.0,102.0,86.0,96.0,105.0,84,94,0.0,97,0.0,85,0.0,87,0.0,101,0.0,100,-2.0,91,0.0,87,11.0,92,0.0,,,,,,,89,0.0,103,0.0,86,0.0,95,0.0,113,0.0,85.0,1.0
j60,j6039_7,j6039_7.sm,72.0,71.0,68.0,68.0,70.0,71.0,69.0,92.0,90.0,76.0,69.0,72.0,76.0,77.0,68.0,68.0,68.0,68.0,71.0,68.0,75.0,78.0,72.0,70.0,69.0,69.0,70.0,71.0,69.0,70.0,71.0,70.0,71.0,71.0,71.0,69.0,69.0,69.0,69.0,69.0,70.0,69.0,69.0,71.0,68,72,0.0,71,0.0,68,0.0,68,0.0,70,0.0,76,-5.0,69,0.0,77,13.0,76,0.0,,,,,,,68,0.0,71,0.0,68,0.0,75,0.0,78,0.0,68.0,0.0
j60,j6039_8,j6039_8.sm,80.0,83.0,77.0,77.0,81.0,80.0,77.0,87.0,78.0,84.0,83.0,83.0,83.0,84.0,77.0,77.0,77.0,77.0,84.0,77.0,87.0,83.0,80.0,83.0,77.0,77.0,83.0,81.0,77.0,83.0,83.0,79.0,83.0,83.0,80.0,77.0,77.0,77.0,77.0,77.0,83.0,77.0,82.0,83.0,77,80,0.0,83,0.0,77,0.0,77,0.0,81,0.0,77,3.0,77,0.0,83,-5.0,84,0.0,,,,,,,77,0.0,84,0.0,77,0.0,87,0.0,83,0.0,77.0,0.0
j60,j6039_9,j6039_9.sm,73.0,75.0,72.0,72.0,78.0,73.0,72.0,79.0,73.0,75.0,73.0,75.0,76.0,73.0,72.0,72.0,72.0,72.0,73.0,72.0,73.0,79.0,73.0,74.0,72.0,73.0,74.0,73.0,72.0,73.0,73.0,74.0,74.0,74.0,74.0,74.0,72.0,72.0,72.0,72.0,73.0,72.0,74.0,75.0,72,73,0.0,75,0.0,72,0.0,72,0.0,78,0.0,73,0.0,72,0.0,74,-1.0,75,0.0,,,,,,,72,0.0,73,0.0,72,0.0,73,0.0,79,0.0,72.0,0.0
j60,j603_1,j603_1.sm,60.0,60.0,60.0,60.0,62.0,72.0,60.0,61.0,72.0,61.0,62.0,60.0,60.0,62.0,60.0,60.0,60.0,60.0,64.0,60.0,64.0,76.0,60.0,60.0,60.0,60.0,60.0,62.0,60.0,63.0,63.0,60.0,60.0,60.0,60.0,60.0,60.0,60.0,60.0,60.0,64.0,60.0,63.0,64.0,60,60,0.0,60,0.0,60,0.0,60,0.0,62,0.0,61,11.0,60,0.0,61,11.0,61,0.0,,,,,,,60,0.0,64,0.0,60,0.0,64,0.0,76,0.0,60.0,0.0
j60,j603_10,j603_10.sm,74.0,74.0,75.0,73.0,82.0,76.0,73.0,78.0,70.0,72.0,70.0,76.0,76.0,70.0,73.0,73.0,73.0,74.0,75.0,74.0,70.0,86.0,74.0,74.0,72.0,72.0,72.0,73.0,74.0,73.0,73.0,73.0,72.0,73.0,73.0,72.0,72.0,72.0,72.0,72.0,74.0,72.0,73.0,74.0,69,74,0.0,74,0.0,75,0.0,73,0.0,82,0.0,78,-2.0,73,0.0,69,1.0,72,0.0,,,,,,,74,0.0,75,0.0,74,0.0,70,0.0,86,0.0,70.0,1.0
j60,j603_2,j603_2.sm,69.0,69.0,69.0,69.0,74.0,69.0,69.0,71.0,73.0,73.0,69.0,73.0,73.0,69.0,69.0,69.0,69.0,69.0,69.0,69.0,69.0,69.0,69.0,69.0,69.0,69.0,69.0,69.0,69.0,69.0,69.0,69.0,69.0,69.0,69.0,69.0,69.0,69.0,69.0,69.0,69.0,69.0,69.0,69.0,69,69,0.0,69,0.0,69,0.0,69,0.0,74,0.0,69,0.0,69,0.0,73,0.0,73,0.0,,,,,,,69,0.0,69,0.0,69,0.0,69,0.0,69,0.0,69.0,0.0
j60,j603_3,j603_3.sm,105.0,106.0,105.0,105.0,112.0,106.0,105.0,105.0,105.0,105.0,105.0,105.0,105.0,105.0,105.0,105.0,105.0,105.0,106.0,105.0,105.0,113.0,105.0,106.0,105.0,105.0,106.0,105.0,105.0,105.0,105.0,105.0,105.0,105.0,105.0,105.0,105.0,105.0,105.0,105.0,106.0,105.0,105.0,106.0,105,105,0.0,106,0.0,105,0.0,105,0.0,112,0.0,111,-5.0,105,0.0,106,-1.0,105,0.0,,,,,,,105,0.0,106,0.0,105,0.0,105,0.0,113,0.0,105.0,0.0
j60,j603_4,j603_4.sm,83.0,83.0,81.0,81.0,93.0,88.0,81.0,88.0,88.0,83.0,81.0,93.0,93.0,81.0,81.0,81.0,81.0,81.0,83.0,81.0,91.0,93.0,83.0,83.0,83.0,83.0,83.0,91.0,83.0,83.0,92.0,85.0,83.0,83.0,83.0,83.0,83.0,83.0,83.0,83.0,83.0,83.0,92.0,92.0,81,83,0.0,83,0.0,81,0.0,81,0.0,93,0.0,83,5.0,81,0.0,90,-2.0,83,0.0,,,,,,,81,0.0,83,0.0,81,0.0,91,0.0,93,0.0,81.0,0.0
j60,j603_5,j603_5.sm,88.0,87.0,83.0,83.0,91.0,89.0,83.0,86.0,86.0,83.0,83.0,83.0,83.0,83.0,83.0,83.0,83.0,83.0,85.0,83.0,86.0,96.0,88.0,84.0,84.0,84.0,84.0,83.0,84.0,83.0,90.0,89.0,83.0,84.0,84.0,83.0,84.0,84.0,84.0,84.0,83.0,84.0,90.0,86.0,83,88,0.0,87,0.0,83,0.0,83,0.0,91,0.0,89,0.0,83,0.0,83,3.0,83,0.0,,,,,,,83,0.0,85,0.0,83,0.0,86,0.0,96,0.0,83.0,0.0
j60,j603_6,j603_6.sm,61.0,63.0,57.0,57.0,65.0,66.0,63.0,68.0,65.0,61.0,68.0,60.0,60.0,68.0,57.0,57.0,57.0,57.0,60.0,57.0,68.0,61.0,59.0,60.0,59.0,59.0,60.0,58.0,60.0,58.0,59.0,58.0,60.0,58.0,58.0,60.0,59.0,59.0,59.0,59.0,60.0,59.0,60.0,58.0,57,61,0.0,63,0.0,57,0.0,57,0.0,65,0.0,67,-1.0,63,0.0,58,7.0,61,0.0,,,,,,,57,0.0,60,0.0,57,0.0,68,0.0,61,0.0,57.0,0.0
j60,j603_7,j603_7.sm,59.0,59.0,61.0,59.0,72.0,70.0,59.0,80.0,72.0,59.0,59.0,59.0,59.0,59.0,59.0,61.0,61.0,61.0,61.0,59.0,67.0,89.0,59.0,59.0,59.0,59.0,59.0,59.0,59.0,59.0,59.0,59.0,59.0,59.0,59.0,59.0,59.0,59.0,59.0,59.0,59.0,59.0,59.0,59.0,59,59,0.0,59,0.0,61,0.0,59,0.0,72,0.0,59,11.0,59,0.0,59,13.0,59,0.0,,,,,,,61,0.0,61,0.0,59,0.0,67,0.0,89,0.0,59.0,0.0
j60,j603_8,j603_8.sm,58.0,60.0,56.0,58.0,71.0,68.0,57.0,67.0,65.0,65.0,59.0,60.0,60.0,59.0,58.0,58.0,56.0,58.0,61.0,58.0,60.0,66.0,59.0,58.0,59.0,57.0,57.0,64.0,57.0,56.0,64.0,64.0,58.0,58.0,58.0,58.0,57.0,57.0,57.0,57.0,59.0,57.0,56.0,56.0,55,58,0.0,60,0.0,56,0.0,58,0.0,71,0.0,58,10.0,57,0.0,65,0.0,65,0.0,,,,,,,58,0.0,61,0.0,58,0.0,60,0.0,66,0.0,56.0,1.0
j60,j603_9,j603_9.sm,67.0,70.0,69.0,69.0,72.0,86.0,69.0,77.0,76.0,77.0,70.0,69.0,69.0,70.0,67.0,69.0,69.0,69.0,67.0,69.0,88.0,80.0,67.0,68.0,67.0,67.0,67.0,68.0,67.0,69.0,67.0,68.0,67.0,68.0,68.0,67.0,67.0,67.0,67.0,67.0,67.0,67.0,67.0,67.0,67,67,0.0,70,0.0,69,0.0,69,0.0,72,0.0,77,9.0,69,0.0,84,-8.0,77,0.0,,,,,,,69,0.0,67,0.0,69,0.0,88,0.0,80,0.0,67.0,0.0
j60,j6040_1,j6040_1.sm,86.0,86.0,86.0,86.0,86.0,86.0,86.0,86.0,86.0,86.0,86.0,86.0,86.0,86.0,86.0,86.0,86.0,86.0,86.0,86.0,86.0,86.0,86.0,86.0,86.0,86.0,86.0,86.0,86.0,86.0,86.0,86.0,86.0,86.0,86.0,86.0,86.0,86.0,86.0,86.0,86.0,86.0,86.0,86.0,86,86,0.0,86,0.0,86,0.0,86,0.0,86,0.0,86,0.0,86,0.0,86,0.0,86,0.0,,,,,,,86,0.0,86,0.0,86,0.0,86,0.0,86,0.0,86.0,0.0
j60,j6040_10,j6040_10.sm,73.0,73.0,73.0,73.0,73.0,73.0,73.0,73.0,73.0,73.0,73.0,73.0,73.0,73.0,73.0,73.0,73.0,73.0,73.0,73.0,73.0,73.0,73.0,73.0,73.0,73.0,73.0,73.0,73.0,73.0,73.0,73.0,73.0,73.0,73.0,73.0,73.0,73.0,73.0,73.0,73.0,73.0,73.0,73.0,73,73,0.0,73,0.0,73,0.0,73,0.0,73,0.0,73,0.0,73,0.0,73,0.0,73,0.0,,,,,,,73,0.0,73,0.0,73,0.0,73,0.0,73,0.0,73.0,0.0
j60,j6040_2,j6040_2.sm,81.0,81.0,81.0,81.0,81.0,81.0,81.0,81.0,81.0,81.0,81.0,81.0,81.0,81.0,81.0,81.0,81.0,81.0,81.0,81.0,81.0,81.0,81.0,81.0,81.0,81.0,81.0,81.0,81.0,81.0,81.0,81.0,81.0,81.0,81.0,81.0,81.0,81.0,81.0,81.0,81.0,81.0,81.0,81.0,81,81,0.0,81,0.0,81,0.0,81,0.0,81,0.0,81,0.0,81,0.0,81,0.0,81,0.0,,,,,,,81,0.0,81,0.0,81,0.0,81,0.0,81,0.0,81.0,0.0
j60,j6040_3,j6040_3.sm,70.0,70.0,70.0,70.0,70.0,70.0,70.0,70.0,70.0,70.0,70.0,70.0,70.0,70.0,70.0,70.0,70.0,70.0,70.0,70.0,70.0,70.0,70.0,70.0,70.0,70.0,70.0,70.0,70.0,70.0,70.0,70.0,70.0,70.0,70.0,70.0,70.0,70.0,70.0,70.0,70.0,70.0,70.0,70.0,70,70,0.0,70,0.0,70,0.0,70,0.0,70,0.0,70,0.0,70,0.0,70,0.0,70,0.0,,,,,,,70,0.0,70,0.0,70,0.0,70,0.0,70,0.0,70.0,0.0
j60,j6040_4,j6040_4.sm,87.0,87.0,87.0,87.0,87.0,87.0,87.0,87.0,87.0,87.0,87.0,87.0,87.0,87.0,87.0,87.0,87.0,87.0,87.0,87.0,87.0,87.0,87.0,87.0,87.0,87.0,87.0,87.0,87.0,87.0,87.0,87.0,87.0,87.0,87.0,87.0,87.0,87.0,87.0,87.0,87.0,87.0,87.0,87.0,87,87,0.0,87,0.0,87,0.0,87,0.0,87,0.0,87,0.0,87,0.0,87,0.0,87,0.0,,,,,,,87,0.0,87,0.0,87,0.0,87,0.0,87,0.0,87.0,0.0
j60,j6040_5,j6040_5.sm,83.0,83.0,83.0,83.0,83.0,83.0,83.0,83.0,83.0,83.0,83.0,83.0,83.0,83.0,83.0,83.0,83.0,83.0,83.0,83.0,83.0,83.0,83.0,83.0,83.0,83.0,83.0,83.0,83.0,83.0,83.0,83.0,83.0,83.0,83.0,83.0,83.0,83.0,83.0,83.0,83.0,83.0,83.0,83.0,83,83,0.0,83,0.0,83,0.0,83,0.0,83,0.0,83,0.0,83,0.0,83,0.0,83,0.0,,,,,,,83,0.0,83,0.0,83,0.0,83,0.0,83,0.0,83.0,0.0
j60,j6040_6,j6040_6.sm,69.0,69.0,69.0,69.0,69.0,69.0,69.0,69.0,69.0,69.0,69.0,69.0,69.0,69.0,69.0,69.0,69.0,69.0,69.0,69.0,69.0,69.0,69.0,69.0,69.0,69.0,69.0,69.0,69.0,69.0,69.0,69.0,69.0,69.0,69.0,69.0,69.0,69.0,69.0,69.0,69.0,69.0,69.0,69.0,69,69,0.0,69,0.0,69,0.0,69,0.0,69,0.0,69,0.0,69,0.0,69,0.0,69,0.0,,,,,,,69,0.0,69,0.0,69,0.0,69,0.0,69,0.0,69.0,0.0
j60,j6040_7,j6040_7.sm,68.0,68.0,68.0,68.0,68.0,68.0,68.0,68.0,68.0,68.0,68.0,68.0,68.0,68.0,68.0,68.0,68.0,68.0,68.0,68.0,68.0,68.0,68.0,68.0,68.0,68.0,68.0,68.0,68.0,68.0,68.0,68.0,68.0,68.0,68.0,68.0,68.0,68.0,68.0,68.0,68.0,68.0,68.0,68.0,68,68,0.0,68,0.0,68,0.0,68,0.0,68,0.0,68,0.0,68,0.0,68,0.0,68,0.0,,,,,,,68,0.0,68,0.0,68,0.0,68,0.0,68,0.0,68.0,0.0
j60,j6040_8,j6040_8.sm,80.0,80.0,80.0,80.0,80.0,80.0,80.0,80.0,80.0,80.0,80.0,80.0,80.0,80.0,80.0,80.0,80.0,80.0,80.0,80.0,80.0,80.0,80.0,80.0,80.0,80.0,80.0,80.0,80.0,80.0,80.0,80.0,80.0,80.0,80.0,80.0,80.0,80.0,80.0,80.0,80.0,80.0,80.0,80.0,80,80,0.0,80,0.0,80,0.0,80,0.0,80,0.0,80,0.0,80,0.0,80,0.0,80,0.0,,,,,,,80,0.0,80,0.0,80,0.0,80,0.0,80,0.0,80.0,0.0
j60,j6040_9,j6040_9.sm,90.0,90.0,90.0,90.0,90.0,90.0,90.0,90.0,90.0,90.0,90.0,90.0,90.0,90.0,90.0,90.0,90.0,90.0,90.0,90.0,90.0,90.0,90.0,90.0,90.0,90.0,90.0,90.0,90.0,90.0,90.0,90.0,90.0,90.0,90.0,90.0,90.0,90.0,90.0,90.0,90.0,90.0,90.0,90.0,90,90,0.0,90,0.0,90,0.0,90,0.0,90,0.0,90,0.0,90,0.0,90,0.0,90,0.0,,,,,,,90,0.0,90,0.0,90,0.0,90,0.0,90,0.0,90.0,0.0
j60,j6041_1,j6041_1.sm,150.0,150.0,149.0,148.0,162.0,163.0,141.0,160.0,191.0,169.0,150.0,167.0,170.0,165.0,179.0,145.0,146.0,148.0,153.0,142.0,173.0,187.0,147.0,153.0,133.0,135.0,141.0,149.0,138.0,161.0,169.0,144.0,149.0,153.0,140.0,147.0,143.0,135.0,137.0,143.0,150.0,137.0,164.0,173.0,122,150,0.0,150,0.0,149,0.0,148,0.0,162,0.0,163,0.0,141,0.0,163,28.0,169,0.0,,,,,,,148,0.0,153,0.0,142,0.0,173,0.0,187,0.0,133.0,11.0
j60,j6041_10,j6041_10.sm,133.0,135.0,136.0,132.0,158.0,146.0,127.0,145.0,156.0,146.0,131.0,137.0,150.0,131.0,137.0,137.0,133.0,135.0,130.0,126.0,151.0,159.0,129.0,128.0,127.0,121.0,138.0,143.0,123.0,144.0,151.0,142.0,130.0,123.0,136.0,125.0,125.0,122.0,122.0,124.0,132.0,122.0,138.0,152.0,111,133,0.0,135,0.0,136,0.0,132,0.0,158,0.0,137,9.0,127,0.0,141,15.0,146,0.0,,,,,,,135,0.0,132,-2.0,126,0.0,151,0.0,159,0.0,121.0,10.0
j60,j6041_2,j6041_2.sm,136.0,147.0,129.0,131.0,150.0,144.0,128.0,151.0,144.0,142.0,140.0,143.0,159.0,147.0,157.0,130.0,129.0,134.0,140.0,131.0,142.0,162.0,143.0,135.0,131.0,126.0,136.0,141.0,126.0,132.0,138.0,138.0,137.0,130.0,131.0,132.0,140.0,132.0,131.0,123.0,129.0,125.0,135.0,132.0,113,136,0.0,147,0.0,129,0.0,131,0.0,150,0.0,154,-10.0,128,0.0,144,0.0,142,0.0,,,,,,,134,0.0,142,-2.0,131,0.0,142,0.0,162,0.0,123.0,10.0
j60,j6041_3,j6041_3.sm,123.0,132.0,120.0,122.0,131.0,135.0,116.0,151.0,136.0,127.0,129.0,145.0,130.0,127.0,138.0,123.0,123.0,124.0,131.0,118.0,151.0,141.0,115.0,115.0,120.0,112.0,123.0,126.0,109.0,131.0,132.0,130.0,119.0,117.0,132.0,122.0,120.0,119.0,119.0,122.0,116.0,115.0,125.0,131.0,98,123,0.0,132,0.0,120,0.0,122,0.0,131,0.0,130,5.0,116,0.0,122,14.0,127,0.0,,,,,,,125,-1.0,131,0.0,118,0.0,151,0.0,141,0.0,109.0,11.0
j60,j6041_4,j6041_4.sm,160.0,172.0,159.0,160.0,202.0,169.0,147.0,217.0,162.0,166.0,165.0,151.0,153.0,163.0,201.0,158.0,150.0,165.0,170.0,161.0,174.0,186.0,158.0,161.0,144.0,150.0,173.0,183.0,157.0,192.0,168.0,153.0,163.0,158.0,155.0,165.0,150.0,146.0,149.0,156.0,160.0,150.0,192.0,188.0,133,160,0.0,172,0.0,159,0.0,160,0.0,202,0.0,175,-6.0,147,0.0,158,4.0,166,0.0,,,,,,,165,0.0,170,0.0,161,0.0,174,0.0,186,0.0,144.0,11.0
j60,j6041_5,j6041_5.sm,139.0,137.0,135.0,141.0,160.0,157.0,139.0,172.0,159.0,159.0,149.0,161.0,156.0,141.0,156.0,133.0,130.0,137.0,149.0,135.0,175.0,164.0,135.0,135.0,124.0,135.0,157.0,150.0,129.0,158.0,154.0,151.0,138.0,130.0,132.0,143.0,141.0,127.0,126.0,135.0,135.0,126.0,168.0,166.0,115,139,0.0,137,0.0,135,0.0,141,0.0,160,0.0,152,5.0,139,0.0,147,12.0,159,0.0,,,,,,,138,-1.0,149,0.0,138,-3.0,175,0.0,164,0.0,124.0,9.0
j60,j6041_6,j6041_6.sm,155.0,168.0,161.0,163.0,180.0,187.0,157.0,174.0,171.0,170.0,164.0,163.0,174.0,166.0,191.0,159.0,159.0,158.0,163.0,155.0,185.0,174.0,156.0,158.0,152.0,157.0,163.0,161.0,155.0,175.0,168.0,166.0,164.0,153.0,161.0,155.0,169.0,149.0,146.0,151.0,161.0,147.0,161.0,179.0,134,155,0.0,168,0.0,161,0.0,163,0.0,180,0.0,169,18.0,157,0.0,163,8.0,170,0.0,,,,,,,158,0.0,163,0.0,155,0.0,185,0.0,174,0.0,146.0,12.0
j60,j6041_7,j6041_7.sm,164.0,169.0,161.0,161.0,177.0,203.0,161.0,181.0,173.0,204.0,178.0,170.0,178.0,169.0,197.0,165.0,156.0,167.0,170.0,165.0,187.0,191.0,163.0,167.0,153.0,154.0,162.0,176.0,161.0,175.0,177.0,179.0,177.0,165.0,171.0,161.0,166.0,161.0,156.0,162.0,159.0,159.0,172.0,191.0,132,164,0.0,169,0.0,161,0.0,161,0.0,177,0.0,182,21.0,161,0.0,186,-13.0,204,0.0,,,,,,,167,0.0,170,0.0,165,0.0,187,0.0,191,0.0,153.0,21.0
j60,j6041_8,j6041_8.sm,185.0,186.0,164.0,177.0,174.0,181.0,178.0,186.0,193.0,167.0,185.0,189.0,169.0,166.0,172.0,163.0,161.0,174.0,178.0,174.0,205.0,219.0,179.0,165.0,151.0,157.0,163.0,175.0,163.0,182.0,174.0,161.0,177.0,165.0,160.0,160.0,158.0,153.0,151.0,152.0,171.0,159.0,196.0,202.0,135,185,0.0,186,0.0,164,0.0,177,0.0,174,0.0,187,-6.0,178,0.0,179,14.0,167,0.0,,,,,,,174,0.0,178,0.0,174,0.0,205,0.0,219,0.0,151.0,16.0
j60,j6041_9,j6041_9.sm,156.0,157.0,153.0,154.0,212.0,189.0,148.0,199.0,202.0,182.0,163.0,174.0,186.0,166.0,196.0,159.0,154.0,171.0,166.0,161.0,207.0,202.0,149.0,155.0,152.0,151.0,172.0,169.0,147.0,178.0,186.0,180.0,163.0,158.0,177.0,163.0,157.0,149.0,155.0,146.0,152.0,154.0,175.0,181.0,131,156,0.0,157,0.0,153,0.0,154,0.0,212,0.0,188,1.0,148,0.0,195,7.0,182,0.0,,,,,,,171,0.0,166,0.0,161,0.0,208,-1.0,202,0.0,146.0,15.0
j60,j6042_1,j6042_1.sm,94.0,101.0,84.0,83.0,106.0,93.0,85.0,92.0,89.0,93.0,92.0,92.0,95.0,91.0,83.0,83.0,83.0,85.0,94.0,83.0,100.0,113.0,90.0,95.0,84.0,85.0,96.0,85.0,88.0,91.0,93.0,90.0,92.0,94.0,94.0,92.0,83.0,84.0,84.0,84.0,92.0,86.0,89.0,93.0,83,94,0.0,101,0.0,84,0.0,83,0.0,106,0.0,93,0.0,85,0.0,91,-2.0,93,0.0,,,,,,,86,-1.0,94,0.0,83,0.0,100,0.0,113,0.0,83.0,0.0
j60,j6042_10,j6042_10.sm,103.0,114.0,87.0,89.0,120.0,102.0,92.0,115.0,118.0,95.0,107.0,106.0,110.0,99.0,89.0,88.0,88.0,96.0,105.0,93.0,107.0,117.0,95.0,106.0,88.0,89.0,97.0,97.0,89.0,102.0,104.0,97.0,95.0,93.0,97.0,99.0,89.0,88.0,88.0,95.0,96.0,95.0,105.0,109.0,87,103,0.0,114,0.0,87,0.0,89,0.0,120,0.0,103,-1.0,92,0.0,92,26.0,95,0.0,,,,,,,95,1.0,105,0.0,93,0.0,107,0.0,117,0.0,87.0,0.0
j60,j6042_2,j6042_2.sm,77.0,86.0,69.0,69.0,80.0,76.0,68.0,92.0,88.0,85.0,81.0,86.0,81.0,79.0,69.0,69.0,69.0,69.0,74.0,69.0,82.0,98.0,78.0,84.0,71.0,69.0,76.0,83.0,68.0,86.0,82.0,84.0,79.0,73.0,75.0,72.0,69.0,71.0,70.0,75.0,78.0,75.0,80.0,77.0,68,77,0.0,86,0.0,69,0.0,69,0.0,80,0.0,76,0.0,68,0.0,81,7.0,85,0.0,,,,,,,70,-1.0,74,0.0,69,0.0,82,0.0,98,0.0,68.0,0.0
j60,j6042_3,j6042_3.sm,96.0,99.0,89.0,90.0,106.0,99.0,92.0,120.0,105.0,102.0,94.0,100.0,105.0,89.0,90.0,89.0,89.0,88.0,98.0,86.0,103.0,115.0,88.0,93.0,84.0,83.0,101.0,94.0,83.0,97.0,91.0,91.0,87.0,91.0,95.0,92.0,83.0,84.0,84.0,88.0,96.0,87.0,92.0,98.0,78,96,0.0,99,0.0,89,0.0,90,0.0,106,0.0,90,9.0,92,0.0,100,5.0,102,0.0,,,,,,,88,0.0,94,4.0,86,0.0,103,0.0,115,0.0,83.0,5.0
j60,j6042_4,j6042_4.sm,121.0,121.0,112.0,112.0,144.0,133.0,118.0,122.0,134.0,133.0,120.0,131.0,129.0,120.0,112.0,112.0,112.0,114.0,124.0,118.0,138.0,148.0,123.0,124.0,113.0,110.0,124.0,121.0,112.0,135.0,133.0,109.0,115.0,120.0,116.0,121.0,109.0,113.0,113.0,111.0,124.0,110.0,120.0,127.0,103,121,0.0,121,0.0,112,0.0,112,0.0,144,0.0,127,6.0,118,0.0,123,11.0,133,0.0,,,,,,,114,0.0,124,0.0,118,0.0,138,0.0,148,0.0,109.0,6.0
j60,j6042_5,j6042_5.sm,87.0,81.0,73.0,76.0,81.0,91.0,73.0,91.0,82.0,83.0,83.0,81.0,84.0,77.0,76.0,74.0,74.0,74.0,87.0,73.0,88.0,97.0,79.0,83.0,75.0,75.0,77.0,82.0,76.0,94.0,92.0,81.0,76.0,78.0,82.0,75.0,75.0,75.0,75.0,74.0,87.0,76.0,85.0,96.0,73,87,0.0,81,0.0,73,0.0,76,0.0,81,0.0,83,8.0,73,0.0,84,-2.0,83,0.0,,,,,,,74,0.0,87,0.0,73,0.0,88,0.0,97,0.0,73.0,0.0
j60,j6042_6,j6042_6.sm,100.0,106.0,82.0,82.0,105.0,125.0,95.0,112.0,127.0,110.0,106.0,108.0,101.0,92.0,82.0,86.0,86.0,85.0,95.0,85.0,124.0,133.0,92.0,93.0,85.0,95.0,95.0,94.0,97.0,102.0,118.0,103.0,102.0,102.0,94.0,99.0,95.0,87.0,92.0,92.0,98.0,88.0,96.0,99.0,82,100,0.0,106,0.0,82,0.0,82,0.0,105,0.0,100,25.0,95,0.0,104,23.0,110,0.0,,,,,,,85,0.0,95,0.0,85,0.0,124,0.0,133,0.0,82.0,0.0
j60,j6042_7,j6042_7.sm,69.0,74.0,66.0,71.0,83.0,73.0,69.0,83.0,75.0,68.0,72.0,78.0,80.0,70.0,71.0,67.0,67.0,66.0,66.0,63.0,70.0,86.0,69.0,68.0,61.0,64.0,72.0,66.0,67.0,72.0,73.0,65.0,63.0,70.0,70.0,64.0,64.0,63.0,61.0,64.0,64.0,61.0,71.0,70.0,59,69,0.0,74,0.0,66,0.0,71,0.0,83,0.0,78,-5.0,69,0.0,67,8.0,68,0.0,,,,,,,67,-1.0,66,0.0,63,0.0,70,0.0,86,0.0,61.0,2.0
j60,j6042_8,j6042_8.sm,96.0,104.0,90.0,91.0,115.0,105.0,91.0,112.0,113.0,96.0,95.0,107.0,112.0,98.0,91.0,90.0,90.0,99.0,97.0,91.0,125.0,124.0,94.0,101.0,87.0,96.0,100.0,102.0,91.0,106.0,103.0,103.0,96.0,101.0,103.0,99.0,87.0,93.0,87.0,95.0,95.0,94.0,99.0,107.0,82,96,0.0,104,0.0,90,0.0,91,0.0,115,0.0,102,3.0,91,0.0,96,17.0,96,0.0,,,,,,,99,0.0,98,-1.0,91,0.0,125,0.0,124,0.0,87.0,5.0
j60,j6042_9,j6042_9.sm,80.0,86.0,75.0,76.0,97.0,99.0,83.0,94.0,95.0,89.0,82.0,88.0,89.0,86.0,76.0,75.0,75.0,82.0,84.0,75.0,97.0,98.0,81.0,86.0,81.0,82.0,86.0,84.0,78.0,94.0,90.0,92.0,79.0,89.0,83.0,82.0,76.0,81.0,81.0,79.0,84.0,79.0,97.0,97.0,71,80,0.0,86,0.0,75,0.0,76,0.0,97,0.0,88,11.0,83,0.0,88,7.0,89,0.0,,,,,,,82,0.0,84,0.0,78,-3.0,97,0.0,98,0.0,75.0,4.0
j60,j6043_1,j6043_1.sm,115.0,116.0,108.0,108.0,122.0,119.0,108.0,116.0,111.0,117.0,115.0,114.0,112.0,114.0,108.0,108.0,108.0,108.0,116.0,108.0,108.0,130.0,115.0,114.0,108.0,108.0,119.0,116.0,108.0,120.0,117.0,114.0,111.0,116.0,112.0,110.0,108.0,108.0,108.0,109.0,113.0,108.0,113.0,129.0,108,115,0.0,116,0.0,108,0.0,108,0.0,122,0.0,118,1.0,108,0.0,122,-11.0,117,0.0,,,,,,,108,0.0,116,0.0,108,0.0,108,0.0,130,0.0,108.0,0.0
j60,j6043_10,j6043_10.sm,85.0,85.0,78.0,78.0,84.0,84.0,78.0,84.0,85.0,81.0,78.0,81.0,90.0,84.0,78.0,78.0,78.0,78.0,86.0,78.0,81.0,94.0,85.0,87.0,80.0,80.0,90.0,84.0,80.0,90.0,89.0,88.0,88.0,88.0,88.0,84.0,80.0,80.0,80.0,80.0,86.0,80.0,82.0,88.0,78,85,0.0,85,0.0,78,0.0,78,0.0,84,0.0,81,3.0,78,0.0,89,-4.0,81,0.0,,,,,,,78,0.0,86,0.0,78,0.0,81,0.0,94,0.0,78.0,0.0
j60,j6043_2,j6043_2.sm,95.0,99.0,85.0,85.0,102.0,90.0,87.0,111.0,101.0,96.0,104.0,99.0,104.0,90.0,85.0,85.0,85.0,85.0,90.0,85.0,100.0,107.0,88.0,89.0,87.0,87.0,88.0,93.0,85.0,89.0,94.0,85.0,89.0,85.0,85.0,88.0,87.0,87.0,87.0,87.0,89.0,87.0,90.0,90.0,85,95,0.0,99,0.0,85,0.0,85,0.0,102,0.0,89,1.0,87,0.0,91,10.0,96,0.0,,,,,,,85,0.0,90,0.0,85,0.0,100,0.0,107,0.0,85.0,0.0
j60,j6043_3,j6043_3.sm,76.0,77.0,74.0,74.0,74.0,79.0,74.0,84.0,82.0,74.0,76.0,78.0,74.0,74.0,74.0,74.0,74.0,74.0,76.0,74.0,81.0,84.0,76.0,74.0,78.0,74.0,75.0,78.0,79.0,75.0,75.0,76.0,76.0,76.0,76.0,76.0,74.0,78.0,78.0,79.0,74.0,74.0,75.0,74.0,74,76,0.0,77,0.0,74,0.0,74,0.0,74,0.0,85,-6.0,74,0.0,77,5.0,74,0.0,,,,,,,74,0.0,76,0.0,74,0.0,81,0.0,84,0.0,74.0,0.0
j60,j6043_4,j6043_4.sm,81.0,83.0,77.0,77.0,91.0,95.0,80.0,101.0,99.0,86.0,87.0,87.0,91.0,89.0,77.0,76.0,76.0,81.0,83.0,80.0,105.0,93.0,80.0,84.0,78.0,79.0,86.0,84.0,83.0,84.0,81.0,84.0,88.0,87.0,83.0,89.0,79.0,78.0,78.0,81.0,82.0,81.0,85.0,86.0,75,81,0.0,83,0.0,77,0.0,77,0.0,91,0.0,88,7.0,80,0.0,83,16.0,86,0.0,,,,,,,79,2.0,83,0.0,80,0.0,105,0.0,93,0.0,76.0,1.0
j60,j6043_5,j6043_5.sm,67.0,74.0,64.0,64.0,67.0,80.0,64.0,75.0,78.0,71.0,69.0,68.0,72.0,67.0,64.0,64.0,64.0,64.0,70.0,64.0,73.0,78.0,67.0,69.0,66.0,66.0,67.0,67.0,66.0,71.0,71.0,71.0,68.0,67.0,72.0,68.0,66.0,66.0,66.0,66.0,68.0,66.0,71.0,74.0,64,67,0.0,74,0.0,64,0.0,64,0.0,67,0.0,74,6.0,64,0.0,67,11.0,71,0.0,,,,,,,64,0.0,67,3.0,64,0.0,73,0.0,78,0.0,64.0,0.0
j60,j6043_6,j6043_6.sm,87.0,91.0,84.0,84.0,93.0,91.0,84.0,97.0,90.0,88.0,91.0,91.0,90.0,90.0,84.0,84.0,84.0,84.0,91.0,84.0,96.0,107.0,87.0,91.0,84.0,86.0,91.0,85.0,85.0,87.0,88.0,84.0,89.0,85.0,86.0,89.0,86.0,84.0,84.0,86.0,91.0,86.0,95.0,94.0,84,87,0.0,91,0.0,84,0.0,84,0.0,93,0.0,92,-1.0,84,0.0,84,6.0,88,0.0,,,,,,,84,0.0,91,0.0,84,0.0,96,0.0,107,0.0,84.0,0.0
j60,j6043_7,j6043_7.sm,95.0,102.0,89.0,89.0,115.0,89.0,92.0,90.0,90.0,92.0,93.0,91.0,96.0,89.0,89.0,89.0,89.0,89.0,94.0,89.0,89.0,104.0,94.0,96.0,91.0,90.0,96.0,95.0,90.0,95.0,93.0,93.0,95.0,93.0,97.0,95.0,90.0,90.0,90.0,91.0,94.0,91.0,98.0,98.0,89,95,0.0,102,0.0,89,0.0,89,0.0,115,0.0,99,-10.0,92,0.0,92,-2.0,92,0.0,,,,,,,89,0.0,94,0.0,89,0.0,89,0.0,104,0.0,89.0,0.0
j60,j6043_8,j6043_8.sm,73.0,71.0,69.0,69.0,74.0,71.0,69.0,74.0,69.0,73.0,75.0,74.0,74.0,77.0,69.0,69.0,69.0,69.0,71.0,69.0,71.0,80.0,73.0,71.0,69.0,69.0,71.0,71.0,69.0,72.0,69.0,70.0,72.0,71.0,71.0,71.0,69.0,69.0,69.0,69.0,71.0,69.0,70.0,71.0,69,73,0.0,71,0.0,69,0.0,69,0.0,74,0.0,74,-3.0,69,0.0,73,-4.0,73,0.0,,,,,,,69,0.0,71,0.0,69,0.0,71,0.0,80,0.0,69.0,0.0
j60,j6043_9,j6043_9.sm,77.0,80.0,73.0,70.0,95.0,82.0,73.0,80.0,80.0,80.0,81.0,80.0,80.0,79.0,70.0,75.0,75.0,70.0,78.0,73.0,76.0,89.0,76.0,81.0,70.0,71.0,81.0,80.0,74.0,75.0,75.0,72.0,75.0,77.0,76.0,74.0,70.0,70.0,70.0,70.0,79.0,70.0,74.0,82.0,70,77,0.0,80,0.0,73,0.0,70,0.0,95,0.0,78,4.0,73,0.0,76,4.0,80,0.0,,,,,,,70,0.0,81,-3.0,73,0.0,76,0.0,89,0.0,70.0,0.0
j60,j6044_1,j6044_1.sm,84.0,84.0,84.0,84.0,84.0,84.0,84.0,84.0,84.0,84.0,84.0,84.0,84.0,84.0,84.0,84.0,84.0,84.0,84.0,84.0,84.0,84.0,84.0,84.0,84.0,84.0,84.0,84.0,84.0,84.0,84.0,84.0,84.0,84.0,84.0,84.0,84.0,84.0,84.0,84.0,84.0,84.0,84.0,84.0,84,84,0.0,84,0.0,84,0.0,84,0.0,84,0.0,84,0.0,84,0.0,84,0.0,84,0.0,,,,,,,84,0.0,84,0.0,84,0.0,84,0.0,84,0.0,84.0,0.0
j60,j6044_10,j6044_10.sm,65.0,65.0,65.0,65.0,65.0,65.0,65.0,65.0,65.0,65.0,65.0,65.0,65.0,65.0,65.0,65.0,65.0,65.0,65.0,65.0,65.0,65.0,65.0,65.0,65.0,65.0,65.0,65.0,65.0,65.0,65.0,65.0,65.0,65.0,65.0,65.0,65.0,65.0,65.0,65.0,65.0,65.0,65.0,65.0,65,65,0.0,65,0.0,65,0.0,65,0.0,65,0.0,65,0.0,65,0.0,65,0.0,65,0.0,,,,,,,65,0.0,65,0.0,65,0.0,65,0.0,65,0.0,65.0,0.0
j60,j6044_2,j6044_2.sm,68.0,68.0,68.0,68.0,68.0,68.0,68.0,68.0,68.0,68.0,68.0,68.0,68.0,68.0,68.0,68.0,68.0,68.0,68.0,68.0,68.0,68.0,68.0,68.0,68.0,68.0,68.0,68.0,68.0,68.0,68.0,68.0,68.0,68.0,68.0,68.0,68.0,68.0,68.0,68.0,68.0,68.0,68.0,68.0,68,68,0.0,68,0.0,68,0.0,68,0.0,68,0.0,68,0.0,68,0.0,68,0.0,68,0.0,,,,,,,68,0.0,68,0.0,68,0.0,68,0.0,68,0.0,68.0,0.0
j60,j6044_3,j6044_3.sm,87.0,87.0,87.0,87.0,87.0,87.0,87.0,87.0,87.0,87.0,87.0,87.0,87.0,87.0,87.0,87.0,87.0,87.0,87.0,87.0,87.0,87.0,87.0,87.0,87.0,87.0,87.0,87.0,87.0,87.0,87.0,87.0,87.0,87.0,87.0,87.0,87.0,87.0,87.0,87.0,87.0,87.0,87.0,87.0,87,87,0.0,87,0.0,87,0.0,87,0.0,87,0.0,87,0.0,87,0.0,87,0.0,87,0.0,,,,,,,87,0.0,87,0.0,87,0.0,87,0.0,87,0.0,87.0,0.0
j60,j6044_4,j6044_4.sm,77.0,77.0,77.0,77.0,77.0,77.0,77.0,77.0,77.0,77.0,77.0,77.0,77.0,77.0,77.0,77.0,77.0,77.0,77.0,77.0,77.0,77.0,77.0,77.0,77.0,77.0,77.0,77.0,77.0,77.0,77.0,77.0,77.0,77.0,77.0,77.0,77.0,77.0,77.0,77.0,77.0,77.0,77.0,77.0,77,77,0.0,77,0.0,77,0.0,77,0.0,77,0.0,77,0.0,77,0.0,77,0.0,77,0.0,,,,,,,77,0.0,77,0.0,77,0.0,77,0.0,77,0.0,77.0,0.0
j60,j6044_5,j6044_5.sm,74.0,74.0,74.0,74.0,74.0,74.0,74.0,74.0,74.0,74.0,74.0,74.0,74.0,74.0,74.0,74.0,74.0,74.0,74.0,74.0,74.0,74.0,74.0,74.0,74.0,74.0,74.0,74.0,74.0,74.0,74.0,74.0,74.0,74.0,74.0,74.0,74.0,74.0,74.0,74.0,74.0,74.0,74.0,74.0,74,74,0.0,74,0.0,74,0.0,74,0.0,74,0.0,74,0.0,74,0.0,74,0.0,74,0.0,,,,,,,74,0.0,74,0.0,74,0.0,74,0.0,74,0.0,74.0,0.0
j60,j6044_6,j6044_6.sm,81.0,81.0,81.0,81.0,81.0,81.0,81.0,81.0,81.0,81.0,81.0,81.0,81.0,81.0,81.0,81.0,81.0,81.0,81.0,81.0,81.0,81.0,81.0,81.0,81.0,81.0,81.0,81.0,81.0,81.0,81.0,81.0,81.0,81.0,81.0,81.0,81.0,81.0,81.0,81.0,81.0,81.0,81.0,81.0,81,81,0.0,81,0.0,81,0.0,81,0.0,81,0.0,81,0.0,81,0.0,81,0.0,81,0.0,,,,,,,81,0.0,81,0.0,81,0.0,81,0.0,81,0.0,81.0,0.0
j60,j6044_7,j6044_7.sm,76.0,76.0,76.0,76.0,76.0,76.0,76.0,76.0,76.0,76.0,76.0,76.0,76.0,76.0,76.0,76.0,76.0,76.0,76.0,76.0,76.0,76.0,76.0,76.0,76.0,76.0,76.0,76.0,76.0,76.0,76.0,76.0,76.0,76.0,76.0,76.0,76.0,76.0,76.0,76.0,76.0,76.0,76.0,76.0,76,76,0.0,76,0.0,76,0.0,76,0.0,76,0.0,76,0.0,76,0.0,76,0.0,76,0.0,,,,,,,76,0.0,76,0.0,76,0.0,76,0.0,76,0.0,76.0,0.0
j60,j6044_8,j6044_8.sm,83.0,83.0,83.0,83.0,83.0,83.0,83.0,83.0,83.0,83.0,83.0,83.0,83.0,83.0,83.0,83.0,83.0,83.0,83.0,83.0,83.0,83.0,83.0,83.0,83.0,83.0,83.0,83.0,83.0,83.0,83.0,83.0,83.0,83.0,83.0,83.0,83.0,83.0,83.0,83.0,83.0,83.0,83.0,83.0,83,83,0.0,83,0.0,83,0.0,83,0.0,83,0.0,83,0.0,83,0.0,83,0.0,83,0.0,,,,,,,83,0.0,83,0.0,83,0.0,83,0.0,83,0.0,83.0,0.0
j60,j6044_9,j6044_9.sm,65.0,65.0,65.0,65.0,65.0,65.0,65.0,65.0,65.0,65.0,65.0,65.0,65.0,65.0,65.0,65.0,65.0,65.0,65.0,65.0,65.0,65.0,65.0,65.0,65.0,65.0,65.0,65.0,65.0,65.0,65.0,65.0,65.0,65.0,65.0,65.0,65.0,65.0,65.0,65.0,65.0,65.0,65.0,65.0,65,65,0.0,65,0.0,65,0.0,65,0.0,65,0.0,65,0.0,65,0.0,65,0.0,65,0.0,,,,,,,65,0.0,65,0.0,65,0.0,65,0.0,65,0.0,65.0,0.0
j60,j6045_1,j6045_1.sm,120.0,130.0,113.0,119.0,137.0,139.0,109.0,138.0,133.0,125.0,118.0,121.0,137.0,139.0,119.0,117.0,113.0,119.0,126.0,109.0,138.0,139.0,119.0,113.0,114.0,111.0,115.0,119.0,108.0,126.0,121.0,124.0,113.0,114.0,121.0,116.0,117.0,109.0,114.0,118.0,115.0,102.0,114.0,124.0,96,120,0.0,130,0.0,113,0.0,119,0.0,137,0.0,121,18.0,109,0.0,121,12.0,125,0.0,,,,,,,119,0.0,126,0.0,109,0.0,138,0.0,139,0.0,102.0,6.0
j60,j6045_10,j6045_10.sm,140.0,146.0,139.0,134.0,169.0,151.0,142.0,154.0,142.0,157.0,145.0,148.0,147.0,146.0,148.0,143.0,135.0,138.0,139.0,135.0,152.0,163.0,138.0,135.0,135.0,132.0,140.0,143.0,134.0,155.0,153.0,146.0,132.0,138.0,128.0,134.0,143.0,137.0,131.0,135.0,142.0,128.0,141.0,146.0,114,140,0.0,146,0.0,139,0.0,134,0.0,169,0.0,147,4.0,142,0.0,153,-11.0,157,0.0,,,,,,,138,0.0,145,-6.0,135,0.0,152,0.0,163,0.0,128.0,14.0
j60,j6045_2,j6045_2.sm,172.0,177.0,174.0,174.0,207.0,195.0,172.0,199.0,193.0,183.0,169.0,189.0,193.0,179.0,189.0,168.0,166.0,179.0,172.0,171.0,182.0,192.0,177.0,173.0,161.0,166.0,168.0,166.0,162.0,185.0,176.0,179.0,170.0,160.0,158.0,165.0,178.0,164.0,162.0,163.0,159.0,155.0,169.0,176.0,144,172,0.0,177,0.0,174,0.0,174,0.0,207,0.0,193,2.0,172,0.0,183,10.0,183,0.0,,,,,,,179,0.0,172,0.0,171,0.0,182,0.0,192,0.0,155.0,11.0
j60,j6045_3,j6045_3.sm,185.0,186.0,178.0,180.0,202.0,190.0,172.0,195.0,188.0,203.0,181.0,199.0,186.0,187.0,181.0,173.0,174.0,187.0,186.0,167.0,194.0,203.0,175.0,174.0,161.0,159.0,192.0,181.0,162.0,180.0,189.0,195.0,177.0,175.0,178.0,184.0,192.0,162.0,161.0,172.0,180.0,161.0,185.0,195.0,143,185,0.0,186,0.0,178,0.0,180,0.0,202,0.0,198,-8.0,172,0.0,186,2.0,203,0.0,,,,,,,187,0.0,185,1.0,167,0.0,194,0.0,203,0.0,159.0,16.0
j60,j6045_4,j6045_4.sm,135.0,136.0,133.0,130.0,149.0,139.0,129.0,146.0,146.0,137.0,129.0,138.0,139.0,147.0,146.0,132.0,133.0,132.0,136.0,128.0,162.0,155.0,128.0,126.0,125.0,125.0,132.0,130.0,128.0,152.0,144.0,135.0,128.0,126.0,137.0,136.0,130.0,125.0,124.0,125.0,123.0,122.0,137.0,146.0,108,135,0.0,136,0.0,133,0.0,130,0.0,149,0.0,137,2.0,129,0.0,127,19.0,137,0.0,,,,,,,132,0.0,135,1.0,128,0.0,162,0.0,155,0.0,122.0,14.0
j60,j6045_5,j6045_5.sm,136.0,137.0,126.0,130.0,139.0,134.0,126.0,153.0,141.0,137.0,139.0,132.0,129.0,137.0,149.0,125.0,130.0,135.0,138.0,127.0,141.0,147.0,122.0,134.0,116.0,120.0,133.0,136.0,119.0,130.0,140.0,129.0,127.0,128.0,124.0,124.0,123.0,119.0,116.0,119.0,128.0,116.0,128.0,148.0,106,136,0.0,137,0.0,126,0.0,130,0.0,139,0.0,133,1.0,126,0.0,132,9.0,137,0.0,,,,,,,135,0.0,137,1.0,127,0.0,141,0.0,147,0.0,116.0,10.0
j60,j6045_6,j6045_6.sm,172.0,177.0,168.0,179.0,187.0,188.0,174.0,196.0,198.0,182.0,175.0,192.0,189.0,181.0,197.0,166.0,178.0,173.0,174.0,167.0,210.0,195.0,168.0,166.0,162.0,178.0,172.0,166.0,173.0,183.0,186.0,172.0,166.0,175.0,164.0,165.0,180.0,160.0,165.0,166.0,165.0,165.0,185.0,195.0,144,172,0.0,177,0.0,168,0.0,179,0.0,187,0.0,180,8.0,174,0.0,178,20.0,182,0.0,,,,,,,173,0.0,171,3.0,167,0.0,210,0.0,195,0.0,160.0,16.0
j60,j6045_7,j6045_7.sm,143.0,148.0,139.0,148.0,170.0,160.0,146.0,170.0,150.0,141.0,140.0,141.0,141.0,142.0,148.0,139.0,140.0,147.0,148.0,145.0,154.0,157.0,142.0,143.0,137.0,137.0,150.0,138.0,136.0,143.0,151.0,145.0,141.0,137.0,139.0,146.0,143.0,135.0,137.0,137.0,144.0,137.0,148.0,147.0,122,143,0.0,148,0.0,139,0.0,148,0.0,170,0.0,154,6.0,146,0.0,151,-1.0,141,0.0,,,,,,,145,2.0,146,2.0,145,0.0,154,0.0,162,-5.0,135.0,13.0
j60,j6045_8,j6045_8.sm,162.0,159.0,151.0,151.0,164.0,174.0,152.0,178.0,183.0,178.0,169.0,166.0,168.0,170.0,164.0,147.0,151.0,156.0,152.0,144.0,166.0,186.0,159.0,153.0,148.0,148.0,150.0,162.0,153.0,166.0,176.0,167.0,162.0,158.0,165.0,168.0,147.0,149.0,149.0,142.0,156.0,142.0,162.0,174.0,129,162,0.0,159,0.0,151,0.0,151,0.0,164,0.0,167,7.0,152,0.0,171,12.0,178,0.0,,,,,,,159,-3.0,152,0.0,144,0.0,166,0.0,186,0.0,142.0,13.0
j60,j6045_9,j6045_9.sm,151.0,154.0,146.0,150.0,170.0,168.0,146.0,166.0,166.0,146.0,146.0,162.0,155.0,157.0,162.0,151.0,146.0,145.0,151.0,151.0,157.0,171.0,143.0,151.0,140.0,142.0,149.0,144.0,144.0,168.0,155.0,160.0,143.0,144.0,143.0,141.0,137.0,135.0,143.0,148.0,148.0,142.0,158.0,147.0,123,151,0.0,154,0.0,146,0.0,150,0.0,170,0.0,161,7.0,146,0.0,155,11.0,146,0.0,,,,,,,151,-6.0,152,-1.0,151,0.0,157,0.0,171,0.0,135.0,12.0
j60,j6046_1,j6046_1.sm,100.0,100.0,85.0,85.0,113.0,95.0,86.0,114.0,108.0,96.0,91.0,94.0,100.0,93.0,85.0,84.0,84.0,86.0,96.0,83.0,108.0,106.0,96.0,95.0,87.0,87.0,91.0,95.0,84.0,103.0,99.0,101.0,86.0,94.0,94.0,96.0,84.0,87.0,87.0,87.0,97.0,87.0,101.0,99.0,79,100,0.0,100,0.0,85,0.0,85,0.0,113,0.0,107,-12.0,86,0.0,94,14.0,96,0.0,,,,,,,84,2.0,98,-2.0,83,0.0,108,0.0,106,0.0,83.0,4.0
j60,j6046_10,j6046_10.sm,102.0,100.0,96.0,99.0,116.0,110.0,101.0,110.0,112.0,115.0,102.0,112.0,106.0,117.0,99.0,97.0,97.0,101.0,103.0,100.0,113.0,120.0,98.0,97.0,92.0,92.0,106.0,108.0,94.0,112.0,110.0,99.0,94.0,98.0,99.0,107.0,94.0,92.0,96.0,94.0,101.0,92.0,103.0,120.0,88,102,0.0,100,0.0,96,0.0,99,0.0,116,0.0,114,-4.0,101,0.0,111,1.0,115,0.0,,,,,,,105,-4.0,103,0.0,100,0.0,113,0.0,120,0.0,92.0,4.0
j60,j6046_2,j6046_2.sm,91.0,94.0,78.0,82.0,107.0,95.0,87.0,100.0,93.0,101.0,85.0,104.0,100.0,92.0,82.0,78.0,78.0,84.0,91.0,81.0,96.0,111.0,91.0,92.0,78.0,81.0,87.0,85.0,85.0,83.0,86.0,86.0,87.0,84.0,84.0,90.0,81.0,78.0,78.0,80.0,89.0,79.0,83.0,96.0,78,91,0.0,94,0.0,78,0.0,82,0.0,107,0.0,92,3.0,87,0.0,86,7.0,101,0.0,,,,,,,84,0.0,91,0.0,81,0.0,96,0.0,111,0.0,78.0,0.0
j60,j6046_3,j6046_3.sm,97.0,101.0,87.0,89.0,107.0,94.0,92.0,110.0,110.0,93.0,91.0,104.0,101.0,104.0,89.0,85.0,85.0,89.0,95.0,89.0,101.0,120.0,94.0,101.0,84.0,86.0,104.0,93.0,87.0,97.0,95.0,98.0,92.0,99.0,99.0,102.0,84.0,84.0,84.0,89.0,95.0,87.0,92.0,99.0,79,97,0.0,101,0.0,87,0.0,89,0.0,107,0.0,98,-4.0,92,0.0,99,11.0,93,0.0,,,,,,,89,0.0,93,2.0,89,0.0,101,0.0,120,0.0,84.0,5.0
j60,j6046_4,j6046_4.sm,89.0,85.0,76.0,79.0,101.0,91.0,80.0,101.0,92.0,85.0,88.0,87.0,92.0,88.0,79.0,76.0,76.0,81.0,85.0,78.0,98.0,94.0,89.0,84.0,79.0,78.0,86.0,90.0,79.0,85.0,84.0,92.0,86.0,94.0,85.0,88.0,80.0,79.0,79.0,83.0,87.0,78.0,86.0,93.0,74,89,0.0,85,0.0,76,0.0,79,0.0,101,0.0,93,-2.0,80,0.0,97,-5.0,85,0.0,,,,,,,81,0.0,85,0.0,78,0.0,98,0.0,94,0.0,76.0,2.0
j60,j6046_5,j6046_5.sm,106.0,105.0,98.0,96.0,108.0,125.0,95.0,116.0,114.0,116.0,110.0,107.0,105.0,126.0,96.0,98.0,98.0,97.0,104.0,95.0,127.0,119.0,107.0,103.0,95.0,100.0,108.0,100.0,99.0,106.0,109.0,106.0,103.0,105.0,104.0,109.0,95.0,96.0,96.0,101.0,99.0,94.0,110.0,100.0,91,106,0.0,105,0.0,98,0.0,96,0.0,108,0.0,109,16.0,95,0.0,111,3.0,116,0.0,,,,,,,94,3.0,104,0.0,95,0.0,127,0.0,119,0.0,94.0,3.0
j60,j6046_6,j6046_6.sm,109.0,118.0,99.0,103.0,131.0,109.0,98.0,120.0,116.0,104.0,110.0,103.0,108.0,121.0,103.0,102.0,102.0,97.0,103.0,100.0,106.0,119.0,108.0,108.0,99.0,96.0,109.0,111.0,99.0,115.0,114.0,105.0,106.0,106.0,107.0,112.0,99.0,99.0,98.0,96.0,98.0,97.0,110.0,111.0,90,109,0.0,118,0.0,99,0.0,103,0.0,131,0.0,111,-2.0,98,0.0,110,6.0,104,0.0,,,,,,,97,0.0,103,0.0,100,0.0,106,0.0,119,0.0,96.0,6.0
j60,j6046_7,j6046_7.sm,93.0,97.0,87.0,88.0,96.0,101.0,88.0,98.0,92.0,89.0,93.0,96.0,98.0,97.0,88.0,87.0,87.0,87.0,96.0,87.0,101.0,113.0,93.0,94.0,83.0,84.0,98.0,106.0,87.0,89.0,89.0,89.0,93.0,100.0,86.0,96.0,85.0,83.0,83.0,91.0,93.0,85.0,101.0,101.0,78,93,0.0,97,0.0,87,0.0,88,0.0,96,0.0,92,9.0,88,0.0,95,-3.0,89,0.0,,,,,,,87,0.0,95,1.0,87,0.0,101,0.0,113,0.0,83.0,5.0
j60,j6046_8,j6046_8.sm,86.0,89.0,81.0,85.0,100.0,100.0,87.0,97.0,87.0,97.0,90.0,93.0,100.0,97.0,85.0,80.0,80.0,87.0,86.0,86.0,87.0,107.0,85.0,85.0,79.0,80.0,89.0,83.0,83.0,90.0,86.0,93.0,86.0,90.0,91.0,85.0,81.0,79.0,79.0,86.0,86.0,80.0,90.0,90.0,75,86,0.0,89,0.0,81,0.0,85,0.0,100,0.0,98,2.0,87,0.0,92,-5.0,97,0.0,,,,,,,87,0.0,86,0.0,86,0.0,87,0.0,107,0.0,79.0,4.0
j60,j6046_9,j6046_9.sm,80.0,82.0,72.0,78.0,94.0,83.0,77.0,95.0,97.0,83.0,80.0,81.0,90.0,83.0,78.0,74.0,74.0,77.0,82.0,75.0,97.0,95.0,78.0,77.0,74.0,72.0,82.0,81.0,76.0,78.0,76.0,78.0,73.0,84.0,78.0,80.0,73.0,74.0,74.0,76.0,77.0,73.0,77.0,84.0,69,80,0.0,82,0.0,72,0.0,78,0.0,94,0.0,80,3.0,77,0.0,80,17.0,83,0.0,,,,,,,77,0.0,80,2.0,75,0.0,97,0.0,95,0.0,72.0,3.0
j60,j6047_1,j6047_1.sm,78.0,83.0,75.0,75.0,77.0,86.0,75.0,75.0,78.0,75.0,75.0,75.0,75.0,86.0,75.0,75.0,75.0,75.0,79.0,75.0,75.0,91.0,81.0,80.0,75.0,75.0,80.0,78.0,75.0,76.0,76.0,75.0,75.0,78.0,77.0,78.0,75.0,75.0,75.0,75.0,80.0,75.0,82.0,79.0,75,78,0.0,83,0.0,75,0.0,75,0.0,77,0.0,83,3.0,75,0.0,75,3.0,75,0.0,,,,,,,75,0.0,79,0.0,75,0.0,75,0.0,91,0.0,75.0,0.0
j60,j6047_10,j6047_10.sm,71.0,74.0,69.0,69.0,77.0,78.0,76.0,72.0,85.0,79.0,74.0,78.0,79.0,83.0,69.0,68.0,68.0,71.0,73.0,68.0,73.0,88.0,71.0,71.0,68.0,71.0,72.0,72.0,71.0,71.0,74.0,72.0,70.0,73.0,72.0,74.0,68.0,67.0,68.0,70.0,72.0,71.0,72.0,78.0,66,71,0.0,74,0.0,69,0.0,69,0.0,77,0.0,77,1.0,76,0.0,78,7.0,79,0.0,,,,,,,71,0.0,73,0.0,68,0.0,73,0.0,88,0.0,67.0,1.0
j60,j6047_2,j6047_2.sm,72.0,74.0,66.0,66.0,79.0,79.0,69.0,77.0,87.0,77.0,78.0,79.0,79.0,80.0,66.0,66.0,66.0,68.0,71.0,68.0,81.0,88.0,71.0,73.0,69.0,67.0,75.0,70.0,67.0,71.0,71.0,74.0,69.0,74.0,75.0,69.0,66.0,69.0,69.0,68.0,71.0,66.0,71.0,74.0,66,72,0.0,74,0.0,66,0.0,66,0.0,79,0.0,80,-1.0,69,0.0,74,13.0,77,0.0,,,,,,,68,0.0,71,0.0,68,0.0,81,0.0,88,0.0,66.0,0.0
j60,j6047_3,j6047_3.sm,78.0,80.0,70.0,69.0,85.0,75.0,71.0,86.0,89.0,79.0,76.0,84.0,83.0,82.0,69.0,69.0,69.0,71.0,76.0,69.0,87.0,89.0,77.0,78.0,71.0,72.0,78.0,77.0,73.0,76.0,87.0,82.0,74.0,76.0,83.0,77.0,71.0,71.0,71.0,71.0,74.0,70.0,76.0,81.0,69,78,0.0,80,0.0,70,0.0,69,0.0,85,0.0,84,-9.0,71,0.0,79,10.0,79,0.0,,,,,,,71,0.0,76,0.0,69,0.0,87,0.0,89,0.0,69.0,0.0
j60,j6047_4,j6047_4.sm,83.0,80.0,76.0,77.0,81.0,91.0,76.0,93.0,80.0,85.0,76.0,84.0,83.0,86.0,77.0,76.0,76.0,76.0,79.0,76.0,93.0,98.0,79.0,80.0,80.0,78.0,80.0,82.0,77.0,77.0,91.0,86.0,78.0,87.0,89.0,86.0,76.0,80.0,80.0,80.0,80.0,80.0,85.0,81.0,76,83,0.0,80,0.0,76,0.0,77,0.0,81,0.0,100,-9.0,76,0.0,76,4.0,85,0.0,,,,,,,76,0.0,79,0.0,76,0.0,93,0.0,98,0.0,76.0,0.0
j60,j6047_5,j6047_5.sm,93.0,100.0,87.0,88.0,100.0,102.0,87.0,98.0,102.0,100.0,95.0,98.0,96.0,106.0,88.0,87.0,87.0,90.0,98.0,87.0,102.0,108.0,92.0,98.0,88.0,87.0,96.0,96.0,90.0,97.0,99.0,91.0,97.0,92.0,92.0,101.0,87.0,89.0,88.0,89.0,93.0,89.0,97.0,96.0,87,93,0.0,100,0.0,87,0.0,88,0.0,100,0.0,95,7.0,87,0.0,98,4.0,100,0.0,,,,,,,90,0.0,98,0.0,87,0.0,102,0.0,108,0.0,87.0,0.0
j60,j6047_6,j6047_6.sm,81.0,82.0,76.0,76.0,80.0,87.0,76.0,83.0,84.0,91.0,76.0,94.0,88.0,78.0,76.0,76.0,76.0,76.0,81.0,76.0,83.0,94.0,82.0,83.0,79.0,79.0,83.0,80.0,78.0,80.0,82.0,82.0,80.0,82.0,82.0,86.0,79.0,79.0,79.0,79.0,81.0,78.0,79.0,90.0,76,81,0.0,82,0.0,76,0.0,76,0.0,80,0.0,83,4.0,76,0.0,82,2.0,91,0.0,,,,,,,76,0.0,82,-1.0,76,0.0,83,0.0,94,0.0,76.0,0.0
j60,j6047_7,j6047_7.sm,72.0,76.0,68.0,68.0,75.0,76.0,68.0,75.0,75.0,81.0,76.0,77.0,76.0,75.0,68.0,68.0,68.0,72.0,73.0,68.0,75.0,85.0,72.0,74.0,68.0,68.0,73.0,75.0,69.0,75.0,78.0,72.0,74.0,72.0,76.0,73.0,68.0,68.0,68.0,68.0,73.0,68.0,75.0,81.0,68,72,0.0,76,0.0,68,0.0,68,0.0,75,0.0,78,-2.0,68,0.0,75,0.0,81,0.0,,,,,,,72,0.0,73,0.0,68,0.0,75,0.0,85,0.0,68.0,0.0
j60,j6047_8,j6047_8.sm,76.0,79.0,71.0,74.0,90.0,79.0,74.0,80.0,77.0,81.0,77.0,82.0,80.0,79.0,74.0,71.0,71.0,73.0,78.0,73.0,82.0,89.0,77.0,78.0,72.0,74.0,79.0,78.0,74.0,80.0,80.0,78.0,77.0,79.0,76.0,77.0,74.0,72.0,72.0,74.0,76.0,74.0,79.0,83.0,71,76,0.0,79,0.0,71,0.0,74,0.0,90,0.0,90,-11.0,74,0.0,77,0.0,81,0.0,,,,,,,73,0.0,78,0.0,73,0.0,82,0.0,89,0.0,71.0,0.0
j60,j6047_9,j6047_9.sm,79.0,84.0,76.0,78.0,91.0,79.0,78.0,89.0,84.0,82.0,83.0,87.0,81.0,79.0,78.0,76.0,76.0,76.0,81.0,76.0,84.0,95.0,81.0,81.0,82.0,76.0,82.0,84.0,76.0,92.0,83.0,80.0,83.0,81.0,84.0,81.0,76.0,76.0,82.0,76.0,83.0,76.0,92.0,86.0,76,79,0.0,84,0.0,76,0.0,78,0.0,91,0.0,90,-11.0,78,0.0,90,-6.0,82,0.0,,,,,,,76,0.0,81,0.0,76,0.0,84,0.0,95,0.0,76.0,0.0
j60,j6048_1,j6048_1.sm,71.0,71.0,71.0,71.0,71.0,71.0,71.0,71.0,71.0,71.0,71.0,71.0,71.0,71.0,71.0,71.0,71.0,71.0,71.0,71.0,71.0,71.0,71.0,71.0,71.0,71.0,71.0,71.0,71.0,71.0,71.0,71.0,71.0,71.0,71.0,71.0,71.0,71.0,71.0,71.0,71.0,71.0,71.0,71.0,71,71,0.0,71,0.0,71,0.0,71,0.0,71,0.0,71,0.0,71,0.0,71,0.0,71,0.0,,,,,,,71,0.0,71,0.0,71,0.0,71,0.0,71,0.0,71.0,0.0
j60,j6048_10,j6048_10.sm,70.0,70.0,70.0,70.0,70.0,70.0,70.0,70.0,70.0,70.0,70.0,70.0,70.0,70.0,70.0,70.0,70.0,70.0,70.0,70.0,70.0,70.0,70.0,70.0,70.0,70.0,70.0,70.0,70.0,70.0,70.0,70.0,70.0,70.0,70.0,70.0,70.0,70.0,70.0,70.0,70.0,70.0,70.0,70.0,70,70,0.0,70,0.0,70,0.0,70,0.0,70,0.0,70,0.0,70,0.0,70,0.0,70,0.0,,,,,,,70,0.0,70,0.0,70,0.0,70,0.0,70,0.0,70.0,0.0
j60,j6048_2,j6048_2.sm,87.0,87.0,87.0,87.0,87.0,87.0,87.0,87.0,87.0,87.0,87.0,87.0,87.0,87.0,87.0,87.0,87.0,87.0,87.0,87.0,87.0,87.0,87.0,87.0,87.0,87.0,87.0,87.0,87.0,87.0,87.0,87.0,87.0,87.0,87.0,87.0,87.0,87.0,87.0,87.0,87.0,87.0,87.0,87.0,87,87,0.0,87,0.0,87,0.0,87,0.0,87,0.0,87,0.0,87,0.0,87,0.0,87,0.0,,,,,,,87,0.0,87,0.0,87,0.0,87,0.0,87,0.0,87.0,0.0
j60,j6048_3,j6048_3.sm,84.0,84.0,84.0,84.0,84.0,84.0,84.0,84.0,84.0,84.0,84.0,84.0,84.0,84.0,84.0,84.0,84.0,84.0,84.0,84.0,84.0,84.0,84.0,84.0,84.0,84.0,84.0,84.0,84.0,84.0,84.0,84.0,84.0,84.0,84.0,84.0,84.0,84.0,84.0,84.0,84.0,84.0,84.0,84.0,84,84,0.0,84,0.0,84,0.0,84,0.0,84,0.0,84,0.0,84,0.0,84,0.0,84,0.0,,,,,,,84,0.0,84,0.0,84,0.0,84,0.0,84,0.0,84.0,0.0
j60,j6048_4,j6048_4.sm,62.0,62.0,62.0,62.0,62.0,62.0,62.0,62.0,62.0,62.0,62.0,62.0,62.0,62.0,62.0,62.0,62.0,62.0,62.0,62.0,62.0,62.0,62.0,62.0,62.0,62.0,62.0,62.0,62.0,62.0,62.0,62.0,62.0,62.0,62.0,62.0,62.0,62.0,62.0,62.0,62.0,62.0,62.0,62.0,62,62,0.0,62,0.0,62,0.0,62,0.0,62,0.0,62,0.0,62,0.0,62,0.0,62,0.0,,,,,,,62,0.0,62,0.0,62,0.0,62,0.0,62,0.0,62.0,0.0
j60,j6048_5,j6048_5.sm,101.0,101.0,101.0,101.0,101.0,101.0,101.0,101.0,101.0,101.0,101.0,101.0,101.0,101.0,101.0,101.0,101.0,101.0,101.0,101.0,101.0,101.0,101.0,101.0,101.0,101.0,101.0,101.0,101.0,101.0,101.0,101.0,101.0,101.0,101.0,101.0,101.0,101.0,101.0,101.0,101.0,101.0,101.0,101.0,101,101,0.0,101,0.0,101,0.0,101,0.0,101,0.0,101,0.0,101,0.0,101,0.0,101,0.0,,,,,,,101,0.0,101,0.0,101,0.0,101,0.0,101,0.0,101.0,0.0
j60,j6048_6,j6048_6.sm,66.0,66.0,66.0,66.0,66.0,66.0,66.0,66.0,66.0,66.0,66.0,66.0,66.0,66.0,66.0,66.0,66.0,66.0,66.0,66.0,66.0,66.0,66.0,66.0,66.0,66.0,66.0,66.0,66.0,66.0,66.0,66.0,66.0,66.0,66.0,66.0,66.0,66.0,66.0,66.0,66.0,66.0,66.0,66.0,66,66,0.0,66,0.0,66,0.0,66,0.0,66,0.0,66,0.0,66,0.0,66,0.0,66,0.0,,,,,,,66,0.0,66,0.0,66,0.0,66,0.0,66,0.0,66.0,0.0
j60,j6048_7,j6048_7.sm,77.0,77.0,77.0,77.0,77.0,77.0,77.0,77.0,77.0,77.0,77.0,77.0,77.0,77.0,77.0,77.0,77.0,77.0,77.0,77.0,77.0,77.0,77.0,77.0,77.0,77.0,77.0,77.0,77.0,77.0,77.0,77.0,77.0,77.0,77.0,77.0,77.0,77.0,77.0,77.0,77.0,77.0,77.0,77.0,77,77,0.0,77,0.0,77,0.0,77,0.0,77,0.0,77,0.0,77,0.0,77,0.0,77,0.0,,,,,,,77,0.0,77,0.0,77,0.0,77,0.0,77,0.0,77.0,0.0
j60,j6048_8,j6048_8.sm,88.0,88.0,88.0,88.0,88.0,88.0,88.0,88.0,88.0,88.0,88.0,88.0,88.0,88.0,88.0,88.0,88.0,88.0,88.0,88.0,88.0,88.0,88.0,88.0,88.0,88.0,88.0,88.0,88.0,88.0,88.0,88.0,88.0,88.0,88.0,88.0,88.0,88.0,88.0,88.0,88.0,88.0,88.0,88.0,88,88,0.0,88,0.0,88,0.0,88,0.0,88,0.0,88,0.0,88,0.0,88,0.0,88,0.0,,,,,,,88,0.0,88,0.0,88,0.0,88,0.0,88,0.0,88.0,0.0
j60,j6048_9,j6048_9.sm,82.0,82.0,82.0,82.0,82.0,82.0,82.0,82.0,82.0,82.0,82.0,82.0,82.0,82.0,82.0,82.0,82.0,82.0,82.0,82.0,82.0,82.0,82.0,82.0,82.0,82.0,82.0,82.0,82.0,82.0,82.0,82.0,82.0,82.0,82.0,82.0,82.0,82.0,82.0,82.0,82.0,82.0,82.0,82.0,82,82,0.0,82,0.0,82,0.0,82,0.0,82,0.0,82,0.0,82,0.0,82,0.0,82,0.0,,,,,,,82,0.0,82,0.0,82,0.0,82,0.0,82,0.0,82.0,0.0
j60,j604_1,j604_1.sm,84.0,84.0,84.0,84.0,84.0,84.0,84.0,84.0,84.0,84.0,84.0,84.0,84.0,84.0,84.0,84.0,84.0,84.0,84.0,84.0,84.0,84.0,84.0,84.0,84.0,84.0,84.0,84.0,84.0,84.0,84.0,84.0,84.0,84.0,84.0,84.0,84.0,84.0,84.0,84.0,84.0,84.0,84.0,84.0,84,84,0.0,84,0.0,84,0.0,84,0.0,84,0.0,84,0.0,84,0.0,84,0.0,84,0.0,,,,,,,84,0.0,84,0.0,84,0.0,84,0.0,84,0.0,84.0,0.0
j60,j604_10,j604_10.sm,77.0,77.0,77.0,77.0,77.0,77.0,77.0,77.0,77.0,77.0,77.0,77.0,77.0,77.0,77.0,77.0,77.0,77.0,77.0,77.0,77.0,77.0,77.0,77.0,77.0,77.0,77.0,77.0,77.0,77.0,77.0,77.0,77.0,77.0,77.0,77.0,77.0,77.0,77.0,77.0,77.0,77.0,77.0,77.0,77,77,0.0,77,0.0,77,0.0,77,0.0,77,0.0,77,0.0,77,0.0,77,0.0,77,0.0,,,,,,,77,0.0,77,0.0,77,0.0,77,0.0,77,0.0,77.0,0.0
j60,j604_2,j604_2.sm,60.0,60.0,60.0,60.0,60.0,60.0,60.0,60.0,60.0,60.0,60.0,60.0,60.0,60.0,60.0,60.0,60.0,60.0,60.0,60.0,60.0,60.0,60.0,60.0,60.0,60.0,60.0,60.0,60.0,60.0,60.0,60.0,60.0,60.0,60.0,60.0,60.0,60.0,60.0,60.0,60.0,60.0,60.0,60.0,60,60,0.0,60,0.0,60,0.0,60,0.0,60,0.0,60,0.0,60,0.0,60,0.0,60,0.0,,,,,,,60,0.0,60,0.0,60,0.0,60,0.0,60,0.0,60.0,0.0
j60,j604_3,j604_3.sm,58.0,58.0,58.0,58.0,58.0,58.0,58.0,58.0,58.0,58.0,58.0,58.0,58.0,58.0,58.0,58.0,58.0,58.0,58.0,58.0,58.0,58.0,58.0,58.0,58.0,58.0,58.0,58.0,58.0,58.0,58.0,58.0,58.0,58.0,58.0,58.0,58.0,58.0,58.0,58.0,58.0,58.0,58.0,58.0,58,58,0.0,58,0.0,58,0.0,58,0.0,58,0.0,58,0.0,58,0.0,58,0.0,58,0.0,,,,,,,58,0.0,58,0.0,58,0.0,58,0.0,58,0.0,58.0,0.0
j60,j604_4,j604_4.sm,65.0,65.0,65.0,65.0,65.0,65.0,65.0,65.0,65.0,65.0,65.0,65.0,65.0,65.0,65.0,65.0,65.0,65.0,65.0,65.0,65.0,65.0,65.0,65.0,65.0,65.0,65.0,65.0,65.0,65.0,65.0,65.0,65.0,65.0,65.0,65.0,65.0,65.0,65.0,65.0,65.0,65.0,65.0,65.0,65,65,0.0,65,0.0,65,0.0,65,0.0,65,0.0,65,0.0,65,0.0,65,0.0,65,0.0,,,,,,,65,0.0,65,0.0,65,0.0,65,0.0,65,0.0,65.0,0.0
j60,j604_5,j604_5.sm,75.0,75.0,75.0,75.0,75.0,75.0,75.0,75.0,75.0,75.0,75.0,75.0,75.0,75.0,75.0,75.0,75.0,75.0,75.0,75.0,75.0,75.0,75.0,75.0,75.0,75.0,75.0,75.0,75.0,75.0,75.0,75.0,75.0,75.0,75.0,75.0,75.0,75.0,75.0,75.0,75.0,75.0,75.0,75.0,75,75,0.0,75,0.0,75,0.0,75,0.0,75,0.0,75,0.0,75,0.0,75,0.0,75,0.0,,,,,,,75,0.0,75,0.0,75,0.0,75,0.0,75,0.0,75.0,0.0
j60,j604_6,j604_6.sm,71.0,71.0,71.0,71.0,71.0,71.0,71.0,71.0,71.0,71.0,71.0,71.0,71.0,71.0,71.0,71.0,71.0,71.0,71.0,71.0,71.0,71.0,71.0,71.0,71.0,71.0,71.0,71.0,71.0,71.0,71.0,71.0,71.0,71.0,71.0,71.0,71.0,71.0,71.0,71.0,71.0,71.0,71.0,71.0,71,71,0.0,71,0.0,71,0.0,71,0.0,71,0.0,71,0.0,71,0.0,71,0.0,71,0.0,,,,,,,71,0.0,71,0.0,71,0.0,71,0.0,71,0.0,71.0,0.0
j60,j604_7,j604_7.sm,67.0,67.0,67.0,67.0,67.0,67.0,67.0,67.0,67.0,67.0,67.0,67.0,67.0,67.0,67.0,67.0,67.0,67.0,67.0,67.0,67.0,67.0,67.0,67.0,67.0,67.0,67.0,67.0,67.0,67.0,67.0,67.0,67.0,67.0,67.0,67.0,67.0,67.0,67.0,67.0,67.0,67.0,67.0,67.0,67,67,0.0,67,0.0,67,0.0,67,0.0,67,0.0,67,0.0,67,0.0,67,0.0,67,0.0,,,,,,,67,0.0,67,0.0,67,0.0,67,0.0,67,0.0,67.0,0.0
j60,j604_8,j604_8.sm,65.0,65.0,65.0,65.0,65.0,65.0,65.0,65.0,65.0,65.0,65.0,65.0,65.0,65.0,65.0,65.0,65.0,65.0,65.0,65.0,65.0,65.0,65.0,65.0,65.0,65.0,65.0,65.0,65.0,65.0,65.0,65.0,65.0,65.0,65.0,65.0,65.0,65.0,65.0,65.0,65.0,65.0,65.0,65.0,65,65,0.0,65,0.0,65,0.0,65,0.0,65,0.0,65,0.0,65,0.0,65,0.0,65,0.0,,,,,,,65,0.0,65,0.0,65,0.0,65,0.0,65,0.0,65.0,0.0
j60,j604_9,j604_9.sm,75.0,75.0,75.0,75.0,75.0,75.0,75.0,75.0,75.0,75.0,75.0,75.0,75.0,75.0,75.0,75.0,75.0,75.0,75.0,75.0,75.0,75.0,75.0,75.0,75.0,75.0,75.0,75.0,75.0,75.0,75.0,75.0,75.0,75.0,75.0,75.0,75.0,75.0,75.0,75.0,75.0,75.0,75.0,75.0,75,75,0.0,75,0.0,75,0.0,75,0.0,75,0.0,75,0.0,75,0.0,75,0.0,75,0.0,,,,,,,75,0.0,75,0.0,75,0.0,75,0.0,75,0.0,75.0,0.0
j60,j605_1,j605_1.sm,100.0,102.0,93.0,88.0,115.0,120.0,93.0,124.0,106.0,108.0,109.0,104.0,111.0,98.0,111.0,98.0,95.0,87.0,100.0,90.0,121.0,117.0,99.0,95.0,91.0,86.0,100.0,106.0,90.0,100.0,104.0,95.0,93.0,103.0,107.0,92.0,91.0,84.0,81.0,96.0,96.0,91.0,100.0,110.0,76,100,0.0,102,0.0,93,0.0,88,0.0,115,0.0,118,2.0,93,0.0,94,12.0,108,0.0,,,,,,,87,0.0,100,0.0,90,0.0,121,0.0,117,0.0,81.0,5.0
j60,j605_10,j605_10.sm,111.0,109.0,101.0,103.0,116.0,106.0,103.0,126.0,105.0,121.0,119.0,109.0,106.0,97.0,110.0,97.0,98.0,92.0,99.0,97.0,119.0,124.0,114.0,97.0,93.0,92.0,111.0,110.0,94.0,113.0,105.0,114.0,107.0,102.0,95.0,94.0,91.0,90.0,91.0,99.0,99.0,93.0,121.0,110.0,81,111,0.0,109,0.0,101,0.0,103,0.0,116,0.0,113,-7.0,103,0.0,113,-8.0,121,0.0,,,,,,,92,0.0,107,-8.0,97,0.0,119,0.0,127,-3.0,90.0,9.0
j60,j605_2,j605_2.sm,135.0,134.0,133.0,123.0,145.0,180.0,132.0,167.0,136.0,136.0,137.0,137.0,136.0,124.0,138.0,131.0,135.0,124.0,136.0,124.0,142.0,147.0,125.0,125.0,118.0,120.0,135.0,123.0,119.0,130.0,153.0,146.0,117.0,129.0,123.0,119.0,128.0,118.0,118.0,114.0,123.0,119.0,141.0,145.0,106,135,0.0,134,0.0,133,0.0,123,0.0,145,0.0,149,31.0,132,0.0,134,2.0,136,0.0,,,,,,,124,0.0,136,0.0,124,0.0,142,0.0,147,0.0,114.0,8.0
j60,j605_3,j605_3.sm,100.0,93.0,100.0,94.0,103.0,117.0,93.0,119.0,116.0,119.0,103.0,106.0,104.0,103.0,100.0,98.0,100.0,93.0,98.0,93.0,110.0,112.0,94.0,91.0,88.0,91.0,93.0,115.0,95.0,112.0,111.0,106.0,98.0,103.0,93.0,88.0,92.0,91.0,88.0,95.0,99.0,100.0,103.0,119.0,80,100,0.0,93,0.0,100,0.0,94,0.0,103,0.0,104,13.0,93,0.0,122,-6.0,119,0.0,,,,,,,93,0.0,106,-8.0,93,0.0,110,0.0,112,0.0,88.0,8.0
j60,j605_4,j605_4.sm,92.0,93.0,91.0,89.0,109.0,110.0,87.0,92.0,101.0,97.0,99.0,111.0,100.0,94.0,89.0,85.0,88.0,88.0,97.0,86.0,99.0,115.0,86.0,91.0,86.0,89.0,88.0,87.0,87.0,94.0,87.0,91.0,86.0,79.0,89.0,79.0,88.0,82.0,83.0,83.0,88.0,83.0,93.0,94.0,72,92,0.0,93,0.0,91,0.0,89,0.0,109,0.0,85,25.0,87,0.0,95,6.0,97,0.0,,,,,,,88,0.0,97,0.0,86,0.0,99,0.0,115,0.0,79.0,7.0
j60,j605_5,j605_5.sm,138.0,141.0,131.0,135.0,146.0,153.0,128.0,161.0,146.0,142.0,150.0,146.0,152.0,135.0,152.0,128.0,127.0,131.0,141.0,130.0,151.0,162.0,129.0,131.0,123.0,132.0,121.0,135.0,131.0,138.0,130.0,139.0,137.0,136.0,127.0,137.0,133.0,125.0,123.0,133.0,130.0,120.0,141.0,138.0,108,138,0.0,141,0.0,131,0.0,135,0.0,146,0.0,151,2.0,128,0.0,143,3.0,142,0.0,,,,,,,131,0.0,148,-7.0,130,0.0,151,0.0,162,0.0,120.0,12.0
j60,j605_6,j605_6.sm,98.0,101.0,91.0,92.0,113.0,101.0,87.0,117.0,100.0,99.0,104.0,111.0,104.0,99.0,111.0,97.0,91.0,88.0,105.0,86.0,117.0,116.0,100.0,91.0,89.0,88.0,105.0,108.0,88.0,95.0,118.0,108.0,92.0,106.0,95.0,93.0,85.0,89.0,89.0,92.0,96.0,89.0,97.0,113.0,74,98,0.0,101,0.0,91,0.0,92,0.0,113,0.0,102,-1.0,87,0.0,121,-21.0,99,0.0,,,,,,,92,-4.0,103,2.0,86,0.0,117,0.0,116,0.0,85.0,11.0
j60,j605_7,j605_7.sm,96.0,101.0,87.0,85.0,110.0,104.0,87.0,121.0,100.0,104.0,94.0,105.0,104.0,93.0,112.0,89.0,85.0,88.0,97.0,88.0,102.0,111.0,88.0,88.0,91.0,90.0,94.0,93.0,84.0,92.0,95.0,85.0,91.0,93.0,89.0,89.0,89.0,94.0,95.0,95.0,96.0,90.0,96.0,99.0,75,96,0.0,101,0.0,87,0.0,85,0.0,110,0.0,105,-1.0,87,0.0,104,-4.0,104,0.0,,,,,,,88,0.0,97,0.0,88,0.0,102,0.0,111,0.0,84.0,9.0
j60,j605_8,j605_8.sm,97.0,110.0,91.0,93.0,126.0,124.0,98.0,114.0,112.0,100.0,102.0,116.0,110.0,112.0,128.0,96.0,91.0,95.0,104.0,98.0,109.0,128.0,91.0,94.0,93.0,99.0,99.0,103.0,91.0,99.0,96.0,99.0,92.0,96.0,96.0,100.0,93.0,91.0,90.0,95.0,98.0,88.0,105.0,112.0,78,97,0.0,110,0.0,91,0.0,93,0.0,126,0.0,102,22.0,98,0.0,97,15.0,100,0.0,,,,,,,95,0.0,102,2.0,98,0.0,109,0.0,128,0.0,88.0,10.0
j60,j605_9,j605_9.sm,118.0,121.0,90.0,93.0,133.0,113.0,94.0,117.0,127.0,119.0,134.0,118.0,119.0,108.0,118.0,94.0,90.0,92.0,123.0,90.0,104.0,134.0,114.0,118.0,95.0,95.0,114.0,109.0,102.0,103.0,122.0,101.0,102.0,101.0,110.0,104.0,93.0,94.0,95.0,97.0,116.0,100.0,105.0,126.0,83,118,0.0,121,0.0,90,0.0,93,0.0,133,0.0,124,-11.0,94,0.0,108,19.0,119,0.0,,,,,,,92,0.0,123,0.0,90,0.0,104,0.0,134,0.0,90.0,7.0
j60,j606_1,j606_1.sm,69.0,75.0,67.0,68.0,69.0,78.0,74.0,80.0,72.0,77.0,70.0,86.0,86.0,69.0,68.0,67.0,67.0,72.0,74.0,70.0,94.0,81.0,66.0,68.0,62.0,66.0,66.0,67.0,65.0,70.0,74.0,71.0,69.0,71.0,66.0,65.0,66.0,62.0,62.0,64.0,69.0,64.0,66.0,70.0,60,69,0.0,75,0.0,67,0.0,68,0.0,69,0.0,74,4.0,74,0.0,69,3.0,77,0.0,,,,,,,69,3.0,68,6.0,70,0.0,94,0.0,81,0.0,62.0,2.0
j60,j606_10,j606_10.sm,80.0,82.0,74.0,74.0,96.0,79.0,74.0,87.0,89.0,76.0,77.0,77.0,79.0,82.0,74.0,74.0,74.0,74.0,82.0,74.0,81.0,88.0,82.0,82.0,74.0,81.0,81.0,81.0,76.0,82.0,75.0,80.0,81.0,75.0,82.0,81.0,81.0,74.0,74.0,81.0,81.0,81.0,78.0,77.0,74,80,0.0,82,0.0,74,0.0,74,0.0,96,0.0,78,1.0,74,0.0,78,11.0,76,0.0,,,,,,,74,0.0,82,0.0,74,0.0,81,0.0,88,0.0,74.0,0.0
j60,j606_2,j606_2.sm,79.0,81.0,71.0,71.0,75.0,84.0,75.0,84.0,95.0,85.0,75.0,79.0,77.0,75.0,71.0,72.0,71.0,71.0,76.0,70.0,95.0,93.0,78.0,79.0,74.0,75.0,76.0,81.0,74.0,78.0,78.0,81.0,75.0,76.0,79.0,75.0,75.0,74.0,74.0,73.0,79.0,74.0,77.0,81.0,67,79,0.0,81,0.0,71,0.0,71,0.0,75,0.0,80,4.0,75,0.0,78,17.0,85,0.0,,,,,,,71,0.0,76,0.0,70,0.0,95,0.0,93,0.0,70.0,3.0
j60,j606_3,j606_3.sm,84.0,82.0,75.0,75.0,93.0,96.0,75.0,90.0,85.0,77.0,82.0,82.0,88.0,80.0,75.0,75.0,75.0,75.0,84.0,75.0,86.0,88.0,82.0,81.0,75.0,75.0,81.0,82.0,76.0,77.0,77.0,81.0,83.0,82.0,83.0,82.0,75.0,75.0,75.0,80.0,81.0,78.0,81.0,85.0,72,84,0.0,82,0.0,75,0.0,75,0.0,93,0.0,87,9.0,75,0.0,73,12.0,77,0.0,,,,,,,75,0.0,84,0.0,75,0.0,86,0.0,88,0.0,75.0,3.0
j60,j606_4,j606_4.sm,76.0,78.0,68.0,73.0,84.0,78.0,70.0,89.0,83.0,82.0,84.0,79.0,79.0,78.0,73.0,72.0,72.0,74.0,81.0,72.0,110.0,78.0,72.0,76.0,67.0,71.0,74.0,71.0,68.0,72.0,73.0,75.0,74.0,75.0,72.0,73.0,71.0,69.0,67.0,71.0,72.0,71.0,74.0,76.0,67,76,0.0,78,0.0,68,0.0,73,0.0,84,0.0,77,1.0,70,0.0,76,7.0,82,0.0,,,,,,,74,0.0,81,0.0,72,0.0,110,0.0,78,0.0,67.0,0.0
j60,j606_5,j606_5.sm,86.0,86.0,78.0,78.0,78.0,96.0,81.0,86.0,86.0,91.0,86.0,86.0,86.0,78.0,78.0,78.0,78.0,78.0,88.0,78.0,87.0,98.0,83.0,85.0,85.0,82.0,84.0,84.0,84.0,92.0,93.0,86.0,79.0,79.0,82.0,81.0,82.0,85.0,82.0,86.0,83.0,84.0,92.0,89.0,78,86,0.0,86,0.0,78,0.0,78,0.0,78,0.0,86,10.0,81,0.0,92,-6.0,91,0.0,,,,,,,78,0.0,88,0.0,78,0.0,87,0.0,98,0.0,78.0,0.0
j60,j606_6,j606_6.sm,64.0,68.0,64.0,64.0,82.0,76.0,67.0,74.0,72.0,79.0,74.0,74.0,68.0,68.0,64.0,64.0,64.0,62.0,61.0,62.0,85.0,79.0,64.0,68.0,60.0,60.0,65.0,65.0,67.0,74.0,74.0,67.0,66.0,67.0,67.0,68.0,68.0,62.0,62.0,60.0,65.0,65.0,74.0,77.0,55,64,0.0,68,0.0,64,0.0,64,0.0,82,0.0,68,8.0,67,0.0,70,2.0,79,0.0,,,,,,,62,0.0,63,-2.0,62,0.0,85,0.0,79,0.0,60.0,5.0
j60,j606_7,j606_7.sm,70.0,76.0,65.0,63.0,77.0,75.0,65.0,82.0,86.0,64.0,67.0,75.0,75.0,68.0,63.0,65.0,65.0,66.0,73.0,64.0,78.0,77.0,70.0,72.0,66.0,64.0,71.0,67.0,67.0,69.0,75.0,68.0,67.0,71.0,65.0,68.0,64.0,65.0,66.0,66.0,71.0,68.0,77.0,70.0,61,70,0.0,76,0.0,65,0.0,63,0.0,77,0.0,70,5.0,65,0.0,72,14.0,64,0.0,,,,,,,65,1.0,73,0.0,64,0.0,78,0.0,77,0.0,63.0,2.0
j60,j606_8,j606_8.sm,84.0,88.0,72.0,72.0,95.0,104.0,72.0,93.0,97.0,94.0,90.0,103.0,96.0,85.0,72.0,72.0,72.0,72.0,87.0,72.0,97.0,100.0,84.0,83.0,72.0,72.0,94.0,81.0,78.0,76.0,77.0,78.0,89.0,84.0,84.0,83.0,72.0,72.0,72.0,72.0,84.0,72.0,78.0,97.0,72,84,0.0,88,0.0,72,0.0,72,0.0,95,0.0,91,13.0,72,0.0,77,20.0,94,0.0,,,,,,,72,0.0,87,0.0,72,0.0,97,0.0,100,0.0,72.0,0.0
j60,j606_9,j606_9.sm,77.0,77.0,64.0,64.0,78.0,102.0,64.0,84.0,72.0,74.0,98.0,72.0,81.0,77.0,64.0,64.0,64.0,64.0,76.0,64.0,77.0,90.0,68.0,71.0,64.0,68.0,75.0,69.0,69.0,68.0,76.0,72.0,74.0,72.0,77.0,71.0,68.0,67.0,64.0,72.0,71.0,66.0,66.0,75.0,64,77,0.0,77,0.0,64,0.0,64,0.0,78,0.0,88,14.0,64,0.0,78,-6.0,74,0.0,,,,,,,64,0.0,76,0.0,64,0.0,77,0.0,90,0.0,64.0,0.0
j60,j607_1,j607_1.sm,80.0,80.0,77.0,77.0,77.0,77.0,77.0,77.0,77.0,77.0,80.0,77.0,77.0,78.0,77.0,77.0,77.0,77.0,83.0,77.0,77.0,90.0,80.0,83.0,77.0,77.0,77.0,78.0,80.0,82.0,79.0,82.0,84.0,84.0,80.0,83.0,77.0,77.0,77.0,77.0,83.0,77.0,81.0,90.0,77,80,0.0,80,0.0,77,0.0,77,0.0,77,0.0,89,-12.0,77,0.0,77,0.0,77,0.0,,,,,,,77,0.0,83,0.0,77,0.0,77,0.0,90,0.0,77.0,0.0
j60,j607_10,j607_10.sm,88.0,88.0,82.0,82.0,82.0,82.0,82.0,86.0,89.0,82.0,89.0,82.0,82.0,82.0,82.0,82.0,82.0,82.0,89.0,82.0,82.0,87.0,87.0,88.0,88.0,87.0,83.0,89.0,89.0,89.0,86.0,86.0,88.0,86.0,86.0,88.0,87.0,88.0,88.0,87.0,87.0,87.0,86.0,83.0,82,88,0.0,88,0.0,82,0.0,82,0.0,82,0.0,88,-6.0,82,0.0,82,7.0,82,0.0,,,,,,,82,0.0,89,0.0,82,0.0,82,0.0,87,0.0,82.0,0.0
j60,j607_2,j607_2.sm,86.0,93.0,85.0,85.0,115.0,88.0,85.0,93.0,88.0,88.0,85.0,90.0,88.0,85.0,85.0,85.0,85.0,85.0,90.0,85.0,116.0,100.0,86.0,88.0,85.0,85.0,88.0,86.0,85.0,89.0,87.0,88.0,86.0,86.0,86.0,86.0,85.0,85.0,85.0,85.0,88.0,85.0,88.0,92.0,85,86,0.0,93,0.0,85,0.0,85,0.0,115,0.0,92,-4.0,85,0.0,90,-2.0,88,0.0,,,,,,,85,0.0,90,0.0,85,0.0,116,0.0,100,0.0,85.0,0.0
j60,j607_3,j607_3.sm,62.0,67.0,62.0,62.0,69.0,67.0,62.0,68.0,63.0,72.0,62.0,74.0,74.0,67.0,62.0,62.0,62.0,62.0,67.0,62.0,72.0,75.0,62.0,64.0,62.0,62.0,64.0,62.0,62.0,62.0,64.0,62.0,62.0,62.0,62.0,62.0,62.0,62.0,62.0,62.0,65.0,62.0,62.0,63.0,62,62,0.0,67,0.0,62,0.0,62,0.0,69,0.0,63,4.0,62,0.0,65,-2.0,72,0.0,,,,,,,62,0.0,67,0.0,62,0.0,72,0.0,75,0.0,62.0,0.0
j60,j607_4,j607_4.sm,67.0,72.0,63.0,63.0,76.0,79.0,63.0,78.0,70.0,72.0,70.0,74.0,74.0,63.0,63.0,63.0,63.0,63.0,66.0,63.0,74.0,79.0,66.0,66.0,66.0,66.0,66.0,66.0,66.0,64.0,70.0,70.0,67.0,67.0,73.0,66.0,66.0,66.0,64.0,66.0,66.0,66.0,65.0,72.0,63,67,0.0,72,0.0,63,0.0,63,0.0,76,0.0,65,14.0,63,0.0,78,-8.0,72,0.0,,,,,,,63,0.0,66,0.0,63,0.0,74,0.0,79,0.0,63.0,0.0
j60,j607_5,j607_5.sm,72.0,73.0,71.0,71.0,71.0,82.0,71.0,84.0,73.0,81.0,73.0,73.0,74.0,74.0,71.0,71.0,71.0,71.0,73.0,71.0,82.0,83.0,72.0,73.0,72.0,72.0,73.0,75.0,72.0,74.0,77.0,73.0,74.0,73.0,73.0,74.0,72.0,72.0,72.0,72.0,73.0,72.0,75.0,78.0,71,72,0.0,73,0.0,71,0.0,71,0.0,71,0.0,85,-3.0,71,0.0,75,-2.0,81,0.0,,,,,,,71,0.0,73,0.0,71,0.0,82,0.0,83,0.0,71.0,0.0
j60,j607_6,j607_6.sm,72.0,70.0,66.0,65.0,70.0,69.0,67.0,70.0,66.0,69.0,69.0,71.0,68.0,69.0,65.0,66.0,66.0,65.0,69.0,65.0,71.0,85.0,74.0,72.0,66.0,66.0,70.0,66.0,66.0,71.0,70.0,70.0,69.0,68.0,70.0,69.0,66.0,66.0,66.0,66.0,72.0,66.0,73.0,76.0,65,72,0.0,70,0.0,66,0.0,65,0.0,70,0.0,70,-1.0,67,0.0,69,-3.0,69,0.0,,,,,,,65,0.0,69,0.0,65,0.0,71,0.0,85,0.0,65.0,0.0
j60,j607_7,j607_7.sm,94.0,99.0,89.0,89.0,98.0,95.0,89.0,102.0,97.0,89.0,96.0,92.0,89.0,99.0,89.0,89.0,89.0,89.0,100.0,89.0,95.0,105.0,97.0,99.0,89.0,89.0,97.0,102.0,89.0,94.0,99.0,89.0,89.0,91.0,97.0,99.0,89.0,89.0,89.0,89.0,98.0,89.0,103.0,100.0,89,94,0.0,99,0.0,89,0.0,89,0.0,98,0.0,93,2.0,89,0.0,91,6.0,89,0.0,,,,,,,89,0.0,100,0.0,89,0.0,95,0.0,105,0.0,89.0,0.0
j60,j607_8,j607_8.sm,70.0,73.0,66.0,66.0,79.0,78.0,66.0,68.0,68.0,80.0,73.0,66.0,66.0,66.0,66.0,66.0,66.0,66.0,73.0,66.0,68.0,84.0,70.0,69.0,70.0,69.0,67.0,69.0,66.0,67.0,67.0,67.0,67.0,66.0,66.0,66.0,69.0,69.0,69.0,66.0,70.0,66.0,68.0,68.0,66,70,0.0,73,0.0,66,0.0,66,0.0,79,0.0,73,5.0,66,0.0,74,-6.0,80,0.0,,,,,,,66,0.0,73,0.0,66,0.0,68,0.0,84,0.0,66.0,0.0
j60,j607_9,j607_9.sm,48.0,50.0,44.0,44.0,51.0,57.0,48.0,53.0,50.0,52.0,53.0,47.0,52.0,50.0,44.0,44.0,44.0,45.0,50.0,44.0,49.0,57.0,49.0,48.0,46.0,48.0,46.0,52.0,49.0,50.0,52.0,50.0,48.0,46.0,47.0,49.0,48.0,46.0,46.0,48.0,48.0,48.0,48.0,48.0,44,48,0.0,50,0.0,44,0.0,44,0.0,51,0.0,48,9.0,48,0.0,54,-4.0,52,0.0,,,,,,,45,0.0,50,0.0,44,0.0,49,0.0,57,0.0,44.0,0.0
j60,j608_1,j608_1.sm,64.0,64.0,64.0,64.0,64.0,64.0,64.0,64.0,64.0,64.0,64.0,64.0,64.0,64.0,64.0,64.0,64.0,64.0,64.0,64.0,64.0,64.0,64.0,64.0,64.0,64.0,64.0,64.0,64.0,64.0,64.0,64.0,64.0,64.0,64.0,64.0,64.0,64.0,64.0,64.0,64.0,64.0,64.0,64.0,64,64,0.0,64,0.0,64,0.0,64,0.0,64,0.0,64,0.0,64,0.0,64,0.0,64,0.0,,,,,,,64,0.0,64,0.0,64,0.0,64,0.0,64,0.0,64.0,0.0
j60,j608_10,j608_10.sm,97.0,97.0,97.0,97.0,97.0,97.0,97.0,97.0,97.0,97.0,97.0,97.0,97.0,97.0,97.0,97.0,97.0,97.0,97.0,97.0,97.0,97.0,97.0,97.0,97.0,97.0,97.0,97.0,97.0,97.0,97.0,97.0,97.0,97.0,97.0,97.0,97.0,97.0,97.0,97.0,97.0,97.0,97.0,97.0,97,97,0.0,97,0.0,97,0.0,97,0.0,97,0.0,97,0.0,97,0.0,97,0.0,97,0.0,,,,,,,97,0.0,97,0.0,97,0.0,97,0.0,97,0.0,97.0,0.0
j60,j608_2,j608_2.sm,61.0,61.0,61.0,61.0,61.0,61.0,61.0,61.0,61.0,61.0,61.0,61.0,61.0,61.0,61.0,61.0,61.0,61.0,61.0,61.0,61.0,61.0,61.0,61.0,61.0,61.0,61.0,61.0,61.0,61.0,61.0,61.0,61.0,61.0,61.0,61.0,61.0,61.0,61.0,61.0,61.0,61.0,61.0,61.0,61,61,0.0,61,0.0,61,0.0,61,0.0,61,0.0,61,0.0,61,0.0,61,0.0,61,0.0,,,,,,,61,0.0,61,0.0,61,0.0,61,0.0,61,0.0,61.0,0.0
j60,j608_3,j608_3.sm,79.0,79.0,79.0,79.0,79.0,79.0,79.0,79.0,79.0,79.0,79.0,79.0,79.0,79.0,79.0,79.0,79.0,79.0,79.0,79.0,79.0,79.0,79.0,79.0,79.0,79.0,79.0,79.0,79.0,79.0,79.0,79.0,79.0,79.0,79.0,79.0,79.0,79.0,79.0,79.0,79.0,79.0,79.0,79.0,79,79,0.0,79,0.0,79,0.0,79,0.0,79,0.0,79,0.0,79,0.0,79,0.0,79,0.0,,,,,,,79,0.0,79,0.0,79,0.0,79,0.0,79,0.0,79.0,0.0
j60,j608_4,j608_4.sm,64.0,64.0,64.0,64.0,64.0,64.0,64.0,64.0,64.0,64.0,64.0,64.0,64.0,64.0,64.0,64.0,64.0,64.0,64.0,64.0,64.0,64.0,64.0,64.0,64.0,64.0,64.0,64.0,64.0,64.0,64.0,64.0,64.0,64.0,64.0,64.0,64.0,64.0,64.0,64.0,64.0,64.0,64.0,64.0,64,64,0.0,64,0.0,64,0.0,64,0.0,64,0.0,64,0.0,64,0.0,64,0.0,64,0.0,,,,,,,64,0.0,64,0.0,64,0.0,64,0.0,64,0.0,64.0,0.0
j60,j608_5,j608_5.sm,83.0,83.0,83.0,83.0,83.0,83.0,83.0,83.0,83.0,83.0,83.0,83.0,83.0,83.0,83.0,83.0,83.0,83.0,83.0,83.0,83.0,83.0,83.0,83.0,83.0,83.0,83.0,83.0,83.0,83.0,83.0,83.0,83.0,83.0,83.0,83.0,83.0,83.0,83.0,83.0,83.0,83.0,83.0,83.0,83,83,0.0,83,0.0,83,0.0,83,0.0,83,0.0,83,0.0,83,0.0,83,0.0,83,0.0,,,,,,,83,0.0,83,0.0,83,0.0,83,0.0,83,0.0,83.0,0.0
j60,j608_6,j608_6.sm,56.0,56.0,56.0,56.0,56.0,56.0,56.0,56.0,56.0,56.0,56.0,56.0,56.0,56.0,56.0,56.0,56.0,56.0,56.0,56.0,56.0,56.0,56.0,56.0,56.0,56.0,56.0,56.0,56.0,56.0,56.0,56.0,56.0,56.0,56.0,56.0,56.0,56.0,56.0,56.0,56.0,56.0,56.0,56.0,56,56,0.0,56,0.0,56,0.0,56,0.0,56,0.0,56,0.0,56,0.0,56,0.0,56,0.0,,,,,,,56,0.0,56,0.0,56,0.0,56,0.0,56,0.0,56.0,0.0
j60,j608_7,j608_7.sm,62.0,62.0,62.0,62.0,62.0,62.0,62.0,62.0,62.0,62.0,62.0,62.0,62.0,62.0,62.0,62.0,62.0,62.0,62.0,62.0,62.0,62.0,62.0,62.0,62.0,62.0,62.0,62.0,62.0,62.0,62.0,62.0,62.0,62.0,62.0,62.0,62.0,62.0,62.0,62.0,62.0,62.0,62.0,62.0,62,62,0.0,62,0.0,62,0.0,62,0.0,62,0.0,62,0.0,62,0.0,62,0.0,62,0.0,,,,,,,62,0.0,62,0.0,62,0.0,62,0.0,62,0.0,62.0,0.0
j60,j608_8,j608_8.sm,66.0,66.0,66.0,66.0,66.0,66.0,66.0,66.0,66.0,66.0,66.0,66.0,66.0,66.0,66.0,66.0,66.0,66.0,66.0,66.0,66.0,66.0,66.0,66.0,66.0,66.0,66.0,66.0,66.0,66.0,66.0,66.0,66.0,66.0,66.0,66.0,66.0,66.0,66.0,66.0,66.0,66.0,66.0,66.0,66,66,0.0,66,0.0,66,0.0,66,0.0,66,0.0,66,0.0,66,0.0,66,0.0,66,0.0,,,,,,,66,0.0,66,0.0,66,0.0,66,0.0,66,0.0,66.0,0.0
j60,j608_9,j608_9.sm,58.0,58.0,58.0,58.0,58.0,58.0,58.0,58.0,58.0,58.0,58.0,58.0,58.0,58.0,58.0,58.0,58.0,58.0,58.0,58.0,58.0,58.0,58.0,58.0,58.0,58.0,58.0,58.0,58.0,58.0,58.0,58.0,58.0,58.0,58.0,58.0,58.0,58.0,58.0,58.0,58.0,58.0,58.0,58.0,58,58,0.0,58,0.0,58,0.0,58,0.0,58,0.0,58,0.0,58,0.0,58,0.0,58,0.0,,,,,,,58,0.0,58,0.0,58,0.0,58,0.0,58,0.0,58.0,0.0
j60,j609_1,j609_1.sm,106.0,117.0,100.0,108.0,122.0,114.0,103.0,112.0,126.0,115.0,116.0,125.0,111.0,110.0,108.0,105.0,103.0,104.0,107.0,104.0,120.0,124.0,102.0,110.0,99.0,104.0,103.0,102.0,96.0,112.0,118.0,105.0,109.0,97.0,108.0,104.0,100.0,99.0,102.0,99.0,104.0,98.0,118.0,116.0,87,106,0.0,117,0.0,100,0.0,108,0.0,122,0.0,119,-5.0,103,0.0,110,16.0,115,0.0,,,,,,,104,0.0,107,0.0,104,0.0,120,0.0,124,0.0,96.0,9.0
j60,j609_10,j609_10.sm,118.0,125.0,123.0,117.0,139.0,125.0,117.0,144.0,136.0,131.0,128.0,114.0,125.0,122.0,119.0,115.0,122.0,111.0,116.0,107.0,145.0,145.0,110.0,115.0,117.0,109.0,120.0,118.0,111.0,131.0,120.0,117.0,113.0,108.0,109.0,120.0,112.0,117.0,113.0,109.0,104.0,105.0,123.0,126.0,93,118,0.0,125,0.0,123,0.0,117,0.0,139,0.0,137,-12.0,117,0.0,125,11.0,131,0.0,,,,,,,111,0.0,117,-1.0,107,0.0,145,0.0,145,0.0,104.0,11.0
j60,j609_2,j609_2.sm,111.0,116.0,102.0,99.0,121.0,124.0,97.0,113.0,125.0,103.0,111.0,113.0,105.0,112.0,107.0,106.0,103.0,98.0,111.0,96.0,118.0,134.0,107.0,108.0,95.0,91.0,114.0,110.0,92.0,115.0,110.0,110.0,103.0,101.0,103.0,105.0,94.0,95.0,93.0,96.0,104.0,93.0,104.0,108.0,82,111,0.0,116,0.0,102,0.0,99,0.0,121,0.0,113,11.0,97,0.0,116,9.0,103,0.0,,,,,,,98,0.0,111,0.0,96,0.0,118,0.0,134,0.0,91.0,9.0
j60,j609_3,j609_3.sm,128.0,126.0,117.0,123.0,135.0,144.0,126.0,140.0,135.0,129.0,140.0,125.0,123.0,136.0,155.0,130.0,125.0,121.0,135.0,121.0,125.0,151.0,122.0,120.0,123.0,119.0,121.0,123.0,129.0,131.0,145.0,136.0,133.0,129.0,119.0,116.0,131.0,115.0,123.0,116.0,129.0,120.0,130.0,131.0,100,128,0.0,126,0.0,117,0.0,123,0.0,135,0.0,138,6.0,126,0.0,124,11.0,129,0.0,,,,,,,121,0.0,135,0.0,122,-1.0,125,0.0,151,0.0,115.0,15.0
j60,j609_4,j609_4.sm,123.0,133.0,103.0,107.0,123.0,127.0,108.0,114.0,113.0,115.0,128.0,117.0,132.0,108.0,139.0,104.0,105.0,104.0,126.0,96.0,147.0,131.0,115.0,115.0,112.0,98.0,117.0,109.0,106.0,123.0,119.0,119.0,105.0,115.0,107.0,115.0,121.0,99.0,99.0,107.0,112.0,102.0,123.0,121.0,87,123,0.0,133,0.0,103,0.0,107,0.0,123,0.0,113,14.0,108,0.0,122,-9.0,115,0.0,,,,,,,104,0.0,127,-1.0,96,0.0,147,0.0,131,0.0,96.0,9.0
j60,j609_5,j609_5.sm,112.0,110.0,105.0,106.0,135.0,130.0,107.0,131.0,119.0,118.0,129.0,126.0,128.0,113.0,138.0,107.0,106.0,106.0,116.0,102.0,127.0,138.0,115.0,104.0,97.0,98.0,109.0,105.0,101.0,130.0,119.0,106.0,105.0,103.0,115.0,104.0,103.0,99.0,96.0,100.0,110.0,100.0,124.0,126.0,85,112,0.0,110,0.0,105,0.0,106,0.0,135,0.0,111,19.0,107,0.0,108,11.0,118,0.0,,,,,,,104,2.0,114,2.0,102,0.0,127,0.0,138,0.0,96.0,11.0
j60,j609_6,j609_6.sm,153.0,152.0,129.0,138.0,168.0,147.0,132.0,158.0,153.0,140.0,148.0,156.0,147.0,145.0,150.0,137.0,129.0,138.0,153.0,130.0,162.0,171.0,140.0,138.0,122.0,124.0,131.0,143.0,123.0,149.0,156.0,136.0,131.0,133.0,147.0,135.0,126.0,122.0,122.0,123.0,137.0,124.0,136.0,152.0,111,153,0.0,152,0.0,129,0.0,138,0.0,168,0.0,145,2.0,132,0.0,133,20.0,140,0.0,,,,,,,138,0.0,153,0.0,130,0.0,162,0.0,171,0.0,122.0,11.0
j60,j609_7,j609_7.sm,136.0,140.0,130.0,138.0,161.0,145.0,137.0,177.0,151.0,138.0,140.0,157.0,147.0,133.0,138.0,132.0,131.0,137.0,132.0,135.0,165.0,178.0,127.0,124.0,128.0,132.0,140.0,128.0,127.0,134.0,143.0,131.0,128.0,131.0,128.0,129.0,130.0,129.0,129.0,129.0,129.0,126.0,138.0,133.0,109,136,0.0,140,0.0,130,0.0,138,0.0,161,0.0,137,8.0,137,0.0,137,14.0,138,0.0,,,,,,,137,0.0,131,1.0,135,0.0,165,0.0,178,0.0,124.0,15.0
j60,j609_8,j609_8.sm,121.0,129.0,111.0,119.0,127.0,133.0,113.0,134.0,131.0,126.0,128.0,122.0,127.0,118.0,143.0,111.0,110.0,116.0,125.0,114.0,145.0,154.0,117.0,113.0,105.0,114.0,112.0,121.0,107.0,127.0,140.0,135.0,125.0,123.0,120.0,115.0,115.0,109.0,109.0,108.0,117.0,109.0,130.0,151.0,96,121,0.0,129,0.0,111,0.0,119,0.0,127,0.0,132,1.0,113,0.0,132,-1.0,126,0.0,,,,,,,118,-2.0,125,0.0,114,0.0,145,0.0,154,0.0,105.0,9.0
j60,j609_9,j609_9.sm,128.0,134.0,115.0,118.0,136.0,155.0,115.0,132.0,160.0,128.0,130.0,128.0,142.0,125.0,117.0,118.0,113.0,112.0,128.0,114.0,143.0,159.0,126.0,127.0,111.0,112.0,129.0,130.0,114.0,124.0,141.0,137.0,124.0,129.0,123.0,125.0,115.0,111.0,118.0,114.0,129.0,112.0,136.0,125.0,99,128,0.0,134,0.0,115,0.0,118,0.0,136,0.0,131,24.0,115,0.0,131,29.0,128,0.0,,,,,,,112,0.0,128,0.0,114,0.0,143,0.0,159,0.0,111.0,12.0
j90,j9010_1,j9010_1.sm,87.0,87.0,77.0,78.0,95.0,106.0,84.0,98.0,108.0,97.0,100.0,102.0,97.0,94.0,78.0,77.0,77.0,79.0,88.0,78.0,107.0,114.0,85.0,87.0,78.0,80.0,84.0,86.0,85.0,100.0,93.0,97.0,87.0,96.0,92.0,93.0,80.0,80.0,80.0,79.0,86.0,79.0,101.0,95.0,77,87,0.0,87,0.0,77,0.0,78,0.0,95,0.0,89,17.0,84,0.0,96,12.0,97,0.0,,,,,,,79,0.0,88,0.0,78,0.0,107,0.0,114,0.0,77.0,0.0
j90,j9010_10,j9010_10.sm,88.0,87.0,77.0,78.0,93.0,111.0,83.0,98.0,98.0,102.0,93.0,95.0,95.0,96.0,78.0,77.0,77.0,78.0,85.0,78.0,89.0,108.0,88.0,86.0,79.0,81.0,84.0,89.0,82.0,87.0,92.0,88.0,85.0,89.0,83.0,83.0,81.0,80.0,79.0,80.0,89.0,78.0,86.0,100.0,75,88,0.0,87,0.0,77,0.0,78,0.0,93,0.0,99,12.0,83,0.0,96,2.0,102,0.0,,,,,,,78,0.0,85,0.0,77,1.0,89,0.0,106,2.0,77.0,2.0
j90,j9010_2,j9010_2.sm,106.0,111.0,95.0,96.0,111.0,115.0,97.0,111.0,122.0,114.0,102.0,113.0,120.0,104.0,96.0,95.0,95.0,96.0,110.0,95.0,116.0,136.0,106.0,110.0,100.0,99.0,109.0,108.0,98.0,105.0,121.0,108.0,102.0,113.0,105.0,102.0,99.0,100.0,100.0,99.0,108.0,100.0,105.0,112.0,95,106,0.0,111,0.0,95,0.0,96,0.0,111,0.0,106,9.0,97,0.0,117,5.0,114,0.0,,,,,,,96,0.0,110,0.0,95,0.0,116,0.0,136,0.0,95.0,0.0
j90,j9010_3,j9010_3.sm,127.0,133.0,112.0,112.0,136.0,134.0,112.0,138.0,120.0,126.0,117.0,130.0,135.0,120.0,112.0,112.0,112.0,112.0,129.0,112.0,138.0,152.0,124.0,129.0,113.0,119.0,135.0,133.0,115.0,137.0,126.0,126.0,123.0,131.0,138.0,116.0,114.0,115.0,115.0,112.0,129.0,118.0,139.0,140.0,112,127,0.0,133,0.0,112,0.0,112,0.0,136,0.0,141,-7.0,112,0.0,129,-9.0,126,0.0,,,,,,,112,0.0,129,0.0,112,0.0,138,0.0,152,0.0,112.0,0.0
j90,j9010_4,j9010_4.sm,102.0,107.0,94.0,94.0,109.0,110.0,94.0,99.0,112.0,100.0,99.0,103.0,101.0,97.0,94.0,94.0,94.0,94.0,103.0,94.0,110.0,117.0,98.0,101.0,96.0,95.0,113.0,100.0,95.0,105.0,96.0,105.0,98.0,98.0,100.0,98.0,95.0,95.0,96.0,95.0,102.0,96.0,116.0,101.0,94,102,0.0,107,0.0,94,0.0,94,0.0,109,0.0,100,10.0,94,0.0,94,18.0,100,0.0,,,,,,,94,0.0,103,0.0,94,0.0,110,0.0,117,0.0,94.0,0.0
j90,j9010_5,j9010_5.sm,87.0,88.0,78.0,78.0,92.0,100.0,78.0,85.0,93.0,93.0,88.0,84.0,90.0,81.0,78.0,78.0,78.0,78.0,84.0,78.0,103.0,103.0,89.0,86.0,81.0,79.0,86.0,92.0,82.0,81.0,81.0,91.0,94.0,92.0,99.0,89.0,79.0,80.0,80.0,81.0,86.0,80.0,96.0,98.0,78,87,0.0,88,0.0,78,0.0,78,0.0,92,0.0,94,6.0,78,0.0,98,-5.0,93,0.0,,,,,,,78,0.0,89,-5.0,78,0.0,103,0.0,103,0.0,78.0,0.0
j90,j9010_6,j9010_6.sm,104.0,106.0,92.0,92.0,107.0,95.0,92.0,92.0,102.0,96.0,95.0,99.0,103.0,92.0,92.0,92.0,92.0,92.0,106.0,92.0,99.0,122.0,102.0,105.0,92.0,93.0,104.0,104.0,101.0,99.0,100.0,96.0,96.0,107.0,100.0,97.0,93.0,92.0,92.0,93.0,104.0,92.0,96.0,111.0,92,104,0.0,106,0.0,92,0.0,92,0.0,107,0.0,92,3.0,92,0.0,93,9.0,96,0.0,,,,,,,92,0.0,106,0.0,92,0.0,99,0.0,122,0.0,92.0,0.0
j90,j9010_7,j9010_7.sm,96.0,96.0,83.0,83.0,100.0,116.0,84.0,94.0,100.0,98.0,92.0,94.0,89.0,88.0,83.0,83.0,83.0,83.0,97.0,83.0,101.0,120.0,97.0,93.0,84.0,89.0,99.0,99.0,87.0,87.0,85.0,101.0,87.0,91.0,99.0,87.0,87.0,84.0,84.0,85.0,94.0,84.0,88.0,96.0,83,96,0.0,96,0.0,83,0.0,83,0.0,100,0.0,87,29.0,84,0.0,88,12.0,98,0.0,,,,,,,83,0.0,95,2.0,83,0.0,101,0.0,120,0.0,83.0,0.0
j90,j9010_8,j9010_8.sm,100.0,102.0,81.0,86.0,110.0,121.0,90.0,108.0,110.0,95.0,113.0,98.0,109.0,95.0,86.0,81.0,81.0,85.0,95.0,84.0,112.0,114.0,100.0,99.0,87.0,91.0,93.0,99.0,92.0,106.0,102.0,88.0,101.0,101.0,94.0,96.0,88.0,87.0,87.0,87.0,93.0,90.0,117.0,114.0,81,100,0.0,102,0.0,81,0.0,86,0.0,110,0.0,118,3.0,90,0.0,100,10.0,95,0.0,,,,,,,85,0.0,95,0.0,84,0.0,112,0.0,114,0.0,81.0,0.0
j90,j9010_9,j9010_9.sm,96.0,103.0,88.0,88.0,107.0,100.0,91.0,117.0,103.0,97.0,93.0,98.0,105.0,97.0,88.0,88.0,88.0,88.0,101.0,88.0,122.0,123.0,95.0,98.0,88.0,88.0,99.0,98.0,91.0,95.0,91.0,91.0,93.0,98.0,93.0,91.0,88.0,88.0,88.0,89.0,96.0,89.0,107.0,109.0,88,96,0.0,103,0.0,88,0.0,88,0.0,107,0.0,96,4.0,91,0.0,97,6.0,97,0.0,,,,,,,88,0.0,102,-1.0,88,0.0,122,0.0,123,0.0,88.0,0.0
j90,j9011_1,j9011_1.sm,91.0,98.0,86.0,86.0,94.0,103.0,86.0,100.0,100.0,92.0,86.0,90.0,93.0,86.0,86.0,86.0,86.0,86.0,97.0,86.0,107.0,107.0,89.0,93.0,86.0,86.0,101.0,91.0,87.0,104.0,87.0,88.0,93.0,88.0,86.0,92.0,86.0,86.0,86.0,87.0,94.0,86.0,105.0,97.0,86,91,0.0,98,0.0,86,0.0,86,0.0,94,0.0,93,10.0,86,0.0,86,14.0,92,0.0,,,,,,,86,0.0,97,0.0,86,0.0,107,0.0,107,0.0,86.0,0.0
j90,j9011_10,j9011_10.sm,87.0,90.0,81.0,81.0,88.0,92.0,81.0,90.0,92.0,87.0,88.0,85.0,94.0,84.0,81.0,81.0,81.0,81.0,86.0,81.0,90.0,100.0,86.0,89.0,82.0,82.0,92.0,83.0,82.0,88.0,85.0,82.0,83.0,85.0,86.0,86.0,82.0,82.0,82.0,82.0,85.0,82.0,89.0,93.0,81,87,0.0,90,0.0,81,0.0,81,0.0,88,0.0,81,11.0,81,0.0,81,11.0,87,0.0,,,,,,,81,0.0,86,0.0,81,0.0,90,0.0,100,0.0,81.0,0.0
j90,j9011_2,j9011_2.sm,105.0,109.0,99.0,99.0,125.0,107.0,99.0,120.0,101.0,102.0,107.0,115.0,114.0,104.0,99.0,99.0,99.0,99.0,111.0,99.0,141.0,122.0,107.0,107.0,102.0,102.0,114.0,107.0,104.0,115.0,106.0,104.0,107.0,107.0,110.0,110.0,102.0,102.0,102.0,102.0,111.0,102.0,113.0,113.0,99,105,0.0,109,0.0,99,0.0,99,0.0,125,0.0,105,2.0,99,0.0,100,1.0,102,0.0,,,,,,,99,0.0,111,0.0,99,0.0,141,0.0,122,0.0,99.0,0.0
j90,j9011_3,j9011_3.sm,76.0,79.0,69.0,69.0,91.0,78.0,69.0,92.0,95.0,76.0,79.0,79.0,78.0,84.0,69.0,69.0,69.0,69.0,76.0,69.0,95.0,98.0,73.0,77.0,69.0,69.0,81.0,74.0,70.0,80.0,78.0,70.0,77.0,76.0,75.0,77.0,69.0,69.0,69.0,69.0,80.0,72.0,92.0,82.0,69,76,0.0,79,0.0,69,0.0,69,0.0,91,0.0,78,0.0,69,0.0,86,9.0,76,0.0,,,,,,,69,0.0,76,0.0,69,0.0,95,0.0,98,0.0,69.0,0.0
j90,j9011_4,j9011_4.sm,71.0,70.0,64.0,64.0,73.0,82.0,64.0,79.0,64.0,73.0,68.0,72.0,73.0,66.0,64.0,64.0,64.0,64.0,69.0,64.0,79.0,85.0,71.0,69.0,66.0,65.0,70.0,71.0,68.0,82.0,64.0,71.0,65.0,68.0,70.0,71.0,65.0,66.0,66.0,67.0,71.0,64.0,76.0,77.0,64,71,0.0,70,0.0,64,0.0,64,0.0,73,0.0,68,14.0,64,0.0,67,-3.0,73,0.0,,,,,,,64,0.0,69,0.0,64,0.0,79,0.0,85,0.0,64.0,0.0
j90,j9011_5,j9011_5.sm,82.0,87.0,81.0,81.0,81.0,90.0,81.0,87.0,87.0,89.0,81.0,85.0,91.0,81.0,81.0,81.0,81.0,81.0,85.0,81.0,89.0,94.0,82.0,85.0,81.0,81.0,88.0,81.0,81.0,81.0,81.0,82.0,85.0,83.0,83.0,81.0,81.0,81.0,81.0,83.0,81.0,81.0,82.0,91.0,81,82,0.0,87,0.0,81,0.0,81,0.0,81,0.0,83,7.0,81,0.0,81,6.0,89,0.0,,,,,,,81,0.0,85,0.0,81,0.0,89,0.0,94,0.0,81.0,0.0
j90,j9011_6,j9011_6.sm,85.0,87.0,78.0,78.0,91.0,88.0,78.0,92.0,95.0,84.0,86.0,86.0,86.0,79.0,78.0,78.0,78.0,78.0,83.0,78.0,97.0,97.0,84.0,82.0,78.0,79.0,87.0,83.0,78.0,90.0,83.0,82.0,80.0,83.0,83.0,78.0,79.0,79.0,78.0,78.0,83.0,78.0,90.0,88.0,78,85,0.0,87,0.0,78,0.0,78,0.0,91,0.0,88,0.0,78,0.0,82,13.0,84,0.0,,,,,,,78,0.0,83,0.0,78,0.0,97,0.0,97,0.0,78.0,0.0
j90,j9011_7,j9011_7.sm,97.0,98.0,95.0,95.0,95.0,95.0,95.0,95.0,95.0,95.0,95.0,95.0,95.0,95.0,95.0,95.0,95.0,95.0,99.0,95.0,95.0,103.0,97.0,96.0,95.0,95.0,95.0,95.0,95.0,95.0,95.0,96.0,95.0,95.0,96.0,95.0,95.0,95.0,95.0,95.0,96.0,95.0,97.0,99.0,95,97,0.0,98,0.0,95,0.0,95,0.0,95,0.0,101,-6.0,95,0.0,104,-9.0,95,0.0,,,,,,,95,0.0,99,0.0,95,0.0,95,0.0,103,0.0,95.0,0.0
j90,j9011_8,j9011_8.sm,88.0,89.0,82.0,82.0,106.0,86.0,82.0,94.0,104.0,102.0,95.0,91.0,89.0,82.0,82.0,82.0,82.0,82.0,88.0,82.0,94.0,111.0,87.0,88.0,86.0,82.0,87.0,93.0,87.0,88.0,85.0,87.0,86.0,87.0,91.0,86.0,82.0,86.0,86.0,82.0,86.0,87.0,86.0,92.0,82,88,0.0,89,0.0,82,0.0,82,0.0,106,0.0,91,-5.0,82,0.0,100,4.0,102,0.0,,,,,,,82,0.0,88,0.0,82,0.0,94,0.0,111,0.0,82.0,0.0
j90,j9011_9,j9011_9.sm,84.0,86.0,81.0,81.0,81.0,95.0,81.0,94.0,88.0,81.0,89.0,88.0,87.0,81.0,81.0,81.0,81.0,81.0,86.0,81.0,81.0,92.0,87.0,87.0,81.0,81.0,84.0,82.0,81.0,81.0,81.0,87.0,90.0,86.0,81.0,84.0,81.0,81.0,81.0,81.0,87.0,81.0,81.0,90.0,81,84,0.0,86,0.0,81,0.0,81,0.0,81,0.0,89,6.0,81,0.0,86,2.0,81,0.0,,,,,,,81,0.0,86,0.0,81,0.0,81,0.0,92,0.0,81.0,0.0
j90,j9012_1,j9012_1.sm,71.0,71.0,71.0,71.0,71.0,71.0,71.0,71.0,71.0,71.0,71.0,71.0,71.0,71.0,71.0,71.0,71.0,71.0,71.0,71.0,71.0,71.0,71.0,71.0,71.0,71.0,71.0,71.0,71.0,71.0,71.0,71.0,71.0,71.0,71.0,71.0,71.0,71.0,71.0,71.0,71.0,71.0,71.0,71.0,71,71,0.0,71,0.0,71,0.0,71,0.0,71,0.0,71,0.0,71,0.0,71,0.0,71,0.0,,,,,,,71,0.0,71,0.0,71,0.0,71,0.0,71,0.0,71.0,0.0
j90,j9012_10,j9012_10.sm,86.0,86.0,86.0,86.0,86.0,86.0,86.0,86.0,86.0,86.0,86.0,86.0,86.0,86.0,86.0,86.0,86.0,86.0,86.0,86.0,86.0,86.0,86.0,86.0,86.0,86.0,86.0,86.0,86.0,86.0,86.0,86.0,86.0,86.0,86.0,86.0,86.0,86.0,86.0,86.0,86.0,86.0,86.0,86.0,86,86,0.0,86,0.0,86,0.0,86,0.0,86,0.0,86,0.0,86,0.0,86,0.0,86,0.0,,,,,,,86,0.0,86,0.0,86,0.0,86,0.0,86,0.0,86.0,0.0
j90,j9012_2,j9012_2.sm,71.0,71.0,71.0,71.0,71.0,71.0,71.0,71.0,71.0,71.0,71.0,71.0,71.0,71.0,71.0,71.0,71.0,71.0,71.0,71.0,71.0,71.0,71.0,71.0,71.0,71.0,71.0,71.0,71.0,71.0,71.0,71.0,71.0,71.0,71.0,71.0,71.0,71.0,71.0,71.0,71.0,71.0,71.0,71.0,71,71,0.0,71,0.0,71,0.0,71,0.0,71,0.0,71,0.0,71,0.0,71,0.0,71,0.0,,,,,,,71,0.0,71,0.0,71,0.0,71,0.0,71,0.0,71.0,0.0
j90,j9012_3,j9012_3.sm,93.0,93.0,93.0,93.0,93.0,93.0,93.0,93.0,93.0,93.0,93.0,93.0,93.0,93.0,93.0,93.0,93.0,93.0,93.0,93.0,93.0,93.0,93.0,93.0,93.0,93.0,93.0,93.0,93.0,93.0,93.0,93.0,93.0,93.0,93.0,93.0,93.0,93.0,93.0,93.0,93.0,93.0,93.0,93.0,93,93,0.0,93,0.0,93,0.0,93,0.0,93,0.0,93,0.0,93,0.0,93,0.0,93,0.0,,,,,,,93,0.0,93,0.0,93,0.0,93,0.0,93,0.0,93.0,0.0
j90,j9012_4,j9012_4.sm,73.0,73.0,73.0,73.0,73.0,73.0,73.0,73.0,73.0,73.0,73.0,73.0,73.0,73.0,73.0,73.0,73.0,73.0,73.0,73.0,73.0,73.0,73.0,73.0,73.0,73.0,73.0,73.0,73.0,73.0,73.0,73.0,73.0,73.0,73.0,73.0,73.0,73.0,73.0,73.0,73.0,73.0,73.0,73.0,73,73,0.0,73,0.0,73,0.0,73,0.0,73,0.0,73,0.0,73,0.0,73,0.0,73,0.0,,,,,,,73,0.0,73,0.0,73,0.0,73,0.0,73,0.0,73.0,0.0
j90,j9012_5,j9012_5.sm,83.0,83.0,83.0,83.0,83.0,83.0,83.0,83.0,83.0,83.0,83.0,83.0,83.0,83.0,83.0,83.0,83.0,83.0,83.0,83.0,83.0,83.0,83.0,83.0,83.0,83.0,83.0,83.0,83.0,83.0,83.0,83.0,83.0,83.0,83.0,83.0,83.0,83.0,83.0,83.0,83.0,83.0,83.0,83.0,83,83,0.0,83,0.0,83,0.0,83,0.0,83,0.0,83,0.0,83,0.0,83,0.0,83,0.0,,,,,,,83,0.0,83,0.0,83,0.0,83,0.0,83,0.0,83.0,0.0
j90,j9012_6,j9012_6.sm,81.0,81.0,81.0,81.0,81.0,81.0,81.0,81.0,81.0,81.0,81.0,81.0,81.0,81.0,81.0,81.0,81.0,81.0,81.0,81.0,81.0,81.0,81.0,81.0,81.0,81.0,81.0,81.0,81.0,81.0,81.0,81.0,81.0,81.0,81.0,81.0,81.0,81.0,81.0,81.0,81.0,81.0,81.0,81.0,81,81,0.0,81,0.0,81,0.0,81,0.0,81,0.0,81,0.0,81,0.0,81,0.0,81,0.0,,,,,,,81,0.0,81,0.0,81,0.0,81,0.0,81,0.0,81.0,0.0
j90,j9012_7,j9012_7.sm,77.0,77.0,77.0,77.0,77.0,77.0,77.0,77.0,77.0,77.0,77.0,77.0,77.0,77.0,77.0,77.0,77.0,77.0,77.0,77.0,77.0,77.0,77.0,77.0,77.0,77.0,77.0,77.0,77.0,77.0,77.0,77.0,77.0,77.0,77.0,77.0,77.0,77.0,77.0,77.0,77.0,77.0,77.0,77.0,77,77,0.0,77,0.0,77,0.0,77,0.0,77,0.0,77,0.0,77,0.0,77,0.0,77,0.0,,,,,,,77,0.0,77,0.0,77,0.0,77,0.0,77,0.0,77.0,0.0
j90,j9012_8,j9012_8.sm,83.0,83.0,83.0,83.0,83.0,83.0,83.0,83.0,83.0,83.0,83.0,83.0,83.0,83.0,83.0,83.0,83.0,83.0,83.0,83.0,83.0,83.0,83.0,83.0,83.0,83.0,83.0,83.0,83.0,83.0,83.0,83.0,83.0,83.0,83.0,83.0,83.0,83.0,83.0,83.0,83.0,83.0,83.0,83.0,83,83,0.0,83,0.0,83,0.0,83,0.0,83,0.0,83,0.0,83,0.0,83,0.0,83,0.0,,,,,,,83,0.0,83,0.0,83,0.0,83,0.0,83,0.0,83.0,0.0
j90,j9012_9,j9012_9.sm,77.0,77.0,77.0,77.0,77.0,77.0,77.0,77.0,77.0,77.0,77.0,77.0,77.0,77.0,77.0,77.0,77.0,77.0,77.0,77.0,77.0,77.0,77.0,77.0,77.0,77.0,77.0,77.0,77.0,77.0,77.0,77.0,77.0,77.0,77.0,77.0,77.0,77.0,77.0,77.0,77.0,77.0,77.0,77.0,77,77,0.0,77,0.0,77,0.0,77,0.0,77,0.0,77,0.0,77,0.0,77,0.0,77,0.0,,,,,,,77,0.0,77,0.0,77,0.0,77,0.0,77,0.0,77.0,0.0
j90,j9013_1,j9013_1.sm,183.0,181.0,168.0,166.0,177.0,168.0,166.0,177.0,185.0,175.0,170.0,181.0,181.0,184.0,166.0,164.0,164.0,161.0,177.0,161.0,185.0,191.0,169.0,171.0,156.0,154.0,169.0,161.0,158.0,164.0,171.0,166.0,162.0,164.0,163.0,162.0,156.0,155.0,155.0,159.0,167.0,150.0,166.0,175.0,137,183,0.0,181,0.0,168,0.0,166,0.0,177,0.0,174,-6.0,166,0.0,163,22.0,175,0.0,,,,,,,163,-2.0,177,0.0,161,0.0,185,0.0,191,0.0,150.0,13.0
j90,j9013_10,j9013_10.sm,149.0,148.0,135.0,143.0,156.0,150.0,138.0,170.0,157.0,159.0,137.0,162.0,153.0,153.0,143.0,138.0,138.0,143.0,145.0,138.0,157.0,168.0,140.0,142.0,134.0,135.0,145.0,142.0,134.0,156.0,147.0,141.0,132.0,139.0,146.0,141.0,135.0,133.0,134.0,143.0,138.0,131.0,163.0,158.0,119,149,0.0,148,0.0,135,0.0,143,0.0,156,0.0,161,-11.0,138,0.0,157,0.0,159,0.0,,,,,,,145,-2.0,145,0.0,138,0.0,157,0.0,168,0.0,131.0,12.0
j90,j9013_2,j9013_2.sm,164.0,159.0,148.0,153.0,166.0,166.0,157.0,180.0,162.0,167.0,155.0,166.0,164.0,172.0,153.0,152.0,152.0,159.0,160.0,151.0,165.0,203.0,159.0,152.0,141.0,142.0,150.0,160.0,144.0,168.0,161.0,165.0,148.0,150.0,149.0,153.0,143.0,143.0,142.0,138.0,156.0,145.0,166.0,178.0,126,164,0.0,159,0.0,148,0.0,153,0.0,166,0.0,166,0.0,157,0.0,168,-6.0,167,0.0,,,,,,,156,3.0,159,1.0,151,0.0,165,0.0,203,0.0,138.0,12.0
j90,j9013_3,j9013_3.sm,144.0,153.0,125.0,130.0,155.0,152.0,128.0,154.0,154.0,141.0,137.0,139.0,149.0,149.0,130.0,127.0,127.0,131.0,148.0,128.0,170.0,172.0,141.0,140.0,121.0,120.0,142.0,143.0,123.0,156.0,154.0,145.0,134.0,139.0,137.0,147.0,128.0,119.0,120.0,122.0,139.0,118.0,146.0,168.0,108,144,0.0,153,0.0,125,0.0,130,0.0,155,0.0,157,-5.0,128,0.0,151,3.0,141,0.0,,,,,,,130,1.0,150,-2.0,128,0.0,170,0.0,172,0.0,118.0,10.0
j90,j9013_4,j9013_4.sm,142.0,152.0,130.0,134.0,163.0,165.0,131.0,149.0,156.0,155.0,133.0,151.0,153.0,153.0,134.0,129.0,129.0,133.0,143.0,131.0,164.0,172.0,137.0,138.0,125.0,129.0,142.0,137.0,124.0,146.0,132.0,142.0,131.0,141.0,148.0,145.0,127.0,127.0,127.0,126.0,136.0,125.0,153.0,149.0,112,142,0.0,152,0.0,130,0.0,134,0.0,163,0.0,146,19.0,131,0.0,144,12.0,155,0.0,,,,,,,132,1.0,144,-1.0,130,1.0,164,0.0,172,0.0,124.0,12.0
j90,j9013_5,j9013_5.sm,153.0,159.0,133.0,137.0,161.0,160.0,138.0,186.0,166.0,162.0,155.0,154.0,153.0,159.0,137.0,133.0,133.0,138.0,152.0,137.0,174.0,180.0,145.0,142.0,127.0,129.0,146.0,151.0,126.0,152.0,168.0,158.0,148.0,142.0,137.0,142.0,125.0,131.0,126.0,128.0,148.0,124.0,152.0,165.0,115,153,0.0,159,0.0,133,0.0,137,0.0,161,0.0,170,-10.0,138,0.0,156,10.0,162,0.0,,,,,,,137,1.0,152,0.0,134,3.0,169,5.0,180,0.0,124.0,9.0
j90,j9013_6,j9013_6.sm,154.0,155.0,143.0,151.0,170.0,158.0,143.0,173.0,160.0,167.0,150.0,162.0,151.0,154.0,151.0,144.0,144.0,145.0,151.0,145.0,172.0,174.0,143.0,151.0,144.0,138.0,153.0,151.0,134.0,156.0,156.0,156.0,144.0,141.0,140.0,143.0,142.0,137.0,140.0,141.0,144.0,140.0,154.0,154.0,123,154,0.0,155,0.0,143,0.0,151,0.0,170,0.0,158,0.0,143,0.0,149,11.0,167,0.0,,,,,,,144,1.0,151,0.0,144,1.0,172,0.0,174,0.0,134.0,11.0
j90,j9013_7,j9013_7.sm,163.0,172.0,140.0,144.0,162.0,160.0,148.0,173.0,175.0,162.0,151.0,163.0,164.0,170.0,144.0,142.0,142.0,143.0,171.0,145.0,179.0,188.0,162.0,162.0,141.0,136.0,146.0,149.0,142.0,159.0,167.0,154.0,142.0,157.0,143.0,151.0,142.0,138.0,138.0,138.0,158.0,137.0,158.0,177.0,124,163,0.0,172,0.0,140,0.0,144,0.0,162,0.0,162,-2.0,148,0.0,154,21.0,162,0.0,,,,,,,143,0.0,174,-3.0,145,0.0,179,0.0,188,0.0,136.0,12.0
j90,j9013_8,j9013_8.sm,136.0,143.0,137.0,137.0,155.0,158.0,137.0,153.0,161.0,155.0,135.0,153.0,150.0,154.0,137.0,140.0,140.0,137.0,139.0,137.0,149.0,176.0,132.0,132.0,132.0,130.0,140.0,136.0,130.0,165.0,138.0,136.0,130.0,133.0,137.0,137.0,134.0,132.0,131.0,130.0,134.0,130.0,152.0,163.0,116,136,0.0,143,0.0,137,0.0,137,0.0,155,0.0,151,7.0,137,0.0,143,18.0,155,0.0,,,,,,,137,0.0,139,0.0,137,0.0,149,0.0,176,0.0,130.0,14.0
j90,j9013_9,j9013_9.sm,158.0,166.0,144.0,144.0,183.0,178.0,147.0,177.0,163.0,170.0,159.0,171.0,169.0,160.0,144.0,145.0,145.0,146.0,157.0,145.0,178.0,188.0,154.0,155.0,137.0,145.0,165.0,154.0,142.0,174.0,172.0,167.0,153.0,159.0,152.0,160.0,142.0,138.0,140.0,137.0,152.0,139.0,178.0,177.0,122,158,0.0,166,0.0,144,0.0,144,0.0,183,0.0,167,11.0,147,0.0,160,3.0,170,0.0,,,,,,,144,2.0,157,0.0,145,0.0,178,0.0,188,0.0,137.0,15.0
j90,j9014_1,j9014_1.sm,107.0,110.0,89.0,89.0,115.0,131.0,90.0,128.0,112.0,106.0,98.0,111.0,109.0,103.0,89.0,89.0,89.0,89.0,107.0,89.0,123.0,134.0,106.0,108.0,94.0,91.0,109.0,119.0,96.0,116.0,96.0,99.0,98.0,107.0,105.0,107.0,91.0,92.0,92.0,91.0,106.0,91.0,111.0,116.0,89,107,0.0,110,0.0,89,0.0,89,0.0,115,0.0,119,12.0,90,0.0,103,9.0,106,0.0,,,,,,,89,0.0,105,2.0,89,0.0,123,0.0,134,0.0,89.0,0.0
j90,j9014_10,j9014_10.sm,100.0,104.0,85.0,89.0,103.0,109.0,91.0,103.0,117.0,99.0,97.0,104.0,109.0,102.0,89.0,85.0,85.0,90.0,100.0,87.0,116.0,114.0,99.0,103.0,86.0,87.0,103.0,100.0,87.0,96.0,93.0,96.0,92.0,98.0,101.0,92.0,87.0,86.0,86.0,87.0,99.0,85.0,102.0,113.0,85,100,0.0,104,0.0,85,0.0,89,0.0,103,0.0,98,11.0,91,0.0,95,22.0,99,0.0,,,,,,,94,-4.0,100,0.0,89,-2.0,116,0.0,114,0.0,85.0,0.0
j90,j9014_2,j9014_2.sm,95.0,99.0,79.0,79.0,103.0,100.0,79.0,110.0,121.0,108.0,93.0,96.0,106.0,102.0,79.0,79.0,79.0,85.0,98.0,79.0,105.0,121.0,94.0,95.0,79.0,79.0,97.0,93.0,82.0,95.0,102.0,97.0,94.0,91.0,94.0,89.0,79.0,79.0,79.0,80.0,90.0,80.0,90.0,103.0,79,95,0.0,99,0.0,79,0.0,79,0.0,103,0.0,94,6.0,79,0.0,98,23.0,108,0.0,,,,,,,85,0.0,97,1.0,79,0.0,105,0.0,121,0.0,79.0,0.0
j90,j9014_3,j9014_3.sm,108.0,109.0,94.0,94.0,114.0,100.0,94.0,123.0,94.0,101.0,99.0,120.0,118.0,122.0,94.0,94.0,94.0,94.0,108.0,94.0,103.0,126.0,108.0,104.0,95.0,96.0,96.0,95.0,95.0,99.0,95.0,101.0,102.0,112.0,106.0,100.0,96.0,95.0,95.0,95.0,107.0,94.0,98.0,95.0,94,108,0.0,109,0.0,94,0.0,94,0.0,114,0.0,112,-12.0,94,0.0,103,-9.0,101,0.0,,,,,,,94,0.0,107,1.0,94,0.0,103,0.0,126,0.0,94.0,0.0
j90,j9014_4,j9014_4.sm,108.0,107.0,88.0,89.0,106.0,109.0,89.0,100.0,101.0,104.0,97.0,98.0,107.0,118.0,89.0,88.0,88.0,91.0,108.0,88.0,101.0,125.0,107.0,104.0,90.0,92.0,114.0,106.0,93.0,106.0,107.0,118.0,91.0,107.0,96.0,106.0,92.0,89.0,89.0,91.0,105.0,91.0,107.0,112.0,88,108,0.0,107,0.0,88,0.0,89,0.0,106,0.0,113,-4.0,89,0.0,127,-26.0,104,0.0,,,,,,,95,-4.0,108,0.0,88,0.0,101,0.0,125,0.0,88.0,0.0
j90,j9014_5,j9014_5.sm,93.0,97.0,84.0,84.0,97.0,93.0,84.0,99.0,104.0,87.0,88.0,97.0,101.0,88.0,84.0,84.0,84.0,84.0,94.0,84.0,106.0,103.0,93.0,96.0,85.0,85.0,95.0,92.0,87.0,99.0,92.0,98.0,85.0,100.0,92.0,91.0,85.0,85.0,85.0,84.0,93.0,85.0,96.0,101.0,84,93,0.0,97,0.0,84,0.0,84,0.0,97,0.0,88,5.0,84,0.0,84,20.0,87,0.0,,,,,,,84,0.0,94,0.0,84,0.0,106,0.0,103,0.0,84.0,0.0
j90,j9014_6,j9014_6.sm,98.0,102.0,80.0,83.0,103.0,109.0,85.0,94.0,105.0,99.0,94.0,100.0,106.0,98.0,83.0,80.0,80.0,82.0,95.0,79.0,93.0,117.0,96.0,96.0,82.0,79.0,98.0,96.0,87.0,98.0,102.0,99.0,90.0,95.0,101.0,99.0,79.0,82.0,81.0,82.0,94.0,79.0,104.0,95.0,76,98,0.0,102,0.0,80,0.0,83,0.0,103,0.0,108,1.0,85,0.0,102,3.0,99,0.0,,,,,,,82,0.0,95,0.0,79,0.0,93,0.0,117,0.0,79.0,3.0
j90,j9014_7,j9014_7.sm,93.0,96.0,86.0,86.0,103.0,88.0,88.0,105.0,99.0,95.0,95.0,104.0,93.0,105.0,86.0,86.0,86.0,86.0,94.0,86.0,100.0,112.0,93.0,95.0,86.0,86.0,88.0,94.0,88.0,95.0,98.0,93.0,87.0,99.0,90.0,93.0,86.0,86.0,86.0,86.0,92.0,87.0,89.0,98.0,86,93,0.0,96,0.0,86,0.0,86,0.0,103,0.0,100,-12.0,88,0.0,87,12.0,95,0.0,,,,,,,86,0.0,94,0.0,86,0.0,100,0.0,112,0.0,86.0,0.0
j90,j9014_8,j9014_8.sm,95.0,95.0,80.0,80.0,96.0,101.0,84.0,103.0,102.0,110.0,91.0,105.0,98.0,104.0,80.0,80.0,80.0,80.0,94.0,80.0,102.0,113.0,94.0,97.0,80.0,82.0,96.0,96.0,84.0,104.0,89.0,88.0,85.0,99.0,88.0,88.0,82.0,80.0,80.0,80.0,92.0,81.0,108.0,101.0,80,95,0.0,95,0.0,80,0.0,80,0.0,96,0.0,97,4.0,84,0.0,98,4.0,110,0.0,,,,,,,80,0.0,94,0.0,80,0.0,102,0.0,113,0.0,80.0,0.0
j90,j9014_9,j9014_9.sm,124.0,133.0,112.0,112.0,135.0,132.0,112.0,137.0,136.0,134.0,125.0,140.0,138.0,136.0,112.0,112.0,112.0,112.0,126.0,112.0,142.0,148.0,127.0,127.0,116.0,114.0,121.0,125.0,114.0,125.0,137.0,129.0,118.0,122.0,128.0,125.0,114.0,116.0,116.0,117.0,123.0,116.0,131.0,143.0,112,124,0.0,133,0.0,112,0.0,112,0.0,135,0.0,126,6.0,112,0.0,115,21.0,134,0.0,,,,,,,112,0.0,126,0.0,112,0.0,142,0.0,148,0.0,112.0,0.0
j90,j9015_1,j9015_1.sm,80.0,81.0,76.0,76.0,91.0,87.0,78.0,92.0,100.0,89.0,89.0,86.0,86.0,83.0,76.0,76.0,76.0,76.0,81.0,76.0,85.0,102.0,80.0,82.0,76.0,76.0,79.0,83.0,79.0,81.0,94.0,89.0,80.0,83.0,83.0,79.0,76.0,76.0,76.0,76.0,79.0,76.0,91.0,91.0,76,80,0.0,81,0.0,76,0.0,76,0.0,91,0.0,91,-4.0,78,0.0,83,17.0,89,0.0,,,,,,,76,0.0,81,0.0,76,0.0,85,0.0,102,0.0,76.0,0.0
j90,j9015_10,j9015_10.sm,85.0,86.0,78.0,78.0,96.0,101.0,78.0,101.0,93.0,97.0,89.0,102.0,100.0,95.0,78.0,78.0,78.0,78.0,85.0,78.0,101.0,103.0,82.0,85.0,79.0,80.0,90.0,82.0,79.0,84.0,95.0,89.0,83.0,85.0,86.0,92.0,80.0,78.0,78.0,79.0,84.0,79.0,86.0,96.0,78,85,0.0,86,0.0,78,0.0,78,0.0,96,0.0,93,8.0,78,0.0,84,9.0,97,0.0,,,,,,,78,0.0,85,0.0,78,0.0,101,0.0,103,0.0,78.0,0.0
j90,j9015_2,j9015_2.sm,74.0,81.0,71.0,71.0,81.0,80.0,71.0,85.0,77.0,74.0,71.0,74.0,81.0,76.0,71.0,71.0,71.0,71.0,75.0,71.0,81.0,95.0,74.0,76.0,71.0,71.0,79.0,74.0,71.0,74.0,74.0,75.0,72.0,78.0,77.0,74.0,71.0,71.0,71.0,71.0,76.0,71.0,78.0,79.0,71,74,0.0,81,0.0,71,0.0,71,0.0,81,0.0,82,-2.0,71,0.0,71,6.0,74,0.0,,,,,,,71,0.0,75,0.0,71,0.0,85,-4.0,95,0.0,71.0,0.0
j90,j9015_3,j9015_3.sm,84.0,89.0,82.0,82.0,87.0,92.0,82.0,82.0,89.0,88.0,82.0,91.0,82.0,82.0,82.0,82.0,82.0,82.0,86.0,82.0,82.0,95.0,84.0,84.0,82.0,82.0,86.0,82.0,82.0,83.0,86.0,88.0,82.0,85.0,85.0,86.0,82.0,82.0,82.0,82.0,84.0,82.0,84.0,88.0,82,84,0.0,89,0.0,82,0.0,82,0.0,87,0.0,82,10.0,82,0.0,82,7.0,88,0.0,,,,,,,82,0.0,86,0.0,82,0.0,82,0.0,95,0.0,82.0,0.0
j90,j9015_4,j9015_4.sm,96.0,97.0,92.0,92.0,109.0,92.0,92.0,92.0,92.0,95.0,95.0,101.0,92.0,95.0,92.0,92.0,92.0,92.0,97.0,92.0,102.0,110.0,96.0,98.0,93.0,92.0,104.0,102.0,95.0,103.0,106.0,101.0,95.0,99.0,94.0,102.0,92.0,93.0,93.0,95.0,96.0,92.0,100.0,97.0,92,96,0.0,97,0.0,92,0.0,92,0.0,109,0.0,104,-12.0,92,0.0,92,0.0,95,0.0,,,,,,,92,0.0,97,0.0,92,0.0,102,0.0,110,0.0,92.0,0.0
j90,j9015_5,j9015_5.sm,99.0,101.0,93.0,93.0,109.0,93.0,93.0,109.0,107.0,95.0,97.0,103.0,103.0,107.0,93.0,93.0,93.0,93.0,102.0,93.0,96.0,119.0,100.0,98.0,93.0,93.0,98.0,102.0,93.0,97.0,97.0,95.0,94.0,99.0,94.0,102.0,93.0,93.0,93.0,93.0,101.0,93.0,97.0,104.0,93,99,0.0,101,0.0,93,0.0,93,0.0,109,0.0,95,-2.0,93,0.0,105,2.0,95,0.0,,,,,,,93,0.0,102,0.0,93,0.0,96,0.0,119,0.0,93.0,0.0
j90,j9015_6,j9015_6.sm,67.0,70.0,61.0,61.0,65.0,77.0,67.0,82.0,81.0,79.0,63.0,79.0,72.0,72.0,61.0,61.0,61.0,61.0,68.0,61.0,71.0,76.0,66.0,65.0,61.0,63.0,71.0,67.0,63.0,81.0,72.0,69.0,62.0,68.0,66.0,70.0,63.0,61.0,61.0,62.0,66.0,63.0,69.0,72.0,61,67,0.0,70,0.0,61,0.0,61,0.0,65,0.0,73,4.0,67,0.0,76,5.0,79,0.0,,,,,,,61,0.0,68,0.0,61,0.0,71,0.0,76,0.0,61.0,0.0
j90,j9015_7,j9015_7.sm,86.0,87.0,82.0,82.0,87.0,87.0,82.0,82.0,83.0,82.0,82.0,82.0,84.0,82.0,82.0,82.0,82.0,82.0,86.0,82.0,83.0,95.0,84.0,89.0,83.0,83.0,89.0,85.0,83.0,93.0,83.0,82.0,83.0,87.0,89.0,86.0,83.0,83.0,83.0,83.0,88.0,83.0,88.0,93.0,82,86,0.0,87,0.0,82,0.0,82,0.0,87,0.0,86,1.0,82,0.0,82,1.0,82,0.0,,,,,,,82,0.0,86,0.0,82,0.0,83,0.0,95,0.0,82.0,0.0
j90,j9015_8,j9015_8.sm,88.0,96.0,82.0,82.0,104.0,93.0,82.0,100.0,94.0,85.0,94.0,89.0,94.0,95.0,82.0,82.0,82.0,82.0,89.0,82.0,94.0,102.0,87.0,90.0,82.0,83.0,92.0,86.0,83.0,89.0,94.0,92.0,86.0,91.0,85.0,89.0,82.0,82.0,82.0,84.0,87.0,82.0,93.0,96.0,82,88,0.0,96,0.0,82,0.0,82,0.0,104,0.0,96,-3.0,82,0.0,94,0.0,85,0.0,,,,,,,82,0.0,89,0.0,82,0.0,94,0.0,102,0.0,82.0,0.0
j90,j9015_9,j9015_9.sm,88.0,88.0,83.0,83.0,94.0,89.0,83.0,92.0,88.0,93.0,83.0,92.0,94.0,91.0,83.0,83.0,83.0,83.0,87.0,83.0,96.0,104.0,87.0,89.0,83.0,83.0,96.0,92.0,84.0,89.0,84.0,90.0,84.0,88.0,89.0,93.0,83.0,83.0,83.0,83.0,88.0,83.0,89.0,96.0,83,88,0.0,88,0.0,83,0.0,83,0.0,94,0.0,89,0.0,83,0.0,85,3.0,93,0.0,,,,,,,83,0.0,87,0.0,83,0.0,96,0.0,104,0.0,83.0,0.0
j90,j9016_1,j9016_1.sm,85.0,85.0,85.0,85.0,85.0,85.0,85.0,85.0,85.0,85.0,85.0,85.0,85.0,85.0,85.0,85.0,85.0,85.0,85.0,85.0,85.0,85.0,85.0,85.0,85.0,85.0,85.0,85.0,85.0,85.0,85.0,85.0,85.0,85.0,85.0,85.0,85.0,85.0,85.0,85.0,85.0,85.0,85.0,85.0,85,85,0.0,85,0.0,85,0.0,85,0.0,85,0.0,85,0.0,85,0.0,85,0.0,85,0.0,,,,,,,85,0.0,85,0.0,85,0.0,85,0.0,85,0.0,85.0,0.0
j90,j9016_10,j9016_10.sm,71.0,71.0,71.0,71.0,71.0,71.0,71.0,71.0,71.0,71.0,71.0,71.0,71.0,71.0,71.0,71.0,71.0,71.0,71.0,71.0,71.0,71.0,71.0,71.0,71.0,71.0,71.0,71.0,71.0,71.0,71.0,71.0,71.0,71.0,71.0,71.0,71.0,71.0,71.0,71.0,71.0,71.0,71.0,71.0,71,71,0.0,71,0.0,71,0.0,71,0.0,71,0.0,71,0.0,71,0.0,71,0.0,71,0.0,,,,,,,71,0.0,71,0.0,71,0.0,71,0.0,71,0.0,71.0,0.0
j90,j9016_2,j9016_2.sm,71.0,71.0,71.0,71.0,71.0,71.0,71.0,71.0,71.0,71.0,71.0,71.0,71.0,71.0,71.0,71.0,71.0,71.0,71.0,71.0,71.0,71.0,71.0,71.0,71.0,71.0,71.0,71.0,71.0,71.0,71.0,71.0,71.0,71.0,71.0,71.0,71.0,71.0,71.0,71.0,71.0,71.0,71.0,71.0,71,71,0.0,71,0.0,71,0.0,71,0.0,71,0.0,71,0.0,71,0.0,71,0.0,71,0.0,,,,,,,71,0.0,71,0.0,71,0.0,71,0.0,71,0.0,71.0,0.0
j90,j9016_3,j9016_3.sm,73.0,73.0,73.0,73.0,73.0,73.0,73.0,73.0,73.0,73.0,73.0,73.0,73.0,73.0,73.0,73.0,73.0,73.0,73.0,73.0,73.0,73.0,73.0,73.0,73.0,73.0,73.0,73.0,73.0,73.0,73.0,73.0,73.0,73.0,73.0,73.0,73.0,73.0,73.0,73.0,73.0,73.0,73.0,73.0,73,73,0.0,73,0.0,73,0.0,73,0.0,73,0.0,73,0.0,73,0.0,73,0.0,73,0.0,,,,,,,73,0.0,73,0.0,73,0.0,73,0.0,73,0.0,73.0,0.0
j90,j9016_4,j9016_4.sm,69.0,69.0,69.0,69.0,69.0,69.0,69.0,69.0,69.0,69.0,69.0,69.0,69.0,69.0,69.0,69.0,69.0,69.0,69.0,69.0,69.0,69.0,69.0,69.0,69.0,69.0,69.0,69.0,69.0,69.0,69.0,69.0,69.0,69.0,69.0,69.0,69.0,69.0,69.0,69.0,69.0,69.0,69.0,69.0,69,69,0.0,69,0.0,69,0.0,69,0.0,69,0.0,69,0.0,69,0.0,69,0.0,69,0.0,,,,,,,69,0.0,69,0.0,69,0.0,69,0.0,69,0.0,69.0,0.0
j90,j9016_5,j9016_5.sm,71.0,71.0,71.0,71.0,71.0,71.0,71.0,71.0,71.0,71.0,71.0,71.0,71.0,71.0,71.0,71.0,71.0,71.0,71.0,71.0,71.0,71.0,71.0,71.0,71.0,71.0,71.0,71.0,71.0,71.0,71.0,71.0,71.0,71.0,71.0,71.0,71.0,71.0,71.0,71.0,71.0,71.0,71.0,71.0,71,71,0.0,71,0.0,71,0.0,71,0.0,71,0.0,71,0.0,71,0.0,71,0.0,71,0.0,,,,,,,71,0.0,71,0.0,71,0.0,71,0.0,71,0.0,71.0,0.0
j90,j9016_6,j9016_6.sm,74.0,74.0,74.0,74.0,74.0,74.0,74.0,74.0,74.0,74.0,74.0,74.0,74.0,74.0,74.0,74.0,74.0,74.0,74.0,74.0,74.0,74.0,74.0,74.0,74.0,74.0,74.0,74.0,74.0,74.0,74.0,74.0,74.0,74.0,74.0,74.0,74.0,74.0,74.0,74.0,74.0,74.0,74.0,74.0,74,74,0.0,74,0.0,74,0.0,74,0.0,74,0.0,74,0.0,74,0.0,74,0.0,74,0.0,,,,,,,74,0.0,74,0.0,74,0.0,74,0.0,74,0.0,74.0,0.0
j90,j9016_7,j9016_7.sm,65.0,65.0,65.0,65.0,65.0,65.0,65.0,65.0,65.0,65.0,65.0,65.0,65.0,65.0,65.0,65.0,65.0,65.0,65.0,65.0,65.0,65.0,65.0,65.0,65.0,65.0,65.0,65.0,65.0,65.0,65.0,65.0,65.0,65.0,65.0,65.0,65.0,65.0,65.0,65.0,65.0,65.0,65.0,65.0,65,65,0.0,65,0.0,65,0.0,65,0.0,65,0.0,65,0.0,65,0.0,65,0.0,65,0.0,,,,,,,65,0.0,65,0.0,65,0.0,65,0.0,65,0.0,65.0,0.0
j90,j9016_8,j9016_8.sm,71.0,71.0,71.0,71.0,71.0,71.0,71.0,71.0,71.0,71.0,71.0,71.0,71.0,71.0,71.0,71.0,71.0,71.0,71.0,71.0,71.0,71.0,71.0,71.0,71.0,71.0,71.0,71.0,71.0,71.0,71.0,71.0,71.0,71.0,71.0,71.0,71.0,71.0,71.0,71.0,71.0,71.0,71.0,71.0,71,71,0.0,71,0.0,71,0.0,71,0.0,71,0.0,71,0.0,71,0.0,71,0.0,71,0.0,,,,,,,71,0.0,71,0.0,71,0.0,71,0.0,71,0.0,71.0,0.0
j90,j9016_9,j9016_9.sm,66.0,66.0,66.0,66.0,66.0,66.0,66.0,66.0,66.0,66.0,66.0,66.0,66.0,66.0,66.0,66.0,66.0,66.0,66.0,66.0,66.0,66.0,66.0,66.0,66.0,66.0,66.0,66.0,66.0,66.0,66.0,66.0,66.0,66.0,66.0,66.0,66.0,66.0,66.0,66.0,66.0,66.0,66.0,66.0,66,66,0.0,66,0.0,66,0.0,66,0.0,66,0.0,66,0.0,66,0.0,66,0.0,66,0.0,,,,,,,66,0.0,66,0.0,66,0.0,66,0.0,66,0.0,66.0,0.0
j90,j9017_1,j9017_1.sm,117.0,108.0,116.0,106.0,127.0,133.0,107.0,121.0,129.0,119.0,107.0,113.0,113.0,107.0,124.0,117.0,116.0,101.0,121.0,101.0,121.0,128.0,105.0,109.0,109.0,100.0,105.0,121.0,102.0,107.0,142.0,127.0,110.0,128.0,128.0,110.0,112.0,109.0,109.0,106.0,108.0,106.0,142.0,140.0,92,117,0.0,108,0.0,116,0.0,106,0.0,127,0.0,130,3.0,107,0.0,119,10.0,119,0.0,,,,,,,101,0.0,121,0.0,101,0.0,121,0.0,128,0.0,100.0,8.0
j90,j9017_10,j9017_10.sm,109.0,107.0,98.0,94.0,121.0,111.0,95.0,129.0,130.0,107.0,107.0,112.0,112.0,107.0,114.0,96.0,98.0,99.0,104.0,95.0,110.0,122.0,105.0,103.0,100.0,96.0,103.0,102.0,97.0,104.0,105.0,102.0,101.0,102.0,102.0,101.0,96.0,96.0,100.0,100.0,102.0,96.0,104.0,122.0,89,109,0.0,107,0.0,98,0.0,94,0.0,121,0.0,121,-10.0,95,0.0,117,13.0,107,0.0,,,,,,,99,0.0,104,0.0,98,-3.0,110,0.0,122,0.0,94.0,5.0
j90,j9017_2,j9017_2.sm,111.0,117.0,121.0,117.0,147.0,137.0,119.0,144.0,120.0,130.0,124.0,116.0,116.0,124.0,132.0,115.0,121.0,118.0,121.0,126.0,146.0,164.0,121.0,121.0,114.0,114.0,123.0,114.0,116.0,123.0,123.0,139.0,123.0,121.0,121.0,123.0,114.0,114.0,114.0,114.0,121.0,114.0,123.0,123.0,100,111,0.0,117,0.0,121,0.0,117,0.0,147,0.0,120,17.0,119,0.0,121,-1.0,130,0.0,,,,,,,118,0.0,121,0.0,126,0.0,146,0.0,164,0.0,111.0,11.0
j90,j9017_3,j9017_3.sm,104.0,111.0,96.0,92.0,130.0,109.0,109.0,105.0,104.0,108.0,103.0,116.0,116.0,103.0,127.0,101.0,96.0,94.0,109.0,95.0,120.0,126.0,104.0,106.0,99.0,99.0,106.0,107.0,101.0,106.0,108.0,105.0,96.0,105.0,105.0,96.0,97.0,99.0,99.0,100.0,104.0,99.0,107.0,115.0,89,104,0.0,111,0.0,96,0.0,92,0.0,130,0.0,107,2.0,109,0.0,105,-1.0,108,0.0,,,,,,,94,0.0,109,0.0,95,0.0,120,0.0,126,0.0,92.0,3.0
j90,j9017_4,j9017_4.sm,110.0,119.0,106.0,107.0,118.0,125.0,110.0,124.0,114.0,116.0,115.0,119.0,119.0,115.0,107.0,106.0,106.0,109.0,121.0,114.0,139.0,134.0,121.0,119.0,98.0,98.0,107.0,117.0,97.0,112.0,113.0,108.0,99.0,107.0,107.0,99.0,97.0,98.0,98.0,98.0,120.0,98.0,112.0,112.0,94,110,0.0,119,0.0,106,0.0,107,0.0,118,0.0,118,7.0,110,0.0,145,-31.0,116,0.0,,,,,,,109,0.0,121,0.0,114,0.0,139,0.0,134,0.0,97.0,3.0
j90,j9017_5,j9017_5.sm,129.0,127.0,113.0,113.0,137.0,152.0,113.0,123.0,143.0,123.0,113.0,125.0,125.0,113.0,148.0,113.0,113.0,113.0,129.0,113.0,127.0,149.0,133.0,136.0,127.0,127.0,131.0,129.0,126.0,143.0,143.0,126.0,126.0,128.0,128.0,126.0,126.0,127.0,127.0,126.0,129.0,126.0,136.0,146.0,113,129,0.0,127,0.0,113,0.0,113,0.0,137,0.0,122,30.0,113,0.0,126,17.0,123,0.0,,,,,,,113,0.0,129,0.0,113,0.0,127,0.0,149,0.0,113.0,0.0
j90,j9017_6,j9017_6.sm,121.0,129.0,98.0,103.0,124.0,136.0,107.0,116.0,121.0,114.0,104.0,117.0,117.0,104.0,103.0,102.0,98.0,99.0,132.0,100.0,129.0,132.0,119.0,118.0,101.0,101.0,105.0,109.0,102.0,122.0,121.0,111.0,101.0,117.0,117.0,101.0,100.0,101.0,101.0,101.0,119.0,101.0,113.0,116.0,94,121,0.0,129,0.0,98,0.0,103,0.0,124,0.0,126,10.0,107,0.0,114,7.0,114,0.0,,,,,,,99,0.0,132,0.0,100,0.0,129,0.0,132,0.0,98.0,4.0
j90,j9017_7,j9017_7.sm,94.0,92.0,82.0,86.0,99.0,111.0,81.0,114.0,105.0,100.0,91.0,106.0,106.0,91.0,111.0,80.0,82.0,81.0,97.0,84.0,87.0,121.0,98.0,92.0,86.0,86.0,95.0,103.0,87.0,101.0,107.0,103.0,98.0,93.0,93.0,98.0,86.0,87.0,92.0,87.0,93.0,85.0,91.0,101.0,80,94,0.0,92,0.0,82,0.0,86,0.0,99,0.0,95,16.0,81,0.0,96,9.0,100,0.0,,,,,,,81,0.0,97,0.0,84,0.0,87,0.0,121,0.0,80.0,0.0
j90,j9017_8,j9017_8.sm,134.0,133.0,125.0,122.0,141.0,146.0,124.0,154.0,157.0,143.0,128.0,142.0,142.0,128.0,139.0,125.0,125.0,130.0,141.0,121.0,153.0,175.0,132.0,130.0,123.0,123.0,125.0,136.0,126.0,124.0,149.0,144.0,126.0,132.0,132.0,126.0,123.0,123.0,123.0,123.0,135.0,123.0,144.0,135.0,113,134,0.0,133,0.0,125,0.0,122,0.0,141,0.0,158,-12.0,124,0.0,161,-4.0,143,0.0,,,,,,,130,0.0,141,0.0,121,0.0,153,0.0,175,0.0,121.0,8.0
j90,j9017_9,j9017_9.sm,111.0,114.0,107.0,104.0,142.0,132.0,104.0,120.0,119.0,128.0,126.0,133.0,133.0,126.0,127.0,111.0,107.0,107.0,116.0,104.0,122.0,136.0,109.0,104.0,102.0,102.0,112.0,112.0,102.0,116.0,102.0,106.0,104.0,104.0,104.0,104.0,104.0,102.0,102.0,102.0,110.0,102.0,104.0,111.0,96,111,0.0,114,0.0,107,0.0,104,0.0,142,0.0,128,4.0,104,0.0,122,-3.0,128,0.0,,,,,,,107,0.0,116,0.0,104,0.0,122,0.0,136,0.0,102.0,6.0
j90,j9018_1,j9018_1.sm,106.0,112.0,101.0,101.0,104.0,112.0,101.0,107.0,107.0,113.0,101.0,119.0,119.0,101.0,101.0,101.0,101.0,101.0,106.0,101.0,130.0,130.0,106.0,109.0,101.0,101.0,109.0,103.0,101.0,114.0,102.0,102.0,101.0,103.0,103.0,101.0,101.0,101.0,101.0,101.0,102.0,101.0,118.0,108.0,101,106,0.0,112,0.0,101,0.0,101,0.0,104,0.0,113,-1.0,101,0.0,105,2.0,113,0.0,,,,,,,101,0.0,106,0.0,101,0.0,130,0.0,130,0.0,101.0,0.0
j90,j9018_10,j9018_10.sm,97.0,101.0,94.0,94.0,94.0,102.0,94.0,106.0,94.0,98.0,94.0,105.0,105.0,94.0,94.0,94.0,94.0,94.0,97.0,94.0,98.0,109.0,97.0,98.0,97.0,97.0,98.0,97.0,97.0,97.0,97.0,97.0,97.0,97.0,97.0,97.0,97.0,97.0,97.0,97.0,98.0,97.0,97.0,97.0,94,97,0.0,101,0.0,94,0.0,94,0.0,94,0.0,102,0.0,94,0.0,109,-15.0,98,0.0,,,,,,,94,0.0,97,0.0,94,0.0,98,0.0,109,0.0,94.0,0.0
j90,j9018_2,j9018_2.sm,104.0,101.0,94.0,94.0,111.0,115.0,98.0,111.0,111.0,113.0,104.0,98.0,98.0,104.0,94.0,94.0,94.0,94.0,101.0,94.0,103.0,136.0,104.0,98.0,94.0,97.0,99.0,97.0,98.0,115.0,108.0,94.0,104.0,99.0,99.0,104.0,97.0,97.0,94.0,94.0,103.0,94.0,114.0,103.0,94,104,0.0,101,0.0,94,0.0,94,0.0,111,0.0,111,4.0,98,0.0,100,11.0,113,0.0,,,,,,,94,0.0,101,0.0,94,0.0,103,0.0,136,0.0,94.0,0.0
j90,j9018_3,j9018_3.sm,86.0,93.0,83.0,83.0,97.0,90.0,83.0,89.0,91.0,93.0,87.0,90.0,90.0,87.0,83.0,83.0,83.0,83.0,85.0,83.0,99.0,109.0,86.0,87.0,84.0,85.0,86.0,85.0,84.0,87.0,87.0,85.0,85.0,84.0,84.0,85.0,85.0,84.0,84.0,84.0,87.0,84.0,87.0,86.0,83,86,0.0,93,0.0,83,0.0,83,0.0,97,0.0,91,-1.0,83,0.0,92,-1.0,93,0.0,,,,,,,83,0.0,85,0.0,83,0.0,99,0.0,109,0.0,83.0,0.0
j90,j9018_4,j9018_4.sm,99.0,106.0,98.0,98.0,115.0,106.0,98.0,98.0,98.0,103.0,98.0,106.0,106.0,98.0,98.0,98.0,98.0,98.0,100.0,98.0,112.0,124.0,100.0,100.0,106.0,106.0,98.0,100.0,105.0,105.0,100.0,98.0,106.0,98.0,98.0,106.0,106.0,106.0,106.0,106.0,105.0,106.0,100.0,100.0,98,99,0.0,106,0.0,98,0.0,98,0.0,115,0.0,111,-5.0,98,0.0,98,0.0,103,0.0,,,,,,,98,0.0,100,0.0,98,0.0,112,0.0,124,0.0,98.0,0.0
j90,j9018_5,j9018_5.sm,99.0,100.0,90.0,90.0,95.0,103.0,90.0,111.0,121.0,106.0,93.0,114.0,114.0,93.0,90.0,90.0,90.0,90.0,103.0,90.0,105.0,112.0,102.0,100.0,94.0,90.0,103.0,101.0,94.0,103.0,103.0,102.0,97.0,93.0,93.0,97.0,90.0,94.0,94.0,94.0,100.0,94.0,95.0,107.0,90,99,0.0,100,0.0,90,0.0,90,0.0,95,0.0,106,-3.0,90,0.0,102,19.0,106,0.0,,,,,,,90,0.0,103,0.0,90,0.0,105,0.0,112,0.0,90.0,0.0
j90,j9018_6,j9018_6.sm,85.0,96.0,83.0,91.0,96.0,107.0,85.0,101.0,90.0,91.0,89.0,92.0,92.0,89.0,91.0,83.0,83.0,83.0,87.0,83.0,94.0,94.0,85.0,87.0,85.0,85.0,87.0,85.0,85.0,102.0,99.0,101.0,85.0,94.0,94.0,85.0,85.0,85.0,85.0,85.0,87.0,85.0,85.0,101.0,83,85,0.0,96,0.0,83,0.0,91,0.0,96,0.0,103,4.0,85,0.0,99,-9.0,91,0.0,,,,,,,83,0.0,87,0.0,83,0.0,94,0.0,94,0.0,83.0,0.0
j90,j9018_7,j9018_7.sm,76.0,78.0,73.0,73.0,92.0,93.0,73.0,79.0,82.0,73.0,74.0,76.0,76.0,74.0,73.0,73.0,73.0,75.0,78.0,73.0,90.0,96.0,80.0,78.0,76.0,80.0,78.0,76.0,76.0,77.0,76.0,77.0,76.0,78.0,78.0,76.0,80.0,76.0,76.0,80.0,81.0,80.0,79.0,78.0,73,76,0.0,78,0.0,73,0.0,73,0.0,92,0.0,86,7.0,73,0.0,75,7.0,73,0.0,,,,,,,75,0.0,78,0.0,73,0.0,90,0.0,96,0.0,73.0,0.0
j90,j9018_8,j9018_8.sm,97.0,107.0,92.0,92.0,103.0,109.0,92.0,97.0,96.0,106.0,92.0,109.0,109.0,92.0,92.0,92.0,92.0,92.0,98.0,92.0,103.0,116.0,100.0,95.0,95.0,95.0,95.0,102.0,95.0,95.0,95.0,95.0,95.0,95.0,95.0,95.0,95.0,95.0,95.0,95.0,102.0,95.0,95.0,104.0,92,97,0.0,107,0.0,92,0.0,92,0.0,103,0.0,97,12.0,92,0.0,95,1.0,106,0.0,,,,,,,92,0.0,98,0.0,92,0.0,103,0.0,116,0.0,92.0,0.0
j90,j9018_9,j9018_9.sm,84.0,83.0,79.0,79.0,85.0,79.0,79.0,89.0,86.0,80.0,86.0,84.0,84.0,86.0,79.0,79.0,79.0,79.0,84.0,79.0,84.0,96.0,85.0,82.0,85.0,85.0,82.0,82.0,85.0,91.0,90.0,85.0,90.0,88.0,88.0,90.0,82.0,85.0,85.0,85.0,82.0,85.0,82.0,91.0,79,84,0.0,83,0.0,79,0.0,79,0.0,85,0.0,88,-9.0,79,0.0,84,2.0,80,0.0,,,,,,,79,0.0,84,0.0,79,0.0,84,0.0,96,0.0,79.0,0.0
j90,j9019_1,j9019_1.sm,99.0,99.0,98.0,98.0,122.0,121.0,98.0,98.0,98.0,98.0,98.0,98.0,98.0,98.0,98.0,98.0,98.0,98.0,99.0,98.0,99.0,122.0,99.0,99.0,99.0,99.0,99.0,99.0,99.0,99.0,99.0,99.0,99.0,99.0,99.0,99.0,99.0,99.0,99.0,99.0,99.0,99.0,99.0,99.0,98,99,0.0,99,0.0,98,0.0,98,0.0,122,0.0,98,23.0,98,0.0,99,-1.0,98,0.0,,,,,,,98,0.0,99,0.0,98,0.0,99,0.0,122,0.0,98.0,0.0
j90,j9019_10,j9019_10.sm,88.0,89.0,85.0,85.0,89.0,85.0,85.0,90.0,90.0,89.0,85.0,89.0,89.0,85.0,85.0,85.0,85.0,85.0,89.0,85.0,90.0,102.0,88.0,90.0,85.0,85.0,90.0,89.0,85.0,90.0,89.0,88.0,88.0,89.0,89.0,88.0,85.0,85.0,85.0,85.0,89.0,85.0,90.0,90.0,85,88,0.0,89,0.0,85,0.0,85,0.0,89,0.0,85,0.0,85,0.0,85,5.0,89,0.0,,,,,,,85,0.0,89,0.0,85,0.0,90,0.0,102,0.0,85.0,0.0
j90,j9019_2,j9019_2.sm,84.0,89.0,83.0,85.0,102.0,94.0,85.0,89.0,97.0,83.0,85.0,85.0,85.0,85.0,85.0,85.0,83.0,83.0,87.0,83.0,97.0,89.0,84.0,84.0,83.0,83.0,84.0,84.0,83.0,87.0,87.0,83.0,84.0,83.0,83.0,84.0,83.0,83.0,83.0,83.0,84.0,83.0,87.0,87.0,83,84,0.0,89,0.0,83,0.0,85,0.0,102,0.0,83,11.0,85,0.0,85,12.0,83,0.0,,,,,,,83,0.0,87,0.0,83,0.0,97,0.0,89,0.0,83.0,0.0
j90,j9019_3,j9019_3.sm,90.0,90.0,89.0,89.0,96.0,89.0,90.0,90.0,89.0,89.0,90.0,90.0,90.0,90.0,89.0,89.0,89.0,89.0,90.0,89.0,102.0,99.0,90.0,90.0,89.0,89.0,90.0,90.0,90.0,90.0,89.0,89.0,90.0,90.0,90.0,90.0,89.0,89.0,89.0,89.0,90.0,89.0,90.0,90.0,89,90,0.0,90,0.0,89,0.0,89,0.0,96,0.0,90,-1.0,90,0.0,89,0.0,89,0.0,,,,,,,89,0.0,90,0.0,89,0.0,102,0.0,99,0.0,89.0,0.0
j90,j9019_4,j9019_4.sm,80.0,80.0,77.0,77.0,82.0,79.0,80.0,89.0,80.0,78.0,80.0,86.0,86.0,80.0,77.0,77.0,77.0,77.0,80.0,77.0,89.0,90.0,80.0,80.0,80.0,80.0,84.0,85.0,80.0,84.0,84.0,80.0,80.0,80.0,80.0,80.0,80.0,80.0,80.0,80.0,80.0,80.0,80.0,84.0,77,80,0.0,80,0.0,77,0.0,77,0.0,82,0.0,84,-5.0,80,0.0,80,0.0,78,0.0,,,,,,,77,0.0,80,0.0,77,0.0,89,0.0,90,0.0,77.0,0.0
j90,j9019_5,j9019_5.sm,70.0,68.0,66.0,66.0,66.0,66.0,66.0,71.0,70.0,70.0,66.0,68.0,68.0,66.0,66.0,66.0,66.0,66.0,70.0,66.0,70.0,77.0,71.0,71.0,71.0,71.0,72.0,72.0,71.0,71.0,71.0,71.0,71.0,71.0,71.0,71.0,71.0,71.0,71.0,71.0,71.0,71.0,71.0,72.0,66,70,0.0,68,0.0,66,0.0,66,0.0,66,0.0,66,0.0,66,0.0,70,0.0,70,0.0,,,,,,,66,0.0,70,0.0,66,0.0,70,0.0,77,0.0,66.0,0.0
j90,j9019_6,j9019_6.sm,136.0,139.0,136.0,136.0,149.0,139.0,136.0,149.0,141.0,136.0,136.0,139.0,139.0,136.0,136.0,136.0,136.0,136.0,141.0,136.0,149.0,149.0,136.0,139.0,136.0,136.0,139.0,139.0,136.0,136.0,136.0,136.0,136.0,139.0,139.0,136.0,136.0,136.0,136.0,136.0,137.0,136.0,136.0,139.0,136,136,0.0,139,0.0,136,0.0,136,0.0,149,0.0,136,3.0,136,0.0,136,5.0,136,0.0,,,,,,,136,0.0,141,0.0,136,0.0,149,0.0,149,0.0,136.0,0.0
j90,j9019_7,j9019_7.sm,70.0,71.0,66.0,66.0,79.0,70.0,66.0,85.0,70.0,75.0,75.0,71.0,71.0,75.0,66.0,66.0,66.0,66.0,69.0,66.0,90.0,79.0,70.0,70.0,70.0,69.0,70.0,70.0,69.0,70.0,72.0,71.0,70.0,70.0,70.0,70.0,69.0,69.0,69.0,69.0,69.0,69.0,70.0,72.0,66,70,0.0,71,0.0,66,0.0,66,0.0,79,0.0,72,-2.0,66,0.0,71,-1.0,75,0.0,,,,,,,66,0.0,69,0.0,66,0.0,90,0.0,79,0.0,66.0,0.0
j90,j9019_8,j9019_8.sm,91.0,91.0,91.0,91.0,93.0,98.0,91.0,91.0,91.0,91.0,91.0,91.0,91.0,91.0,91.0,91.0,91.0,91.0,91.0,91.0,95.0,98.0,91.0,91.0,91.0,91.0,91.0,91.0,91.0,91.0,91.0,91.0,91.0,91.0,91.0,91.0,91.0,91.0,91.0,91.0,91.0,91.0,91.0,91.0,91,91,0.0,91,0.0,91,0.0,91,0.0,93,0.0,98,0.0,91,0.0,91,0.0,91,0.0,,,,,,,91,0.0,91,0.0,91,0.0,95,0.0,98,0.0,91.0,0.0
j90,j9019_9,j9019_9.sm,121.0,121.0,121.0,121.0,121.0,123.0,121.0,121.0,121.0,123.0,121.0,123.0,123.0,121.0,121.0,121.0,121.0,121.0,121.0,121.0,121.0,124.0,121.0,121.0,121.0,121.0,121.0,125.0,121.0,121.0,123.0,123.0,121.0,125.0,125.0,121.0,121.0,121.0,121.0,121.0,121.0,121.0,123.0,125.0,121,121,0.0,121,0.0,121,0.0,121,0.0,121,0.0,123,0.0,121,0.0,121,0.0,123,0.0,,,,,,,121,0.0,121,0.0,121,0.0,121,0.0,124,0.0,121.0,0.0
j90,j901_1,j901_1.sm,94.0,98.0,83.0,82.0,111.0,105.0,89.0,101.0,92.0,108.0,88.0,97.0,97.0,88.0,82.0,81.0,83.0,84.0,101.0,84.0,102.0,148.0,85.0,90.0,81.0,81.0,97.0,87.0,86.0,96.0,99.0,93.0,94.0,89.0,89.0,94.0,89.0,81.0,81.0,81.0,91.0,81.0,89.0,97.0,73,94,0.0,98,0.0,83,0.0,82,0.0,111,0.0,101,4.0,89,0.0,95,-3.0,108,0.0,,,,,,,84,0.0,101,0.0,84,0.0,102,0.0,148,0.0,81.0,8.0
j90,j901_10,j901_10.sm,111.0,107.0,100.0,97.0,106.0,124.0,99.0,123.0,130.0,122.0,110.0,111.0,111.0,110.0,121.0,97.0,100.0,97.0,112.0,93.0,125.0,149.0,110.0,105.0,100.0,101.0,104.0,111.0,100.0,118.0,115.0,108.0,104.0,113.0,113.0,104.0,102.0,100.0,100.0,100.0,109.0,100.0,120.0,113.0,90,111,0.0,107,0.0,100,0.0,97,0.0,106,0.0,109,15.0,99,0.0,116,14.0,122,0.0,,,,,,,97,0.0,111,1.0,93,0.0,125,0.0,149,0.0,93.0,3.0
j90,j901_2,j901_2.sm,117.0,113.0,98.0,92.0,117.0,114.0,98.0,121.0,113.0,108.0,109.0,121.0,121.0,109.0,96.0,98.0,92.0,98.0,126.0,98.0,113.0,120.0,117.0,109.0,97.0,93.0,121.0,108.0,97.0,99.0,121.0,119.0,98.0,109.0,109.0,98.0,94.0,93.0,97.0,97.0,123.0,97.0,98.0,122.0,92,117,0.0,113,0.0,98,0.0,92,0.0,117,0.0,117,-3.0,98,0.0,119,-6.0,108,0.0,,,,,,,98,0.0,126,0.0,98,0.0,113,0.0,120,0.0,92.0,0.0
j90,j901_3,j901_3.sm,80.0,78.0,75.0,79.0,106.0,90.0,79.0,99.0,89.0,90.0,75.0,91.0,91.0,75.0,87.0,78.0,83.0,87.0,88.0,78.0,104.0,109.0,81.0,77.0,78.0,71.0,85.0,82.0,80.0,89.0,89.0,75.0,75.0,80.0,80.0,75.0,79.0,72.0,78.0,72.0,80.0,72.0,86.0,93.0,66,80,0.0,78,0.0,75,0.0,79,0.0,106,0.0,84,6.0,79,0.0,80,9.0,90,0.0,,,,,,,87,0.0,88,0.0,78,0.0,104,0.0,109,0.0,71.0,5.0
j90,j901_4,j901_4.sm,112.0,111.0,97.0,95.0,107.0,108.0,90.0,120.0,112.0,117.0,96.0,118.0,118.0,96.0,102.0,90.0,97.0,98.0,112.0,95.0,112.0,125.0,112.0,112.0,100.0,95.0,104.0,108.0,92.0,122.0,120.0,107.0,98.0,93.0,93.0,98.0,95.0,95.0,95.0,95.0,114.0,95.0,123.0,129.0,86,112,0.0,111,0.0,97,0.0,95,0.0,107,0.0,117,-9.0,90,0.0,115,-3.0,117,0.0,,,,,,,98,0.0,112,0.0,95,0.0,112,0.0,125,0.0,90.0,4.0
j90,j901_5,j901_5.sm,101.0,108.0,90.0,91.0,103.0,110.0,90.0,116.0,119.0,127.0,100.0,108.0,108.0,100.0,115.0,90.0,90.0,96.0,97.0,96.0,117.0,150.0,106.0,109.0,96.0,96.0,110.0,122.0,96.0,115.0,123.0,121.0,110.0,116.0,116.0,110.0,96.0,96.0,96.0,96.0,104.0,96.0,110.0,120.0,87,101,0.0,108,0.0,90,0.0,91,0.0,103,0.0,112,-2.0,90,0.0,124,-5.0,127,0.0,,,,,,,96,0.0,97,0.0,96,0.0,117,0.0,150,0.0,90.0,3.0
j90,j901_6,j901_6.sm,92.0,84.0,81.0,81.0,93.0,92.0,83.0,117.0,128.0,87.0,90.0,84.0,84.0,90.0,110.0,84.0,80.0,80.0,94.0,83.0,103.0,111.0,89.0,84.0,80.0,80.0,82.0,104.0,80.0,101.0,101.0,94.0,88.0,98.0,98.0,88.0,80.0,80.0,80.0,79.0,96.0,78.0,83.0,92.0,74,92,0.0,84,0.0,81,0.0,81,0.0,93,0.0,97,-5.0,83,0.0,85,43.0,87,0.0,,,,,,,80,0.0,92,2.0,83,0.0,103,0.0,119,-8.0,78.0,4.0
j90,j901_7,j901_7.sm,111.0,122.0,109.0,100.0,136.0,111.0,98.0,114.0,122.0,116.0,97.0,129.0,129.0,97.0,108.0,109.0,105.0,111.0,123.0,114.0,113.0,139.0,113.0,113.0,98.0,98.0,113.0,108.0,94.0,111.0,111.0,99.0,95.0,101.0,101.0,95.0,100.0,98.0,98.0,103.0,104.0,101.0,113.0,113.0,91,111,0.0,122,0.0,109,0.0,100,0.0,136,0.0,125,-14.0,98,0.0,115,7.0,116,0.0,,,,,,,111,0.0,123,0.0,114,0.0,122,-9.0,139,0.0,94.0,3.0
j90,j901_8,j901_8.sm,118.0,116.0,100.0,109.0,126.0,141.0,101.0,135.0,154.0,126.0,115.0,154.0,154.0,115.0,114.0,104.0,100.0,100.0,113.0,100.0,130.0,134.0,110.0,121.0,107.0,103.0,110.0,110.0,106.0,134.0,130.0,119.0,113.0,109.0,109.0,113.0,102.0,103.0,107.0,101.0,108.0,101.0,139.0,122.0,95,118,0.0,116,0.0,100,0.0,109,0.0,126,0.0,142,-1.0,101,0.0,109,45.0,126,0.0,,,,,,,100,0.0,113,0.0,100,0.0,130,0.0,134,0.0,100.0,5.0
j90,j901_9,j901_9.sm,84.0,96.0,78.0,79.0,101.0,87.0,86.0,96.0,94.0,89.0,84.0,83.0,83.0,84.0,91.0,78.0,78.0,77.0,87.0,76.0,102.0,95.0,88.0,84.0,82.0,78.0,83.0,86.0,78.0,91.0,96.0,99.0,84.0,88.0,88.0,84.0,78.0,81.0,82.0,79.0,80.0,79.0,99.0,97.0,72,84,0.0,96,0.0,78,0.0,79,0.0,101,0.0,92,-5.0,86,0.0,101,-7.0,89,0.0,,,,,,,77,0.0,87,0.0,76,0.0,99,3.0,95,0.0,76.0,4.0
j90,j9020_1,j9020_1.sm,85.0,85.0,85.0,85.0,85.0,85.0,85.0,85.0,85.0,85.0,85.0,85.0,85.0,85.0,85.0,85.0,85.0,85.0,85.0,85.0,85.0,85.0,85.0,85.0,85.0,85.0,85.0,85.0,85.0,85.0,85.0,85.0,85.0,85.0,85.0,85.0,85.0,85.0,85.0,85.0,85.0,85.0,85.0,85.0,85,85,0.0,85,0.0,85,0.0,85,0.0,85,0.0,85,0.0,85,0.0,85,0.0,85,0.0,,,,,,,85,0.0,85,0.0,85,0.0,85,0.0,85,0.0,85.0,0.0
j90,j9020_10,j9020_10.sm,89.0,89.0,89.0,89.0,89.0,89.0,89.0,89.0,89.0,89.0,89.0,89.0,89.0,89.0,89.0,89.0,89.0,89.0,89.0,89.0,89.0,89.0,89.0,89.0,89.0,89.0,89.0,89.0,89.0,89.0,89.0,89.0,89.0,89.0,89.0,89.0,89.0,89.0,89.0,89.0,89.0,89.0,89.0,89.0,89,89,0.0,89,0.0,89,0.0,89,0.0,89,0.0,89,0.0,89,0.0,89,0.0,89,0.0,,,,,,,89,0.0,89,0.0,89,0.0,89,0.0,89,0.0,89.0,0.0
j90,j9020_2,j9020_2.sm,76.0,76.0,76.0,76.0,76.0,76.0,76.0,76.0,76.0,76.0,76.0,76.0,76.0,76.0,76.0,76.0,76.0,76.0,76.0,76.0,76.0,76.0,76.0,76.0,76.0,76.0,76.0,76.0,76.0,76.0,76.0,76.0,76.0,76.0,76.0,76.0,76.0,76.0,76.0,76.0,76.0,76.0,76.0,76.0,76,76,0.0,76,0.0,76,0.0,76,0.0,76,0.0,76,0.0,76,0.0,76,0.0,76,0.0,,,,,,,76,0.0,76,0.0,76,0.0,76,0.0,76,0.0,76.0,0.0
j90,j9020_3,j9020_3.sm,86.0,86.0,86.0,86.0,86.0,86.0,86.0,86.0,86.0,86.0,86.0,86.0,86.0,86.0,86.0,86.0,86.0,86.0,86.0,86.0,86.0,86.0,86.0,86.0,86.0,86.0,86.0,86.0,86.0,86.0,86.0,86.0,86.0,86.0,86.0,86.0,86.0,86.0,86.0,86.0,86.0,86.0,86.0,86.0,86,86,0.0,86,0.0,86,0.0,86,0.0,86,0.0,86,0.0,86,0.0,86,0.0,86,0.0,,,,,,,86,0.0,86,0.0,86,0.0,86,0.0,86,0.0,86.0,0.0
j90,j9020_4,j9020_4.sm,86.0,86.0,86.0,86.0,86.0,86.0,86.0,86.0,86.0,86.0,86.0,86.0,86.0,86.0,86.0,86.0,86.0,86.0,86.0,86.0,86.0,86.0,86.0,86.0,86.0,86.0,86.0,86.0,86.0,86.0,86.0,86.0,86.0,86.0,86.0,86.0,86.0,86.0,86.0,86.0,86.0,86.0,86.0,86.0,86,86,0.0,86,0.0,86,0.0,86,0.0,86,0.0,86,0.0,86,0.0,86,0.0,86,0.0,,,,,,,86,0.0,86,0.0,86,0.0,86,0.0,86,0.0,86.0,0.0
j90,j9020_5,j9020_5.sm,88.0,88.0,88.0,88.0,88.0,88.0,88.0,88.0,88.0,88.0,88.0,88.0,88.0,88.0,88.0,88.0,88.0,88.0,88.0,88.0,88.0,88.0,88.0,88.0,88.0,88.0,88.0,88.0,88.0,88.0,88.0,88.0,88.0,88.0,88.0,88.0,88.0,88.0,88.0,88.0,88.0,88.0,88.0,88.0,88,88,0.0,88,0.0,88,0.0,88,0.0,88,0.0,88,0.0,88,0.0,88,0.0,88,0.0,,,,,,,88,0.0,88,0.0,88,0.0,88,0.0,88,0.0,88.0,0.0
j90,j9020_6,j9020_6.sm,83.0,83.0,83.0,83.0,83.0,83.0,83.0,83.0,83.0,83.0,83.0,83.0,83.0,83.0,83.0,83.0,83.0,83.0,83.0,83.0,83.0,83.0,83.0,83.0,83.0,83.0,83.0,83.0,83.0,83.0,83.0,83.0,83.0,83.0,83.0,83.0,83.0,83.0,83.0,83.0,83.0,83.0,83.0,83.0,83,83,0.0,83,0.0,83,0.0,83,0.0,83,0.0,83,0.0,83,0.0,83,0.0,83,0.0,,,,,,,83,0.0,83,0.0,83,0.0,83,0.0,83,0.0,83.0,0.0
j90,j9020_7,j9020_7.sm,82.0,82.0,82.0,82.0,82.0,82.0,82.0,82.0,82.0,82.0,82.0,82.0,82.0,82.0,82.0,82.0,82.0,82.0,82.0,82.0,82.0,82.0,82.0,82.0,82.0,82.0,82.0,82.0,82.0,82.0,82.0,82.0,82.0,82.0,82.0,82.0,82.0,82.0,82.0,82.0,82.0,82.0,82.0,82.0,82,82,0.0,82,0.0,82,0.0,82,0.0,82,0.0,82,0.0,82,0.0,82,0.0,82,0.0,,,,,,,82,0.0,82,0.0,82,0.0,82,0.0,82,0.0,82.0,0.0
j90,j9020_8,j9020_8.sm,85.0,85.0,85.0,85.0,85.0,85.0,85.0,85.0,85.0,85.0,85.0,85.0,85.0,85.0,85.0,85.0,85.0,85.0,85.0,85.0,85.0,85.0,85.0,85.0,85.0,85.0,85.0,85.0,85.0,85.0,85.0,85.0,85.0,85.0,85.0,85.0,85.0,85.0,85.0,85.0,85.0,85.0,85.0,85.0,85,85,0.0,85,0.0,85,0.0,85,0.0,85,0.0,85,0.0,85,0.0,85,0.0,85,0.0,,,,,,,85,0.0,85,0.0,85,0.0,85,0.0,85,0.0,85.0,0.0
j90,j9020_9,j9020_9.sm,76.0,76.0,76.0,76.0,76.0,76.0,76.0,76.0,76.0,76.0,76.0,76.0,76.0,76.0,76.0,76.0,76.0,76.0,76.0,76.0,76.0,76.0,76.0,76.0,76.0,76.0,76.0,76.0,76.0,76.0,76.0,76.0,76.0,76.0,76.0,76.0,76.0,76.0,76.0,76.0,76.0,76.0,76.0,76.0,76,76,0.0,76,0.0,76,0.0,76,0.0,76,0.0,76,0.0,76,0.0,76,0.0,76,0.0,,,,,,,76,0.0,76,0.0,76,0.0,76,0.0,76,0.0,76.0,0.0
j90,j9021_1,j9021_1.sm,139.0,143.0,138.0,140.0,177.0,159.0,140.0,165.0,145.0,148.0,153.0,146.0,146.0,150.0,160.0,138.0,143.0,143.0,145.0,132.0,182.0,170.0,127.0,137.0,131.0,137.0,155.0,136.0,125.0,135.0,143.0,137.0,138.0,135.0,140.0,133.0,135.0,127.0,131.0,128.0,136.0,130.0,144.0,162.0,110,139,0.0,143,0.0,138,0.0,140,0.0,177,0.0,147,12.0,140,0.0,153,-8.0,148,0.0,,,,,,,143,0.0,145,0.0,132,0.0,182,0.0,170,0.0,125.0,15.0
j90,j9021_10,j9021_10.sm,137.0,147.0,128.0,138.0,166.0,151.0,130.0,151.0,178.0,149.0,146.0,157.0,143.0,137.0,138.0,128.0,128.0,130.0,139.0,128.0,177.0,172.0,129.0,137.0,124.0,134.0,135.0,128.0,135.0,148.0,142.0,147.0,132.0,128.0,135.0,123.0,131.0,128.0,126.0,130.0,130.0,132.0,151.0,140.0,109,137,0.0,147,0.0,128,0.0,138,0.0,166,0.0,153,-2.0,130,0.0,136,42.0,149,0.0,,,,,,,139,-9.0,138,1.0,128,0.0,177,0.0,172,0.0,123.0,14.0
j90,j9021_2,j9021_2.sm,146.0,153.0,141.0,145.0,182.0,173.0,138.0,196.0,180.0,174.0,159.0,161.0,157.0,149.0,188.0,137.0,142.0,149.0,160.0,143.0,188.0,216.0,147.0,137.0,145.0,146.0,151.0,167.0,129.0,168.0,167.0,171.0,151.0,144.0,144.0,149.0,136.0,138.0,151.0,139.0,142.0,131.0,176.0,177.0,116,146,0.0,153,0.0,141,0.0,145,0.0,182,0.0,172,1.0,138,0.0,153,27.0,174,0.0,,,,,,,149,0.0,160,0.0,143,0.0,188,0.0,216,0.0,129.0,13.0
j90,j9021_3,j9021_3.sm,167.0,171.0,152.0,153.0,169.0,170.0,146.0,175.0,168.0,175.0,158.0,176.0,160.0,154.0,204.0,141.0,153.0,145.0,171.0,147.0,197.0,218.0,159.0,157.0,146.0,144.0,156.0,173.0,150.0,159.0,165.0,165.0,154.0,165.0,148.0,149.0,141.0,146.0,146.0,147.0,151.0,140.0,170.0,167.0,124,167,0.0,171,0.0,152,0.0,153,0.0,169,0.0,180,-10.0,146,0.0,171,-3.0,175,0.0,,,,,,,145,0.0,178,-7.0,147,0.0,197,0.0,218,0.0,140.0,16.0
j90,j9021_4,j9021_4.sm,156.0,145.0,131.0,129.0,156.0,147.0,129.0,174.0,163.0,154.0,155.0,148.0,146.0,143.0,182.0,125.0,129.0,129.0,161.0,131.0,162.0,154.0,136.0,143.0,126.0,127.0,137.0,147.0,120.0,151.0,158.0,144.0,142.0,142.0,138.0,141.0,133.0,121.0,125.0,128.0,146.0,118.0,154.0,150.0,106,156,0.0,145,0.0,131,0.0,129,0.0,156,0.0,140,7.0,129,0.0,150,13.0,154,0.0,,,,,,,129,0.0,161,0.0,131,0.0,162,0.0,154,0.0,118.0,12.0
j90,j9021_5,j9021_5.sm,148.0,140.0,136.0,136.0,157.0,169.0,133.0,157.0,173.0,157.0,146.0,152.0,145.0,147.0,178.0,136.0,131.0,132.0,144.0,127.0,165.0,171.0,134.0,145.0,127.0,126.0,135.0,147.0,132.0,146.0,160.0,141.0,131.0,136.0,145.0,134.0,139.0,127.0,129.0,128.0,142.0,126.0,158.0,176.0,112,148,0.0,140,0.0,136,0.0,136,0.0,157,0.0,146,23.0,133,0.0,148,25.0,157,0.0,,,,,,,132,0.0,145,-1.0,127,0.0,165,0.0,171,0.0,126.0,14.0
j90,j9021_6,j9021_6.sm,144.0,151.0,121.0,126.0,161.0,165.0,122.0,146.0,167.0,128.0,146.0,146.0,146.0,149.0,152.0,129.0,122.0,128.0,141.0,129.0,170.0,174.0,138.0,127.0,123.0,123.0,137.0,141.0,126.0,154.0,140.0,131.0,127.0,132.0,126.0,134.0,131.0,127.0,123.0,121.0,130.0,122.0,139.0,152.0,106,144,0.0,151,0.0,121,0.0,126,0.0,161,0.0,154,11.0,122,0.0,152,15.0,128,0.0,,,,,,,128,0.0,141,0.0,129,0.0,170,0.0,174,0.0,121.0,15.0
j90,j9021_7,j9021_7.sm,140.0,158.0,137.0,133.0,165.0,176.0,135.0,151.0,158.0,148.0,149.0,146.0,136.0,150.0,168.0,135.0,134.0,133.0,150.0,132.0,158.0,162.0,141.0,132.0,130.0,130.0,153.0,138.0,126.0,139.0,144.0,153.0,140.0,138.0,134.0,143.0,129.0,135.0,130.0,132.0,141.0,131.0,133.0,151.0,109,140,0.0,158,0.0,137,0.0,133,0.0,165,0.0,142,34.0,135,0.0,155,3.0,148,0.0,,,,,,,131,2.0,150,0.0,132,0.0,158,0.0,162,0.0,126.0,17.0
j90,j9021_8,j9021_8.sm,147.0,148.0,139.0,141.0,166.0,164.0,143.0,158.0,151.0,155.0,147.0,162.0,159.0,145.0,163.0,130.0,136.0,131.0,148.0,134.0,185.0,176.0,141.0,145.0,128.0,132.0,137.0,146.0,135.0,167.0,161.0,151.0,135.0,152.0,153.0,144.0,134.0,129.0,128.0,130.0,143.0,127.0,152.0,147.0,111,147,0.0,148,0.0,139,0.0,141,0.0,166,0.0,154,10.0,143,0.0,161,-10.0,155,0.0,,,,,,,132,-1.0,142,6.0,134,0.0,185,0.0,176,0.0,127.0,16.0
j90,j9021_9,j9021_9.sm,159.0,162.0,153.0,147.0,197.0,155.0,143.0,184.0,173.0,160.0,164.0,165.0,167.0,163.0,147.0,144.0,147.0,142.0,166.0,142.0,170.0,203.0,149.0,152.0,145.0,145.0,145.0,164.0,144.0,146.0,151.0,161.0,147.0,154.0,152.0,154.0,146.0,144.0,152.0,141.0,149.0,149.0,165.0,161.0,121,159,0.0,162,0.0,153,0.0,147,0.0,197,0.0,166,-11.0,143,0.0,158,15.0,160,0.0,,,,,,,142,0.0,166,0.0,142,0.0,170,0.0,203,0.0,141.0,20.0
j90,j9022_1,j9022_1.sm,116.0,126.0,108.0,108.0,133.0,116.0,108.0,108.0,108.0,117.0,113.0,109.0,117.0,112.0,108.0,108.0,108.0,108.0,119.0,108.0,134.0,133.0,115.0,119.0,108.0,112.0,123.0,116.0,113.0,113.0,124.0,124.0,114.0,115.0,111.0,111.0,112.0,108.0,108.0,108.0,114.0,113.0,113.0,122.0,108,116,0.0,126,0.0,108,0.0,108,0.0,133,0.0,124,-8.0,108,0.0,111,-3.0,117,0.0,,,,,,,108,0.0,119,0.0,108,0.0,134,0.0,133,0.0,108.0,0.0
j90,j9022_10,j9022_10.sm,89.0,91.0,84.0,79.0,125.0,97.0,86.0,119.0,116.0,98.0,97.0,113.0,116.0,98.0,79.0,84.0,84.0,81.0,93.0,80.0,108.0,112.0,88.0,89.0,84.0,83.0,93.0,93.0,91.0,105.0,104.0,108.0,91.0,90.0,100.0,85.0,83.0,84.0,84.0,85.0,93.0,85.0,95.0,100.0,75,89,0.0,91,0.0,84,0.0,79,0.0,125,0.0,100,-3.0,86,0.0,88,28.0,98,0.0,,,,,,,81,0.0,93,0.0,80,0.0,108,0.0,112,0.0,79.0,4.0
j90,j9022_2,j9022_2.sm,93.0,97.0,85.0,86.0,92.0,98.0,85.0,93.0,108.0,98.0,89.0,95.0,96.0,94.0,86.0,85.0,85.0,85.0,93.0,87.0,108.0,121.0,89.0,96.0,86.0,85.0,95.0,102.0,91.0,97.0,101.0,98.0,103.0,93.0,96.0,98.0,85.0,86.0,87.0,87.0,87.0,86.0,94.0,101.0,85,93,0.0,97,0.0,85,0.0,86,0.0,92,0.0,97,1.0,85,0.0,100,8.0,98,0.0,,,,,,,85,0.0,93,0.0,87,0.0,108,0.0,121,0.0,85.0,0.0
j90,j9022_3,j9022_3.sm,101.0,97.0,87.0,88.0,110.0,103.0,90.0,130.0,94.0,95.0,94.0,102.0,99.0,93.0,88.0,86.0,86.0,88.0,97.0,87.0,104.0,112.0,99.0,99.0,89.0,91.0,100.0,96.0,93.0,113.0,107.0,101.0,95.0,98.0,100.0,94.0,95.0,90.0,90.0,88.0,97.0,90.0,108.0,111.0,83,101,0.0,97,0.0,87,0.0,88,0.0,110,0.0,101,2.0,90,0.0,96,-2.0,95,0.0,,,,,,,88,0.0,98,-1.0,87,0.0,104,0.0,112,0.0,86.0,3.0
j90,j9022_4,j9022_4.sm,106.0,109.0,101.0,96.0,117.0,113.0,99.0,102.0,100.0,108.0,120.0,108.0,108.0,103.0,96.0,96.0,101.0,105.0,108.0,100.0,106.0,153.0,106.0,106.0,97.0,97.0,115.0,105.0,98.0,111.0,110.0,111.0,100.0,107.0,99.0,108.0,98.0,97.0,97.0,99.0,107.0,98.0,104.0,112.0,96,106,0.0,109,0.0,101,0.0,96,0.0,117,0.0,109,4.0,99,0.0,108,-8.0,108,0.0,,,,,,,105,0.0,108,0.0,100,0.0,106,0.0,153,0.0,96.0,0.0
j90,j9022_5,j9022_5.sm,112.0,114.0,96.0,96.0,116.0,140.0,101.0,116.0,111.0,96.0,98.0,110.0,109.0,101.0,96.0,96.0,96.0,96.0,116.0,96.0,114.0,131.0,106.0,111.0,98.0,101.0,119.0,106.0,98.0,108.0,100.0,101.0,103.0,112.0,106.0,105.0,99.0,96.0,96.0,102.0,109.0,103.0,108.0,117.0,96,112,0.0,114,0.0,96,0.0,96,0.0,116,0.0,107,33.0,101,0.0,101,10.0,96,0.0,,,,,,,96,0.0,116,0.0,96,0.0,114,0.0,131,0.0,96.0,0.0
j90,j9022_6,j9022_6.sm,81.0,89.0,71.0,73.0,91.0,81.0,75.0,102.0,87.0,84.0,83.0,81.0,76.0,87.0,73.0,71.0,71.0,72.0,81.0,71.0,86.0,88.0,75.0,76.0,73.0,73.0,75.0,82.0,75.0,80.0,92.0,81.0,75.0,78.0,75.0,78.0,73.0,76.0,73.0,74.0,78.0,72.0,75.0,85.0,71,81,0.0,89,0.0,71,0.0,73,0.0,91,0.0,90,-9.0,75,0.0,83,4.0,84,0.0,,,,,,,72,0.0,80,1.0,71,0.0,86,0.0,88,0.0,71.0,0.0
j90,j9022_7,j9022_7.sm,108.0,104.0,90.0,90.0,100.0,92.0,90.0,99.0,100.0,101.0,94.0,97.0,99.0,93.0,90.0,90.0,90.0,90.0,106.0,90.0,91.0,109.0,100.0,104.0,93.0,94.0,97.0,99.0,94.0,93.0,93.0,96.0,96.0,100.0,101.0,92.0,94.0,91.0,92.0,94.0,98.0,94.0,99.0,97.0,90,108,0.0,104,0.0,90,0.0,90,0.0,100,0.0,105,-13.0,90,0.0,99,1.0,101,0.0,,,,,,,90,0.0,106,0.0,90,0.0,91,0.0,109,0.0,90.0,0.0
j90,j9022_8,j9022_8.sm,103.0,101.0,97.0,97.0,109.0,110.0,97.0,104.0,104.0,105.0,109.0,111.0,113.0,109.0,97.0,97.0,97.0,97.0,102.0,97.0,100.0,109.0,100.0,99.0,98.0,98.0,103.0,100.0,98.0,102.0,101.0,102.0,101.0,106.0,98.0,99.0,98.0,98.0,98.0,98.0,102.0,98.0,104.0,102.0,97,103,0.0,101,0.0,97,0.0,97,0.0,109,0.0,109,1.0,97,0.0,97,7.0,105,0.0,,,,,,,97,0.0,102,0.0,97,0.0,100,0.0,109,0.0,97.0,0.0
j90,j9022_9,j9022_9.sm,118.0,125.0,107.0,107.0,133.0,142.0,112.0,140.0,129.0,125.0,122.0,123.0,139.0,125.0,107.0,107.0,107.0,112.0,122.0,112.0,140.0,157.0,118.0,113.0,114.0,114.0,126.0,121.0,119.0,125.0,129.0,116.0,115.0,114.0,112.0,115.0,116.0,114.0,114.0,114.0,119.0,114.0,121.0,121.0,101,118,0.0,125,0.0,107,0.0,107,0.0,133,0.0,126,16.0,112,0.0,130,-1.0,125,0.0,,,,,,,112,0.0,124,-2.0,112,0.0,140,0.0,157,0.0,107.0,6.0
j90,j9023_1,j9023_1.sm,93.0,91.0,90.0,90.0,103.0,99.0,90.0,97.0,108.0,93.0,100.0,94.0,105.0,91.0,90.0,90.0,90.0,90.0,96.0,90.0,107.0,111.0,92.0,92.0,91.0,91.0,96.0,92.0,92.0,95.0,94.0,94.0,92.0,95.0,93.0,92.0,91.0,91.0,91.0,91.0,92.0,91.0,92.0,97.0,90,93,0.0,91,0.0,90,0.0,90,0.0,103,0.0,91,8.0,90,0.0,95,13.0,93,0.0,,,,,,,90,0.0,96,0.0,90,0.0,107,0.0,111,0.0,90.0,0.0
j90,j9023_10,j9023_10.sm,89.0,93.0,87.0,87.0,100.0,87.0,87.0,89.0,87.0,89.0,87.0,94.0,93.0,87.0,87.0,87.0,87.0,87.0,89.0,87.0,87.0,104.0,89.0,92.0,87.0,87.0,87.0,88.0,87.0,92.0,92.0,88.0,89.0,89.0,91.0,89.0,87.0,87.0,87.0,87.0,89.0,87.0,94.0,94.0,87,89,0.0,93,0.0,87,0.0,87,0.0,100,0.0,94,-7.0,87,0.0,87,0.0,89,0.0,,,,,,,87,0.0,89,0.0,87,0.0,87,0.0,104,0.0,87.0,0.0
j90,j9023_2,j9023_2.sm,84.0,84.0,84.0,84.0,93.0,84.0,84.0,84.0,84.0,84.0,84.0,84.0,84.0,84.0,84.0,84.0,84.0,84.0,84.0,84.0,99.0,88.0,84.0,84.0,84.0,84.0,84.0,84.0,84.0,84.0,84.0,84.0,84.0,84.0,84.0,84.0,84.0,84.0,84.0,84.0,84.0,84.0,84.0,84.0,84,84,0.0,84,0.0,84,0.0,84,0.0,93,0.0,84,0.0,84,0.0,84,0.0,84,0.0,,,,,,,84,0.0,84,0.0,84,0.0,99,0.0,88,0.0,84.0,0.0
j90,j9023_3,j9023_3.sm,118.0,118.0,116.0,116.0,116.0,130.0,116.0,116.0,116.0,116.0,116.0,116.0,116.0,116.0,116.0,116.0,116.0,116.0,116.0,116.0,121.0,129.0,116.0,116.0,116.0,116.0,116.0,117.0,116.0,118.0,118.0,118.0,116.0,124.0,119.0,117.0,116.0,116.0,116.0,116.0,118.0,116.0,117.0,118.0,116,118,0.0,118,0.0,116,0.0,116,0.0,116,0.0,124,6.0,116,0.0,118,-2.0,116,0.0,,,,,,,116,0.0,116,0.0,116,0.0,121,0.0,129,0.0,116.0,0.0
j90,j9023_4,j9023_4.sm,96.0,93.0,85.0,85.0,93.0,99.0,88.0,97.0,91.0,98.0,89.0,107.0,107.0,88.0,85.0,85.0,85.0,85.0,95.0,85.0,94.0,103.0,96.0,95.0,88.0,88.0,95.0,92.0,91.0,91.0,95.0,91.0,91.0,92.0,92.0,91.0,88.0,88.0,88.0,88.0,95.0,88.0,95.0,92.0,85,96,0.0,93,0.0,85,0.0,85,0.0,93,0.0,98,1.0,88,0.0,92,-1.0,98,0.0,,,,,,,85,0.0,95,0.0,85,0.0,94,0.0,103,0.0,85.0,0.0
j90,j9023_5,j9023_5.sm,98.0,98.0,95.0,95.0,97.0,111.0,95.0,95.0,110.0,95.0,95.0,97.0,98.0,100.0,95.0,95.0,95.0,95.0,98.0,95.0,111.0,111.0,98.0,101.0,96.0,97.0,97.0,99.0,96.0,107.0,107.0,107.0,97.0,100.0,105.0,98.0,97.0,96.0,96.0,96.0,101.0,96.0,110.0,107.0,95,98,0.0,98,0.0,95,0.0,95,0.0,97,0.0,103,8.0,95,0.0,105,5.0,95,0.0,,,,,,,95,0.0,98,0.0,95,0.0,111,0.0,111,0.0,95.0,0.0
j90,j9023_6,j9023_6.sm,92.0,91.0,87.0,87.0,102.0,100.0,87.0,99.0,91.0,93.0,89.0,94.0,93.0,87.0,87.0,87.0,87.0,87.0,91.0,87.0,94.0,98.0,92.0,88.0,89.0,89.0,90.0,90.0,89.0,92.0,92.0,91.0,92.0,91.0,88.0,92.0,89.0,89.0,89.0,89.0,93.0,89.0,94.0,94.0,87,92,0.0,91,0.0,87,0.0,87,0.0,102,0.0,87,13.0,87,0.0,93,-2.0,93,0.0,,,,,,,87,0.0,91,0.0,87,0.0,94,0.0,98,0.0,87.0,0.0
j90,j9023_7,j9023_7.sm,79.0,85.0,77.0,77.0,91.0,84.0,77.0,78.0,77.0,82.0,80.0,83.0,83.0,78.0,77.0,77.0,77.0,77.0,82.0,77.0,81.0,84.0,77.0,78.0,77.0,77.0,78.0,81.0,77.0,79.0,81.0,81.0,77.0,81.0,81.0,77.0,77.0,77.0,77.0,77.0,78.0,77.0,81.0,82.0,77,79,0.0,85,0.0,77,0.0,77,0.0,91,0.0,82,2.0,77,0.0,77,0.0,82,0.0,,,,,,,77,0.0,82,0.0,77,0.0,81,0.0,84,0.0,77.0,0.0
j90,j9023_8,j9023_8.sm,92.0,95.0,92.0,92.0,96.0,105.0,92.0,102.0,92.0,92.0,92.0,92.0,92.0,92.0,92.0,92.0,92.0,92.0,95.0,92.0,102.0,95.0,92.0,95.0,92.0,92.0,95.0,93.0,92.0,95.0,93.0,93.0,93.0,95.0,93.0,92.0,92.0,92.0,92.0,92.0,95.0,92.0,95.0,95.0,92,92,0.0,95,0.0,92,0.0,92,0.0,96,0.0,93,12.0,92,0.0,93,-1.0,92,0.0,,,,,,,92,0.0,95,0.0,92,0.0,102,0.0,95,0.0,92.0,0.0
j90,j9023_9,j9023_9.sm,127.0,130.0,126.0,126.0,134.0,126.0,126.0,135.0,136.0,131.0,126.0,133.0,134.0,126.0,126.0,126.0,126.0,126.0,132.0,126.0,139.0,143.0,127.0,134.0,126.0,126.0,128.0,126.0,126.0,127.0,128.0,130.0,131.0,131.0,126.0,126.0,126.0,126.0,126.0,128.0,129.0,126.0,129.0,135.0,126,127,0.0,130,0.0,126,0.0,126,0.0,134,0.0,126,0.0,126,0.0,126,10.0,131,0.0,,,,,,,126,0.0,132,0.0,126,0.0,139,0.0,143,0.0,126.0,0.0
j90,j9024_1,j9024_1.sm,84.0,84.0,84.0,84.0,84.0,84.0,84.0,84.0,84.0,84.0,84.0,84.0,84.0,84.0,84.0,84.0,84.0,84.0,84.0,84.0,84.0,84.0,84.0,84.0,84.0,84.0,84.0,84.0,84.0,84.0,84.0,84.0,84.0,84.0,84.0,84.0,84.0,84.0,84.0,84.0,84.0,84.0,84.0,84.0,84,84,0.0,84,0.0,84,0.0,84,0.0,84,0.0,84,0.0,84,0.0,84,0.0,84,0.0,,,,,,,84,0.0,84,0.0,84,0.0,84,0.0,84,0.0,84.0,0.0
j90,j9024_10,j9024_10.sm,89.0,89.0,89.0,89.0,89.0,89.0,89.0,89.0,89.0,89.0,89.0,89.0,89.0,89.0,89.0,89.0,89.0,89.0,89.0,89.0,89.0,89.0,89.0,89.0,89.0,89.0,89.0,89.0,89.0,89.0,89.0,89.0,89.0,89.0,89.0,89.0,89.0,89.0,89.0,89.0,89.0,89.0,89.0,89.0,89,89,0.0,89,0.0,89,0.0,89,0.0,89,0.0,89,0.0,89,0.0,89,0.0,89,0.0,,,,,,,89,0.0,89,0.0,89,0.0,89,0.0,89,0.0,89.0,0.0
j90,j9024_2,j9024_2.sm,92.0,92.0,92.0,92.0,92.0,92.0,92.0,92.0,92.0,92.0,92.0,92.0,92.0,92.0,92.0,92.0,92.0,92.0,92.0,92.0,92.0,92.0,92.0,92.0,92.0,92.0,92.0,92.0,92.0,92.0,92.0,92.0,92.0,92.0,92.0,92.0,92.0,92.0,92.0,92.0,92.0,92.0,92.0,92.0,92,92,0.0,92,0.0,92,0.0,92,0.0,92,0.0,92,0.0,92,0.0,92,0.0,92,0.0,,,,,,,92,0.0,92,0.0,92,0.0,92,0.0,92,0.0,92.0,0.0
j90,j9024_3,j9024_3.sm,69.0,69.0,69.0,69.0,69.0,69.0,69.0,69.0,69.0,69.0,69.0,69.0,69.0,69.0,69.0,69.0,69.0,69.0,69.0,69.0,69.0,69.0,69.0,69.0,69.0,69.0,69.0,69.0,69.0,69.0,69.0,69.0,69.0,69.0,69.0,69.0,69.0,69.0,69.0,69.0,69.0,69.0,69.0,69.0,69,69,0.0,69,0.0,69,0.0,69,0.0,69,0.0,69,0.0,69,0.0,69,0.0,69,0.0,,,,,,,69,0.0,69,0.0,69,0.0,69,0.0,69,0.0,69.0,0.0
j90,j9024_4,j9024_4.sm,81.0,81.0,81.0,81.0,81.0,81.0,81.0,81.0,81.0,81.0,81.0,81.0,81.0,81.0,81.0,81.0,81.0,81.0,81.0,81.0,81.0,81.0,81.0,81.0,81.0,81.0,81.0,81.0,81.0,81.0,81.0,81.0,81.0,81.0,81.0,81.0,81.0,81.0,81.0,81.0,81.0,81.0,81.0,81.0,81,81,0.0,81,0.0,81,0.0,81,0.0,81,0.0,81,0.0,81,0.0,81,0.0,81,0.0,,,,,,,81,0.0,81,0.0,81,0.0,81,0.0,81,0.0,81.0,0.0
j90,j9024_5,j9024_5.sm,85.0,85.0,85.0,85.0,85.0,85.0,85.0,85.0,85.0,85.0,85.0,85.0,85.0,85.0,85.0,85.0,85.0,85.0,85.0,85.0,85.0,85.0,85.0,85.0,85.0,85.0,85.0,85.0,85.0,85.0,85.0,85.0,85.0,85.0,85.0,85.0,85.0,85.0,85.0,85.0,85.0,85.0,85.0,85.0,85,85,0.0,85,0.0,85,0.0,85,0.0,85,0.0,85,0.0,85,0.0,85,0.0,85,0.0,,,,,,,85,0.0,85,0.0,85,0.0,85,0.0,85,0.0,85.0,0.0
j90,j9024_6,j9024_6.sm,79.0,79.0,79.0,79.0,79.0,79.0,79.0,79.0,79.0,79.0,79.0,79.0,79.0,79.0,79.0,79.0,79.0,79.0,79.0,79.0,79.0,79.0,79.0,79.0,79.0,79.0,79.0,79.0,79.0,79.0,79.0,79.0,79.0,79.0,79.0,79.0,79.0,79.0,79.0,79.0,79.0,79.0,79.0,79.0,79,79,0.0,79,0.0,79,0.0,79,0.0,79,0.0,79,0.0,79,0.0,79,0.0,79,0.0,,,,,,,79,0.0,79,0.0,79,0.0,79,0.0,79,0.0,79.0,0.0
j90,j9024_7,j9024_7.sm,87.0,87.0,87.0,87.0,87.0,87.0,87.0,87.0,87.0,87.0,87.0,87.0,87.0,87.0,87.0,87.0,87.0,87.0,87.0,87.0,87.0,87.0,87.0,87.0,87.0,87.0,87.0,87.0,87.0,87.0,87.0,87.0,87.0,87.0,87.0,87.0,87.0,87.0,87.0,87.0,87.0,87.0,87.0,87.0,87,87,0.0,87,0.0,87,0.0,87,0.0,87,0.0,87,0.0,87,0.0,87,0.0,87,0.0,,,,,,,87,0.0,87,0.0,87,0.0,87,0.0,87,0.0,87.0,0.0
j90,j9024_8,j9024_8.sm,88.0,88.0,88.0,88.0,88.0,88.0,88.0,88.0,88.0,88.0,88.0,88.0,88.0,88.0,88.0,88.0,88.0,88.0,88.0,88.0,88.0,88.0,88.0,88.0,88.0,88.0,88.0,88.0,88.0,88.0,88.0,88.0,88.0,88.0,88.0,88.0,88.0,88.0,88.0,88.0,88.0,88.0,88.0,88.0,88,88,0.0,88,0.0,88,0.0,88,0.0,88,0.0,88,0.0,88,0.0,88,0.0,88,0.0,,,,,,,88,0.0,88,0.0,88,0.0,88,0.0,88,0.0,88.0,0.0
j90,j9024_9,j9024_9.sm,80.0,80.0,80.0,80.0,80.0,80.0,80.0,80.0,80.0,80.0,80.0,80.0,80.0,80.0,80.0,80.0,80.0,80.0,80.0,80.0,80.0,80.0,80.0,80.0,80.0,80.0,80.0,80.0,80.0,80.0,80.0,80.0,80.0,80.0,80.0,80.0,80.0,80.0,80.0,80.0,80.0,80.0,80.0,80.0,80,80,0.0,80,0.0,80,0.0,80,0.0,80,0.0,80,0.0,80,0.0,80,0.0,80,0.0,,,,,,,80,0.0,80,0.0,80,0.0,80,0.0,80,0.0,80.0,0.0
j90,j9025_1,j9025_1.sm,161.0,170.0,144.0,149.0,185.0,164.0,148.0,199.0,175.0,162.0,199.0,164.0,163.0,150.0,160.0,143.0,145.0,149.0,154.0,146.0,167.0,199.0,151.0,152.0,141.0,143.0,167.0,157.0,146.0,181.0,153.0,147.0,151.0,144.0,146.0,147.0,148.0,148.0,145.0,141.0,151.0,141.0,161.0,169.0,124,161,0.0,170,0.0,144,0.0,149,0.0,185,0.0,155,9.0,148,0.0,146,29.0,162,0.0,,,,,,,149,0.0,154,0.0,146,0.0,167,0.0,199,0.0,141.0,17.0
j90,j9025_10,j9025_10.sm,183.0,180.0,160.0,157.0,199.0,178.0,159.0,185.0,194.0,168.0,179.0,181.0,180.0,166.0,157.0,155.0,156.0,163.0,186.0,153.0,194.0,211.0,176.0,177.0,152.0,146.0,179.0,177.0,158.0,183.0,197.0,157.0,165.0,165.0,170.0,163.0,155.0,153.0,148.0,153.0,170.0,145.0,207.0,187.0,129,183,0.0,180,0.0,160,0.0,157,0.0,199,0.0,173,5.0,159,0.0,164,30.0,168,0.0,,,,,,,163,0.0,185,1.0,153,0.0,194,0.0,211,0.0,145.0,16.0
j90,j9025_2,j9025_2.sm,159.0,169.0,156.0,158.0,196.0,189.0,158.0,182.0,186.0,174.0,168.0,187.0,174.0,175.0,158.0,158.0,158.0,158.0,167.0,156.0,191.0,185.0,157.0,155.0,152.0,147.0,155.0,173.0,156.0,199.0,192.0,177.0,161.0,170.0,159.0,164.0,150.0,149.0,155.0,147.0,156.0,146.0,189.0,177.0,130,159,0.0,169,0.0,156,0.0,158,0.0,196,0.0,203,-14.0,158,0.0,167,19.0,174,0.0,,,,,,,158,0.0,164,3.0,160,-4.0,191,0.0,185,0.0,146.0,16.0
j90,j9025_3,j9025_3.sm,155.0,161.0,154.0,158.0,174.0,189.0,153.0,185.0,179.0,169.0,160.0,163.0,178.0,156.0,207.0,156.0,155.0,152.0,158.0,145.0,204.0,176.0,150.0,148.0,141.0,145.0,162.0,158.0,139.0,160.0,161.0,157.0,147.0,151.0,163.0,143.0,152.0,141.0,142.0,139.0,152.0,133.0,175.0,165.0,123,155,0.0,161,0.0,154,0.0,158,0.0,174,0.0,162,27.0,153,0.0,154,25.0,169,0.0,,,,,,,153,-1.0,159,-1.0,145,0.0,204,0.0,176,0.0,133.0,10.0
j90,j9025_4,j9025_4.sm,180.0,178.0,169.0,171.0,196.0,224.0,163.0,202.0,190.0,178.0,173.0,196.0,181.0,167.0,171.0,161.0,165.0,164.0,184.0,165.0,183.0,213.0,175.0,165.0,158.0,155.0,181.0,170.0,161.0,165.0,167.0,162.0,160.0,164.0,162.0,166.0,159.0,155.0,162.0,155.0,170.0,155.0,187.0,187.0,137,180,0.0,178,0.0,169,0.0,171,0.0,196,0.0,175,49.0,163,0.0,173,17.0,178,0.0,,,,,,,164,0.0,184,0.0,164,1.0,183,0.0,213,0.0,155.0,18.0
j90,j9025_5,j9025_5.sm,147.0,143.0,144.0,144.0,145.0,170.0,143.0,158.0,150.0,150.0,150.0,146.0,152.0,144.0,144.0,143.0,140.0,143.0,143.0,140.0,165.0,160.0,136.0,137.0,139.0,137.0,140.0,146.0,133.0,151.0,148.0,156.0,135.0,137.0,139.0,131.0,163.0,132.0,139.0,136.0,141.0,136.0,137.0,151.0,114,147,0.0,143,0.0,144,0.0,144,0.0,145,0.0,146,24.0,143,0.0,148,2.0,150,0.0,,,,,,,143,0.0,143,0.0,140,0.0,165,0.0,160,0.0,131.0,17.0
j90,j9025_6,j9025_6.sm,147.0,151.0,140.0,141.0,162.0,166.0,143.0,175.0,182.0,163.0,160.0,162.0,154.0,153.0,141.0,142.0,142.0,150.0,158.0,143.0,181.0,184.0,142.0,138.0,138.0,143.0,149.0,165.0,137.0,169.0,152.0,158.0,144.0,142.0,145.0,151.0,144.0,138.0,138.0,149.0,140.0,142.0,153.0,177.0,121,147,0.0,151,0.0,140,0.0,141,0.0,162,0.0,163,3.0,143,0.0,161,21.0,163,0.0,,,,,,,145,5.0,158,0.0,143,0.0,181,0.0,184,0.0,137.0,16.0
j90,j9025_7,j9025_7.sm,157.0,158.0,155.0,152.0,183.0,200.0,160.0,197.0,163.0,174.0,167.0,171.0,174.0,158.0,152.0,152.0,152.0,158.0,159.0,153.0,176.0,203.0,153.0,155.0,146.0,145.0,164.0,161.0,155.0,155.0,178.0,173.0,150.0,149.0,154.0,155.0,149.0,152.0,146.0,143.0,154.0,142.0,196.0,177.0,129,157,0.0,158,0.0,155,0.0,152,0.0,183,0.0,180,20.0,160,0.0,171,-8.0,174,0.0,,,,,,,157,1.0,159,0.0,153,0.0,176,0.0,203,0.0,142.0,13.0
j90,j9025_8,j9025_8.sm,192.0,188.0,173.0,175.0,203.0,212.0,181.0,215.0,218.0,212.0,203.0,210.0,200.0,190.0,175.0,172.0,173.0,182.0,200.0,175.0,198.0,215.0,181.0,177.0,165.0,163.0,183.0,184.0,183.0,199.0,202.0,207.0,168.0,186.0,177.0,169.0,172.0,164.0,165.0,183.0,176.0,163.0,210.0,199.0,140,192,0.0,188,0.0,173,0.0,175,0.0,203,0.0,212,0.0,181,0.0,214,4.0,212,0.0,,,,,,,176,6.0,200,0.0,172,3.0,198,0.0,215,0.0,163.0,23.0
j90,j9025_9,j9025_9.sm,139.0,134.0,124.0,125.0,142.0,150.0,133.0,151.0,142.0,150.0,135.0,141.0,137.0,132.0,125.0,125.0,125.0,134.0,137.0,121.0,144.0,165.0,133.0,131.0,123.0,120.0,133.0,129.0,121.0,148.0,139.0,139.0,129.0,120.0,132.0,129.0,121.0,122.0,119.0,123.0,130.0,120.0,146.0,143.0,105,139,0.0,134,0.0,124,0.0,125,0.0,142,0.0,144,6.0,133,0.0,140,2.0,150,0.0,,,,,,,131,3.0,137,0.0,121,0.0,143,1.0,165,0.0,119.0,14.0
j90,j9026_1,j9026_1.sm,101.0,102.0,90.0,90.0,107.0,110.0,90.0,104.0,105.0,95.0,104.0,100.0,105.0,103.0,90.0,90.0,90.0,90.0,102.0,90.0,123.0,126.0,102.0,102.0,90.0,90.0,106.0,107.0,95.0,97.0,99.0,96.0,100.0,100.0,105.0,99.0,90.0,91.0,90.0,90.0,101.0,90.0,97.0,107.0,90,101,0.0,102,0.0,90,0.0,90,0.0,107,0.0,116,-6.0,90,0.0,104,1.0,95,0.0,,,,,,,90,0.0,102,0.0,90,0.0,123,0.0,126,0.0,90.0,0.0
j90,j9026_10,j9026_10.sm,103.0,108.0,92.0,92.0,118.0,95.0,92.0,104.0,92.0,92.0,99.0,101.0,103.0,99.0,92.0,92.0,92.0,92.0,106.0,92.0,116.0,126.0,102.0,103.0,93.0,94.0,107.0,92.0,94.0,99.0,92.0,93.0,97.0,100.0,95.0,97.0,94.0,93.0,93.0,93.0,102.0,96.0,101.0,102.0,92,103,0.0,108,0.0,92,0.0,92,0.0,118,0.0,92,3.0,92,0.0,97,-5.0,92,0.0,,,,,,,92,0.0,105,1.0,92,0.0,116,0.0,126,0.0,92.0,0.0
j90,j9026_2,j9026_2.sm,102.0,106.0,93.0,92.0,111.0,134.0,99.0,123.0,123.0,135.0,122.0,111.0,112.0,117.0,92.0,92.0,92.0,98.0,104.0,92.0,123.0,145.0,100.0,103.0,89.0,90.0,101.0,103.0,101.0,115.0,135.0,99.0,102.0,115.0,100.0,99.0,90.0,92.0,89.0,96.0,102.0,94.0,105.0,129.0,85,102,0.0,106,0.0,93,0.0,92,0.0,111,0.0,113,21.0,99,0.0,112,11.0,135,0.0,,,,,,,95,3.0,104,0.0,92,0.0,123,0.0,145,0.0,89.0,4.0
j90,j9026_3,j9026_3.sm,92.0,94.0,80.0,83.0,103.0,117.0,83.0,113.0,118.0,91.0,106.0,102.0,102.0,99.0,83.0,80.0,80.0,85.0,90.0,84.0,108.0,109.0,92.0,88.0,81.0,82.0,99.0,88.0,85.0,96.0,97.0,93.0,103.0,90.0,96.0,90.0,82.0,81.0,81.0,81.0,89.0,82.0,89.0,91.0,80,92,0.0,94,0.0,80,0.0,83,0.0,103,0.0,92,25.0,83,0.0,85,33.0,91,0.0,,,,,,,85,0.0,90,0.0,84,0.0,108,0.0,109,0.0,80.0,0.0
j90,j9026_4,j9026_4.sm,119.0,117.0,112.0,108.0,121.0,136.0,109.0,136.0,137.0,122.0,122.0,135.0,136.0,123.0,108.0,112.0,112.0,110.0,120.0,110.0,135.0,153.0,119.0,115.0,106.0,107.0,118.0,117.0,110.0,117.0,137.0,114.0,116.0,111.0,122.0,110.0,106.0,106.0,106.0,106.0,120.0,107.0,124.0,127.0,97,119,0.0,117,0.0,112,0.0,108,0.0,121,0.0,127,9.0,109,0.0,132,5.0,122,0.0,,,,,,,110,0.0,120,0.0,110,0.0,135,0.0,153,0.0,106.0,9.0
j90,j9026_5,j9026_5.sm,101.0,107.0,94.0,98.0,111.0,116.0,97.0,114.0,113.0,105.0,114.0,114.0,117.0,103.0,98.0,96.0,96.0,97.0,104.0,99.0,108.0,122.0,100.0,100.0,92.0,93.0,103.0,103.0,97.0,106.0,107.0,102.0,120.0,111.0,99.0,106.0,97.0,96.0,94.0,93.0,103.0,95.0,110.0,119.0,85,101,0.0,107,0.0,94,0.0,98,0.0,111,0.0,120,-4.0,97,0.0,107,6.0,105,0.0,,,,,,,97,0.0,104,0.0,99,0.0,108,0.0,122,0.0,92.0,7.0
j90,j9026_6,j9026_6.sm,120.0,127.0,108.0,108.0,122.0,132.0,108.0,127.0,129.0,122.0,126.0,125.0,129.0,122.0,108.0,108.0,108.0,108.0,127.0,108.0,122.0,139.0,120.0,124.0,108.0,111.0,119.0,118.0,111.0,113.0,119.0,121.0,115.0,125.0,126.0,117.0,108.0,108.0,108.0,111.0,114.0,111.0,113.0,119.0,108,120,0.0,127,0.0,108,0.0,108,0.0,122,0.0,113,19.0,108,0.0,126,3.0,122,0.0,,,,,,,108,0.0,127,0.0,108,0.0,122,0.0,139,0.0,108.0,0.0
j90,j9026_7,j9026_7.sm,95.0,100.0,86.0,90.0,116.0,106.0,91.0,104.0,93.0,103.0,100.0,106.0,101.0,103.0,90.0,87.0,87.0,87.0,93.0,90.0,105.0,133.0,95.0,93.0,86.0,87.0,100.0,96.0,89.0,95.0,95.0,97.0,93.0,94.0,104.0,98.0,86.0,88.0,89.0,90.0,94.0,88.0,99.0,105.0,82,95,0.0,100,0.0,86,0.0,90,0.0,116,0.0,101,5.0,91,0.0,100,-7.0,103,0.0,,,,,,,87,0.0,93,0.0,90,0.0,105,0.0,133,0.0,86.0,4.0
j90,j9026_8,j9026_8.sm,102.0,110.0,89.0,91.0,112.0,114.0,90.0,115.0,108.0,117.0,106.0,107.0,108.0,99.0,91.0,89.0,89.0,92.0,106.0,92.0,114.0,116.0,104.0,100.0,88.0,90.0,97.0,100.0,93.0,108.0,98.0,100.0,112.0,94.0,99.0,97.0,91.0,91.0,91.0,90.0,103.0,89.0,109.0,111.0,82,102,0.0,110,0.0,89,0.0,91,0.0,112,0.0,106,8.0,90,0.0,110,-2.0,117,0.0,,,,,,,92,0.0,106,0.0,92,0.0,114,0.0,116,0.0,88.0,6.0
j90,j9026_9,j9026_9.sm,107.0,110.0,92.0,95.0,122.0,126.0,96.0,119.0,121.0,129.0,120.0,117.0,111.0,115.0,95.0,92.0,92.0,94.0,106.0,90.0,113.0,131.0,106.0,102.0,93.0,97.0,110.0,115.0,92.0,103.0,103.0,107.0,102.0,102.0,106.0,108.0,97.0,92.0,92.0,94.0,105.0,97.0,109.0,116.0,87,107,0.0,110,0.0,92,0.0,95,0.0,122,0.0,110,16.0,96,0.0,121,0.0,129,0.0,,,,,,,94,0.0,103,3.0,90,0.0,113,0.0,131,0.0,90.0,3.0
j90,j9027_1,j9027_1.sm,101.0,104.0,96.0,96.0,99.0,100.0,96.0,114.0,103.0,105.0,107.0,107.0,107.0,99.0,96.0,96.0,96.0,96.0,103.0,96.0,103.0,114.0,96.0,104.0,96.0,96.0,107.0,98.0,96.0,106.0,102.0,96.0,97.0,101.0,99.0,96.0,96.0,96.0,96.0,96.0,96.0,96.0,98.0,107.0,96,101,0.0,104,0.0,96,0.0,96,0.0,99,0.0,97,3.0,96,0.0,98,5.0,105,0.0,,,,,,,96,0.0,103,0.0,96,0.0,103,0.0,114,0.0,96.0,0.0
j90,j9027_10,j9027_10.sm,100.0,103.0,97.0,97.0,111.0,97.0,97.0,111.0,106.0,101.0,97.0,99.0,100.0,99.0,97.0,97.0,97.0,97.0,102.0,97.0,111.0,121.0,100.0,100.0,100.0,100.0,98.0,106.0,97.0,98.0,100.0,100.0,99.0,99.0,99.0,98.0,100.0,100.0,100.0,97.0,98.0,97.0,97.0,100.0,97,100,0.0,103,0.0,97,0.0,97,0.0,111,0.0,100,-3.0,97,0.0,97,9.0,101,0.0,,,,,,,97,0.0,102,0.0,97,0.0,111,0.0,121,0.0,97.0,0.0
j90,j9027_2,j9027_2.sm,89.0,90.0,81.0,81.0,86.0,93.0,81.0,98.0,90.0,93.0,93.0,96.0,92.0,93.0,81.0,81.0,81.0,81.0,86.0,81.0,97.0,103.0,90.0,84.0,82.0,82.0,91.0,93.0,83.0,93.0,85.0,85.0,85.0,90.0,89.0,82.0,82.0,83.0,83.0,83.0,86.0,83.0,95.0,91.0,81,89,0.0,90,0.0,81,0.0,81,0.0,86,0.0,97,-4.0,81,0.0,88,2.0,93,0.0,,,,,,,81,0.0,87,-1.0,81,0.0,97,0.0,103,0.0,81.0,0.0
j90,j9027_3,j9027_3.sm,99.0,102.0,91.0,91.0,97.0,109.0,91.0,94.0,93.0,103.0,96.0,105.0,104.0,95.0,91.0,91.0,91.0,91.0,97.0,91.0,102.0,112.0,100.0,100.0,91.0,91.0,100.0,101.0,91.0,99.0,101.0,100.0,98.0,101.0,99.0,100.0,91.0,91.0,91.0,95.0,97.0,94.0,98.0,102.0,91,99,0.0,102,0.0,91,0.0,91,0.0,97,0.0,107,2.0,91,0.0,95,-2.0,103,0.0,,,,,,,91,0.0,97,0.0,91,0.0,102,0.0,112,0.0,91.0,0.0
j90,j9027_4,j9027_4.sm,85.0,85.0,79.0,79.0,94.0,88.0,79.0,101.0,89.0,80.0,86.0,86.0,86.0,79.0,79.0,79.0,79.0,79.0,87.0,79.0,81.0,101.0,84.0,84.0,81.0,80.0,85.0,89.0,80.0,103.0,91.0,87.0,86.0,87.0,81.0,88.0,80.0,81.0,81.0,83.0,83.0,83.0,85.0,87.0,79,85,0.0,85,0.0,79,0.0,79,0.0,94,0.0,86,2.0,79,0.0,83,6.0,80,0.0,,,,,,,79,0.0,85,2.0,79,0.0,81,0.0,101,0.0,79.0,0.0
j90,j9027_5,j9027_5.sm,105.0,106.0,99.0,99.0,109.0,103.0,99.0,109.0,99.0,101.0,117.0,109.0,99.0,108.0,99.0,99.0,99.0,99.0,106.0,99.0,105.0,124.0,104.0,102.0,99.0,99.0,105.0,106.0,99.0,105.0,99.0,101.0,102.0,99.0,100.0,101.0,99.0,99.0,99.0,99.0,100.0,99.0,99.0,105.0,99,105,0.0,106,0.0,99,0.0,99,0.0,109,0.0,99,4.0,99,0.0,102,-3.0,101,0.0,,,,,,,99,0.0,106,0.0,99,0.0,105,0.0,124,0.0,99.0,0.0
j90,j9027_6,j9027_6.sm,93.0,93.0,87.0,87.0,95.0,94.0,87.0,89.0,91.0,94.0,94.0,101.0,95.0,94.0,87.0,87.0,87.0,87.0,90.0,87.0,108.0,102.0,89.0,94.0,87.0,87.0,91.0,89.0,88.0,93.0,91.0,88.0,89.0,89.0,88.0,92.0,87.0,87.0,87.0,87.0,90.0,87.0,89.0,91.0,87,93,0.0,93,0.0,87,0.0,87,0.0,95,0.0,98,-4.0,87,0.0,91,0.0,94,0.0,,,,,,,87,0.0,93,-3.0,87,0.0,108,0.0,102,0.0,87.0,0.0
j90,j9027_7,j9027_7.sm,78.0,80.0,73.0,73.0,83.0,78.0,79.0,80.0,87.0,83.0,86.0,88.0,82.0,81.0,73.0,73.0,73.0,73.0,78.0,73.0,86.0,83.0,77.0,76.0,74.0,74.0,78.0,77.0,75.0,78.0,84.0,80.0,78.0,76.0,76.0,80.0,75.0,74.0,74.0,76.0,78.0,75.0,87.0,79.0,73,78,0.0,80,0.0,73,0.0,73,0.0,83,0.0,77,1.0,79,0.0,83,4.0,83,0.0,,,,,,,73,0.0,78,0.0,73,0.0,86,0.0,83,0.0,73.0,0.0
j90,j9027_8,j9027_8.sm,76.0,79.0,72.0,72.0,79.0,73.0,72.0,86.0,74.0,72.0,72.0,79.0,76.0,72.0,72.0,72.0,72.0,72.0,76.0,72.0,84.0,77.0,74.0,75.0,72.0,72.0,74.0,74.0,72.0,72.0,72.0,75.0,73.0,75.0,72.0,72.0,72.0,72.0,72.0,72.0,75.0,72.0,74.0,80.0,72,76,0.0,79,0.0,72,0.0,72,0.0,79,0.0,74,-1.0,72,0.0,76,-2.0,72,0.0,,,,,,,72,0.0,76,0.0,72,0.0,84,0.0,77,0.0,72.0,0.0
j90,j9027_9,j9027_9.sm,89.0,88.0,84.0,84.0,94.0,95.0,85.0,102.0,92.0,98.0,98.0,101.0,101.0,93.0,84.0,84.0,84.0,84.0,90.0,84.0,102.0,101.0,89.0,89.0,85.0,86.0,90.0,91.0,87.0,88.0,98.0,87.0,92.0,92.0,86.0,88.0,86.0,87.0,87.0,87.0,86.0,87.0,91.0,94.0,84,89,0.0,88,0.0,84,0.0,84,0.0,94,0.0,89,6.0,85,0.0,92,0.0,98,0.0,,,,,,,84,0.0,90,0.0,84,0.0,102,0.0,101,0.0,84.0,0.0
j90,j9028_1,j9028_1.sm,80.0,80.0,80.0,80.0,80.0,80.0,80.0,80.0,80.0,80.0,80.0,80.0,80.0,80.0,80.0,80.0,80.0,80.0,80.0,80.0,80.0,80.0,80.0,80.0,80.0,80.0,80.0,80.0,80.0,80.0,80.0,80.0,80.0,80.0,80.0,80.0,80.0,80.0,80.0,80.0,80.0,80.0,80.0,80.0,80,80,0.0,80,0.0,80,0.0,80,0.0,80,0.0,80,0.0,80,0.0,80,0.0,80,0.0,,,,,,,80,0.0,80,0.0,80,0.0,80,0.0,80,0.0,80.0,0.0
j90,j9028_10,j9028_10.sm,68.0,68.0,68.0,68.0,68.0,68.0,68.0,68.0,68.0,68.0,68.0,68.0,68.0,68.0,68.0,68.0,68.0,68.0,68.0,68.0,68.0,68.0,68.0,68.0,68.0,68.0,68.0,68.0,68.0,68.0,68.0,68.0,68.0,68.0,68.0,68.0,68.0,68.0,68.0,68.0,68.0,68.0,68.0,68.0,68,68,0.0,68,0.0,68,0.0,68,0.0,68,0.0,68,0.0,68,0.0,68,0.0,68,0.0,,,,,,,68,0.0,68,0.0,68,0.0,68,0.0,68,0.0,68.0,0.0
j90,j9028_2,j9028_2.sm,76.0,76.0,76.0,76.0,76.0,76.0,76.0,76.0,76.0,76.0,76.0,76.0,76.0,76.0,76.0,76.0,76.0,76.0,76.0,76.0,76.0,76.0,76.0,76.0,76.0,76.0,76.0,76.0,76.0,76.0,76.0,76.0,76.0,76.0,76.0,76.0,76.0,76.0,76.0,76.0,76.0,76.0,76.0,76.0,76,76,0.0,76,0.0,76,0.0,76,0.0,76,0.0,76,0.0,76,0.0,76,0.0,76,0.0,,,,,,,76,0.0,76,0.0,76,0.0,76,0.0,76,0.0,76.0,0.0
j90,j9028_3,j9028_3.sm,86.0,86.0,86.0,86.0,86.0,86.0,86.0,86.0,86.0,86.0,86.0,86.0,86.0,86.0,86.0,86.0,86.0,86.0,86.0,86.0,86.0,86.0,86.0,86.0,86.0,86.0,86.0,86.0,86.0,86.0,86.0,86.0,86.0,86.0,86.0,86.0,86.0,86.0,86.0,86.0,86.0,86.0,86.0,86.0,86,86,0.0,86,0.0,86,0.0,86,0.0,86,0.0,86,0.0,86,0.0,86,0.0,86,0.0,,,,,,,86,0.0,86,0.0,86,0.0,86,0.0,86,0.0,86.0,0.0
j90,j9028_4,j9028_4.sm,78.0,78.0,78.0,78.0,78.0,78.0,78.0,78.0,78.0,78.0,78.0,78.0,78.0,78.0,78.0,78.0,78.0,78.0,78.0,78.0,78.0,78.0,78.0,78.0,78.0,78.0,78.0,78.0,78.0,78.0,78.0,78.0,78.0,78.0,78.0,78.0,78.0,78.0,78.0,78.0,78.0,78.0,78.0,78.0,78,78,0.0,78,0.0,78,0.0,78,0.0,78,0.0,78,0.0,78,0.0,78,0.0,78,0.0,,,,,,,78,0.0,78,0.0,78,0.0,78,0.0,78,0.0,78.0,0.0
j90,j9028_5,j9028_5.sm,88.0,88.0,88.0,88.0,88.0,88.0,88.0,88.0,88.0,88.0,88.0,88.0,88.0,88.0,88.0,88.0,88.0,88.0,88.0,88.0,88.0,88.0,88.0,88.0,88.0,88.0,88.0,88.0,88.0,88.0,88.0,88.0,88.0,88.0,88.0,88.0,88.0,88.0,88.0,88.0,88.0,88.0,88.0,88.0,88,88,0.0,88,0.0,88,0.0,88,0.0,88,0.0,88,0.0,88,0.0,88,0.0,88,0.0,,,,,,,88,0.0,88,0.0,88,0.0,88,0.0,88,0.0,88.0,0.0
j90,j9028_6,j9028_6.sm,102.0,102.0,102.0,102.0,102.0,102.0,102.0,102.0,102.0,102.0,102.0,102.0,102.0,102.0,102.0,102.0,102.0,102.0,102.0,102.0,102.0,102.0,102.0,102.0,102.0,102.0,102.0,102.0,102.0,102.0,102.0,102.0,102.0,102.0,102.0,102.0,102.0,102.0,102.0,102.0,102.0,102.0,102.0,102.0,102,102,0.0,102,0.0,102,0.0,102,0.0,102,0.0,102,0.0,102,0.0,102,0.0,102,0.0,,,,,,,102,0.0,102,0.0,102,0.0,102,0.0,102,0.0,102.0,0.0
j90,j9028_7,j9028_7.sm,97.0,97.0,97.0,97.0,97.0,97.0,97.0,97.0,97.0,97.0,97.0,97.0,97.0,97.0,97.0,97.0,97.0,97.0,97.0,97.0,97.0,97.0,97.0,97.0,97.0,97.0,97.0,97.0,97.0,97.0,97.0,97.0,97.0,97.0,97.0,97.0,97.0,97.0,97.0,97.0,97.0,97.0,97.0,97.0,97,97,0.0,97,0.0,97,0.0,97,0.0,97,0.0,97,0.0,97,0.0,97,0.0,97,0.0,,,,,,,97,0.0,97,0.0,97,0.0,97,0.0,97,0.0,97.0,0.0
j90,j9028_8,j9028_8.sm,110.0,110.0,110.0,110.0,110.0,110.0,110.0,110.0,110.0,110.0,110.0,110.0,110.0,110.0,110.0,110.0,110.0,110.0,110.0,110.0,110.0,110.0,110.0,110.0,110.0,110.0,110.0,110.0,110.0,110.0,110.0,110.0,110.0,110.0,110.0,110.0,110.0,110.0,110.0,110.0,110.0,110.0,110.0,110.0,110,110,0.0,110,0.0,110,0.0,110,0.0,110,0.0,110,0.0,110,0.0,110,0.0,110,0.0,,,,,,,110,0.0,110,0.0,110,0.0,110,0.0,110,0.0,110.0,0.0
j90,j9028_9,j9028_9.sm,120.0,120.0,120.0,120.0,120.0,120.0,120.0,120.0,120.0,120.0,120.0,120.0,120.0,120.0,120.0,120.0,120.0,120.0,120.0,120.0,120.0,120.0,120.0,120.0,120.0,120.0,120.0,120.0,120.0,120.0,120.0,120.0,120.0,120.0,120.0,120.0,120.0,120.0,120.0,120.0,120.0,120.0,120.0,120.0,120,120,0.0,120,0.0,120,0.0,120,0.0,120,0.0,120,0.0,120,0.0,120,0.0,120,0.0,,,,,,,120,0.0,120,0.0,120,0.0,120,0.0,120,0.0,120.0,0.0
j90,j9029_1,j9029_1.sm,185.0,181.0,161.0,160.0,194.0,189.0,159.0,208.0,195.0,190.0,173.0,187.0,183.0,185.0,160.0,161.0,161.0,159.0,183.0,154.0,204.0,202.0,173.0,174.0,148.0,147.0,171.0,168.0,149.0,171.0,164.0,162.0,169.0,162.0,168.0,174.0,148.0,151.0,151.0,158.0,174.0,146.0,160.0,185.0,135,185,0.0,181,0.0,161,0.0,160,0.0,194,0.0,176,13.0,159,0.0,174,21.0,190,0.0,,,,,,,159,0.0,178,5.0,154,0.0,204,0.0,202,0.0,146.0,11.0
j90,j9029_10,j9029_10.sm,153.0,159.0,143.0,149.0,173.0,171.0,145.0,181.0,169.0,162.0,166.0,167.0,168.0,161.0,149.0,143.0,143.0,146.0,150.0,140.0,180.0,180.0,149.0,146.0,138.0,140.0,152.0,145.0,140.0,147.0,159.0,151.0,158.0,147.0,148.0,154.0,139.0,138.0,140.0,135.0,144.0,134.0,154.0,165.0,125,153,0.0,159,0.0,143,0.0,149,0.0,173,0.0,171,0.0,145,0.0,160,9.0,162,0.0,,,,,,,146,0.0,150,0.0,140,0.0,180,0.0,180,0.0,134.0,9.0
j90,j9029_2,j9029_2.sm,154.0,156.0,147.0,144.0,168.0,175.0,151.0,179.0,173.0,175.0,150.0,158.0,163.0,176.0,144.0,147.0,147.0,148.0,157.0,145.0,178.0,182.0,149.0,146.0,143.0,141.0,154.0,154.0,144.0,159.0,154.0,171.0,157.0,152.0,158.0,157.0,144.0,141.0,139.0,142.0,148.0,143.0,166.0,166.0,126,154,0.0,156,0.0,147,0.0,144,0.0,168,0.0,170,5.0,151,0.0,165,8.0,175,0.0,,,,,,,153,-5.0,158,-1.0,145,0.0,178,0.0,182,0.0,139.0,13.0
j90,j9029_3,j9029_3.sm,176.0,186.0,168.0,170.0,213.0,213.0,170.0,243.0,223.0,179.0,185.0,184.0,197.0,200.0,170.0,168.0,167.0,170.0,180.0,168.0,200.0,222.0,171.0,169.0,164.0,163.0,170.0,166.0,167.0,179.0,190.0,186.0,174.0,173.0,173.0,191.0,168.0,167.0,166.0,163.0,168.0,161.0,187.0,197.0,144,176,0.0,186,0.0,168,0.0,170,0.0,213,0.0,183,30.0,170,0.0,176,47.0,179,0.0,,,,,,,170,0.0,180,0.0,168,0.0,200,0.0,222,0.0,161.0,17.0
j90,j9029_4,j9029_4.sm,186.0,185.0,177.0,178.0,202.0,209.0,180.0,204.0,193.0,185.0,180.0,199.0,185.0,199.0,178.0,178.0,178.0,189.0,187.0,177.0,217.0,207.0,178.0,175.0,169.0,171.0,173.0,181.0,171.0,181.0,195.0,180.0,171.0,172.0,182.0,182.0,166.0,173.0,174.0,165.0,173.0,166.0,181.0,190.0,148,186,0.0,185,0.0,177,0.0,178,0.0,202,0.0,187,22.0,180,0.0,189,4.0,185,0.0,,,,,,,186,3.0,187,0.0,177,0.0,217,0.0,207,0.0,165.0,17.0
j90,j9029_5,j9029_5.sm,170.0,170.0,138.0,145.0,160.0,181.0,149.0,162.0,157.0,168.0,150.0,156.0,164.0,155.0,145.0,138.0,138.0,143.0,168.0,143.0,193.0,190.0,164.0,160.0,135.0,136.0,157.0,172.0,139.0,162.0,151.0,163.0,147.0,151.0,145.0,155.0,134.0,132.0,133.0,138.0,162.0,135.0,168.0,167.0,121,170,0.0,170,0.0,138,0.0,145,0.0,160,0.0,153,28.0,149,0.0,162,-5.0,168,0.0,,,,,,,142,1.0,170,-2.0,144,-1.0,193,0.0,190,0.0,132.0,11.0
j90,j9029_6,j9029_6.sm,148.0,148.0,144.0,148.0,161.0,161.0,149.0,163.0,162.0,160.0,156.0,157.0,156.0,162.0,148.0,148.0,148.0,149.0,149.0,151.0,165.0,162.0,145.0,148.0,141.0,136.0,141.0,150.0,142.0,154.0,159.0,151.0,143.0,143.0,143.0,144.0,140.0,140.0,140.0,139.0,140.0,135.0,153.0,155.0,123,148,0.0,148,0.0,144,0.0,148,0.0,161,0.0,154,7.0,149,0.0,153,9.0,160,0.0,,,,,,,149,0.0,149,0.0,151,0.0,165,0.0,162,0.0,135.0,12.0
j90,j9029_7,j9029_7.sm,217.0,218.0,198.0,207.0,241.0,219.0,206.0,236.0,219.0,212.0,212.0,216.0,230.0,218.0,207.0,201.0,203.0,215.0,220.0,195.0,221.0,260.0,205.0,207.0,194.0,200.0,206.0,209.0,197.0,224.0,205.0,196.0,198.0,198.0,213.0,217.0,194.0,194.0,192.0,194.0,211.0,188.0,206.0,212.0,169,217,0.0,218,0.0,198,0.0,207,0.0,241,0.0,222,-3.0,206,0.0,208,11.0,212,0.0,,,,,,,212,3.0,220,0.0,195,0.0,221,0.0,260,0.0,188.0,19.0
j90,j9029_8,j9029_8.sm,196.0,200.0,187.0,186.0,203.0,220.0,185.0,199.0,209.0,201.0,188.0,213.0,210.0,189.0,186.0,189.0,189.0,195.0,195.0,185.0,220.0,233.0,187.0,183.0,173.0,172.0,189.0,186.0,173.0,197.0,190.0,193.0,179.0,178.0,185.0,186.0,177.0,176.0,178.0,188.0,184.0,171.0,195.0,199.0,154,196,0.0,200,0.0,187,0.0,186,0.0,203,0.0,205,15.0,185,0.0,200,9.0,201,0.0,,,,,,,186,9.0,195,0.0,185,0.0,220,0.0,233,0.0,171.0,17.0
j90,j9029_9,j9029_9.sm,155.0,159.0,151.0,148.0,185.0,185.0,146.0,170.0,180.0,162.0,164.0,155.0,171.0,171.0,148.0,151.0,151.0,149.0,151.0,149.0,176.0,180.0,149.0,150.0,142.0,146.0,158.0,155.0,146.0,158.0,156.0,152.0,148.0,152.0,155.0,159.0,142.0,147.0,145.0,151.0,145.0,145.0,163.0,161.0,127,155,0.0,159,0.0,151,0.0,148,0.0,185,0.0,158,27.0,146,0.0,162,18.0,162,0.0,,,,,,,150,-1.0,151,0.0,149,0.0,176,0.0,180,0.0,142.0,15.0
j90,j902_1,j902_1.sm,102.0,111.0,96.0,96.0,112.0,109.0,96.0,96.0,96.0,96.0,105.0,96.0,96.0,105.0,96.0,96.0,96.0,96.0,109.0,96.0,124.0,124.0,102.0,109.0,96.0,96.0,110.0,102.0,96.0,106.0,96.0,97.0,102.0,96.0,96.0,102.0,96.0,96.0,96.0,96.0,106.0,96.0,112.0,112.0,96,102,0.0,111,0.0,96,0.0,96,0.0,112,0.0,105,4.0,96,0.0,108,-12.0,96,0.0,,,,,,,96,0.0,109,0.0,96,0.0,124,0.0,124,0.0,96.0,0.0
j90,j902_10,j902_10.sm,85.0,91.0,80.0,80.0,91.0,96.0,80.0,90.0,86.0,81.0,90.0,85.0,85.0,90.0,80.0,80.0,80.0,80.0,88.0,80.0,95.0,104.0,81.0,90.0,80.0,82.0,90.0,82.0,82.0,81.0,94.0,91.0,85.0,83.0,83.0,85.0,82.0,82.0,82.0,82.0,83.0,82.0,94.0,94.0,80,85,0.0,91,0.0,80,0.0,80,0.0,91,0.0,94,2.0,80,0.0,80,6.0,81,0.0,,,,,,,80,0.0,88,0.0,80,0.0,95,0.0,104,0.0,80.0,0.0
j90,j902_2,j902_2.sm,124.0,125.0,114.0,114.0,120.0,132.0,114.0,114.0,120.0,122.0,114.0,121.0,121.0,114.0,114.0,114.0,114.0,114.0,122.0,114.0,142.0,142.0,127.0,128.0,126.0,126.0,131.0,126.0,126.0,127.0,126.0,126.0,126.0,126.0,126.0,126.0,126.0,126.0,126.0,126.0,131.0,126.0,127.0,136.0,114,124,0.0,125,0.0,114,0.0,114,0.0,120,0.0,117,15.0,114,0.0,125,-5.0,122,0.0,,,,,,,114,0.0,121,1.0,114,0.0,142,0.0,142,0.0,114.0,0.0
j90,j902_3,j902_3.sm,84.0,79.0,76.0,75.0,85.0,75.0,75.0,83.0,76.0,76.0,75.0,76.0,76.0,75.0,75.0,76.0,76.0,75.0,76.0,75.0,84.0,93.0,84.0,85.0,78.0,84.0,79.0,89.0,77.0,77.0,77.0,83.0,78.0,83.0,83.0,78.0,84.0,84.0,80.0,84.0,85.0,84.0,87.0,84.0,75,84,0.0,79,0.0,76,0.0,75,0.0,85,0.0,81,-6.0,75,0.0,83,-7.0,76,0.0,,,,,,,75,0.0,76,0.0,75,0.0,84,0.0,93,0.0,75.0,0.0
j90,j902_4,j902_4.sm,80.0,79.0,70.0,70.0,82.0,72.0,70.0,89.0,92.0,92.0,71.0,71.0,71.0,71.0,70.0,70.0,70.0,70.0,79.0,70.0,100.0,105.0,77.0,70.0,71.0,70.0,70.0,74.0,71.0,77.0,78.0,73.0,71.0,73.0,73.0,71.0,70.0,70.0,70.0,71.0,70.0,71.0,77.0,77.0,70,80,0.0,79,0.0,70,0.0,70,0.0,82,0.0,75,-3.0,70,0.0,92,0.0,92,0.0,,,,,,,70,0.0,79,0.0,70,0.0,100,0.0,105,0.0,70.0,0.0
j90,j902_5,j902_5.sm,111.0,108.0,100.0,100.0,111.0,112.0,100.0,106.0,106.0,106.0,111.0,113.0,113.0,111.0,109.0,100.0,100.0,100.0,104.0,100.0,106.0,111.0,103.0,107.0,100.0,100.0,107.0,111.0,100.0,106.0,103.0,106.0,109.0,107.0,107.0,109.0,100.0,100.0,100.0,100.0,105.0,100.0,108.0,114.0,100,111,0.0,108,0.0,100,0.0,100,0.0,111,0.0,113,-1.0,100,0.0,100,6.0,106,0.0,,,,,,,100,0.0,104,0.0,100,0.0,106,0.0,111,0.0,100.0,0.0
j90,j902_6,j902_6.sm,70.0,75.0,67.0,67.0,84.0,81.0,67.0,96.0,93.0,69.0,70.0,74.0,74.0,70.0,67.0,67.0,67.0,67.0,70.0,67.0,80.0,98.0,70.0,67.0,68.0,67.0,67.0,68.0,68.0,70.0,70.0,74.0,70.0,71.0,71.0,70.0,67.0,68.0,68.0,68.0,67.0,68.0,74.0,74.0,67,70,0.0,75,0.0,67,0.0,67,0.0,84,0.0,80,1.0,67,0.0,75,18.0,69,0.0,,,,,,,67,0.0,70,0.0,67,0.0,80,0.0,98,0.0,67.0,0.0
j90,j902_7,j902_7.sm,102.0,105.0,92.0,92.0,99.0,115.0,92.0,95.0,115.0,92.0,92.0,93.0,93.0,92.0,92.0,92.0,92.0,92.0,104.0,92.0,117.0,124.0,95.0,105.0,95.0,95.0,97.0,103.0,95.0,99.0,100.0,97.0,97.0,95.0,95.0,97.0,95.0,95.0,95.0,95.0,106.0,95.0,120.0,112.0,92,102,0.0,105,0.0,92,0.0,92,0.0,99,0.0,97,18.0,92,0.0,96,19.0,92,0.0,,,,,,,92,0.0,104,0.0,92,0.0,117,0.0,124,0.0,92.0,0.0
j90,j902_8,j902_8.sm,86.0,96.0,82.0,82.0,94.0,96.0,82.0,90.0,82.0,104.0,82.0,103.0,103.0,82.0,82.0,82.0,82.0,82.0,90.0,82.0,118.0,120.0,87.0,91.0,84.0,84.0,85.0,90.0,85.0,91.0,88.0,85.0,85.0,86.0,86.0,85.0,84.0,84.0,84.0,84.0,88.0,84.0,91.0,90.0,82,86,0.0,96,0.0,82,0.0,82,0.0,94,0.0,85,11.0,82,0.0,86,-4.0,104,0.0,,,,,,,82,0.0,90,0.0,82,0.0,118,0.0,120,0.0,82.0,0.0
j90,j902_9,j902_9.sm,86.0,87.0,79.0,79.0,94.0,110.0,79.0,86.0,90.0,95.0,88.0,92.0,92.0,88.0,79.0,79.0,79.0,79.0,86.0,79.0,112.0,97.0,91.0,87.0,86.0,86.0,87.0,82.0,86.0,82.0,87.0,92.0,89.0,87.0,87.0,89.0,86.0,86.0,86.0,86.0,88.0,86.0,82.0,81.0,79,86,0.0,87,0.0,79,0.0,79,0.0,94,0.0,100,10.0,79,0.0,96,-6.0,95,0.0,,,,,,,79,0.0,86,0.0,79,0.0,112,0.0,97,0.0,79.0,0.0
j90,j9030_1,j9030_1.sm,115.0,121.0,102.0,102.0,117.0,116.0,102.0,134.0,113.0,102.0,102.0,107.0,108.0,113.0,102.0,102.0,102.0,102.0,120.0,102.0,132.0,141.0,115.0,118.0,103.0,102.0,115.0,108.0,103.0,117.0,106.0,104.0,104.0,104.0,105.0,108.0,102.0,103.0,103.0,102.0,121.0,104.0,131.0,125.0,102,115,0.0,121,0.0,102,0.0,102,0.0,117,0.0,102,14.0,102,0.0,102,11.0,102,0.0,,,,,,,102,0.0,120,0.0,102,0.0,132,0.0,141,0.0,102.0,0.0
j90,j9030_10,j9030_10.sm,103.0,106.0,95.0,96.0,111.0,115.0,101.0,116.0,116.0,109.0,100.0,101.0,102.0,113.0,96.0,95.0,95.0,98.0,105.0,94.0,123.0,132.0,105.0,106.0,92.0,94.0,106.0,105.0,92.0,108.0,100.0,104.0,95.0,108.0,109.0,104.0,94.0,92.0,92.0,95.0,108.0,94.0,106.0,117.0,90,103,0.0,106,0.0,95,0.0,96,0.0,111,0.0,113,2.0,101,0.0,103,13.0,109,0.0,,,,,,,98,0.0,107,-2.0,94,0.0,123,0.0,132,0.0,92.0,2.0
j90,j9030_2,j9030_2.sm,91.0,91.0,76.0,79.0,98.0,96.0,77.0,104.0,104.0,96.0,89.0,97.0,93.0,94.0,79.0,76.0,76.0,80.0,92.0,76.0,100.0,102.0,91.0,92.0,78.0,77.0,93.0,94.0,78.0,93.0,96.0,88.0,85.0,96.0,93.0,88.0,77.0,76.0,77.0,76.0,90.0,77.0,93.0,96.0,76,91,0.0,91,0.0,76,0.0,79,0.0,98,0.0,101,-5.0,77,0.0,90,14.0,96,0.0,,,,,,,80,0.0,93,-1.0,76,0.0,100,0.0,102,0.0,76.0,0.0
j90,j9030_3,j9030_3.sm,121.0,124.0,105.0,105.0,125.0,124.0,110.0,146.0,142.0,125.0,115.0,132.0,117.0,118.0,105.0,104.0,104.0,109.0,125.0,106.0,121.0,145.0,119.0,124.0,105.0,109.0,117.0,115.0,106.0,118.0,123.0,113.0,111.0,117.0,121.0,113.0,107.0,107.0,108.0,106.0,123.0,104.0,119.0,138.0,102,121,0.0,124,0.0,105,0.0,105,0.0,125,0.0,125,-1.0,110,0.0,122,20.0,125,0.0,,,,,,,106,3.0,125,0.0,107,-1.0,121,0.0,145,0.0,104.0,2.0
j90,j9030_4,j9030_4.sm,129.0,126.0,104.0,109.0,136.0,124.0,108.0,133.0,133.0,133.0,114.0,122.0,129.0,130.0,109.0,104.0,104.0,110.0,126.0,106.0,132.0,137.0,126.0,129.0,106.0,106.0,120.0,131.0,109.0,126.0,118.0,122.0,107.0,135.0,115.0,121.0,106.0,108.0,107.0,107.0,124.0,109.0,118.0,136.0,104,129,0.0,126,0.0,104,0.0,109,0.0,136,0.0,128,-4.0,108,0.0,125,8.0,133,0.0,,,,,,,110,0.0,126,0.0,106,0.0,132,0.0,137,0.0,104.0,0.0
j90,j9030_5,j9030_5.sm,109.0,113.0,91.0,94.0,135.0,112.0,100.0,112.0,104.0,118.0,100.0,121.0,114.0,107.0,94.0,92.0,92.0,98.0,107.0,94.0,119.0,132.0,107.0,108.0,90.0,89.0,116.0,105.0,94.0,108.0,102.0,102.0,94.0,99.0,97.0,98.0,89.0,89.0,90.0,89.0,101.0,92.0,121.0,118.0,83,109,0.0,113,0.0,91,0.0,94,0.0,135,0.0,110,2.0,100,0.0,103,1.0,118,0.0,,,,,,,98,0.0,107,0.0,94,0.0,119,0.0,132,0.0,89.0,6.0
j90,j9030_6,j9030_6.sm,103.0,105.0,90.0,90.0,100.0,97.0,90.0,115.0,106.0,99.0,95.0,101.0,102.0,108.0,90.0,90.0,90.0,90.0,104.0,90.0,102.0,126.0,102.0,106.0,91.0,91.0,96.0,103.0,90.0,99.0,97.0,111.0,94.0,92.0,111.0,108.0,91.0,91.0,91.0,90.0,103.0,90.0,102.0,110.0,90,103,0.0,105,0.0,90,0.0,90,0.0,100,0.0,101,-4.0,90,0.0,97,9.0,99,0.0,,,,,,,90,0.0,104,0.0,90,0.0,102,0.0,129,-3.0,90.0,0.0
j90,j9030_7,j9030_7.sm,104.0,104.0,89.0,93.0,118.0,115.0,101.0,108.0,112.0,104.0,104.0,121.0,119.0,112.0,93.0,92.0,92.0,97.0,105.0,94.0,113.0,121.0,103.0,103.0,91.0,92.0,107.0,110.0,94.0,98.0,104.0,108.0,99.0,104.0,103.0,109.0,89.0,90.0,90.0,91.0,103.0,94.0,105.0,107.0,84,104,0.0,104,0.0,89,0.0,93,0.0,118,0.0,115,0.0,101,0.0,105,7.0,104,0.0,,,,,,,97,0.0,104,1.0,94,0.0,113,0.0,121,0.0,89.0,5.0
j90,j9030_8,j9030_8.sm,96.0,102.0,82.0,84.0,102.0,105.0,88.0,116.0,103.0,103.0,96.0,108.0,99.0,96.0,84.0,82.0,82.0,86.0,97.0,85.0,106.0,113.0,98.0,97.0,84.0,84.0,104.0,99.0,84.0,96.0,105.0,101.0,95.0,97.0,97.0,102.0,84.0,83.0,84.0,84.0,97.0,86.0,97.0,103.0,82,96,0.0,102,0.0,82,0.0,84,0.0,102,0.0,99,6.0,88,0.0,103,0.0,103,0.0,,,,,,,86,0.0,97,0.0,85,0.0,106,0.0,113,0.0,82.0,0.0
j90,j9030_9,j9030_9.sm,110.0,115.0,106.0,108.0,138.0,125.0,110.0,131.0,111.0,113.0,118.0,121.0,121.0,125.0,108.0,105.0,105.0,108.0,109.0,105.0,137.0,131.0,107.0,110.0,103.0,105.0,112.0,112.0,107.0,115.0,114.0,112.0,113.0,107.0,110.0,110.0,107.0,103.0,105.0,103.0,109.0,103.0,117.0,113.0,94,110,0.0,115,0.0,106,0.0,108,0.0,138,0.0,116,9.0,110,0.0,115,-4.0,113,0.0,,,,,,,108,0.0,110,-1.0,106,-1.0,137,0.0,131,0.0,103.0,9.0
j90,j9031_1,j9031_1.sm,84.0,87.0,79.0,79.0,94.0,91.0,79.0,88.0,83.0,87.0,85.0,92.0,93.0,87.0,79.0,79.0,79.0,79.0,86.0,79.0,89.0,94.0,83.0,85.0,79.0,79.0,86.0,83.0,79.0,91.0,82.0,90.0,82.0,90.0,85.0,88.0,79.0,80.0,80.0,80.0,82.0,80.0,89.0,91.0,79,84,0.0,87,0.0,79,0.0,79,0.0,94,0.0,86,5.0,79,0.0,88,-5.0,87,0.0,,,,,,,79,0.0,86,0.0,79,0.0,89,0.0,94,0.0,79.0,0.0
j90,j9031_10,j9031_10.sm,106.0,107.0,99.0,99.0,117.0,109.0,99.0,111.0,120.0,117.0,113.0,115.0,115.0,115.0,99.0,99.0,99.0,99.0,106.0,99.0,120.0,112.0,105.0,106.0,99.0,99.0,107.0,113.0,100.0,107.0,112.0,102.0,113.0,108.0,108.0,107.0,99.0,99.0,99.0,99.0,105.0,100.0,102.0,112.0,99,106,0.0,107,0.0,99,0.0,99,0.0,117,0.0,114,-5.0,99,0.0,109,11.0,117,0.0,,,,,,,99,0.0,106,0.0,99,0.0,120,0.0,112,0.0,99.0,0.0
j90,j9031_2,j9031_2.sm,75.0,77.0,71.0,72.0,85.0,82.0,77.0,91.0,85.0,82.0,75.0,81.0,81.0,91.0,72.0,71.0,71.0,74.0,76.0,72.0,80.0,87.0,74.0,77.0,71.0,70.0,78.0,74.0,74.0,77.0,81.0,76.0,74.0,82.0,77.0,77.0,70.0,71.0,71.0,71.0,76.0,72.0,74.0,80.0,69,75,0.0,77,0.0,71,0.0,72,0.0,85,0.0,80,2.0,77,0.0,76,9.0,82,0.0,,,,,,,74,0.0,76,0.0,72,0.0,80,0.0,87,0.0,70.0,1.0
j90,j9031_3,j9031_3.sm,108.0,111.0,106.0,106.0,117.0,106.0,106.0,106.0,106.0,106.0,106.0,108.0,106.0,106.0,106.0,106.0,106.0,106.0,111.0,106.0,123.0,119.0,108.0,109.0,106.0,106.0,110.0,106.0,106.0,107.0,107.0,106.0,106.0,107.0,113.0,109.0,106.0,106.0,106.0,106.0,106.0,106.0,107.0,113.0,106,108,0.0,111,0.0,106,0.0,106,0.0,117,0.0,106,0.0,106,0.0,113,-7.0,106,0.0,,,,,,,106,0.0,111,0.0,106,0.0,123,0.0,119,0.0,106.0,0.0
j90,j9031_4,j9031_4.sm,84.0,86.0,79.0,79.0,95.0,83.0,79.0,93.0,90.0,86.0,83.0,90.0,87.0,95.0,79.0,79.0,79.0,79.0,85.0,79.0,92.0,94.0,83.0,87.0,81.0,81.0,87.0,80.0,79.0,87.0,88.0,88.0,81.0,86.0,83.0,88.0,81.0,81.0,81.0,81.0,85.0,81.0,96.0,88.0,79,84,0.0,86,0.0,79,0.0,79,0.0,95,0.0,93,-10.0,79,0.0,86,4.0,86,0.0,,,,,,,79,0.0,85,0.0,79,0.0,92,0.0,94,0.0,79.0,0.0
j90,j9031_5,j9031_5.sm,87.0,85.0,79.0,79.0,82.0,94.0,79.0,102.0,95.0,89.0,86.0,92.0,92.0,85.0,79.0,79.0,79.0,79.0,87.0,79.0,93.0,96.0,87.0,87.0,81.0,79.0,85.0,84.0,79.0,92.0,81.0,88.0,84.0,87.0,90.0,83.0,79.0,79.0,79.0,79.0,83.0,80.0,86.0,85.0,79,87,0.0,85,0.0,79,0.0,79,0.0,82,0.0,96,-2.0,79,0.0,90,5.0,89,0.0,,,,,,,79,0.0,87,0.0,79,0.0,93,0.0,96,0.0,79.0,0.0
j90,j9031_6,j9031_6.sm,85.0,88.0,80.0,80.0,90.0,85.0,82.0,90.0,90.0,91.0,86.0,91.0,88.0,89.0,80.0,80.0,80.0,80.0,87.0,80.0,92.0,100.0,87.0,87.0,83.0,80.0,86.0,88.0,83.0,91.0,86.0,83.0,87.0,83.0,85.0,84.0,80.0,80.0,80.0,82.0,86.0,80.0,88.0,99.0,80,85,0.0,88,0.0,80,0.0,80,0.0,90,0.0,93,-8.0,82,0.0,82,8.0,91,0.0,,,,,,,80,0.0,87,0.0,80,0.0,92,0.0,100,0.0,80.0,0.0
j90,j9031_7,j9031_7.sm,101.0,102.0,97.0,97.0,97.0,97.0,97.0,97.0,97.0,97.0,97.0,98.0,97.0,103.0,97.0,97.0,97.0,97.0,104.0,97.0,98.0,106.0,100.0,101.0,97.0,97.0,105.0,102.0,99.0,101.0,102.0,102.0,98.0,102.0,100.0,101.0,97.0,97.0,97.0,97.0,101.0,97.0,104.0,105.0,97,101,0.0,102,0.0,97,0.0,97,0.0,97,0.0,97,0.0,97,0.0,97,0.0,97,0.0,,,,,,,97,0.0,104,0.0,97,0.0,98,0.0,106,0.0,97.0,0.0
j90,j9031_8,j9031_8.sm,86.0,93.0,83.0,83.0,92.0,109.0,83.0,92.0,92.0,93.0,87.0,88.0,93.0,83.0,83.0,83.0,83.0,83.0,88.0,83.0,111.0,105.0,87.0,91.0,83.0,84.0,88.0,92.0,84.0,86.0,95.0,91.0,85.0,93.0,95.0,86.0,84.0,83.0,83.0,83.0,87.0,83.0,96.0,98.0,83,86,0.0,93,0.0,83,0.0,83,0.0,92,0.0,93,16.0,83,0.0,95,-3.0,93,0.0,,,,,,,83,0.0,88,0.0,83,0.0,111,0.0,105,0.0,83.0,0.0
j90,j9031_9,j9031_9.sm,75.0,79.0,72.0,72.0,85.0,80.0,72.0,82.0,86.0,83.0,74.0,78.0,79.0,75.0,72.0,72.0,72.0,72.0,78.0,72.0,82.0,85.0,75.0,78.0,72.0,72.0,80.0,79.0,72.0,72.0,78.0,77.0,72.0,77.0,77.0,77.0,72.0,72.0,72.0,73.0,78.0,72.0,79.0,78.0,72,75,0.0,79,0.0,72,0.0,72,0.0,85,0.0,86,-6.0,72,0.0,83,3.0,83,0.0,,,,,,,72,0.0,78,0.0,72,0.0,82,0.0,85,0.0,72.0,0.0
j90,j9032_1,j9032_1.sm,78.0,78.0,78.0,78.0,78.0,78.0,78.0,78.0,78.0,78.0,78.0,78.0,78.0,78.0,78.0,78.0,78.0,78.0,78.0,78.0,78.0,78.0,78.0,78.0,78.0,78.0,78.0,78.0,78.0,78.0,78.0,78.0,78.0,78.0,78.0,78.0,78.0,78.0,78.0,78.0,78.0,78.0,78.0,78.0,78,78,0.0,78,0.0,78,0.0,78,0.0,78,0.0,78,0.0,78,0.0,78,0.0,78,0.0,,,,,,,78,0.0,78,0.0,78,0.0,78,0.0,78,0.0,78.0,0.0
j90,j9032_10,j9032_10.sm,91.0,91.0,91.0,91.0,91.0,91.0,91.0,91.0,91.0,91.0,91.0,91.0,91.0,91.0,91.0,91.0,91.0,91.0,91.0,91.0,91.0,91.0,91.0,91.0,91.0,91.0,91.0,91.0,91.0,91.0,91.0,91.0,91.0,91.0,91.0,91.0,91.0,91.0,91.0,91.0,91.0,91.0,91.0,91.0,91,91,0.0,91,0.0,91,0.0,91,0.0,91,0.0,91,0.0,91,0.0,91,0.0,91,0.0,,,,,,,91,0.0,91,0.0,91,0.0,91,0.0,91,0.0,91.0,0.0
j90,j9032_2,j9032_2.sm,78.0,78.0,78.0,78.0,78.0,78.0,78.0,78.0,78.0,78.0,78.0,78.0,78.0,78.0,78.0,78.0,78.0,78.0,78.0,78.0,78.0,78.0,78.0,78.0,78.0,78.0,78.0,78.0,78.0,78.0,78.0,78.0,78.0,78.0,78.0,78.0,78.0,78.0,78.0,78.0,78.0,78.0,78.0,78.0,78,78,0.0,78,0.0,78,0.0,78,0.0,78,0.0,78,0.0,78,0.0,78,0.0,78,0.0,,,,,,,78,0.0,78,0.0,78,0.0,78,0.0,78,0.0,78.0,0.0
j90,j9032_3,j9032_3.sm,89.0,89.0,89.0,89.0,89.0,89.0,89.0,89.0,89.0,89.0,89.0,89.0,89.0,89.0,89.0,89.0,89.0,89.0,89.0,89.0,89.0,89.0,89.0,89.0,89.0,89.0,89.0,89.0,89.0,89.0,89.0,89.0,89.0,89.0,89.0,89.0,89.0,89.0,89.0,89.0,89.0,89.0,89.0,89.0,89,89,0.0,89,0.0,89,0.0,89,0.0,89,0.0,89,0.0,89,0.0,89,0.0,89,0.0,,,,,,,89,0.0,89,0.0,89,0.0,89,0.0,89,0.0,89.0,0.0
j90,j9032_4,j9032_4.sm,104.0,104.0,104.0,104.0,104.0,104.0,104.0,104.0,104.0,104.0,104.0,104.0,104.0,104.0,104.0,104.0,104.0,104.0,104.0,104.0,104.0,104.0,104.0,104.0,104.0,104.0,104.0,104.0,104.0,104.0,104.0,104.0,104.0,104.0,104.0,104.0,104.0,104.0,104.0,104.0,104.0,104.0,104.0,104.0,104,104,0.0,104,0.0,104,0.0,104,0.0,104,0.0,104,0.0,104,0.0,104,0.0,104,0.0,,,,,,,104,0.0,104,0.0,104,0.0,104,0.0,104,0.0,104.0,0.0
j90,j9032_5,j9032_5.sm,93.0,93.0,93.0,93.0,93.0,93.0,93.0,93.0,93.0,93.0,93.0,93.0,93.0,93.0,93.0,93.0,93.0,93.0,93.0,93.0,93.0,93.0,93.0,93.0,93.0,93.0,93.0,93.0,93.0,93.0,93.0,93.0,93.0,93.0,93.0,93.0,93.0,93.0,93.0,93.0,93.0,93.0,93.0,93.0,93,93,0.0,93,0.0,93,0.0,93,0.0,93,0.0,93,0.0,93,0.0,93,0.0,93,0.0,,,,,,,93,0.0,93,0.0,93,0.0,93,0.0,93,0.0,93.0,0.0
j90,j9032_6,j9032_6.sm,86.0,86.0,86.0,86.0,86.0,86.0,86.0,86.0,86.0,86.0,86.0,86.0,86.0,86.0,86.0,86.0,86.0,86.0,86.0,86.0,86.0,86.0,86.0,86.0,86.0,86.0,86.0,86.0,86.0,86.0,86.0,86.0,86.0,86.0,86.0,86.0,86.0,86.0,86.0,86.0,86.0,86.0,86.0,86.0,86,86,0.0,86,0.0,86,0.0,86,0.0,86,0.0,86,0.0,86,0.0,86,0.0,86,0.0,,,,,,,86,0.0,86,0.0,86,0.0,86,0.0,86,0.0,86.0,0.0
j90,j9032_7,j9032_7.sm,87.0,87.0,87.0,87.0,87.0,87.0,87.0,87.0,87.0,87.0,87.0,87.0,87.0,87.0,87.0,87.0,87.0,87.0,87.0,87.0,87.0,87.0,87.0,87.0,87.0,87.0,87.0,87.0,87.0,87.0,87.0,87.0,87.0,87.0,87.0,87.0,87.0,87.0,87.0,87.0,87.0,87.0,87.0,87.0,87,87,0.0,87,0.0,87,0.0,87,0.0,87,0.0,87,0.0,87,0.0,87,0.0,87,0.0,,,,,,,87,0.0,87,0.0,87,0.0,87,0.0,87,0.0,87.0,0.0
j90,j9032_8,j9032_8.sm,79.0,79.0,79.0,79.0,79.0,79.0,79.0,79.0,79.0,79.0,79.0,79.0,79.0,79.0,79.0,79.0,79.0,79.0,79.0,79.0,79.0,79.0,79.0,79.0,79.0,79.0,79.0,79.0,79.0,79.0,79.0,79.0,79.0,79.0,79.0,79.0,79.0,79.0,79.0,79.0,79.0,79.0,79.0,79.0,79,79,0.0,79,0.0,79,0.0,79,0.0,79,0.0,79,0.0,79,0.0,79,0.0,79,0.0,,,,,,,79,0.0,79,0.0,79,0.0,79,0.0,79,0.0,79.0,0.0
j90,j9032_9,j9032_9.sm,95.0,95.0,95.0,95.0,95.0,95.0,95.0,95.0,95.0,95.0,95.0,95.0,95.0,95.0,95.0,95.0,95.0,95.0,95.0,95.0,95.0,95.0,95.0,95.0,95.0,95.0,95.0,95.0,95.0,95.0,95.0,95.0,95.0,95.0,95.0,95.0,95.0,95.0,95.0,95.0,95.0,95.0,95.0,95.0,95,95,0.0,95,0.0,95,0.0,95,0.0,95,0.0,95,0.0,95,0.0,95,0.0,95,0.0,,,,,,,95,0.0,95,0.0,95,0.0,95,0.0,95,0.0,95.0,0.0
j90,j9033_1,j9033_1.sm,113.0,116.0,105.0,115.0,142.0,140.0,107.0,149.0,155.0,120.0,122.0,136.0,136.0,122.0,122.0,100.0,105.0,105.0,109.0,105.0,123.0,152.0,115.0,108.0,108.0,108.0,112.0,111.0,108.0,143.0,142.0,113.0,108.0,107.0,107.0,108.0,108.0,108.0,108.0,108.0,115.0,108.0,113.0,119.0,99,113,0.0,116,0.0,105,0.0,115,0.0,142,0.0,117,23.0,107,0.0,133,22.0,120,0.0,,,,,,,105,0.0,109,0.0,105,0.0,123,0.0,152,0.0,100.0,1.0
j90,j9033_10,j9033_10.sm,135.0,140.0,127.0,132.0,133.0,133.0,129.0,154.0,144.0,127.0,124.0,134.0,134.0,124.0,132.0,140.0,127.0,129.0,134.0,118.0,143.0,147.0,137.0,133.0,124.0,124.0,120.0,140.0,123.0,134.0,134.0,141.0,124.0,141.0,141.0,124.0,124.0,124.0,124.0,124.0,137.0,124.0,130.0,138.0,114,135,0.0,140,0.0,127,0.0,132,0.0,133,0.0,143,-10.0,129,0.0,150,-6.0,127,0.0,,,,,,,129,0.0,134,0.0,118,0.0,143,0.0,147,0.0,118.0,4.0
j90,j9033_2,j9033_2.sm,141.0,144.0,116.0,116.0,149.0,129.0,112.0,163.0,148.0,135.0,127.0,128.0,128.0,127.0,116.0,112.0,116.0,112.0,134.0,112.0,129.0,161.0,137.0,132.0,127.0,127.0,134.0,130.0,127.0,136.0,138.0,132.0,139.0,129.0,129.0,139.0,128.0,127.0,127.0,113.0,128.0,113.0,120.0,134.0,112,141,0.0,144,0.0,116,0.0,116,0.0,149,0.0,139,-10.0,112,0.0,125,23.0,135,0.0,,,,,,,112,0.0,134,0.0,112,0.0,129,0.0,161,0.0,112.0,0.0
j90,j9033_3,j9033_3.sm,134.0,133.0,117.0,122.0,159.0,156.0,116.0,148.0,132.0,149.0,134.0,136.0,136.0,134.0,154.0,108.0,117.0,115.0,137.0,111.0,151.0,161.0,131.0,127.0,118.0,118.0,140.0,131.0,119.0,156.0,137.0,137.0,133.0,144.0,144.0,133.0,127.0,126.0,118.0,118.0,127.0,114.0,135.0,144.0,108,134,0.0,133,0.0,117,0.0,122,0.0,159,0.0,145,11.0,116,0.0,125,7.0,149,0.0,,,,,,,115,0.0,137,0.0,111,0.0,151,0.0,161,0.0,108.0,0.0
j90,j9033_4,j9033_4.sm,102.0,121.0,96.0,92.0,121.0,108.0,99.0,117.0,106.0,100.0,113.0,113.0,113.0,113.0,124.0,95.0,96.0,92.0,109.0,92.0,132.0,140.0,100.0,104.0,95.0,103.0,121.0,105.0,95.0,114.0,114.0,100.0,97.0,103.0,103.0,97.0,102.0,93.0,95.0,94.0,102.0,94.0,111.0,110.0,92,102,0.0,121,0.0,96,0.0,92,0.0,121,0.0,108,0.0,99,0.0,118,-12.0,100,0.0,,,,,,,92,0.0,109,0.0,92,0.0,132,0.0,140,0.0,92.0,0.0
j90,j9033_5,j9033_5.sm,137.0,141.0,123.0,109.0,148.0,140.0,117.0,130.0,136.0,127.0,128.0,129.0,129.0,128.0,142.0,120.0,123.0,116.0,129.0,116.0,135.0,168.0,126.0,128.0,116.0,117.0,132.0,124.0,118.0,144.0,132.0,137.0,123.0,123.0,123.0,123.0,116.0,117.0,117.0,118.0,129.0,118.0,124.0,148.0,109,137,0.0,141,0.0,123,0.0,109,0.0,148,0.0,126,14.0,117,0.0,132,4.0,127,0.0,,,,,,,116,0.0,129,0.0,116,0.0,135,0.0,168,0.0,109.0,0.0
j90,j9033_6,j9033_6.sm,100.0,111.0,93.0,95.0,120.0,116.0,104.0,113.0,99.0,97.0,115.0,111.0,111.0,115.0,127.0,96.0,93.0,93.0,100.0,88.0,120.0,152.0,100.0,101.0,93.0,89.0,105.0,110.0,99.0,108.0,115.0,98.0,110.0,103.0,103.0,110.0,95.0,89.0,93.0,93.0,100.0,93.0,102.0,113.0,88,100,0.0,111,0.0,93,0.0,95,0.0,120,0.0,116,0.0,104,0.0,104,-5.0,97,0.0,,,,,,,93,0.0,100,0.0,88,0.0,120,0.0,152,0.0,88.0,0.0
j90,j9033_7,j9033_7.sm,122.0,128.0,116.0,116.0,142.0,132.0,117.0,148.0,133.0,133.0,125.0,142.0,142.0,125.0,138.0,115.0,116.0,115.0,128.0,115.0,124.0,177.0,126.0,128.0,113.0,113.0,117.0,128.0,113.0,145.0,147.0,138.0,111.0,126.0,126.0,111.0,113.0,113.0,113.0,113.0,128.0,113.0,137.0,145.0,109,122,0.0,128,0.0,116,0.0,116,0.0,142,0.0,127,5.0,117,0.0,122,11.0,133,0.0,,,,,,,115,0.0,128,0.0,115,0.0,124,0.0,177,0.0,111.0,2.0
j90,j9033_8,j9033_8.sm,131.0,134.0,118.0,114.0,126.0,145.0,125.0,146.0,152.0,151.0,127.0,123.0,123.0,127.0,155.0,111.0,118.0,120.0,139.0,112.0,166.0,163.0,130.0,128.0,123.0,123.0,123.0,133.0,117.0,140.0,142.0,140.0,121.0,130.0,130.0,121.0,123.0,123.0,123.0,117.0,139.0,117.0,129.0,142.0,110,131,0.0,134,0.0,118,0.0,114,0.0,126,0.0,138,7.0,125,0.0,134,18.0,151,0.0,,,,,,,120,0.0,139,0.0,120,-8.0,166,0.0,163,0.0,111.0,1.0
j90,j9033_9,j9033_9.sm,110.0,117.0,109.0,101.0,131.0,126.0,107.0,125.0,128.0,118.0,125.0,125.0,125.0,125.0,101.0,110.0,106.0,107.0,117.0,109.0,127.0,115.0,113.0,103.0,113.0,106.0,117.0,118.0,101.0,110.0,117.0,110.0,107.0,108.0,108.0,107.0,113.0,106.0,113.0,110.0,111.0,110.0,109.0,119.0,95,110,0.0,117,0.0,109,0.0,101,0.0,131,0.0,125,1.0,107,0.0,125,3.0,118,0.0,,,,,,,107,0.0,114,3.0,109,0.0,127,0.0,115,0.0,101.0,6.0
j90,j9034_1,j9034_1.sm,90.0,93.0,83.0,84.0,90.0,92.0,84.0,89.0,94.0,95.0,88.0,90.0,90.0,88.0,84.0,83.0,83.0,83.0,91.0,83.0,95.0,102.0,90.0,87.0,86.0,86.0,86.0,89.0,86.0,87.0,101.0,86.0,86.0,86.0,86.0,86.0,86.0,86.0,86.0,86.0,88.0,86.0,87.0,87.0,83,90,0.0,93,0.0,83,0.0,84,0.0,90,0.0,86,6.0,84,0.0,91,3.0,95,0.0,,,,,,,83,0.0,91,0.0,83,0.0,95,0.0,102,0.0,83.0,0.0
j90,j9034_10,j9034_10.sm,101.0,105.0,101.0,101.0,108.0,114.0,101.0,109.0,110.0,110.0,107.0,103.0,103.0,107.0,101.0,101.0,101.0,101.0,106.0,101.0,105.0,122.0,102.0,101.0,101.0,101.0,101.0,101.0,101.0,101.0,101.0,101.0,101.0,101.0,101.0,101.0,101.0,101.0,101.0,101.0,102.0,101.0,101.0,102.0,101,101,0.0,105,0.0,101,0.0,101,0.0,108,0.0,114,0.0,101,0.0,105,5.0,110,0.0,,,,,,,101,0.0,106,0.0,101,0.0,105,0.0,122,0.0,101.0,0.0
j90,j9034_2,j9034_2.sm,95.0,92.0,90.0,90.0,89.0,98.0,89.0,98.0,98.0,100.0,90.0,96.0,96.0,90.0,95.0,90.0,98.0,98.0,94.0,90.0,93.0,107.0,95.0,89.0,89.0,89.0,89.0,89.0,89.0,95.0,95.0,89.0,89.0,89.0,89.0,89.0,89.0,89.0,89.0,89.0,92.0,89.0,95.0,95.0,89,95,0.0,92,0.0,90,0.0,90,0.0,89,0.0,90,8.0,89,0.0,103,-5.0,100,0.0,,,,,,,98,0.0,94,0.0,90,0.0,93,0.0,107,0.0,89.0,0.0
j90,j9034_3,j9034_3.sm,85.0,88.0,82.0,84.0,103.0,92.0,85.0,90.0,88.0,88.0,87.0,90.0,90.0,87.0,84.0,83.0,82.0,83.0,88.0,83.0,101.0,97.0,85.0,88.0,85.0,87.0,88.0,88.0,87.0,87.0,88.0,88.0,83.0,88.0,88.0,83.0,87.0,82.0,85.0,87.0,88.0,87.0,87.0,97.0,82,85,0.0,88,0.0,82,0.0,84,0.0,103,0.0,93,-1.0,85,0.0,85,3.0,88,0.0,,,,,,,83,0.0,87,1.0,83,0.0,101,0.0,97,0.0,82.0,0.0
j90,j9034_4,j9034_4.sm,89.0,94.0,84.0,84.0,100.0,93.0,86.0,99.0,102.0,95.0,96.0,96.0,96.0,96.0,84.0,84.0,84.0,85.0,89.0,85.0,95.0,96.0,89.0,90.0,84.0,84.0,87.0,86.0,86.0,98.0,84.0,90.0,89.0,90.0,90.0,89.0,86.0,84.0,84.0,85.0,85.0,84.0,98.0,94.0,81,89,0.0,94,0.0,84,0.0,84,0.0,100,0.0,98,-5.0,86,0.0,95,7.0,95,0.0,,,,,,,85,0.0,89,0.0,85,0.0,95,0.0,96,0.0,84.0,3.0
j90,j9034_5,j9034_5.sm,88.0,90.0,88.0,92.0,96.0,88.0,86.0,87.0,96.0,89.0,96.0,106.0,106.0,96.0,97.0,86.0,86.0,88.0,90.0,88.0,99.0,96.0,91.0,89.0,87.0,87.0,89.0,96.0,87.0,110.0,110.0,100.0,91.0,92.0,92.0,91.0,87.0,87.0,87.0,85.0,89.0,85.0,101.0,101.0,83,88,0.0,90,0.0,88,0.0,92,0.0,96,0.0,105,-17.0,86,0.0,90,6.0,89,0.0,,,,,,,88,0.0,90,0.0,88,0.0,99,0.0,96,0.0,85.0,2.0
j90,j9034_6,j9034_6.sm,93.0,98.0,89.0,89.0,89.0,94.0,89.0,96.0,110.0,100.0,90.0,96.0,96.0,90.0,89.0,89.0,89.0,89.0,98.0,89.0,106.0,122.0,93.0,94.0,93.0,95.0,93.0,93.0,93.0,95.0,98.0,98.0,93.0,94.0,94.0,93.0,95.0,93.0,93.0,93.0,94.0,93.0,95.0,98.0,89,93,0.0,98,0.0,89,0.0,89,0.0,89,0.0,95,-1.0,89,0.0,106,4.0,100,0.0,,,,,,,89,0.0,98,0.0,89,0.0,106,0.0,122,0.0,89.0,0.0
j90,j9034_7,j9034_7.sm,100.0,95.0,92.0,92.0,92.0,97.0,92.0,96.0,97.0,92.0,92.0,102.0,102.0,92.0,92.0,92.0,92.0,92.0,99.0,92.0,102.0,117.0,100.0,96.0,100.0,93.0,96.0,96.0,94.0,100.0,99.0,99.0,100.0,100.0,100.0,100.0,93.0,93.0,93.0,93.0,96.0,93.0,99.0,106.0,92,100,0.0,95,0.0,92,0.0,92,0.0,92,0.0,92,5.0,92,0.0,92,5.0,92,0.0,,,,,,,92,0.0,99,0.0,92,0.0,102,0.0,117,0.0,92.0,0.0
j90,j9034_8,j9034_8.sm,88.0,91.0,82.0,91.0,92.0,92.0,86.0,94.0,96.0,93.0,90.0,96.0,96.0,90.0,91.0,88.0,82.0,86.0,87.0,82.0,97.0,96.0,84.0,93.0,85.0,87.0,89.0,87.0,88.0,90.0,90.0,86.0,92.0,87.0,87.0,92.0,85.0,85.0,85.0,87.0,83.0,87.0,87.0,89.0,81,88,0.0,91,0.0,82,0.0,91,0.0,92,0.0,95,-3.0,86,0.0,83,13.0,93,0.0,,,,,,,86,0.0,87,0.0,82,0.0,97,0.0,96,0.0,82.0,1.0
j90,j9034_9,j9034_9.sm,114.0,119.0,109.0,109.0,118.0,123.0,109.0,122.0,120.0,109.0,115.0,110.0,110.0,115.0,109.0,109.0,109.0,109.0,116.0,109.0,112.0,130.0,110.0,113.0,114.0,114.0,113.0,110.0,112.0,112.0,115.0,114.0,114.0,114.0,114.0,114.0,114.0,114.0,114.0,114.0,110.0,114.0,112.0,113.0,109,114,0.0,119,0.0,109,0.0,109,0.0,118,0.0,118,5.0,109,0.0,119,1.0,109,0.0,,,,,,,109,0.0,116,0.0,109,0.0,112,0.0,130,0.0,109.0,0.0
j90,j9035_1,j9035_1.sm,104.0,102.0,98.0,98.0,105.0,101.0,98.0,100.0,101.0,99.0,98.0,103.0,103.0,98.0,98.0,98.0,98.0,98.0,105.0,98.0,101.0,106.0,104.0,103.0,104.0,104.0,103.0,103.0,105.0,108.0,108.0,107.0,104.0,103.0,103.0,104.0,104.0,104.0,104.0,103.0,105.0,103.0,106.0,106.0,98,104,0.0,102,0.0,98,0.0,98,0.0,105,0.0,105,-4.0,98,0.0,101,0.0,99,0.0,,,,,,,98,0.0,105,0.0,98,0.0,101,0.0,106,0.0,98.0,0.0
j90,j9035_10,j9035_10.sm,84.0,85.0,82.0,82.0,84.0,92.0,82.0,89.0,92.0,82.0,84.0,82.0,82.0,84.0,82.0,82.0,82.0,82.0,84.0,82.0,90.0,92.0,84.0,84.0,82.0,82.0,84.0,82.0,82.0,84.0,84.0,82.0,84.0,82.0,82.0,84.0,82.0,82.0,82.0,82.0,84.0,82.0,82.0,84.0,82,84,0.0,85,0.0,82,0.0,82,0.0,84,0.0,84,8.0,82,0.0,87,5.0,82,0.0,,,,,,,82,0.0,84,0.0,82,0.0,90,0.0,92,0.0,82.0,0.0
j90,j9035_2,j9035_2.sm,92.0,94.0,92.0,92.0,101.0,99.0,92.0,102.0,95.0,95.0,92.0,92.0,92.0,92.0,92.0,92.0,92.0,92.0,98.0,92.0,98.0,100.0,92.0,92.0,92.0,92.0,92.0,92.0,92.0,98.0,92.0,98.0,92.0,98.0,98.0,92.0,92.0,92.0,92.0,92.0,92.0,92.0,98.0,98.0,92,92,0.0,94,0.0,92,0.0,92,0.0,101,0.0,92,7.0,92,0.0,92,3.0,95,0.0,,,,,,,92,0.0,98,0.0,92,0.0,98,0.0,100,0.0,92.0,0.0
j90,j9035_3,j9035_3.sm,96.0,103.0,96.0,98.0,103.0,103.0,98.0,96.0,98.0,103.0,99.0,98.0,98.0,99.0,98.0,98.0,96.0,98.0,96.0,96.0,102.0,105.0,96.0,102.0,96.0,96.0,102.0,96.0,100.0,112.0,105.0,96.0,96.0,96.0,96.0,96.0,96.0,96.0,96.0,96.0,96.0,96.0,106.0,112.0,96,96,0.0,103,0.0,96,0.0,98,0.0,103,0.0,103,0.0,98,0.0,97,1.0,103,0.0,,,,,,,98,0.0,96,0.0,96,0.0,102,0.0,105,0.0,96.0,0.0
j90,j9035_4,j9035_4.sm,89.0,89.0,86.0,86.0,88.0,99.0,86.0,99.0,93.0,92.0,88.0,102.0,102.0,88.0,86.0,86.0,86.0,86.0,93.0,86.0,100.0,93.0,91.0,89.0,89.0,89.0,89.0,91.0,89.0,93.0,91.0,89.0,91.0,89.0,89.0,91.0,89.0,89.0,89.0,89.0,93.0,89.0,89.0,89.0,86,89,0.0,89,0.0,86,0.0,86,0.0,88,0.0,89,10.0,86,0.0,89,4.0,92,0.0,,,,,,,86,0.0,89,4.0,86,0.0,100,0.0,93,0.0,86.0,0.0
j90,j9035_5,j9035_5.sm,109.0,103.0,103.0,103.0,104.0,107.0,103.0,115.0,104.0,103.0,103.0,103.0,103.0,103.0,103.0,103.0,103.0,103.0,109.0,103.0,104.0,109.0,109.0,105.0,105.0,105.0,105.0,105.0,105.0,109.0,109.0,103.0,105.0,105.0,105.0,105.0,105.0,105.0,105.0,105.0,109.0,105.0,109.0,109.0,103,109,0.0,103,0.0,103,0.0,103,0.0,104,0.0,103,4.0,103,0.0,103,1.0,103,0.0,,,,,,,103,0.0,109,0.0,103,0.0,104,0.0,109,0.0,103.0,0.0
j90,j9035_6,j9035_6.sm,73.0,79.0,74.0,73.0,81.0,79.0,75.0,74.0,78.0,78.0,82.0,79.0,79.0,82.0,73.0,74.0,74.0,72.0,72.0,72.0,78.0,88.0,73.0,79.0,73.0,73.0,83.0,84.0,73.0,79.0,79.0,79.0,83.0,79.0,79.0,83.0,73.0,73.0,73.0,73.0,73.0,73.0,81.0,82.0,72,73,0.0,79,0.0,74,0.0,73,0.0,81,0.0,75,4.0,75,0.0,79,-1.0,78,0.0,,,,,,,72,0.0,72,0.0,72,0.0,78,0.0,88,0.0,72.0,0.0
j90,j9035_7,j9035_7.sm,78.0,80.0,78.0,78.0,86.0,87.0,80.0,86.0,95.0,93.0,78.0,88.0,88.0,78.0,78.0,78.0,78.0,78.0,80.0,78.0,85.0,83.0,78.0,79.0,78.0,78.0,78.0,78.0,78.0,79.0,79.0,78.0,78.0,78.0,78.0,78.0,78.0,78.0,78.0,78.0,78.0,78.0,79.0,81.0,78,78,0.0,80,0.0,78,0.0,78,0.0,86,0.0,84,3.0,80,0.0,78,17.0,93,0.0,,,,,,,78,0.0,80,0.0,78,0.0,86,-1.0,83,0.0,78.0,0.0
j90,j9035_8,j9035_8.sm,85.0,92.0,85.0,85.0,90.0,85.0,85.0,85.0,90.0,86.0,85.0,85.0,85.0,85.0,85.0,85.0,85.0,85.0,93.0,85.0,87.0,96.0,85.0,85.0,85.0,85.0,85.0,91.0,85.0,87.0,86.0,88.0,85.0,87.0,87.0,85.0,85.0,85.0,85.0,85.0,85.0,85.0,87.0,91.0,85,85,0.0,92,0.0,85,0.0,85,0.0,90,0.0,85,0.0,85,0.0,85,5.0,86,0.0,,,,,,,85,0.0,88,5.0,85,0.0,87,0.0,96,0.0,85.0,0.0
j90,j9035_9,j9035_9.sm,77.0,79.0,76.0,76.0,79.0,84.0,76.0,78.0,84.0,79.0,81.0,81.0,81.0,81.0,76.0,76.0,76.0,76.0,77.0,76.0,78.0,78.0,77.0,78.0,77.0,78.0,78.0,78.0,78.0,78.0,78.0,77.0,78.0,78.0,78.0,78.0,78.0,78.0,77.0,78.0,77.0,78.0,78.0,78.0,76,77,0.0,79,0.0,76,0.0,76,0.0,79,0.0,78,6.0,76,0.0,77,7.0,79,0.0,,,,,,,76,0.0,77,0.0,76,0.0,78,0.0,78,0.0,76.0,0.0
j90,j9036_1,j9036_1.sm,97.0,97.0,97.0,97.0,97.0,97.0,97.0,97.0,97.0,97.0,97.0,97.0,97.0,97.0,97.0,97.0,97.0,97.0,97.0,97.0,97.0,97.0,97.0,97.0,97.0,97.0,97.0,97.0,97.0,97.0,97.0,97.0,97.0,97.0,97.0,97.0,97.0,97.0,97.0,97.0,97.0,97.0,97.0,97.0,97,97,0.0,97,0.0,97,0.0,97,0.0,97,0.0,97,0.0,97,0.0,97,0.0,97,0.0,,,,,,,97,0.0,97,0.0,97,0.0,97,0.0,97,0.0,97.0,0.0
j90,j9036_10,j9036_10.sm,109.0,109.0,109.0,109.0,109.0,109.0,109.0,109.0,109.0,109.0,109.0,109.0,109.0,109.0,109.0,109.0,109.0,109.0,109.0,109.0,109.0,109.0,109.0,109.0,109.0,109.0,109.0,109.0,109.0,109.0,109.0,109.0,109.0,109.0,109.0,109.0,109.0,109.0,109.0,109.0,109.0,109.0,109.0,109.0,109,109,0.0,109,0.0,109,0.0,109,0.0,109,0.0,109,0.0,109,0.0,109,0.0,109,0.0,,,,,,,109,0.0,109,0.0,109,0.0,109,0.0,109,0.0,109.0,0.0
j90,j9036_2,j9036_2.sm,114.0,114.0,114.0,114.0,114.0,114.0,114.0,114.0,114.0,114.0,114.0,114.0,114.0,114.0,114.0,114.0,114.0,114.0,114.0,114.0,114.0,114.0,114.0,114.0,114.0,114.0,114.0,114.0,114.0,114.0,114.0,114.0,114.0,114.0,114.0,114.0,114.0,114.0,114.0,114.0,114.0,114.0,114.0,114.0,114,114,0.0,114,0.0,114,0.0,114,0.0,114,0.0,114,0.0,114,0.0,114,0.0,114,0.0,,,,,,,114,0.0,114,0.0,114,0.0,114,0.0,114,0.0,114.0,0.0
j90,j9036_3,j9036_3.sm,84.0,84.0,84.0,84.0,84.0,84.0,84.0,84.0,84.0,84.0,84.0,84.0,84.0,84.0,84.0,84.0,84.0,84.0,84.0,84.0,84.0,84.0,84.0,84.0,84.0,84.0,84.0,84.0,84.0,84.0,84.0,84.0,84.0,84.0,84.0,84.0,84.0,84.0,84.0,84.0,84.0,84.0,84.0,84.0,84,84,0.0,84,0.0,84,0.0,84,0.0,84,0.0,84,0.0,84,0.0,84,0.0,84,0.0,,,,,,,84,0.0,84,0.0,84,0.0,84,0.0,84,0.0,84.0,0.0
j90,j9036_4,j9036_4.sm,79.0,79.0,79.0,79.0,79.0,79.0,79.0,79.0,79.0,79.0,79.0,79.0,79.0,79.0,79.0,79.0,79.0,79.0,79.0,79.0,79.0,79.0,79.0,79.0,79.0,79.0,79.0,79.0,79.0,79.0,79.0,79.0,79.0,79.0,79.0,79.0,79.0,79.0,79.0,79.0,79.0,79.0,79.0,79.0,79,79,0.0,79,0.0,79,0.0,79,0.0,79,0.0,79,0.0,79,0.0,79,0.0,79,0.0,,,,,,,79,0.0,79,0.0,79,0.0,79,0.0,79,0.0,79.0,0.0
j90,j9036_5,j9036_5.sm,98.0,98.0,98.0,98.0,98.0,98.0,98.0,98.0,98.0,98.0,98.0,98.0,98.0,98.0,98.0,98.0,98.0,98.0,98.0,98.0,98.0,98.0,98.0,98.0,98.0,98.0,98.0,98.0,98.0,98.0,98.0,98.0,98.0,98.0,98.0,98.0,98.0,98.0,98.0,98.0,98.0,98.0,98.0,98.0,98,98,0.0,98,0.0,98,0.0,98,0.0,98,0.0,98,0.0,98,0.0,98,0.0,98,0.0,,,,,,,98,0.0,98,0.0,98,0.0,98,0.0,98,0.0,98.0,0.0
j90,j9036_6,j9036_6.sm,99.0,99.0,99.0,99.0,99.0,99.0,99.0,99.0,99.0,99.0,99.0,99.0,99.0,99.0,99.0,99.0,99.0,99.0,99.0,99.0,99.0,99.0,99.0,99.0,99.0,99.0,99.0,99.0,99.0,99.0,99.0,99.0,99.0,99.0,99.0,99.0,99.0,99.0,99.0,99.0,99.0,99.0,99.0,99.0,99,99,0.0,99,0.0,99,0.0,99,0.0,99,0.0,99,0.0,99,0.0,99,0.0,99,0.0,,,,,,,99,0.0,99,0.0,99,0.0,99,0.0,99,0.0,99.0,0.0
j90,j9036_7,j9036_7.sm,89.0,89.0,89.0,89.0,89.0,89.0,89.0,89.0,89.0,89.0,89.0,89.0,89.0,89.0,89.0,89.0,89.0,89.0,89.0,89.0,89.0,89.0,89.0,89.0,89.0,89.0,89.0,89.0,89.0,89.0,89.0,89.0,89.0,89.0,89.0,89.0,89.0,89.0,89.0,89.0,89.0,89.0,89.0,89.0,89,89,0.0,89,0.0,89,0.0,89,0.0,89,0.0,89,0.0,89,0.0,89,0.0,89,0.0,,,,,,,89,0.0,89,0.0,89,0.0,89,0.0,89,0.0,89.0,0.0
j90,j9036_8,j9036_8.sm,84.0,84.0,84.0,84.0,84.0,84.0,84.0,84.0,84.0,84.0,84.0,84.0,84.0,84.0,84.0,84.0,84.0,84.0,84.0,84.0,84.0,84.0,84.0,84.0,84.0,84.0,84.0,84.0,84.0,84.0,84.0,84.0,84.0,84.0,84.0,84.0,84.0,84.0,84.0,84.0,84.0,84.0,84.0,84.0,84,84,0.0,84,0.0,84,0.0,84,0.0,84,0.0,84,0.0,84,0.0,84,0.0,84,0.0,,,,,,,84,0.0,84,0.0,84,0.0,84,0.0,84,0.0,84.0,0.0
j90,j9036_9,j9036_9.sm,102.0,102.0,102.0,102.0,102.0,102.0,102.0,102.0,102.0,102.0,102.0,102.0,102.0,102.0,102.0,102.0,102.0,102.0,102.0,102.0,102.0,102.0,102.0,102.0,102.0,102.0,102.0,102.0,102.0,102.0,102.0,102.0,102.0,102.0,102.0,102.0,102.0,102.0,102.0,102.0,102.0,102.0,102.0,102.0,102,102,0.0,102,0.0,102,0.0,102,0.0,102,0.0,102,0.0,102,0.0,102,0.0,102,0.0,,,,,,,102,0.0,102,0.0,102,0.0,102,0.0,102,0.0,102.0,0.0
j90,j9037_1,j9037_1.sm,130.0,142.0,131.0,134.0,156.0,147.0,135.0,150.0,157.0,143.0,140.0,134.0,134.0,134.0,165.0,136.0,133.0,135.0,136.0,138.0,165.0,153.0,128.0,131.0,131.0,126.0,138.0,137.0,132.0,151.0,148.0,131.0,127.0,135.0,135.0,138.0,124.0,129.0,132.0,126.0,129.0,124.0,161.0,144.0,110,130,0.0,142,0.0,131,0.0,134,0.0,156,0.0,148,-1.0,135,0.0,147,10.0,143,0.0,,,,,,,137,-2.0,136,0.0,138,0.0,165,0.0,153,0.0,124.0,14.0
j90,j9037_10,j9037_10.sm,155.0,160.0,140.0,149.0,184.0,176.0,150.0,177.0,183.0,173.0,162.0,176.0,180.0,167.0,191.0,154.0,143.0,151.0,158.0,151.0,172.0,173.0,152.0,148.0,139.0,139.0,162.0,156.0,153.0,162.0,162.0,148.0,167.0,160.0,140.0,157.0,145.0,140.0,157.0,140.0,150.0,143.0,166.0,178.0,123,155,0.0,160,0.0,140,0.0,149,0.0,184,0.0,157,19.0,150,0.0,164,19.0,173,0.0,,,,,,,151,0.0,157,1.0,151,0.0,172,0.0,173,0.0,139.0,16.0
j90,j9037_2,j9037_2.sm,136.0,147.0,142.0,139.0,158.0,182.0,135.0,162.0,166.0,159.0,144.0,144.0,154.0,140.0,166.0,137.0,137.0,138.0,146.0,132.0,167.0,184.0,139.0,137.0,134.0,133.0,152.0,149.0,138.0,147.0,149.0,151.0,138.0,143.0,133.0,142.0,135.0,134.0,134.0,137.0,134.0,129.0,147.0,146.0,115,136,0.0,147,0.0,142,0.0,139,0.0,158,0.0,169,13.0,135,0.0,142,24.0,159,0.0,,,,,,,138,0.0,146,0.0,129,3.0,167,0.0,184,0.0,129.0,14.0
j90,j9037_3,j9037_3.sm,176.0,168.0,165.0,159.0,182.0,195.0,159.0,179.0,172.0,172.0,176.0,186.0,187.0,172.0,185.0,162.0,164.0,160.0,180.0,149.0,191.0,210.0,171.0,165.0,152.0,155.0,168.0,164.0,153.0,172.0,171.0,164.0,161.0,156.0,159.0,169.0,154.0,151.0,156.0,150.0,163.0,145.0,176.0,162.0,132,176,0.0,168,0.0,165,0.0,159,0.0,182,0.0,187,8.0,159,0.0,183,-11.0,172,0.0,,,,,,,159,1.0,180,0.0,149,0.0,191,0.0,210,0.0,145.0,13.0
j90,j9037_4,j9037_4.sm,160.0,168.0,154.0,151.0,177.0,195.0,147.0,181.0,209.0,176.0,162.0,170.0,166.0,167.0,180.0,140.0,154.0,143.0,163.0,145.0,202.0,193.0,150.0,148.0,152.0,144.0,161.0,181.0,150.0,172.0,179.0,185.0,155.0,153.0,164.0,150.0,156.0,140.0,151.0,145.0,154.0,145.0,181.0,187.0,123,160,0.0,168,0.0,154,0.0,151,0.0,177,0.0,162,33.0,147,0.0,168,41.0,176,0.0,,,,,,,143,0.0,162,1.0,145,0.0,202,0.0,193,0.0,140.0,17.0
j90,j9037_5,j9037_5.sm,154.0,162.0,152.0,153.0,185.0,219.0,155.0,171.0,176.0,194.0,163.0,167.0,153.0,153.0,197.0,157.0,152.0,153.0,155.0,150.0,197.0,202.0,153.0,148.0,161.0,147.0,157.0,158.0,146.0,175.0,167.0,150.0,145.0,142.0,162.0,165.0,150.0,146.0,157.0,144.0,156.0,147.0,189.0,161.0,126,154,0.0,162,0.0,152,0.0,153,0.0,185,0.0,161,58.0,155,0.0,179,-3.0,194,0.0,,,,,,,157,-4.0,156,-1.0,150,0.0,197,0.0,202,0.0,142.0,16.0
j90,j9037_6,j9037_6.sm,161.0,168.0,153.0,154.0,187.0,181.0,165.0,216.0,186.0,180.0,183.0,184.0,175.0,177.0,188.0,150.0,157.0,149.0,169.0,152.0,167.0,225.0,171.0,151.0,160.0,158.0,169.0,156.0,150.0,170.0,166.0,163.0,154.0,146.0,149.0,155.0,146.0,160.0,160.0,156.0,157.0,146.0,178.0,172.0,131,161,0.0,168,0.0,153,0.0,154,0.0,187,0.0,169,12.0,165,0.0,163,23.0,180,0.0,,,,,,,149,0.0,169,0.0,152,0.0,167,0.0,225,0.0,146.0,15.0
j90,j9037_7,j9037_7.sm,158.0,178.0,157.0,153.0,190.0,197.0,158.0,168.0,168.0,159.0,153.0,170.0,171.0,162.0,171.0,156.0,157.0,148.0,159.0,147.0,154.0,200.0,150.0,149.0,153.0,147.0,153.0,162.0,143.0,179.0,167.0,163.0,160.0,155.0,139.0,150.0,155.0,139.0,146.0,135.0,154.0,139.0,148.0,164.0,123,158,0.0,178,0.0,157,0.0,153,0.0,190,0.0,170,27.0,158,0.0,166,2.0,159,0.0,,,,,,,148,0.0,164,-5.0,147,0.0,154,0.0,200,0.0,135.0,12.0
j90,j9037_8,j9037_8.sm,150.0,158.0,137.0,143.0,167.0,165.0,144.0,186.0,166.0,170.0,162.0,189.0,186.0,153.0,143.0,142.0,141.0,153.0,156.0,143.0,176.0,183.0,147.0,149.0,139.0,148.0,159.0,152.0,138.0,165.0,152.0,150.0,152.0,140.0,157.0,139.0,152.0,135.0,133.0,140.0,146.0,143.0,163.0,165.0,119,150,0.0,158,0.0,137,0.0,143,0.0,167,0.0,160,5.0,144,0.0,161,5.0,170,0.0,,,,,,,153,0.0,157,-1.0,143,0.0,176,0.0,183,0.0,133.0,14.0
j90,j9037_9,j9037_9.sm,151.0,160.0,146.0,158.0,199.0,204.0,152.0,168.0,192.0,185.0,150.0,167.0,168.0,157.0,167.0,149.0,151.0,153.0,167.0,147.0,176.0,196.0,145.0,162.0,147.0,145.0,145.0,156.0,144.0,175.0,167.0,147.0,148.0,146.0,150.0,151.0,149.0,143.0,147.0,141.0,162.0,141.0,162.0,168.0,123,151,0.0,160,0.0,146,0.0,158,0.0,199,0.0,165,39.0,152,0.0,166,26.0,185,0.0,,,,,,,153,0.0,167,0.0,147,0.0,176,0.0,196,0.0,141.0,18.0
j90,j9038_1,j9038_1.sm,95.0,99.0,92.0,95.0,113.0,112.0,95.0,101.0,115.0,105.0,106.0,104.0,104.0,103.0,95.0,91.0,91.0,97.0,98.0,92.0,114.0,111.0,90.0,98.0,90.0,90.0,98.0,99.0,90.0,99.0,99.0,104.0,95.0,96.0,93.0,96.0,90.0,89.0,90.0,91.0,93.0,91.0,100.0,98.0,85,95,0.0,99,0.0,92,0.0,95,0.0,113,0.0,101,11.0,95,0.0,102,13.0,105,0.0,,,,,,,97,0.0,98,0.0,92,0.0,114,0.0,111,0.0,89.0,4.0
j90,j9038_10,j9038_10.sm,124.0,125.0,108.0,108.0,135.0,131.0,108.0,130.0,130.0,115.0,126.0,122.0,113.0,112.0,108.0,108.0,108.0,108.0,119.0,108.0,125.0,143.0,122.0,113.0,113.0,112.0,122.0,118.0,110.0,119.0,113.0,124.0,124.0,118.0,125.0,113.0,112.0,113.0,113.0,112.0,121.0,113.0,125.0,130.0,108,124,0.0,125,0.0,108,0.0,108,0.0,135,0.0,126,5.0,108,0.0,129,1.0,115,0.0,,,,,,,108,0.0,119,0.0,108,0.0,125,0.0,143,0.0,108.0,0.0
j90,j9038_2,j9038_2.sm,95.0,95.0,78.0,79.0,100.0,102.0,81.0,88.0,102.0,100.0,99.0,95.0,91.0,100.0,79.0,78.0,78.0,83.0,92.0,81.0,109.0,98.0,89.0,84.0,82.0,82.0,88.0,90.0,82.0,86.0,91.0,88.0,95.0,92.0,89.0,95.0,82.0,82.0,82.0,86.0,86.0,82.0,91.0,92.0,78,95,0.0,95,0.0,78,0.0,79,0.0,100,0.0,89,13.0,81,0.0,94,8.0,100,0.0,,,,,,,83,0.0,93,-1.0,81,0.0,109,0.0,98,0.0,78.0,0.0
j90,j9038_3,j9038_3.sm,102.0,111.0,93.0,97.0,113.0,109.0,94.0,119.0,106.0,100.0,114.0,107.0,110.0,104.0,97.0,93.0,93.0,93.0,107.0,94.0,107.0,124.0,105.0,106.0,95.0,97.0,110.0,107.0,95.0,111.0,103.0,101.0,108.0,108.0,107.0,100.0,95.0,95.0,95.0,94.0,106.0,94.0,100.0,107.0,89,102,0.0,111,0.0,93,0.0,97,0.0,113,0.0,102,7.0,94,0.0,106,0.0,100,0.0,,,,,,,93,0.0,107,0.0,94,0.0,107,0.0,124,0.0,93.0,4.0
j90,j9038_4,j9038_4.sm,103.0,101.0,91.0,94.0,107.0,116.0,94.0,103.0,101.0,116.0,103.0,99.0,99.0,99.0,94.0,91.0,91.0,89.0,99.0,93.0,110.0,121.0,99.0,97.0,95.0,95.0,97.0,97.0,95.0,104.0,96.0,98.0,95.0,99.0,100.0,99.0,95.0,95.0,95.0,95.0,99.0,95.0,99.0,105.0,89,103,0.0,101,0.0,91,0.0,94,0.0,107,0.0,108,8.0,94,0.0,98,3.0,116,0.0,,,,,,,89,0.0,99,0.0,93,0.0,110,0.0,121,0.0,89.0,0.0
j90,j9038_5,j9038_5.sm,104.0,102.0,93.0,93.0,115.0,131.0,97.0,102.0,101.0,103.0,104.0,114.0,104.0,102.0,93.0,93.0,93.0,96.0,99.0,94.0,120.0,149.0,104.0,96.0,93.0,100.0,100.0,99.0,95.0,103.0,102.0,98.0,103.0,99.0,98.0,100.0,102.0,93.0,93.0,96.0,99.0,95.0,101.0,102.0,86,104,0.0,102,0.0,93,0.0,93,0.0,115,0.0,117,14.0,97,0.0,107,-6.0,103,0.0,,,,,,,96,0.0,99,0.0,94,0.0,120,0.0,149,0.0,93.0,7.0
j90,j9038_6,j9038_6.sm,103.0,111.0,92.0,91.0,109.0,118.0,97.0,103.0,107.0,111.0,99.0,103.0,110.0,104.0,91.0,92.0,92.0,95.0,103.0,92.0,104.0,136.0,102.0,96.0,95.0,96.0,95.0,101.0,99.0,109.0,114.0,97.0,96.0,96.0,97.0,100.0,96.0,95.0,95.0,96.0,103.0,97.0,107.0,114.0,88,103,0.0,111,0.0,92,0.0,91,0.0,109,0.0,104,14.0,97,0.0,95,12.0,111,0.0,,,,,,,93,2.0,103,0.0,92,0.0,104,0.0,136,0.0,91.0,3.0
j90,j9038_7,j9038_7.sm,97.0,102.0,89.0,85.0,97.0,107.0,86.0,97.0,104.0,95.0,94.0,102.0,92.0,88.0,85.0,85.0,85.0,85.0,92.0,88.0,110.0,116.0,96.0,94.0,86.0,86.0,93.0,105.0,91.0,108.0,109.0,100.0,94.0,104.0,92.0,91.0,86.0,86.0,86.0,94.0,91.0,89.0,113.0,113.0,85,97,0.0,102,0.0,89,0.0,85,0.0,97,0.0,93,14.0,86,0.0,99,5.0,95,0.0,,,,,,,85,0.0,92,0.0,88,0.0,110,0.0,116,0.0,85.0,0.0
j90,j9038_8,j9038_8.sm,109.0,112.0,91.0,91.0,130.0,130.0,103.0,126.0,116.0,116.0,109.0,116.0,116.0,111.0,91.0,91.0,91.0,97.0,111.0,92.0,121.0,135.0,110.0,107.0,102.0,99.0,106.0,108.0,102.0,103.0,105.0,105.0,111.0,107.0,107.0,105.0,99.0,102.0,102.0,107.0,106.0,102.0,106.0,106.0,91,109,0.0,112,0.0,91,0.0,91,0.0,130,0.0,112,18.0,103,0.0,116,0.0,116,0.0,,,,,,,97,0.0,111,0.0,92,0.0,121,0.0,135,0.0,91.0,0.0
j90,j9038_9,j9038_9.sm,111.0,115.0,99.0,99.0,131.0,112.0,103.0,138.0,124.0,115.0,120.0,116.0,112.0,113.0,99.0,99.0,99.0,101.0,116.0,98.0,117.0,126.0,112.0,115.0,105.0,101.0,114.0,108.0,109.0,116.0,116.0,116.0,119.0,109.0,114.0,112.0,101.0,105.0,107.0,103.0,113.0,101.0,114.0,123.0,95,111,0.0,115,0.0,99,0.0,99,0.0,131,0.0,112,0.0,103,0.0,111,13.0,115,0.0,,,,,,,98,3.0,116,0.0,98,0.0,117,0.0,126,0.0,98.0,3.0
j90,j9039_1,j9039_1.sm,110.0,111.0,106.0,106.0,106.0,114.0,106.0,123.0,111.0,111.0,118.0,115.0,111.0,108.0,106.0,106.0,106.0,106.0,114.0,106.0,123.0,129.0,110.0,115.0,109.0,109.0,109.0,111.0,109.0,106.0,106.0,112.0,116.0,116.0,110.0,109.0,109.0,109.0,109.0,109.0,115.0,109.0,109.0,120.0,106,110,0.0,111,0.0,106,0.0,106,0.0,106,0.0,116,-2.0,106,0.0,108,3.0,111,0.0,,,,,,,106,0.0,115,-1.0,106,0.0,123,0.0,129,0.0,106.0,0.0
j90,j9039_10,j9039_10.sm,102.0,110.0,100.0,100.0,104.0,103.0,100.0,110.0,110.0,109.0,100.0,107.0,108.0,100.0,100.0,100.0,100.0,100.0,104.0,100.0,110.0,111.0,101.0,103.0,101.0,101.0,106.0,101.0,101.0,103.0,109.0,105.0,101.0,107.0,106.0,100.0,100.0,101.0,101.0,101.0,105.0,101.0,102.0,108.0,100,102,0.0,110,0.0,100,0.0,100,0.0,104,0.0,104,-1.0,100,0.0,100,10.0,109,0.0,,,,,,,100,0.0,104,0.0,100,0.0,110,0.0,111,0.0,100.0,0.0
j90,j9039_2,j9039_2.sm,124.0,125.0,119.0,119.0,130.0,130.0,119.0,125.0,128.0,128.0,127.0,124.0,126.0,122.0,119.0,119.0,119.0,119.0,126.0,119.0,128.0,132.0,124.0,129.0,120.0,120.0,130.0,134.0,120.0,134.0,122.0,122.0,120.0,120.0,122.0,120.0,120.0,120.0,120.0,120.0,130.0,120.0,125.0,122.0,119,124,0.0,125,0.0,119,0.0,119,0.0,130,0.0,129,1.0,119,0.0,130,-2.0,128,0.0,,,,,,,119,0.0,126,0.0,119,0.0,128,0.0,132,0.0,119.0,0.0
j90,j9039_3,j9039_3.sm,88.0,91.0,83.0,83.0,98.0,89.0,86.0,95.0,89.0,91.0,89.0,88.0,88.0,94.0,83.0,83.0,83.0,85.0,90.0,85.0,91.0,106.0,88.0,87.0,83.0,85.0,89.0,89.0,87.0,92.0,90.0,93.0,89.0,95.0,96.0,90.0,85.0,83.0,83.0,87.0,87.0,87.0,88.0,95.0,83,88,0.0,91,0.0,83,0.0,83,0.0,98,0.0,89,0.0,86,0.0,88,1.0,91,0.0,,,,,,,85,0.0,90,0.0,85,0.0,91,0.0,106,0.0,83.0,0.0
j90,j9039_4,j9039_4.sm,88.0,91.0,81.0,81.0,98.0,102.0,87.0,97.0,94.0,90.0,90.0,90.0,90.0,88.0,81.0,81.0,81.0,81.0,90.0,81.0,94.0,107.0,87.0,91.0,85.0,82.0,86.0,86.0,83.0,97.0,88.0,89.0,86.0,85.0,93.0,89.0,82.0,81.0,81.0,84.0,91.0,84.0,88.0,94.0,81,88,0.0,91,0.0,81,0.0,81,0.0,98,0.0,92,10.0,87,0.0,91,3.0,90,0.0,,,,,,,81,0.0,90,0.0,81,0.0,94,0.0,107,0.0,81.0,0.0
j90,j9039_5,j9039_5.sm,89.0,91.0,85.0,85.0,99.0,100.0,90.0,100.0,99.0,96.0,101.0,96.0,96.0,94.0,85.0,85.0,85.0,88.0,94.0,88.0,103.0,98.0,89.0,91.0,88.0,87.0,96.0,95.0,89.0,90.0,98.0,96.0,92.0,94.0,95.0,89.0,87.0,88.0,88.0,87.0,92.0,86.0,88.0,99.0,85,89,0.0,91,0.0,85,0.0,85,0.0,99,0.0,93,7.0,90,0.0,99,0.0,96,0.0,,,,,,,88,0.0,94,0.0,88,0.0,103,0.0,98,0.0,85.0,0.0
j90,j9039_6,j9039_6.sm,110.0,111.0,102.0,102.0,113.0,107.0,103.0,112.0,118.0,111.0,115.0,110.0,114.0,109.0,102.0,102.0,102.0,102.0,109.0,102.0,113.0,140.0,109.0,111.0,104.0,105.0,112.0,108.0,106.0,111.0,111.0,106.0,114.0,107.0,104.0,104.0,105.0,104.0,104.0,106.0,106.0,105.0,109.0,117.0,102,110,0.0,111,0.0,102,0.0,102,0.0,113,0.0,109,-2.0,103,0.0,106,12.0,111,0.0,,,,,,,102,0.0,109,0.0,102,0.0,113,0.0,140,0.0,102.0,0.0
j90,j9039_7,j9039_7.sm,89.0,93.0,85.0,85.0,95.0,94.0,89.0,89.0,93.0,89.0,86.0,90.0,89.0,89.0,85.0,85.0,85.0,85.0,89.0,85.0,90.0,100.0,91.0,93.0,86.0,86.0,93.0,89.0,86.0,88.0,86.0,91.0,88.0,86.0,85.0,86.0,86.0,86.0,86.0,88.0,94.0,88.0,89.0,97.0,85,89,0.0,93,0.0,85,0.0,85,0.0,95,0.0,94,0.0,89,0.0,91,2.0,89,0.0,,,,,,,85,0.0,89,0.0,85,0.0,90,0.0,100,0.0,85.0,0.0
j90,j9039_8,j9039_8.sm,88.0,89.0,81.0,81.0,94.0,81.0,81.0,87.0,82.0,85.0,89.0,97.0,95.0,81.0,81.0,81.0,81.0,81.0,87.0,81.0,109.0,104.0,84.0,86.0,83.0,82.0,86.0,81.0,82.0,82.0,87.0,91.0,88.0,85.0,86.0,91.0,82.0,82.0,82.0,82.0,86.0,82.0,82.0,88.0,81,88,0.0,89,0.0,81,0.0,81,0.0,94,0.0,95,-14.0,81,0.0,84,-2.0,85,0.0,,,,,,,81,0.0,87,0.0,81,0.0,109,0.0,104,0.0,81.0,0.0
j90,j9039_9,j9039_9.sm,83.0,83.0,79.0,79.0,84.0,83.0,79.0,95.0,89.0,82.0,85.0,86.0,87.0,82.0,79.0,79.0,79.0,79.0,87.0,79.0,92.0,92.0,83.0,84.0,80.0,80.0,89.0,81.0,81.0,86.0,87.0,83.0,84.0,83.0,82.0,85.0,80.0,80.0,80.0,82.0,84.0,80.0,87.0,87.0,79,83,0.0,83,0.0,79,0.0,79,0.0,84,0.0,86,-3.0,79,0.0,81,8.0,82,0.0,,,,,,,79,0.0,85,2.0,79,0.0,92,0.0,92,0.0,79.0,0.0
j90,j903_1,j903_1.sm,83.0,83.0,81.0,81.0,81.0,81.0,81.0,83.0,81.0,81.0,81.0,81.0,81.0,81.0,81.0,81.0,81.0,81.0,83.0,81.0,81.0,83.0,83.0,83.0,82.0,82.0,82.0,83.0,81.0,82.0,83.0,82.0,82.0,82.0,82.0,82.0,82.0,82.0,82.0,82.0,83.0,82.0,82.0,84.0,81,83,0.0,83,0.0,81,0.0,81,0.0,81,0.0,86,-5.0,81,0.0,81,0.0,81,0.0,,,,,,,81,0.0,83,0.0,81,0.0,81,0.0,83,0.0,81.0,0.0
j90,j903_10,j903_10.sm,70.0,67.0,65.0,66.0,70.0,70.0,65.0,69.0,80.0,75.0,68.0,71.0,71.0,68.0,66.0,65.0,65.0,65.0,67.0,65.0,69.0,70.0,70.0,71.0,70.0,70.0,71.0,71.0,70.0,70.0,70.0,70.0,71.0,70.0,70.0,71.0,70.0,70.0,70.0,70.0,71.0,70.0,70.0,75.0,65,70,0.0,67,0.0,65,0.0,66,0.0,70,0.0,75,-5.0,65,0.0,68,12.0,75,0.0,,,,,,,65,0.0,67,0.0,65,0.0,69,0.0,70,0.0,65.0,0.0
j90,j903_2,j903_2.sm,84.0,86.0,84.0,84.0,86.0,84.0,84.0,92.0,84.0,84.0,84.0,87.0,87.0,84.0,84.0,84.0,84.0,84.0,84.0,84.0,84.0,88.0,84.0,84.0,84.0,84.0,84.0,84.0,84.0,84.0,84.0,84.0,84.0,84.0,84.0,84.0,84.0,84.0,84.0,84.0,84.0,84.0,84.0,84.0,84,84,0.0,86,0.0,84,0.0,84,0.0,86,0.0,84,0.0,84,0.0,84,0.0,84,0.0,,,,,,,84,0.0,84,0.0,84,0.0,84,0.0,88,0.0,84.0,0.0
j90,j903_3,j903_3.sm,72.0,78.0,71.0,71.0,74.0,79.0,71.0,78.0,78.0,71.0,71.0,78.0,78.0,71.0,71.0,71.0,71.0,71.0,74.0,71.0,78.0,81.0,72.0,72.0,71.0,71.0,72.0,72.0,71.0,75.0,75.0,75.0,71.0,81.0,81.0,71.0,71.0,71.0,71.0,71.0,72.0,71.0,78.0,81.0,71,72,0.0,78,0.0,71,0.0,71,0.0,74,0.0,82,-3.0,71,0.0,80,-2.0,71,0.0,,,,,,,71,0.0,74,0.0,71,0.0,78,0.0,81,0.0,71.0,0.0
j90,j903_4,j903_4.sm,109.0,104.0,104.0,104.0,111.0,104.0,104.0,108.0,104.0,108.0,104.0,108.0,108.0,104.0,104.0,104.0,104.0,104.0,109.0,104.0,104.0,114.0,109.0,109.0,109.0,109.0,109.0,104.0,109.0,110.0,110.0,108.0,109.0,108.0,108.0,109.0,109.0,109.0,109.0,109.0,109.0,109.0,110.0,110.0,104,109,0.0,104,0.0,104,0.0,104,0.0,111,0.0,104,0.0,104,0.0,104,0.0,108,0.0,,,,,,,104,0.0,109,0.0,104,0.0,104,0.0,114,0.0,104.0,0.0
j90,j903_5,j903_5.sm,75.0,77.0,75.0,76.0,85.0,77.0,76.0,77.0,77.0,80.0,75.0,98.0,98.0,75.0,76.0,75.0,75.0,76.0,80.0,76.0,81.0,81.0,75.0,75.0,75.0,75.0,75.0,75.0,75.0,80.0,80.0,80.0,75.0,75.0,75.0,75.0,75.0,75.0,75.0,75.0,75.0,75.0,80.0,80.0,75,75,0.0,77,0.0,75,0.0,76,0.0,85,0.0,82,-5.0,76,0.0,80,-3.0,80,0.0,,,,,,,76,0.0,80,0.0,76,0.0,81,0.0,81,0.0,75.0,0.0
j90,j903_6,j903_6.sm,74.0,71.0,68.0,68.0,71.0,72.0,68.0,68.0,76.0,73.0,72.0,73.0,73.0,72.0,68.0,68.0,68.0,68.0,74.0,68.0,72.0,77.0,76.0,68.0,68.0,68.0,68.0,68.0,68.0,76.0,76.0,76.0,76.0,76.0,76.0,76.0,68.0,68.0,68.0,68.0,76.0,68.0,76.0,76.0,68,74,0.0,71,0.0,68,0.0,68,0.0,71,0.0,77,-5.0,68,0.0,72,4.0,73,0.0,,,,,,,68,0.0,74,0.0,68,0.0,72,0.0,77,0.0,68.0,0.0
j90,j903_7,j903_7.sm,88.0,88.0,87.0,87.0,97.0,87.0,88.0,100.0,87.0,87.0,88.0,91.0,91.0,88.0,87.0,87.0,87.0,87.0,88.0,87.0,100.0,101.0,88.0,89.0,87.0,87.0,89.0,87.0,88.0,88.0,87.0,87.0,88.0,89.0,89.0,88.0,87.0,87.0,87.0,87.0,89.0,87.0,88.0,89.0,87,88,0.0,88,0.0,87,0.0,87,0.0,97,0.0,89,-2.0,88,0.0,88,-1.0,87,0.0,,,,,,,87,0.0,88,0.0,87,0.0,101,-1.0,101,0.0,87.0,0.0
j90,j903_8,j903_8.sm,92.0,90.0,86.0,86.0,91.0,91.0,86.0,90.0,90.0,87.0,86.0,95.0,95.0,86.0,86.0,86.0,86.0,86.0,90.0,86.0,97.0,90.0,92.0,93.0,88.0,88.0,93.0,92.0,88.0,91.0,89.0,89.0,91.0,92.0,92.0,91.0,88.0,88.0,88.0,88.0,93.0,88.0,92.0,94.0,86,92,0.0,90,0.0,86,0.0,86,0.0,91,0.0,93,-2.0,86,0.0,86,4.0,87,0.0,,,,,,,86,0.0,90,0.0,86,0.0,97,0.0,90,0.0,86.0,0.0
j90,j903_9,j903_9.sm,63.0,61.0,61.0,61.0,75.0,68.0,61.0,62.0,61.0,63.0,61.0,63.0,63.0,61.0,61.0,61.0,61.0,61.0,61.0,61.0,68.0,61.0,63.0,63.0,63.0,63.0,63.0,63.0,63.0,63.0,63.0,63.0,63.0,63.0,63.0,63.0,63.0,63.0,63.0,63.0,63.0,63.0,63.0,63.0,61,63,0.0,61,0.0,61,0.0,61,0.0,75,0.0,61,7.0,61,0.0,62,-1.0,63,0.0,,,,,,,61,0.0,61,0.0,61,0.0,68,0.0,61,0.0,61.0,0.0
j90,j9040_1,j9040_1.sm,95.0,95.0,95.0,95.0,95.0,95.0,95.0,95.0,95.0,95.0,95.0,95.0,95.0,95.0,95.0,95.0,95.0,95.0,95.0,95.0,95.0,95.0,95.0,95.0,95.0,95.0,95.0,95.0,95.0,95.0,95.0,95.0,95.0,95.0,95.0,95.0,95.0,95.0,95.0,95.0,95.0,95.0,95.0,95.0,95,95,0.0,95,0.0,95,0.0,95,0.0,95,0.0,95,0.0,95,0.0,95,0.0,95,0.0,,,,,,,95,0.0,95,0.0,95,0.0,95,0.0,95,0.0,95.0,0.0
j90,j9040_10,j9040_10.sm,86.0,86.0,86.0,86.0,86.0,86.0,86.0,86.0,86.0,86.0,86.0,86.0,86.0,86.0,86.0,86.0,86.0,86.0,86.0,86.0,86.0,86.0,86.0,86.0,86.0,86.0,86.0,86.0,86.0,86.0,86.0,86.0,86.0,86.0,86.0,86.0,86.0,86.0,86.0,86.0,86.0,86.0,86.0,86.0,86,86,0.0,86,0.0,86,0.0,86,0.0,86,0.0,86,0.0,86,0.0,86,0.0,86,0.0,,,,,,,86,0.0,86,0.0,86,0.0,86,0.0,86,0.0,86.0,0.0
j90,j9040_2,j9040_2.sm,91.0,91.0,91.0,91.0,91.0,91.0,91.0,91.0,91.0,91.0,91.0,91.0,91.0,91.0,91.0,91.0,91.0,91.0,91.0,91.0,91.0,91.0,91.0,91.0,91.0,91.0,91.0,91.0,91.0,91.0,91.0,91.0,91.0,91.0,91.0,91.0,91.0,91.0,91.0,91.0,91.0,91.0,91.0,91.0,91,91,0.0,91,0.0,91,0.0,91,0.0,91,0.0,91,0.0,91,0.0,91,0.0,91,0.0,,,,,,,91,0.0,91,0.0,91,0.0,91,0.0,91,0.0,91.0,0.0
j90,j9040_3,j9040_3.sm,77.0,77.0,77.0,77.0,77.0,77.0,77.0,77.0,77.0,77.0,77.0,77.0,77.0,77.0,77.0,77.0,77.0,77.0,77.0,77.0,77.0,77.0,77.0,77.0,77.0,77.0,77.0,77.0,77.0,77.0,77.0,77.0,77.0,77.0,77.0,77.0,77.0,77.0,77.0,77.0,77.0,77.0,77.0,77.0,77,77,0.0,77,0.0,77,0.0,77,0.0,77,0.0,77,0.0,77,0.0,77,0.0,77,0.0,,,,,,,77,0.0,77,0.0,77,0.0,77,0.0,77,0.0,77.0,0.0
j90,j9040_4,j9040_4.sm,106.0,106.0,106.0,106.0,106.0,106.0,106.0,106.0,106.0,106.0,106.0,106.0,106.0,106.0,106.0,106.0,106.0,106.0,106.0,106.0,106.0,106.0,106.0,106.0,106.0,106.0,106.0,106.0,106.0,106.0,106.0,106.0,106.0,106.0,106.0,106.0,106.0,106.0,106.0,106.0,106.0,106.0,106.0,106.0,106,106,0.0,106,0.0,106,0.0,106,0.0,106,0.0,106,0.0,106,0.0,106,0.0,106,0.0,,,,,,,106,0.0,106,0.0,106,0.0,106,0.0,106,0.0,106.0,0.0
j90,j9040_5,j9040_5.sm,92.0,92.0,92.0,92.0,92.0,92.0,92.0,92.0,92.0,92.0,92.0,92.0,92.0,92.0,92.0,92.0,92.0,92.0,92.0,92.0,92.0,92.0,92.0,92.0,92.0,92.0,92.0,92.0,92.0,92.0,92.0,92.0,92.0,92.0,92.0,92.0,92.0,92.0,92.0,92.0,92.0,92.0,92.0,92.0,92,92,0.0,92,0.0,92,0.0,92,0.0,92,0.0,92,0.0,92,0.0,92,0.0,92,0.0,,,,,,,92,0.0,92,0.0,92,0.0,92,0.0,92,0.0,92.0,0.0
j90,j9040_6,j9040_6.sm,86.0,86.0,86.0,86.0,86.0,86.0,86.0,86.0,86.0,86.0,86.0,86.0,86.0,86.0,86.0,86.0,86.0,86.0,86.0,86.0,86.0,86.0,86.0,86.0,86.0,86.0,86.0,86.0,86.0,86.0,86.0,86.0,86.0,86.0,86.0,86.0,86.0,86.0,86.0,86.0,86.0,86.0,86.0,86.0,86,86,0.0,86,0.0,86,0.0,86,0.0,86,0.0,86,0.0,86,0.0,86,0.0,86,0.0,,,,,,,86,0.0,86,0.0,86,0.0,86,0.0,86,0.0,86.0,0.0
j90,j9040_7,j9040_7.sm,87.0,87.0,87.0,87.0,87.0,87.0,87.0,87.0,87.0,87.0,87.0,87.0,87.0,87.0,87.0,87.0,87.0,87.0,87.0,87.0,87.0,87.0,87.0,87.0,87.0,87.0,87.0,87.0,87.0,87.0,87.0,87.0,87.0,87.0,87.0,87.0,87.0,87.0,87.0,87.0,87.0,87.0,87.0,87.0,87,87,0.0,87,0.0,87,0.0,87,0.0,87,0.0,87,0.0,87,0.0,87,0.0,87,0.0,,,,,,,87,0.0,87,0.0,87,0.0,87,0.0,87,0.0,87.0,0.0
j90,j9040_8,j9040_8.sm,79.0,79.0,79.0,79.0,79.0,79.0,79.0,79.0,79.0,79.0,79.0,79.0,79.0,79.0,79.0,79.0,79.0,79.0,79.0,79.0,79.0,79.0,79.0,79.0,79.0,79.0,79.0,79.0,79.0,79.0,79.0,79.0,79.0,79.0,79.0,79.0,79.0,79.0,79.0,79.0,79.0,79.0,79.0,79.0,79,79,0.0,79,0.0,79,0.0,79,0.0,79,0.0,79,0.0,79,0.0,79,0.0,79,0.0,,,,,,,79,0.0,79,0.0,79,0.0,79,0.0,79,0.0,79.0,0.0
j90,j9040_9,j9040_9.sm,98.0,98.0,98.0,98.0,98.0,98.0,98.0,98.0,98.0,98.0,98.0,98.0,98.0,98.0,98.0,98.0,98.0,98.0,98.0,98.0,98.0,98.0,98.0,98.0,98.0,98.0,98.0,98.0,98.0,98.0,98.0,98.0,98.0,98.0,98.0,98.0,98.0,98.0,98.0,98.0,98.0,98.0,98.0,98.0,98,98,0.0,98,0.0,98,0.0,98,0.0,98,0.0,98,0.0,98,0.0,98,0.0,98,0.0,,,,,,,98,0.0,98,0.0,98,0.0,98,0.0,98,0.0,98.0,0.0
j90,j9041_1,j9041_1.sm,173.0,188.0,164.0,166.0,220.0,212.0,176.0,186.0,181.0,171.0,188.0,170.0,180.0,184.0,203.0,165.0,167.0,171.0,179.0,168.0,210.0,206.0,166.0,174.0,162.0,159.0,184.0,183.0,163.0,170.0,181.0,158.0,161.0,168.0,169.0,165.0,161.0,161.0,161.0,156.0,166.0,158.0,176.0,197.0,142,173,0.0,188,0.0,164,0.0,166,0.0,220,0.0,193,19.0,176,0.0,180,1.0,171,0.0,,,,,,,171,0.0,176,3.0,168,0.0,210,0.0,206,0.0,156.0,14.0
j90,j9041_10,j9041_10.sm,190.0,197.0,178.0,182.0,200.0,206.0,175.0,211.0,206.0,195.0,194.0,201.0,205.0,192.0,182.0,184.0,175.0,185.0,203.0,177.0,220.0,210.0,187.0,187.0,172.0,169.0,182.0,176.0,167.0,186.0,184.0,195.0,182.0,181.0,187.0,191.0,178.0,171.0,170.0,180.0,193.0,169.0,186.0,202.0,150,190,0.0,197,0.0,178,0.0,182,0.0,200,0.0,204,2.0,175,0.0,197,9.0,195,0.0,,,,,,,185,0.0,203,0.0,177,0.0,220,0.0,210,0.0,167.0,17.0
j90,j9041_2,j9041_2.sm,214.0,219.0,209.0,207.0,239.0,260.0,213.0,266.0,236.0,223.0,230.0,235.0,243.0,215.0,225.0,202.0,204.0,213.0,221.0,211.0,243.0,267.0,209.0,193.0,191.0,196.0,236.0,212.0,193.0,242.0,259.0,199.0,206.0,214.0,199.0,212.0,205.0,200.0,197.0,191.0,197.0,198.0,236.0,251.0,168,214,0.0,219,0.0,209,0.0,207,0.0,239,0.0,218,42.0,213,0.0,237,-1.0,223,0.0,,,,,,,213,0.0,212,9.0,211,0.0,243,0.0,267,0.0,191.0,23.0
j90,j9041_3,j9041_3.sm,212.0,215.0,206.0,206.0,235.0,208.0,197.0,218.0,249.0,212.0,210.0,214.0,213.0,197.0,206.0,204.0,193.0,202.0,212.0,196.0,218.0,240.0,197.0,191.0,189.0,183.0,203.0,221.0,182.0,217.0,226.0,208.0,203.0,202.0,195.0,196.0,181.0,186.0,188.0,186.0,205.0,182.0,219.0,216.0,161,212,0.0,215,0.0,206,0.0,206,0.0,235,0.0,218,-10.0,197,0.0,216,33.0,212,0.0,,,,,,,196,6.0,212,0.0,196,0.0,218,0.0,240,0.0,181.0,20.0
j90,j9041_4,j9041_4.sm,198.0,205.0,183.0,188.0,211.0,207.0,180.0,209.0,214.0,197.0,189.0,185.0,195.0,192.0,230.0,185.0,181.0,186.0,196.0,181.0,213.0,243.0,185.0,186.0,180.0,180.0,194.0,195.0,181.0,209.0,195.0,195.0,180.0,172.0,176.0,181.0,199.0,175.0,170.0,175.0,183.0,173.0,197.0,201.0,154,198,0.0,205,0.0,183,0.0,188,0.0,211,0.0,201,6.0,180,0.0,212,2.0,197,0.0,,,,,,,184,2.0,196,0.0,182,-1.0,213,0.0,243,0.0,170.0,16.0
j90,j9041_5,j9041_5.sm,161.0,171.0,154.0,165.0,190.0,187.0,160.0,173.0,189.0,158.0,186.0,188.0,168.0,167.0,165.0,156.0,155.0,168.0,173.0,163.0,186.0,208.0,152.0,152.0,147.0,153.0,158.0,158.0,153.0,181.0,168.0,152.0,160.0,169.0,152.0,150.0,152.0,156.0,153.0,156.0,155.0,147.0,163.0,174.0,127,161,0.0,171,0.0,154,0.0,165,0.0,190,0.0,173,14.0,160,0.0,163,26.0,158,0.0,,,,,,,166,2.0,173,0.0,163,0.0,186,0.0,208,0.0,147.0,20.0
j90,j9041_6,j9041_6.sm,169.0,167.0,156.0,160.0,196.0,205.0,161.0,182.0,181.0,185.0,171.0,184.0,177.0,176.0,191.0,159.0,156.0,158.0,177.0,157.0,181.0,195.0,167.0,161.0,156.0,159.0,164.0,174.0,156.0,183.0,171.0,174.0,162.0,159.0,167.0,161.0,169.0,153.0,156.0,155.0,170.0,150.0,172.0,169.0,135,169,0.0,167,0.0,156,0.0,160,0.0,196,0.0,183,22.0,161,0.0,189,-8.0,185,0.0,,,,,,,158,0.0,177,0.0,159,-2.0,181,0.0,195,0.0,150.0,15.0
j90,j9041_7,j9041_7.sm,202.0,216.0,182.0,184.0,233.0,232.0,180.0,231.0,225.0,215.0,210.0,211.0,224.0,194.0,247.0,180.0,182.0,194.0,213.0,185.0,234.0,251.0,196.0,196.0,175.0,181.0,207.0,206.0,186.0,218.0,223.0,213.0,194.0,195.0,185.0,190.0,194.0,175.0,175.0,189.0,192.0,170.0,226.0,212.0,157,202,0.0,216,0.0,182,0.0,184,0.0,233,0.0,200,32.0,180,0.0,210,15.0,215,0.0,,,,,,,194,0.0,213,0.0,185,0.0,234,0.0,251,0.0,170.0,13.0
j90,j9041_8,j9041_8.sm,223.0,222.0,204.0,200.0,229.0,239.0,205.0,246.0,246.0,214.0,218.0,226.0,228.0,218.0,214.0,201.0,203.0,192.0,209.0,196.0,236.0,242.0,213.0,210.0,183.0,186.0,207.0,192.0,189.0,212.0,220.0,205.0,200.0,207.0,206.0,199.0,190.0,186.0,187.0,185.0,199.0,185.0,214.0,215.0,162,223,0.0,222,0.0,204,0.0,200,0.0,229,0.0,221,18.0,205,0.0,216,30.0,214,0.0,,,,,,,192,0.0,209,0.0,196,0.0,236,0.0,242,0.0,183.0,21.0
j90,j9041_9,j9041_9.sm,155.0,160.0,141.0,145.0,177.0,163.0,152.0,186.0,174.0,160.0,159.0,163.0,160.0,160.0,145.0,148.0,148.0,146.0,158.0,147.0,173.0,172.0,141.0,147.0,139.0,146.0,162.0,143.0,153.0,164.0,162.0,149.0,155.0,141.0,148.0,155.0,140.0,141.0,139.0,137.0,147.0,138.0,155.0,164.0,118,155,0.0,160,0.0,141,0.0,145,0.0,177,0.0,162,1.0,152,0.0,164,10.0,160,0.0,,,,,,,146,0.0,161,-3.0,147,0.0,173,0.0,176,-4.0,137.0,19.0
j90,j9042_1,j9042_1.sm,129.0,125.0,106.0,107.0,130.0,127.0,110.0,147.0,139.0,123.0,123.0,129.0,127.0,121.0,107.0,106.0,106.0,107.0,127.0,106.0,141.0,136.0,122.0,123.0,111.0,119.0,121.0,130.0,119.0,129.0,122.0,125.0,127.0,128.0,123.0,123.0,119.0,116.0,111.0,120.0,123.0,119.0,122.0,129.0,106,129,0.0,125,0.0,106,0.0,107,0.0,130,0.0,126,1.0,110,0.0,131,8.0,123,0.0,,,,,,,107,0.0,128,-1.0,106,0.0,141,0.0,136,0.0,106.0,0.0
j90,j9042_10,j9042_10.sm,104.0,108.0,100.0,101.0,115.0,108.0,106.0,120.0,120.0,117.0,106.0,115.0,107.0,102.0,101.0,100.0,100.0,106.0,107.0,102.0,113.0,132.0,104.0,108.0,102.0,99.0,115.0,105.0,106.0,108.0,115.0,106.0,106.0,109.0,105.0,103.0,99.0,97.0,102.0,98.0,106.0,97.0,111.0,110.0,90,104,0.0,108,0.0,100,0.0,101,0.0,115,0.0,117,-9.0,106,0.0,112,8.0,117,0.0,,,,,,,106,0.0,107,0.0,102,0.0,113,0.0,132,0.0,97.0,7.0
j90,j9042_2,j9042_2.sm,117.0,125.0,112.0,117.0,134.0,135.0,117.0,137.0,133.0,126.0,127.0,136.0,137.0,119.0,117.0,113.0,113.0,118.0,123.0,113.0,137.0,140.0,116.0,119.0,112.0,114.0,116.0,121.0,122.0,126.0,133.0,121.0,121.0,126.0,125.0,121.0,114.0,111.0,112.0,112.0,119.0,109.0,139.0,138.0,102,117,0.0,125,0.0,112,0.0,117,0.0,134,0.0,122,13.0,117,0.0,133,0.0,126,0.0,,,,,,,118,0.0,123,0.0,113,0.0,137,0.0,140,0.0,109.0,7.0
j90,j9042_3,j9042_3.sm,111.0,114.0,99.0,99.0,122.0,120.0,100.0,116.0,120.0,123.0,118.0,122.0,128.0,106.0,99.0,99.0,99.0,100.0,108.0,99.0,130.0,128.0,110.0,112.0,98.0,99.0,114.0,107.0,98.0,113.0,116.0,104.0,102.0,108.0,115.0,103.0,99.0,99.0,98.0,101.0,106.0,97.0,124.0,120.0,94,111,0.0,114,0.0,99,0.0,99,0.0,122,0.0,119,1.0,100,0.0,115,5.0,123,0.0,,,,,,,107,-7.0,107,1.0,99,0.0,130,0.0,128,0.0,97.0,3.0
j90,j9042_4,j9042_4.sm,110.0,116.0,102.0,102.0,126.0,135.0,106.0,115.0,116.0,112.0,109.0,106.0,110.0,112.0,102.0,102.0,102.0,102.0,114.0,102.0,128.0,130.0,110.0,111.0,112.0,113.0,116.0,115.0,112.0,113.0,111.0,110.0,110.0,119.0,117.0,114.0,113.0,112.0,112.0,112.0,111.0,112.0,112.0,114.0,102,110,0.0,116,0.0,102,0.0,102,0.0,126,0.0,121,14.0,106,0.0,110,6.0,112,0.0,,,,,,,102,0.0,114,0.0,102,0.0,128,0.0,130,0.0,102.0,0.0
j90,j9042_5,j9042_5.sm,125.0,129.0,108.0,106.0,136.0,115.0,114.0,142.0,115.0,121.0,126.0,128.0,127.0,125.0,106.0,105.0,105.0,109.0,126.0,108.0,140.0,134.0,120.0,122.0,113.0,114.0,121.0,123.0,119.0,132.0,126.0,123.0,126.0,119.0,122.0,122.0,114.0,113.0,113.0,114.0,122.0,117.0,127.0,125.0,105,125,0.0,129,0.0,108,0.0,106,0.0,136,0.0,126,-11.0,114,0.0,119,-4.0,121,0.0,,,,,,,109,0.0,126,0.0,108,0.0,140,0.0,134,0.0,105.0,0.0
j90,j9042_6,j9042_6.sm,100.0,101.0,92.0,91.0,106.0,111.0,96.0,99.0,103.0,114.0,104.0,101.0,103.0,97.0,91.0,92.0,92.0,91.0,101.0,91.0,103.0,111.0,99.0,99.0,94.0,95.0,97.0,95.0,92.0,97.0,95.0,93.0,99.0,104.0,102.0,102.0,95.0,94.0,91.0,97.0,100.0,91.0,93.0,113.0,89,100,0.0,101,0.0,92,0.0,91,0.0,106,0.0,98,13.0,96,0.0,104,-1.0,114,0.0,,,,,,,91,0.0,101,0.0,91,0.0,103,0.0,111,0.0,91.0,2.0
j90,j9042_7,j9042_7.sm,98.0,102.0,93.0,97.0,106.0,111.0,96.0,109.0,113.0,105.0,109.0,104.0,103.0,104.0,97.0,94.0,94.0,100.0,101.0,99.0,111.0,124.0,98.0,102.0,94.0,95.0,99.0,103.0,101.0,113.0,110.0,99.0,100.0,99.0,98.0,94.0,91.0,93.0,94.0,92.0,97.0,93.0,105.0,103.0,87,98,0.0,102,0.0,93,0.0,97,0.0,106,0.0,105,6.0,96,0.0,97,16.0,105,0.0,,,,,,,100,0.0,98,3.0,99,0.0,111,0.0,124,0.0,91.0,4.0
j90,j9042_8,j9042_8.sm,112.0,116.0,105.0,105.0,109.0,117.0,105.0,117.0,114.0,115.0,113.0,115.0,127.0,115.0,105.0,105.0,105.0,105.0,114.0,105.0,112.0,124.0,109.0,116.0,107.0,107.0,115.0,112.0,107.0,109.0,120.0,111.0,110.0,106.0,110.0,111.0,107.0,107.0,107.0,107.0,109.0,107.0,115.0,117.0,105,112,0.0,116,0.0,105,0.0,105,0.0,109,0.0,109,8.0,105,0.0,105,9.0,115,0.0,,,,,,,105,0.0,114,0.0,105,0.0,112,0.0,124,0.0,105.0,0.0
j90,j9042_9,j9042_9.sm,101.0,103.0,92.0,94.0,114.0,119.0,95.0,98.0,112.0,113.0,106.0,109.0,104.0,101.0,94.0,96.0,96.0,97.0,101.0,98.0,115.0,126.0,98.0,100.0,91.0,93.0,102.0,102.0,89.0,101.0,105.0,100.0,98.0,102.0,98.0,94.0,87.0,89.0,93.0,92.0,98.0,90.0,103.0,104.0,83,101,0.0,103,0.0,92,0.0,94,0.0,114,0.0,106,13.0,95,0.0,100,12.0,113,0.0,,,,,,,96,1.0,101,0.0,98,0.0,115,0.0,126,0.0,87.0,4.0
j90,j9043_1,j9043_1.sm,109.0,114.0,99.0,99.0,123.0,116.0,99.0,106.0,122.0,116.0,110.0,110.0,116.0,109.0,99.0,99.0,99.0,103.0,111.0,99.0,122.0,125.0,110.0,112.0,106.0,101.0,113.0,110.0,100.0,109.0,104.0,109.0,109.0,105.0,102.0,104.0,101.0,101.0,101.0,107.0,116.0,101.0,117.0,119.0,99,109,0.0,114,0.0,99,0.0,99,0.0,123,0.0,113,3.0,99,0.0,114,8.0,116,0.0,,,,,,,103,0.0,111,0.0,99,0.0,122,0.0,125,0.0,99.0,0.0
j90,j9043_10,j9043_10.sm,99.0,100.0,92.0,92.0,101.0,98.0,93.0,105.0,105.0,105.0,100.0,100.0,101.0,103.0,92.0,92.0,92.0,92.0,99.0,92.0,102.0,104.0,99.0,99.0,92.0,93.0,100.0,99.0,93.0,96.0,100.0,99.0,98.0,97.0,100.0,99.0,93.0,92.0,92.0,94.0,99.0,93.0,97.0,102.0,92,99,0.0,100,0.0,92,0.0,92,0.0,101,0.0,105,-7.0,93,0.0,97,8.0,105,0.0,,,,,,,92,0.0,99,0.0,92,0.0,102,0.0,104,0.0,92.0,0.0
j90,j9043_2,j9043_2.sm,94.0,101.0,91.0,91.0,109.0,93.0,92.0,117.0,98.0,91.0,94.0,98.0,95.0,98.0,91.0,91.0,91.0,91.0,98.0,91.0,97.0,117.0,95.0,102.0,91.0,91.0,103.0,95.0,91.0,99.0,95.0,91.0,98.0,95.0,94.0,98.0,91.0,91.0,91.0,92.0,98.0,93.0,99.0,112.0,91,94,0.0,101,0.0,91,0.0,91,0.0,109,0.0,104,-11.0,92,0.0,93,5.0,91,0.0,,,,,,,91,0.0,98,0.0,91,0.0,97,0.0,117,0.0,91.0,0.0
j90,j9043_3,j9043_3.sm,108.0,108.0,102.0,102.0,107.0,105.0,102.0,108.0,107.0,108.0,108.0,104.0,110.0,102.0,102.0,102.0,102.0,102.0,104.0,102.0,102.0,114.0,106.0,108.0,103.0,102.0,105.0,106.0,102.0,106.0,106.0,113.0,105.0,109.0,113.0,107.0,102.0,103.0,103.0,102.0,104.0,102.0,105.0,112.0,102,108,0.0,108,0.0,102,0.0,102,0.0,107,0.0,102,3.0,102,0.0,105,2.0,108,0.0,,,,,,,102,0.0,104,0.0,102,0.0,102,0.0,114,0.0,102.0,0.0
j90,j9043_4,j9043_4.sm,99.0,104.0,94.0,94.0,110.0,102.0,94.0,112.0,104.0,104.0,97.0,95.0,102.0,101.0,94.0,94.0,94.0,94.0,103.0,94.0,112.0,126.0,98.0,102.0,94.0,94.0,102.0,101.0,94.0,102.0,98.0,96.0,98.0,97.0,99.0,97.0,94.0,94.0,94.0,94.0,98.0,94.0,105.0,110.0,94,99,0.0,104,0.0,94,0.0,94,0.0,110,0.0,109,-7.0,94,0.0,98,6.0,104,0.0,,,,,,,94,0.0,103,0.0,94,0.0,112,0.0,126,0.0,94.0,0.0
j90,j9043_5,j9043_5.sm,100.0,105.0,98.0,98.0,104.0,117.0,98.0,109.0,108.0,107.0,107.0,110.0,114.0,98.0,98.0,98.0,98.0,98.0,104.0,98.0,122.0,108.0,100.0,99.0,98.0,98.0,101.0,101.0,102.0,106.0,100.0,106.0,101.0,105.0,106.0,101.0,98.0,98.0,98.0,98.0,99.0,98.0,105.0,109.0,98,100,0.0,105,0.0,98,0.0,98,0.0,104,0.0,101,16.0,98,0.0,103,5.0,107,0.0,,,,,,,98,0.0,104,0.0,98,0.0,122,0.0,108,0.0,98.0,0.0
j90,j9043_6,j9043_6.sm,117.0,120.0,114.0,114.0,126.0,131.0,115.0,115.0,120.0,120.0,119.0,114.0,114.0,114.0,114.0,114.0,114.0,114.0,114.0,114.0,119.0,124.0,117.0,122.0,117.0,117.0,122.0,119.0,118.0,122.0,122.0,120.0,118.0,120.0,122.0,119.0,117.0,117.0,117.0,119.0,117.0,117.0,122.0,118.0,114,117,0.0,120,0.0,114,0.0,114,0.0,126,0.0,114,17.0,115,0.0,117,3.0,120,0.0,,,,,,,114,0.0,114,0.0,114,0.0,119,0.0,124,0.0,114.0,0.0
j90,j9043_7,j9043_7.sm,97.0,93.0,88.0,89.0,105.0,101.0,93.0,98.0,93.0,100.0,103.0,101.0,103.0,99.0,89.0,88.0,88.0,94.0,95.0,88.0,104.0,111.0,97.0,96.0,93.0,93.0,96.0,95.0,90.0,95.0,95.0,94.0,92.0,97.0,93.0,96.0,93.0,93.0,93.0,92.0,97.0,91.0,96.0,96.0,88,97,0.0,93,0.0,88,0.0,89,0.0,105,0.0,95,6.0,93,0.0,101,-8.0,100,0.0,,,,,,,92,2.0,95,0.0,88,0.0,104,0.0,111,0.0,88.0,0.0
j90,j9043_8,j9043_8.sm,109.0,112.0,100.0,100.0,110.0,104.0,105.0,113.0,117.0,103.0,110.0,114.0,107.0,107.0,100.0,100.0,100.0,100.0,107.0,100.0,115.0,124.0,104.0,104.0,103.0,103.0,111.0,105.0,106.0,112.0,109.0,115.0,108.0,114.0,110.0,109.0,103.0,103.0,103.0,100.0,105.0,102.0,112.0,113.0,100,109,0.0,112,0.0,100,0.0,100,0.0,110,0.0,104,0.0,105,0.0,105,12.0,103,0.0,,,,,,,100,0.0,107,0.0,100,0.0,115,0.0,124,0.0,100.0,0.0
j90,j9043_9,j9043_9.sm,98.0,102.0,88.0,88.0,111.0,112.0,94.0,93.0,97.0,102.0,100.0,105.0,105.0,95.0,88.0,88.0,88.0,88.0,94.0,88.0,103.0,112.0,96.0,97.0,88.0,90.0,99.0,89.0,91.0,96.0,96.0,91.0,91.0,91.0,94.0,89.0,90.0,88.0,88.0,88.0,89.0,89.0,91.0,101.0,88,98,0.0,102,0.0,88,0.0,88,0.0,111,0.0,100,12.0,94,0.0,94,3.0,102,0.0,,,,,,,88,0.0,94,0.0,88,0.0,103,0.0,112,0.0,88.0,0.0
j90,j9044_1,j9044_1.sm,100.0,100.0,100.0,100.0,100.0,100.0,100.0,100.0,100.0,100.0,100.0,100.0,100.0,100.0,100.0,100.0,100.0,100.0,100.0,100.0,100.0,100.0,100.0,100.0,100.0,100.0,100.0,100.0,100.0,100.0,100.0,100.0,100.0,100.0,100.0,100.0,100.0,100.0,100.0,100.0,100.0,100.0,100.0,100.0,100,100,0.0,100,0.0,100,0.0,100,0.0,100,0.0,100,0.0,100,0.0,100,0.0,100,0.0,,,,,,,100,0.0,100,0.0,100,0.0,100,0.0,100,0.0,100.0,0.0
j90,j9044_10,j9044_10.sm,86.0,86.0,86.0,86.0,86.0,86.0,86.0,86.0,86.0,86.0,86.0,86.0,86.0,86.0,86.0,86.0,86.0,86.0,86.0,86.0,86.0,86.0,86.0,86.0,86.0,86.0,86.0,86.0,86.0,86.0,86.0,86.0,86.0,86.0,86.0,86.0,86.0,86.0,86.0,86.0,86.0,86.0,86.0,86.0,86,86,0.0,86,0.0,86,0.0,86,0.0,86,0.0,86,0.0,86,0.0,86,0.0,86,0.0,,,,,,,86,0.0,86,0.0,86,0.0,86,0.0,86,0.0,86.0,0.0
j90,j9044_2,j9044_2.sm,92.0,92.0,92.0,92.0,92.0,92.0,92.0,92.0,92.0,92.0,92.0,92.0,92.0,92.0,92.0,92.0,92.0,92.0,92.0,92.0,92.0,92.0,92.0,92.0,92.0,92.0,92.0,92.0,92.0,92.0,92.0,92.0,92.0,92.0,92.0,92.0,92.0,92.0,92.0,92.0,92.0,92.0,92.0,92.0,92,92,0.0,92,0.0,92,0.0,92,0.0,92,0.0,92,0.0,92,0.0,92,0.0,92,0.0,,,,,,,92,0.0,92,0.0,92,0.0,92,0.0,92,0.0,92.0,0.0
j90,j9044_3,j9044_3.sm,110.0,110.0,110.0,110.0,110.0,110.0,110.0,110.0,110.0,110.0,110.0,110.0,110.0,110.0,110.0,110.0,110.0,110.0,110.0,110.0,110.0,110.0,110.0,110.0,110.0,110.0,110.0,110.0,110.0,110.0,110.0,110.0,110.0,110.0,110.0,110.0,110.0,110.0,110.0,110.0,110.0,110.0,110.0,110.0,110,110,0.0,110,0.0,110,0.0,110,0.0,110,0.0,110,0.0,110,0.0,110,0.0,110,0.0,,,,,,,110,0.0,110,0.0,110,0.0,110,0.0,110,0.0,110.0,0.0
j90,j9044_4,j9044_4.sm,89.0,89.0,89.0,89.0,89.0,89.0,89.0,89.0,89.0,89.0,89.0,89.0,89.0,89.0,89.0,89.0,89.0,89.0,89.0,89.0,89.0,89.0,89.0,89.0,89.0,89.0,89.0,89.0,89.0,89.0,89.0,89.0,89.0,89.0,89.0,89.0,89.0,89.0,89.0,89.0,89.0,89.0,89.0,89.0,89,89,0.0,89,0.0,89,0.0,89,0.0,89,0.0,89,0.0,89,0.0,89,0.0,89,0.0,,,,,,,89,0.0,89,0.0,89,0.0,89,0.0,89,0.0,89.0,0.0
j90,j9044_5,j9044_5.sm,84.0,84.0,84.0,84.0,84.0,84.0,84.0,84.0,84.0,84.0,84.0,84.0,84.0,84.0,84.0,84.0,84.0,84.0,84.0,84.0,84.0,84.0,84.0,84.0,84.0,84.0,84.0,84.0,84.0,84.0,84.0,84.0,84.0,84.0,84.0,84.0,84.0,84.0,84.0,84.0,84.0,84.0,84.0,84.0,84,84,0.0,84,0.0,84,0.0,84,0.0,84,0.0,84,0.0,84,0.0,84,0.0,84,0.0,,,,,,,84,0.0,84,0.0,84,0.0,84,0.0,84,0.0,84.0,0.0
j90,j9044_6,j9044_6.sm,96.0,96.0,96.0,96.0,96.0,96.0,96.0,96.0,96.0,96.0,96.0,96.0,96.0,96.0,96.0,96.0,96.0,96.0,96.0,96.0,96.0,96.0,96.0,96.0,96.0,96.0,96.0,96.0,96.0,96.0,96.0,96.0,96.0,96.0,96.0,96.0,96.0,96.0,96.0,96.0,96.0,96.0,96.0,96.0,96,96,0.0,96,0.0,96,0.0,96,0.0,96,0.0,96,0.0,96,0.0,96,0.0,96,0.0,,,,,,,96,0.0,96,0.0,96,0.0,96,0.0,96,0.0,96.0,0.0
j90,j9044_7,j9044_7.sm,93.0,93.0,93.0,93.0,93.0,93.0,93.0,93.0,93.0,93.0,93.0,93.0,93.0,93.0,93.0,93.0,93.0,93.0,93.0,93.0,93.0,93.0,93.0,93.0,93.0,93.0,93.0,93.0,93.0,93.0,93.0,93.0,93.0,93.0,93.0,93.0,93.0,93.0,93.0,93.0,93.0,93.0,93.0,93.0,93,93,0.0,93,0.0,93,0.0,93,0.0,93,0.0,93,0.0,93,0.0,93,0.0,93,0.0,,,,,,,93,0.0,93,0.0,93,0.0,93,0.0,93,0.0,93.0,0.0
j90,j9044_8,j9044_8.sm,99.0,99.0,99.0,99.0,99.0,99.0,99.0,99.0,99.0,99.0,99.0,99.0,99.0,99.0,99.0,99.0,99.0,99.0,99.0,99.0,99.0,99.0,99.0,99.0,99.0,99.0,99.0,99.0,99.0,99.0,99.0,99.0,99.0,99.0,99.0,99.0,99.0,99.0,99.0,99.0,99.0,99.0,99.0,99.0,99,99,0.0,99,0.0,99,0.0,99,0.0,99,0.0,99,0.0,99,0.0,99,0.0,99,0.0,,,,,,,99,0.0,99,0.0,99,0.0,99,0.0,99,0.0,99.0,0.0
j90,j9044_9,j9044_9.sm,96.0,96.0,96.0,96.0,96.0,96.0,96.0,96.0,96.0,96.0,96.0,96.0,96.0,96.0,96.0,96.0,96.0,96.0,96.0,96.0,96.0,96.0,96.0,96.0,96.0,96.0,96.0,96.0,96.0,96.0,96.0,96.0,96.0,96.0,96.0,96.0,96.0,96.0,96.0,96.0,96.0,96.0,96.0,96.0,96,96,0.0,96,0.0,96,0.0,96,0.0,96,0.0,96,0.0,96,0.0,96,0.0,96,0.0,,,,,,,96,0.0,96,0.0,96,0.0,96,0.0,96,0.0,96.0,0.0
j90,j9045_1,j9045_1.sm,174.0,183.0,167.0,171.0,198.0,207.0,170.0,196.0,190.0,184.0,178.0,191.0,183.0,190.0,171.0,165.0,165.0,168.0,177.0,170.0,199.0,204.0,173.0,176.0,162.0,163.0,182.0,172.0,162.0,185.0,181.0,184.0,172.0,176.0,173.0,174.0,166.0,162.0,163.0,162.0,169.0,161.0,182.0,185.0,146,174,0.0,183,0.0,167,0.0,171,0.0,198,0.0,183,24.0,170,0.0,177,13.0,184,0.0,,,,,,,178,-10.0,179,-2.0,170,0.0,199,0.0,204,0.0,161.0,15.0
j90,j9045_10,j9045_10.sm,200.0,203.0,193.0,193.0,228.0,214.0,204.0,221.0,236.0,216.0,198.0,215.0,209.0,212.0,193.0,199.0,199.0,205.0,207.0,201.0,212.0,230.0,187.0,200.0,186.0,195.0,208.0,202.0,188.0,217.0,207.0,201.0,193.0,204.0,193.0,195.0,186.0,186.0,190.0,184.0,197.0,183.0,213.0,209.0,164,200,0.0,203,0.0,193,0.0,193,0.0,228,0.0,209,5.0,204,0.0,206,30.0,216,0.0,,,,,,,204,1.0,205,2.0,197,4.0,212,0.0,230,0.0,183.0,19.0
j90,j9045_2,j9045_2.sm,173.0,188.0,172.0,179.0,222.0,199.0,178.0,205.0,203.0,184.0,178.0,190.0,193.0,193.0,179.0,173.0,173.0,176.0,174.0,172.0,210.0,209.0,170.0,172.0,170.0,172.0,187.0,173.0,168.0,180.0,179.0,175.0,171.0,166.0,177.0,186.0,172.0,170.0,165.0,165.0,173.0,165.0,177.0,190.0,146,173,0.0,188,0.0,172,0.0,179,0.0,222,0.0,192,7.0,178,0.0,181,22.0,184,0.0,,,,,,,178,-2.0,174,0.0,172,0.0,210,0.0,209,0.0,165.0,19.0
j90,j9045_3,j9045_3.sm,202.0,208.0,184.0,175.0,230.0,217.0,190.0,220.0,203.0,188.0,191.0,206.0,196.0,213.0,210.0,178.0,180.0,194.0,205.0,185.0,223.0,221.0,189.0,203.0,182.0,169.0,200.0,189.0,177.0,209.0,202.0,193.0,183.0,200.0,189.0,190.0,188.0,177.0,182.0,184.0,200.0,170.0,205.0,219.0,154,202,0.0,208,0.0,184,0.0,175,0.0,230,0.0,211,6.0,190,0.0,195,8.0,188,0.0,,,,,,,190,4.0,205,0.0,185,0.0,223,0.0,228,-7.0,169.0,15.0
j90,j9045_4,j9045_4.sm,160.0,169.0,161.0,156.0,177.0,185.0,161.0,205.0,199.0,169.0,162.0,180.0,181.0,178.0,156.0,159.0,159.0,155.0,164.0,159.0,213.0,207.0,154.0,154.0,156.0,149.0,177.0,166.0,154.0,168.0,172.0,162.0,163.0,164.0,162.0,175.0,151.0,158.0,153.0,153.0,157.0,157.0,180.0,175.0,135,160,0.0,169,0.0,161,0.0,156,0.0,177,0.0,176,9.0,161,0.0,172,27.0,169,0.0,,,,,,,164,-9.0,164,0.0,159,0.0,212,1.0,207,0.0,149.0,14.0
j90,j9045_5,j9045_5.sm,215.0,216.0,207.0,209.0,256.0,252.0,211.0,252.0,236.0,229.0,216.0,234.0,222.0,219.0,209.0,205.0,205.0,218.0,214.0,209.0,254.0,263.0,208.0,211.0,196.0,199.0,223.0,213.0,198.0,229.0,224.0,220.0,209.0,212.0,222.0,213.0,203.0,197.0,201.0,195.0,206.0,196.0,228.0,234.0,173,215,0.0,216,0.0,207,0.0,209,0.0,256,0.0,222,30.0,211,0.0,224,12.0,229,0.0,,,,,,,219,-1.0,214,0.0,209,0.0,254,0.0,263,0.0,195.0,22.0
j90,j9045_6,j9045_6.sm,222.0,219.0,204.0,204.0,235.0,224.0,215.0,254.0,251.0,219.0,218.0,221.0,230.0,228.0,204.0,204.0,207.0,219.0,214.0,206.0,247.0,251.0,220.0,216.0,199.0,195.0,224.0,219.0,200.0,220.0,224.0,220.0,210.0,214.0,207.0,213.0,201.0,195.0,196.0,204.0,210.0,202.0,220.0,221.0,175,222,0.0,219,0.0,204,0.0,204,0.0,235,0.0,230,-6.0,215,0.0,223,28.0,219,0.0,,,,,,,221,-2.0,218,-4.0,206,0.0,247,0.0,251,0.0,195.0,20.0
j90,j9045_7,j9045_7.sm,167.0,170.0,162.0,162.0,185.0,173.0,171.0,189.0,186.0,175.0,172.0,179.0,169.0,171.0,162.0,163.0,163.0,170.0,170.0,162.0,188.0,190.0,161.0,167.0,153.0,156.0,160.0,162.0,159.0,175.0,175.0,162.0,156.0,170.0,170.0,160.0,152.0,154.0,156.0,150.0,167.0,156.0,167.0,181.0,135,167,0.0,170,0.0,162,0.0,162,0.0,185,0.0,182,-9.0,171,0.0,180,6.0,175,0.0,,,,,,,170,0.0,170,0.0,162,0.0,188,0.0,190,0.0,150.0,15.0
j90,j9045_8,j9045_8.sm,196.0,200.0,190.0,190.0,227.0,220.0,198.0,236.0,215.0,201.0,202.0,217.0,220.0,220.0,190.0,187.0,187.0,197.0,199.0,189.0,237.0,228.0,188.0,185.0,185.0,183.0,213.0,211.0,185.0,219.0,193.0,191.0,194.0,200.0,189.0,187.0,179.0,179.0,186.0,176.0,186.0,178.0,203.0,209.0,160,196,0.0,200,0.0,190,0.0,190,0.0,227,0.0,197,23.0,198,0.0,193,22.0,201,0.0,,,,,,,194,3.0,198,1.0,189,0.0,237,0.0,228,0.0,176.0,16.0
j90,j9045_9,j9045_9.sm,198.0,192.0,184.0,181.0,224.0,207.0,188.0,211.0,208.0,205.0,189.0,202.0,202.0,201.0,181.0,187.0,185.0,192.0,196.0,188.0,208.0,209.0,184.0,182.0,176.0,172.0,205.0,196.0,179.0,202.0,193.0,192.0,182.0,184.0,188.0,185.0,177.0,176.0,176.0,177.0,187.0,173.0,185.0,198.0,158,198,0.0,192,0.0,184,0.0,181,0.0,224,0.0,203,4.0,188,0.0,198,10.0,205,0.0,,,,,,,192,0.0,195,1.0,188,0.0,208,0.0,209,0.0,172.0,14.0
j90,j9046_1,j9046_1.sm,123.0,140.0,118.0,115.0,152.0,142.0,113.0,134.0,129.0,124.0,122.0,126.0,122.0,127.0,115.0,117.0,117.0,115.0,125.0,113.0,132.0,139.0,125.0,126.0,111.0,120.0,127.0,121.0,116.0,131.0,130.0,123.0,119.0,116.0,121.0,126.0,117.0,111.0,111.0,116.0,125.0,115.0,127.0,127.0,104,123,0.0,140,0.0,118,0.0,115,0.0,152,0.0,130,12.0,113,0.0,120,9.0,124,0.0,,,,,,,115,0.0,124,1.0,113,0.0,132,0.0,139,0.0,111.0,7.0
j90,j9046_10,j9046_10.sm,126.0,127.0,114.0,114.0,129.0,138.0,114.0,134.0,144.0,120.0,120.0,124.0,123.0,138.0,114.0,114.0,114.0,114.0,124.0,114.0,131.0,149.0,122.0,121.0,117.0,118.0,123.0,127.0,114.0,121.0,129.0,120.0,118.0,123.0,125.0,118.0,118.0,117.0,117.0,114.0,123.0,114.0,129.0,131.0,114,126,0.0,127,0.0,114,0.0,114,0.0,129,0.0,125,13.0,114,0.0,128,16.0,120,0.0,,,,,,,114,0.0,124,0.0,114,0.0,131,0.0,149,0.0,114.0,0.0
j90,j9046_2,j9046_2.sm,116.0,121.0,98.0,99.0,128.0,120.0,100.0,117.0,115.0,116.0,113.0,115.0,116.0,122.0,99.0,98.0,98.0,106.0,118.0,100.0,129.0,130.0,114.0,116.0,106.0,101.0,119.0,118.0,104.0,119.0,116.0,116.0,110.0,109.0,112.0,110.0,103.0,106.0,107.0,98.0,116.0,102.0,118.0,120.0,98,116,0.0,121,0.0,98,0.0,99,0.0,128,0.0,121,-1.0,100,0.0,109,6.0,116,0.0,,,,,,,106,0.0,118,0.0,100,0.0,129,0.0,130,0.0,98.0,0.0
j90,j9046_3,j9046_3.sm,128.0,127.0,117.0,120.0,137.0,128.0,123.0,140.0,147.0,140.0,128.0,131.0,131.0,133.0,120.0,119.0,119.0,126.0,126.0,121.0,136.0,152.0,128.0,123.0,114.0,119.0,126.0,127.0,120.0,128.0,127.0,128.0,129.0,123.0,127.0,129.0,118.0,118.0,114.0,122.0,127.0,118.0,131.0,136.0,113,128,0.0,127,0.0,117,0.0,120,0.0,137,0.0,143,-15.0,123,0.0,129,18.0,140,0.0,,,,,,,126,0.0,125,1.0,121,0.0,136,0.0,152,0.0,114.0,1.0
j90,j9046_4,j9046_4.sm,109.0,119.0,102.0,104.0,119.0,130.0,109.0,126.0,135.0,122.0,111.0,123.0,126.0,125.0,104.0,101.0,101.0,112.0,109.0,105.0,129.0,137.0,108.0,113.0,102.0,102.0,119.0,111.0,102.0,119.0,121.0,112.0,112.0,113.0,113.0,110.0,99.0,100.0,102.0,99.0,107.0,99.0,115.0,123.0,93,109,0.0,119,0.0,102,0.0,104,0.0,119,0.0,118,12.0,109,0.0,118,17.0,122,0.0,,,,,,,112,0.0,110,-1.0,105,0.0,129,0.0,137,0.0,99.0,6.0
j90,j9046_5,j9046_5.sm,107.0,107.0,94.0,102.0,114.0,114.0,102.0,112.0,111.0,108.0,104.0,105.0,116.0,117.0,102.0,95.0,95.0,97.0,106.0,95.0,103.0,120.0,99.0,104.0,93.0,95.0,111.0,108.0,100.0,111.0,101.0,105.0,99.0,110.0,102.0,108.0,94.0,93.0,94.0,96.0,104.0,94.0,115.0,115.0,91,107,0.0,107,0.0,94,0.0,102,0.0,114,0.0,104,10.0,102,0.0,112,-1.0,108,0.0,,,,,,,97,0.0,106,0.0,95,0.0,103,0.0,120,0.0,93.0,2.0
j90,j9046_6,j9046_6.sm,99.0,103.0,87.0,88.0,112.0,109.0,95.0,112.0,111.0,114.0,97.0,101.0,106.0,99.0,88.0,87.0,87.0,92.0,102.0,89.0,112.0,117.0,99.0,104.0,86.0,85.0,105.0,96.0,93.0,107.0,100.0,99.0,94.0,96.0,93.0,97.0,86.0,86.0,86.0,86.0,98.0,86.0,109.0,114.0,83,99,0.0,103,0.0,87,0.0,88,0.0,112,0.0,110,-1.0,95,0.0,102,9.0,114,0.0,,,,,,,92,0.0,102,0.0,89,0.0,112,0.0,117,0.0,85.0,2.0
j90,j9046_7,j9046_7.sm,108.0,109.0,94.0,93.0,129.0,111.0,102.0,124.0,123.0,113.0,107.0,120.0,110.0,116.0,93.0,93.0,93.0,95.0,107.0,94.0,119.0,125.0,107.0,105.0,91.0,93.0,99.0,100.0,99.0,112.0,113.0,102.0,102.0,102.0,101.0,114.0,91.0,93.0,91.0,97.0,106.0,96.0,110.0,110.0,89,108,0.0,109,0.0,94,0.0,93,0.0,129,0.0,108,3.0,102,0.0,112,11.0,113,0.0,,,,,,,95,0.0,107,0.0,94,0.0,119,0.0,125,0.0,91.0,2.0
j90,j9046_8,j9046_8.sm,112.0,116.0,108.0,112.0,131.0,131.0,110.0,134.0,125.0,126.0,113.0,121.0,120.0,114.0,112.0,110.0,110.0,112.0,112.0,108.0,133.0,132.0,108.0,108.0,106.0,105.0,111.0,111.0,104.0,117.0,121.0,124.0,110.0,109.0,108.0,105.0,109.0,104.0,107.0,108.0,108.0,102.0,111.0,122.0,96,112,0.0,116,0.0,108,0.0,112,0.0,131,0.0,120,11.0,110,0.0,117,8.0,126,0.0,,,,,,,112,0.0,112,0.0,108,0.0,133,0.0,132,0.0,102.0,6.0
j90,j9046_9,j9046_9.sm,99.0,104.0,96.0,98.0,112.0,110.0,104.0,115.0,113.0,105.0,101.0,108.0,107.0,112.0,98.0,96.0,96.0,100.0,100.0,96.0,115.0,115.0,98.0,100.0,95.0,96.0,111.0,108.0,101.0,107.0,104.0,101.0,102.0,101.0,105.0,99.0,94.0,95.0,95.0,96.0,99.0,93.0,101.0,105.0,89,99,0.0,104,0.0,96,0.0,98,0.0,112,0.0,102,8.0,104,0.0,102,11.0,105,0.0,,,,,,,100,0.0,100,0.0,97,-1.0,115,0.0,115,0.0,93.0,4.0
j90,j9047_1,j9047_1.sm,87.0,88.0,82.0,82.0,88.0,95.0,82.0,88.0,86.0,89.0,87.0,85.0,83.0,86.0,82.0,82.0,82.0,82.0,89.0,82.0,95.0,104.0,87.0,85.0,82.0,84.0,86.0,89.0,82.0,87.0,93.0,85.0,86.0,89.0,84.0,89.0,84.0,82.0,82.0,82.0,85.0,82.0,89.0,89.0,82,87,0.0,88,0.0,82,0.0,82,0.0,88,0.0,87,8.0,82,0.0,82,4.0,89,0.0,,,,,,,82,0.0,89,0.0,82,0.0,95,0.0,104,0.0,82.0,0.0
j90,j9047_10,j9047_10.sm,73.0,72.0,65.0,65.0,82.0,75.0,71.0,83.0,77.0,74.0,73.0,79.0,75.0,78.0,65.0,65.0,65.0,66.0,73.0,65.0,84.0,88.0,73.0,69.0,67.0,66.0,69.0,75.0,70.0,72.0,71.0,68.0,70.0,71.0,71.0,75.0,69.0,69.0,66.0,68.0,73.0,67.0,80.0,80.0,65,73,0.0,72,0.0,65,0.0,65,0.0,82,0.0,70,5.0,71,0.0,76,1.0,74,0.0,,,,,,,66,0.0,73,0.0,65,0.0,84,0.0,88,0.0,65.0,0.0
j90,j9047_2,j9047_2.sm,98.0,97.0,90.0,90.0,94.0,106.0,90.0,97.0,95.0,95.0,94.0,91.0,95.0,101.0,90.0,90.0,90.0,90.0,96.0,90.0,94.0,113.0,96.0,96.0,92.0,92.0,95.0,92.0,93.0,105.0,105.0,98.0,98.0,98.0,96.0,97.0,92.0,91.0,92.0,92.0,96.0,92.0,97.0,107.0,90,98,0.0,97,0.0,90,0.0,90,0.0,94,0.0,96,10.0,90,0.0,97,-2.0,95,0.0,,,,,,,90,0.0,96,0.0,90,0.0,94,0.0,113,0.0,90.0,0.0
j90,j9047_3,j9047_3.sm,112.0,115.0,102.0,102.0,119.0,115.0,107.0,129.0,118.0,121.0,110.0,132.0,137.0,113.0,102.0,102.0,102.0,102.0,112.0,102.0,117.0,137.0,111.0,110.0,105.0,103.0,108.0,116.0,104.0,115.0,117.0,114.0,111.0,113.0,114.0,113.0,103.0,103.0,103.0,103.0,112.0,103.0,114.0,125.0,102,112,0.0,115,0.0,102,0.0,102,0.0,119,0.0,119,-4.0,107,0.0,115,3.0,121,0.0,,,,,,,102,0.0,112,0.0,102,0.0,117,0.0,137,0.0,102.0,0.0
j90,j9047_4,j9047_4.sm,99.0,109.0,93.0,93.0,112.0,123.0,94.0,101.0,100.0,99.0,95.0,106.0,108.0,113.0,93.0,93.0,93.0,95.0,100.0,93.0,101.0,128.0,100.0,99.0,94.0,94.0,103.0,97.0,94.0,101.0,98.0,95.0,98.0,96.0,95.0,101.0,94.0,94.0,94.0,94.0,102.0,94.0,97.0,108.0,93,99,0.0,109,0.0,93,0.0,93,0.0,112,0.0,103,20.0,94,0.0,101,-1.0,99,0.0,,,,,,,95,0.0,99,1.0,93,0.0,101,0.0,128,0.0,93.0,0.0
j90,j9047_5,j9047_5.sm,99.0,102.0,93.0,93.0,105.0,111.0,93.0,100.0,100.0,115.0,93.0,105.0,106.0,106.0,93.0,93.0,93.0,93.0,99.0,93.0,100.0,113.0,104.0,107.0,93.0,93.0,105.0,104.0,93.0,103.0,106.0,106.0,95.0,107.0,104.0,105.0,93.0,93.0,93.0,93.0,100.0,93.0,106.0,109.0,93,99,0.0,102,0.0,93,0.0,93,0.0,105,0.0,102,9.0,93,0.0,98,2.0,115,0.0,,,,,,,93,0.0,99,0.0,93,0.0,100,0.0,113,0.0,93.0,0.0
j90,j9047_6,j9047_6.sm,110.0,109.0,98.0,98.0,120.0,111.0,98.0,111.0,116.0,117.0,104.0,112.0,118.0,110.0,98.0,98.0,98.0,98.0,107.0,98.0,104.0,119.0,108.0,109.0,98.0,99.0,104.0,109.0,99.0,105.0,103.0,105.0,109.0,107.0,107.0,108.0,99.0,98.0,98.0,100.0,107.0,99.0,113.0,108.0,98,110,0.0,109,0.0,98,0.0,98,0.0,120,0.0,112,-1.0,98,0.0,104,12.0,117,0.0,,,,,,,98,0.0,107,0.0,98,0.0,104,0.0,119,0.0,98.0,0.0
j90,j9047_7,j9047_7.sm,98.0,98.0,94.0,94.0,104.0,108.0,94.0,102.0,103.0,103.0,101.0,116.0,103.0,111.0,94.0,94.0,94.0,94.0,97.0,94.0,112.0,114.0,98.0,98.0,94.0,94.0,98.0,97.0,94.0,103.0,100.0,100.0,101.0,99.0,98.0,96.0,94.0,94.0,94.0,94.0,97.0,94.0,103.0,101.0,94,98,0.0,98,0.0,94,0.0,94,0.0,104,0.0,108,0.0,94,0.0,97,6.0,103,0.0,,,,,,,94,0.0,97,0.0,94,0.0,112,0.0,114,0.0,94.0,0.0
j90,j9047_8,j9047_8.sm,101.0,103.0,98.0,98.0,101.0,103.0,98.0,103.0,98.0,98.0,98.0,102.0,101.0,98.0,98.0,98.0,98.0,98.0,104.0,98.0,100.0,116.0,102.0,103.0,98.0,98.0,105.0,101.0,99.0,113.0,105.0,99.0,100.0,103.0,101.0,100.0,98.0,98.0,98.0,98.0,104.0,98.0,112.0,113.0,98,101,0.0,103,0.0,98,0.0,98,0.0,101,0.0,108,-5.0,98,0.0,98,0.0,98,0.0,,,,,,,98,0.0,104,0.0,98,0.0,100,0.0,116,0.0,98.0,0.0
j90,j9047_9,j9047_9.sm,92.0,93.0,86.0,86.0,97.0,91.0,86.0,90.0,90.0,93.0,89.0,101.0,92.0,91.0,86.0,86.0,86.0,86.0,90.0,86.0,90.0,106.0,92.0,91.0,86.0,88.0,91.0,91.0,87.0,94.0,90.0,91.0,89.0,92.0,94.0,90.0,88.0,86.0,86.0,86.0,90.0,88.0,93.0,95.0,86,92,0.0,93,0.0,86,0.0,86,0.0,97,0.0,94,-3.0,86,0.0,88,2.0,93,0.0,,,,,,,86,0.0,90,0.0,86,0.0,90,0.0,106,0.0,86.0,0.0
j90,j9048_1,j9048_1.sm,83.0,83.0,83.0,83.0,83.0,83.0,83.0,83.0,83.0,83.0,83.0,83.0,83.0,83.0,83.0,83.0,83.0,83.0,83.0,83.0,83.0,83.0,83.0,83.0,83.0,83.0,83.0,83.0,83.0,83.0,83.0,83.0,83.0,83.0,83.0,83.0,83.0,83.0,83.0,83.0,83.0,83.0,83.0,83.0,83,83,0.0,83,0.0,83,0.0,83,0.0,83,0.0,83,0.0,83,0.0,83,0.0,83,0.0,,,,,,,83,0.0,83,0.0,83,0.0,83,0.0,83,0.0,83.0,0.0
j90,j9048_10,j9048_10.sm,93.0,93.0,93.0,93.0,93.0,93.0,93.0,93.0,93.0,93.0,93.0,93.0,93.0,93.0,93.0,93.0,93.0,93.0,93.0,93.0,93.0,93.0,93.0,93.0,93.0,93.0,93.0,93.0,93.0,93.0,93.0,93.0,93.0,93.0,93.0,93.0,93.0,93.0,93.0,93.0,93.0,93.0,93.0,93.0,93,93,0.0,93,0.0,93,0.0,93,0.0,93,0.0,93,0.0,93,0.0,93,0.0,93,0.0,,,,,,,93,0.0,93,0.0,93,0.0,93,0.0,93,0.0,93.0,0.0
j90,j9048_2,j9048_2.sm,89.0,89.0,89.0,89.0,89.0,89.0,89.0,89.0,89.0,89.0,89.0,89.0,89.0,89.0,89.0,89.0,89.0,89.0,89.0,89.0,89.0,89.0,89.0,89.0,89.0,89.0,89.0,89.0,89.0,89.0,89.0,89.0,89.0,89.0,89.0,89.0,89.0,89.0,89.0,89.0,89.0,89.0,89.0,89.0,89,89,0.0,89,0.0,89,0.0,89,0.0,89,0.0,89,0.0,89,0.0,89,0.0,89,0.0,,,,,,,89,0.0,89,0.0,89,0.0,89,0.0,89,0.0,89.0,0.0
j90,j9048_3,j9048_3.sm,86.0,86.0,86.0,86.0,86.0,86.0,86.0,86.0,86.0,86.0,86.0,86.0,86.0,86.0,86.0,86.0,86.0,86.0,86.0,86.0,86.0,86.0,86.0,86.0,86.0,86.0,86.0,86.0,86.0,86.0,86.0,86.0,86.0,86.0,86.0,86.0,86.0,86.0,86.0,86.0,86.0,86.0,86.0,86.0,86,86,0.0,86,0.0,86,0.0,86,0.0,86,0.0,86,0.0,86,0.0,86,0.0,86,0.0,,,,,,,86,0.0,86,0.0,86,0.0,86,0.0,86,0.0,86.0,0.0
j90,j9048_4,j9048_4.sm,91.0,91.0,91.0,91.0,91.0,91.0,91.0,91.0,91.0,91.0,91.0,91.0,91.0,91.0,91.0,91.0,91.0,91.0,91.0,91.0,91.0,91.0,91.0,91.0,91.0,91.0,91.0,91.0,91.0,91.0,91.0,91.0,91.0,91.0,91.0,91.0,91.0,91.0,91.0,91.0,91.0,91.0,91.0,91.0,91,91,0.0,91,0.0,91,0.0,91,0.0,91,0.0,91,0.0,91,0.0,91,0.0,91,0.0,,,,,,,91,0.0,91,0.0,91,0.0,91,0.0,91,0.0,91.0,0.0
j90,j9048_5,j9048_5.sm,75.0,75.0,75.0,75.0,75.0,75.0,75.0,75.0,75.0,75.0,75.0,75.0,75.0,75.0,75.0,75.0,75.0,75.0,75.0,75.0,75.0,75.0,75.0,75.0,75.0,75.0,75.0,75.0,75.0,75.0,75.0,75.0,75.0,75.0,75.0,75.0,75.0,75.0,75.0,75.0,75.0,75.0,75.0,75.0,75,75,0.0,75,0.0,75,0.0,75,0.0,75,0.0,75,0.0,75,0.0,75,0.0,75,0.0,,,,,,,75,0.0,75,0.0,75,0.0,75,0.0,75,0.0,75.0,0.0
j90,j9048_6,j9048_6.sm,114.0,114.0,114.0,114.0,114.0,114.0,114.0,114.0,114.0,114.0,114.0,114.0,114.0,114.0,114.0,114.0,114.0,114.0,114.0,114.0,114.0,114.0,114.0,114.0,114.0,114.0,114.0,114.0,114.0,114.0,114.0,114.0,114.0,114.0,114.0,114.0,114.0,114.0,114.0,114.0,114.0,114.0,114.0,114.0,114,114,0.0,114,0.0,114,0.0,114,0.0,114,0.0,114,0.0,114,0.0,114,0.0,114,0.0,,,,,,,114,0.0,114,0.0,114,0.0,114,0.0,114,0.0,114.0,0.0
j90,j9048_7,j9048_7.sm,103.0,103.0,103.0,103.0,103.0,103.0,103.0,103.0,103.0,103.0,103.0,103.0,103.0,103.0,103.0,103.0,103.0,103.0,103.0,103.0,103.0,103.0,103.0,103.0,103.0,103.0,103.0,103.0,103.0,103.0,103.0,103.0,103.0,103.0,103.0,103.0,103.0,103.0,103.0,103.0,103.0,103.0,103.0,103.0,103,103,0.0,103,0.0,103,0.0,103,0.0,103,0.0,103,0.0,103,0.0,103,0.0,103,0.0,,,,,,,103,0.0,103,0.0,103,0.0,103,0.0,103,0.0,103.0,0.0
j90,j9048_8,j9048_8.sm,74.0,74.0,74.0,74.0,74.0,74.0,74.0,74.0,74.0,74.0,74.0,74.0,74.0,74.0,74.0,74.0,74.0,74.0,74.0,74.0,74.0,74.0,74.0,74.0,74.0,74.0,74.0,74.0,74.0,74.0,74.0,74.0,74.0,74.0,74.0,74.0,74.0,74.0,74.0,74.0,74.0,74.0,74.0,74.0,74,74,0.0,74,0.0,74,0.0,74,0.0,74,0.0,74,0.0,74,0.0,74,0.0,74,0.0,,,,,,,74,0.0,74,0.0,74,0.0,74,0.0,74,0.0,74.0,0.0
j90,j9048_9,j9048_9.sm,89.0,89.0,89.0,89.0,89.0,89.0,89.0,89.0,89.0,89.0,89.0,89.0,89.0,89.0,89.0,89.0,89.0,89.0,89.0,89.0,89.0,89.0,89.0,89.0,89.0,89.0,89.0,89.0,89.0,89.0,89.0,89.0,89.0,89.0,89.0,89.0,89.0,89.0,89.0,89.0,89.0,89.0,89.0,89.0,89,89,0.0,89,0.0,89,0.0,89,0.0,89,0.0,89,0.0,89,0.0,89,0.0,89,0.0,,,,,,,89,0.0,89,0.0,89,0.0,89,0.0,89,0.0,89.0,0.0
j90,j904_1,j904_1.sm,93.0,93.0,93.0,93.0,93.0,93.0,93.0,93.0,93.0,93.0,93.0,93.0,93.0,93.0,93.0,93.0,93.0,93.0,93.0,93.0,93.0,93.0,93.0,93.0,93.0,93.0,93.0,93.0,93.0,93.0,93.0,93.0,93.0,93.0,93.0,93.0,93.0,93.0,93.0,93.0,93.0,93.0,93.0,93.0,93,93,0.0,93,0.0,93,0.0,93,0.0,93,0.0,93,0.0,93,0.0,93,0.0,93,0.0,,,,,,,93,0.0,93,0.0,93,0.0,93,0.0,93,0.0,93.0,0.0
j90,j904_10,j904_10.sm,68.0,68.0,68.0,68.0,68.0,68.0,68.0,68.0,68.0,68.0,68.0,68.0,68.0,68.0,68.0,68.0,68.0,68.0,68.0,68.0,68.0,68.0,68.0,68.0,68.0,68.0,68.0,68.0,68.0,68.0,68.0,68.0,68.0,68.0,68.0,68.0,68.0,68.0,68.0,68.0,68.0,68.0,68.0,68.0,68,68,0.0,68,0.0,68,0.0,68,0.0,68,0.0,68,0.0,68,0.0,68,0.0,68,0.0,,,,,,,68,0.0,68,0.0,68,0.0,68,0.0,68,0.0,68.0,0.0
j90,j904_2,j904_2.sm,89.0,89.0,89.0,89.0,89.0,89.0,89.0,89.0,89.0,89.0,89.0,89.0,89.0,89.0,89.0,89.0,89.0,89.0,89.0,89.0,89.0,89.0,89.0,89.0,89.0,89.0,89.0,89.0,89.0,89.0,89.0,89.0,89.0,89.0,89.0,89.0,89.0,89.0,89.0,89.0,89.0,89.0,89.0,89.0,89,89,0.0,89,0.0,89,0.0,89,0.0,89,0.0,89,0.0,89,0.0,89,0.0,89,0.0,,,,,,,89,0.0,89,0.0,89,0.0,89,0.0,89,0.0,89.0,0.0
j90,j904_3,j904_3.sm,67.0,67.0,67.0,67.0,67.0,67.0,67.0,67.0,67.0,67.0,67.0,67.0,67.0,67.0,67.0,67.0,67.0,67.0,67.0,67.0,67.0,67.0,67.0,67.0,67.0,67.0,67.0,67.0,67.0,67.0,67.0,67.0,67.0,67.0,67.0,67.0,67.0,67.0,67.0,67.0,67.0,67.0,67.0,67.0,67,67,0.0,67,0.0,67,0.0,67,0.0,67,0.0,67,0.0,67,0.0,67,0.0,67,0.0,,,,,,,67,0.0,67,0.0,67,0.0,67,0.0,67,0.0,67.0,0.0
j90,j904_4,j904_4.sm,92.0,92.0,92.0,92.0,92.0,92.0,92.0,92.0,92.0,92.0,92.0,92.0,92.0,92.0,92.0,92.0,92.0,92.0,92.0,92.0,92.0,92.0,92.0,92.0,92.0,92.0,92.0,92.0,92.0,92.0,92.0,92.0,92.0,92.0,92.0,92.0,92.0,92.0,92.0,92.0,92.0,92.0,92.0,92.0,92,92,0.0,92,0.0,92,0.0,92,0.0,92,0.0,92,0.0,92,0.0,92,0.0,92,0.0,,,,,,,92,0.0,92,0.0,92,0.0,92,0.0,92,0.0,92.0,0.0
j90,j904_5,j904_5.sm,88.0,88.0,88.0,88.0,88.0,88.0,88.0,88.0,88.0,88.0,88.0,88.0,88.0,88.0,88.0,88.0,88.0,88.0,88.0,88.0,88.0,88.0,88.0,88.0,88.0,88.0,88.0,88.0,88.0,88.0,88.0,88.0,88.0,88.0,88.0,88.0,88.0,88.0,88.0,88.0,88.0,88.0,88.0,88.0,88,88,0.0,88,0.0,88,0.0,88,0.0,88,0.0,88,0.0,88,0.0,88,0.0,88,0.0,,,,,,,88,0.0,88,0.0,88,0.0,88,0.0,88,0.0,88.0,0.0
j90,j904_6,j904_6.sm,78.0,78.0,78.0,78.0,78.0,78.0,78.0,78.0,78.0,78.0,78.0,78.0,78.0,78.0,78.0,78.0,78.0,78.0,78.0,78.0,78.0,78.0,78.0,78.0,78.0,78.0,78.0,78.0,78.0,78.0,78.0,78.0,78.0,78.0,78.0,78.0,78.0,78.0,78.0,78.0,78.0,78.0,78.0,78.0,78,78,0.0,78,0.0,78,0.0,78,0.0,78,0.0,78,0.0,78,0.0,78,0.0,78,0.0,,,,,,,78,0.0,78,0.0,78,0.0,78,0.0,78,0.0,78.0,0.0
j90,j904_7,j904_7.sm,80.0,80.0,80.0,80.0,80.0,80.0,80.0,80.0,80.0,80.0,80.0,80.0,80.0,80.0,80.0,80.0,80.0,80.0,80.0,80.0,80.0,80.0,80.0,80.0,80.0,80.0,80.0,80.0,80.0,80.0,80.0,80.0,80.0,80.0,80.0,80.0,80.0,80.0,80.0,80.0,80.0,80.0,80.0,80.0,80,80,0.0,80,0.0,80,0.0,80,0.0,80,0.0,80,0.0,80,0.0,80,0.0,80,0.0,,,,,,,80,0.0,80,0.0,80,0.0,80,0.0,80,0.0,80.0,0.0
j90,j904_8,j904_8.sm,69.0,69.0,69.0,69.0,69.0,69.0,69.0,69.0,69.0,69.0,69.0,69.0,69.0,69.0,69.0,69.0,69.0,69.0,69.0,69.0,69.0,69.0,69.0,69.0,69.0,69.0,69.0,69.0,69.0,69.0,69.0,69.0,69.0,69.0,69.0,69.0,69.0,69.0,69.0,69.0,69.0,69.0,69.0,69.0,69,69,0.0,69,0.0,69,0.0,69,0.0,69,0.0,69,0.0,69,0.0,69,0.0,69,0.0,,,,,,,69,0.0,69,0.0,69,0.0,69,0.0,69,0.0,69.0,0.0
j90,j904_9,j904_9.sm,79.0,79.0,79.0,79.0,79.0,79.0,79.0,79.0,79.0,79.0,79.0,79.0,79.0,79.0,79.0,79.0,79.0,79.0,79.0,79.0,79.0,79.0,79.0,79.0,79.0,79.0,79.0,79.0,79.0,79.0,79.0,79.0,79.0,79.0,79.0,79.0,79.0,79.0,79.0,79.0,79.0,79.0,79.0,79.0,79,79,0.0,79,0.0,79,0.0,79,0.0,79,0.0,79,0.0,79,0.0,79,0.0,79,0.0,,,,,,,79,0.0,79,0.0,79,0.0,79,0.0,79,0.0,79.0,0.0
j90,j905_1,j905_1.sm,109.0,106.0,96.0,96.0,115.0,116.0,98.0,111.0,118.0,112.0,120.0,123.0,114.0,104.0,96.0,95.0,90.0,99.0,107.0,98.0,124.0,117.0,110.0,98.0,92.0,90.0,112.0,115.0,101.0,121.0,113.0,117.0,110.0,108.0,100.0,108.0,95.0,91.0,91.0,95.0,103.0,97.0,124.0,118.0,78,109,0.0,106,0.0,96,0.0,96,0.0,115,0.0,111,5.0,98,0.0,118,0.0,112,0.0,,,,,,,96,3.0,107,0.0,98,0.0,124,0.0,117,0.0,90.0,12.0
j90,j905_10,j905_10.sm,124.0,132.0,108.0,111.0,156.0,162.0,115.0,132.0,130.0,125.0,120.0,129.0,132.0,125.0,111.0,111.0,108.0,108.0,131.0,109.0,139.0,163.0,126.0,128.0,108.0,106.0,130.0,136.0,118.0,130.0,131.0,120.0,136.0,120.0,114.0,129.0,109.0,109.0,108.0,113.0,124.0,112.0,135.0,137.0,96,124,0.0,132,0.0,108,0.0,111,0.0,156,0.0,139,23.0,115,0.0,132,-2.0,125,0.0,,,,,,,108,0.0,130,1.0,109,0.0,139,0.0,163,0.0,106.0,10.0
j90,j905_2,j905_2.sm,132.0,140.0,108.0,105.0,144.0,137.0,114.0,159.0,148.0,143.0,134.0,133.0,142.0,126.0,134.0,111.0,108.0,110.0,134.0,110.0,158.0,177.0,131.0,131.0,112.0,114.0,134.0,131.0,126.0,128.0,124.0,122.0,122.0,137.0,122.0,126.0,111.0,110.0,113.0,108.0,131.0,113.0,124.0,140.0,93,132,0.0,140,0.0,108,0.0,105,0.0,144,0.0,148,-11.0,114,0.0,119,29.0,143,0.0,,,,,,,110,0.0,134,0.0,110,0.0,158,0.0,177,0.0,105.0,12.0
j90,j905_3,j905_3.sm,112.0,110.0,110.0,109.0,132.0,140.0,108.0,130.0,140.0,113.0,116.0,121.0,125.0,114.0,109.0,106.0,110.0,106.0,113.0,108.0,139.0,137.0,110.0,103.0,99.0,101.0,111.0,111.0,98.0,110.0,110.0,112.0,103.0,103.0,103.0,109.0,101.0,103.0,99.0,103.0,107.0,102.0,137.0,124.0,87,112,0.0,110,0.0,110,0.0,109,0.0,132,0.0,110,30.0,108,0.0,125,15.0,113,0.0,,,,,,,106,0.0,113,0.0,106,2.0,139,0.0,137,0.0,98.0,11.0
j90,j905_4,j905_4.sm,141.0,146.0,119.0,120.0,171.0,162.0,122.0,183.0,146.0,156.0,144.0,158.0,164.0,138.0,146.0,117.0,120.0,116.0,148.0,118.0,158.0,179.0,137.0,140.0,124.0,122.0,144.0,147.0,126.0,147.0,156.0,138.0,141.0,132.0,127.0,139.0,115.0,115.0,115.0,134.0,145.0,117.0,146.0,165.0,102,141,0.0,146,0.0,119,0.0,120,0.0,171,0.0,146,16.0,122,0.0,142,4.0,156,0.0,,,,,,,116,0.0,148,0.0,118,0.0,158,0.0,179,0.0,115.0,13.0
j90,j905_5,j905_5.sm,146.0,147.0,130.0,142.0,167.0,146.0,134.0,159.0,157.0,157.0,156.0,156.0,147.0,151.0,142.0,125.0,131.0,131.0,142.0,130.0,161.0,157.0,141.0,140.0,130.0,126.0,143.0,135.0,131.0,164.0,169.0,148.0,147.0,141.0,139.0,131.0,139.0,124.0,128.0,136.0,136.0,134.0,165.0,165.0,111,146,0.0,147,0.0,130,0.0,142,0.0,167,0.0,150,-4.0,134,0.0,141,16.0,157,0.0,,,,,,,132,-1.0,139,3.0,130,0.0,161,0.0,157,0.0,124.0,13.0
j90,j905_6,j905_6.sm,119.0,123.0,101.0,100.0,134.0,125.0,99.0,131.0,132.0,115.0,120.0,115.0,123.0,110.0,100.0,101.0,101.0,108.0,115.0,98.0,137.0,141.0,119.0,119.0,95.0,95.0,126.0,119.0,107.0,124.0,133.0,110.0,123.0,121.0,117.0,105.0,97.0,93.0,93.0,103.0,117.0,98.0,134.0,122.0,86,119,0.0,123,0.0,101,0.0,100,0.0,134,0.0,127,-2.0,99,0.0,106,26.0,115,0.0,,,,,,,108,0.0,114,1.0,98,0.0,137,0.0,141,0.0,93.0,7.0
j90,j905_7,j905_7.sm,137.0,146.0,127.0,127.0,153.0,148.0,121.0,163.0,147.0,145.0,139.0,152.0,147.0,134.0,127.0,129.0,130.0,127.0,140.0,131.0,154.0,160.0,131.0,134.0,118.0,122.0,138.0,126.0,122.0,140.0,129.0,126.0,127.0,130.0,124.0,126.0,118.0,119.0,120.0,121.0,131.0,121.0,139.0,134.0,107,137,0.0,146,0.0,127,0.0,127,0.0,153,0.0,137,11.0,121,0.0,137,10.0,145,0.0,,,,,,,128,-1.0,140,0.0,130,1.0,154,0.0,160,0.0,118.0,11.0
j90,j905_8,j905_8.sm,130.0,135.0,129.0,129.0,156.0,176.0,126.0,143.0,134.0,137.0,132.0,142.0,147.0,129.0,143.0,127.0,132.0,127.0,129.0,123.0,186.0,142.0,116.0,124.0,117.0,117.0,130.0,125.0,118.0,144.0,147.0,132.0,121.0,117.0,122.0,131.0,129.0,116.0,116.0,124.0,118.0,117.0,141.0,146.0,102,130,0.0,135,0.0,129,0.0,129,0.0,156,0.0,124,52.0,126,0.0,132,2.0,137,0.0,,,,,,,127,0.0,127,2.0,123,0.0,186,0.0,142,0.0,116.0,14.0
j90,j905_9,j905_9.sm,168.0,174.0,142.0,144.0,167.0,170.0,146.0,161.0,158.0,159.0,169.0,157.0,158.0,148.0,171.0,143.0,137.0,139.0,173.0,139.0,185.0,192.0,155.0,160.0,136.0,141.0,158.0,150.0,140.0,182.0,150.0,158.0,163.0,167.0,149.0,150.0,134.0,133.0,136.0,136.0,163.0,135.0,167.0,178.0,115,168,0.0,174,0.0,142,0.0,144,0.0,167,0.0,164,6.0,146,0.0,153,5.0,159,0.0,,,,,,,139,0.0,170,3.0,139,0.0,185,0.0,192,0.0,133.0,18.0
j90,j906_1,j906_1.sm,90.0,87.0,82.0,82.0,96.0,95.0,83.0,99.0,89.0,88.0,82.0,87.0,86.0,88.0,82.0,82.0,82.0,82.0,90.0,82.0,97.0,125.0,93.0,91.0,88.0,88.0,89.0,89.0,89.0,88.0,92.0,90.0,93.0,89.0,87.0,87.0,88.0,88.0,88.0,89.0,93.0,89.0,89.0,93.0,82,90,0.0,87,0.0,82,0.0,82,0.0,96,0.0,95,0.0,83,0.0,93,-4.0,88,0.0,,,,,,,82,0.0,90,0.0,82,0.0,97,0.0,125,0.0,82.0,0.0
j90,j906_10,j906_10.sm,110.0,112.0,94.0,94.0,112.0,105.0,94.0,128.0,109.0,114.0,109.0,115.0,112.0,103.0,94.0,94.0,94.0,94.0,111.0,94.0,113.0,123.0,110.0,106.0,100.0,100.0,107.0,109.0,102.0,100.0,106.0,111.0,101.0,110.0,105.0,97.0,103.0,100.0,100.0,96.0,106.0,96.0,100.0,110.0,94,110,0.0,112,0.0,94,0.0,94,0.0,112,0.0,110,-5.0,94,0.0,109,0.0,114,0.0,,,,,,,94,0.0,111,0.0,94,0.0,113,0.0,123,0.0,94.0,0.0
j90,j906_2,j906_2.sm,101.0,102.0,86.0,86.0,87.0,97.0,86.0,89.0,110.0,96.0,96.0,98.0,100.0,88.0,86.0,86.0,86.0,86.0,91.0,86.0,94.0,112.0,100.0,100.0,95.0,89.0,93.0,89.0,86.0,88.0,90.0,92.0,90.0,90.0,94.0,93.0,89.0,92.0,95.0,92.0,96.0,92.0,95.0,93.0,86,101,0.0,102,0.0,86,0.0,86,0.0,87,0.0,105,-8.0,86,0.0,96,14.0,96,0.0,,,,,,,86,0.0,97,-6.0,86,0.0,94,0.0,112,0.0,86.0,0.0
j90,j906_3,j906_3.sm,97.0,97.0,85.0,86.0,109.0,103.0,88.0,106.0,128.0,102.0,98.0,99.0,107.0,97.0,86.0,84.0,84.0,91.0,95.0,87.0,109.0,112.0,89.0,92.0,86.0,84.0,106.0,94.0,88.0,96.0,115.0,103.0,95.0,96.0,97.0,91.0,86.0,87.0,87.0,90.0,96.0,86.0,100.0,96.0,77,97,0.0,97,0.0,85,0.0,86,0.0,109,0.0,97,6.0,88,0.0,114,14.0,102,0.0,,,,,,,91,0.0,95,0.0,82,5.0,109,0.0,112,0.0,84.0,7.0
j90,j906_4,j906_4.sm,90.0,96.0,80.0,80.0,97.0,86.0,80.0,108.0,100.0,98.0,95.0,96.0,95.0,80.0,80.0,80.0,80.0,80.0,92.0,80.0,101.0,105.0,90.0,94.0,88.0,85.0,96.0,94.0,82.0,82.0,88.0,89.0,89.0,88.0,91.0,87.0,85.0,85.0,85.0,83.0,92.0,83.0,96.0,95.0,80,90,0.0,96,0.0,80,0.0,80,0.0,97,0.0,91,-5.0,80,0.0,86,14.0,98,0.0,,,,,,,80,0.0,92,0.0,80,0.0,101,0.0,105,0.0,80.0,0.0
j90,j906_5,j906_5.sm,81.0,88.0,72.0,74.0,86.0,82.0,78.0,96.0,91.0,87.0,80.0,79.0,92.0,81.0,74.0,74.0,74.0,74.0,82.0,72.0,86.0,90.0,84.0,81.0,79.0,79.0,82.0,81.0,77.0,77.0,82.0,80.0,87.0,81.0,78.0,81.0,79.0,75.0,78.0,78.0,81.0,78.0,83.0,88.0,71,81,0.0,88,0.0,72,0.0,74,0.0,86,0.0,78,4.0,78,0.0,82,9.0,87,0.0,,,,,,,74,0.0,82,0.0,72,0.0,86,0.0,90,0.0,72.0,1.0
j90,j906_6,j906_6.sm,110.0,112.0,98.0,98.0,108.0,128.0,98.0,109.0,105.0,118.0,102.0,98.0,98.0,100.0,98.0,98.0,98.0,98.0,112.0,98.0,118.0,120.0,109.0,112.0,99.0,100.0,103.0,110.0,107.0,107.0,100.0,104.0,102.0,104.0,113.0,105.0,100.0,102.0,99.0,100.0,114.0,106.0,101.0,110.0,98,110,0.0,112,0.0,98,0.0,98,0.0,108,0.0,111,17.0,98,0.0,115,-10.0,118,0.0,,,,,,,98,0.0,112,0.0,98,0.0,118,0.0,120,0.0,98.0,0.0
j90,j906_7,j906_7.sm,84.0,85.0,71.0,71.0,83.0,95.0,75.0,86.0,89.0,82.0,79.0,80.0,80.0,83.0,71.0,71.0,71.0,71.0,83.0,71.0,100.0,96.0,81.0,79.0,72.0,74.0,82.0,80.0,74.0,83.0,85.0,80.0,89.0,81.0,83.0,79.0,74.0,74.0,74.0,73.0,81.0,75.0,75.0,85.0,71,84,0.0,85,0.0,71,0.0,71,0.0,83,0.0,86,9.0,75,0.0,81,8.0,82,0.0,,,,,,,71,0.0,83,0.0,71,0.0,100,0.0,96,0.0,71.0,0.0
j90,j906_8,j906_8.sm,81.0,80.0,76.0,75.0,86.0,103.0,80.0,92.0,99.0,81.0,88.0,90.0,89.0,80.0,75.0,75.0,75.0,81.0,80.0,77.0,99.0,108.0,83.0,84.0,73.0,79.0,89.0,94.0,73.0,101.0,79.0,83.0,77.0,76.0,79.0,86.0,74.0,74.0,73.0,74.0,85.0,76.0,90.0,89.0,68,81,0.0,80,0.0,76,0.0,75,0.0,86,0.0,84,19.0,80,0.0,79,20.0,81,0.0,,,,,,,81,0.0,80,0.0,77,0.0,99,0.0,108,0.0,73.0,5.0
j90,j906_9,j906_9.sm,76.0,73.0,68.0,68.0,78.0,84.0,70.0,83.0,78.0,83.0,75.0,76.0,73.0,71.0,68.0,68.0,68.0,71.0,75.0,68.0,76.0,95.0,75.0,73.0,68.0,71.0,76.0,71.0,70.0,74.0,89.0,73.0,72.0,75.0,74.0,71.0,71.0,68.0,68.0,70.0,76.0,72.0,90.0,89.0,68,76,0.0,73,0.0,68,0.0,68,0.0,78,0.0,76,8.0,70,0.0,85,-7.0,83,0.0,,,,,,,71,0.0,75,0.0,69,-1.0,76,0.0,95,0.0,68.0,0.0
j90,j907_1,j907_1.sm,90.0,92.0,88.0,88.0,92.0,97.0,88.0,90.0,97.0,90.0,95.0,95.0,90.0,88.0,88.0,88.0,88.0,88.0,89.0,88.0,88.0,97.0,90.0,90.0,88.0,88.0,90.0,88.0,88.0,90.0,90.0,88.0,88.0,90.0,91.0,88.0,88.0,88.0,88.0,89.0,90.0,88.0,91.0,89.0,88,90,0.0,92,0.0,88,0.0,88,0.0,92,0.0,91,6.0,88,0.0,89,8.0,90,0.0,,,,,,,88,0.0,89,0.0,88,0.0,88,0.0,97,0.0,88.0,0.0
j90,j907_10,j907_10.sm,104.0,107.0,98.0,98.0,105.0,108.0,98.0,98.0,105.0,98.0,98.0,98.0,98.0,98.0,98.0,98.0,98.0,98.0,102.0,98.0,123.0,127.0,100.0,106.0,98.0,98.0,104.0,103.0,98.0,107.0,98.0,100.0,98.0,100.0,101.0,98.0,98.0,98.0,98.0,98.0,105.0,98.0,107.0,117.0,98,104,0.0,107,0.0,98,0.0,98,0.0,105,0.0,100,8.0,98,0.0,98,7.0,98,0.0,,,,,,,98,0.0,102,0.0,98,0.0,123,0.0,127,0.0,98.0,0.0
j90,j907_2,j907_2.sm,78.0,83.0,77.0,77.0,93.0,78.0,77.0,92.0,93.0,95.0,77.0,93.0,90.0,77.0,77.0,77.0,77.0,77.0,77.0,77.0,87.0,100.0,79.0,77.0,77.0,78.0,78.0,77.0,77.0,77.0,78.0,78.0,77.0,79.0,79.0,77.0,78.0,77.0,77.0,78.0,79.0,78.0,78.0,78.0,77,78,0.0,83,0.0,77,0.0,77,0.0,93,0.0,78,0.0,77,0.0,77,16.0,95,0.0,,,,,,,77,0.0,77,0.0,77,0.0,87,0.0,100,0.0,77.0,0.0
j90,j907_3,j907_3.sm,81.0,86.0,80.0,82.0,84.0,87.0,82.0,85.0,95.0,88.0,81.0,87.0,88.0,85.0,82.0,80.0,80.0,80.0,83.0,80.0,96.0,98.0,83.0,84.0,81.0,80.0,85.0,85.0,83.0,81.0,94.0,89.0,82.0,82.0,82.0,80.0,80.0,81.0,81.0,81.0,83.0,81.0,84.0,90.0,80,81,0.0,86,0.0,80,0.0,82,0.0,84,0.0,99,-12.0,82,0.0,81,14.0,88,0.0,,,,,,,80,0.0,85,-2.0,80,0.0,96,0.0,98,0.0,80.0,0.0
j90,j907_4,j907_4.sm,88.0,91.0,86.0,86.0,87.0,86.0,86.0,86.0,88.0,88.0,86.0,90.0,90.0,86.0,86.0,86.0,86.0,86.0,89.0,86.0,86.0,95.0,87.0,88.0,86.0,86.0,90.0,87.0,86.0,96.0,87.0,87.0,87.0,87.0,86.0,87.0,86.0,86.0,86.0,86.0,88.0,86.0,87.0,93.0,86,88,0.0,91,0.0,86,0.0,86,0.0,87,0.0,86,0.0,86,0.0,87,1.0,88,0.0,,,,,,,86,0.0,89,0.0,86,0.0,86,0.0,95,0.0,86.0,0.0
j90,j907_5,j907_5.sm,84.0,83.0,79.0,79.0,87.0,84.0,79.0,86.0,84.0,81.0,79.0,87.0,86.0,80.0,79.0,79.0,79.0,79.0,84.0,79.0,79.0,90.0,84.0,87.0,80.0,79.0,83.0,82.0,82.0,80.0,82.0,83.0,79.0,82.0,81.0,83.0,79.0,80.0,80.0,79.0,84.0,79.0,82.0,81.0,79,84,0.0,83,0.0,79,0.0,79,0.0,87,0.0,83,1.0,79,0.0,81,3.0,81,0.0,,,,,,,79,0.0,84,0.0,79,0.0,79,0.0,90,0.0,79.0,0.0
j90,j907_6,j907_6.sm,96.0,95.0,90.0,90.0,104.0,95.0,90.0,90.0,90.0,94.0,90.0,102.0,99.0,93.0,90.0,90.0,90.0,90.0,95.0,90.0,95.0,116.0,96.0,97.0,95.0,95.0,98.0,95.0,95.0,108.0,96.0,95.0,96.0,99.0,95.0,95.0,95.0,95.0,95.0,95.0,100.0,95.0,97.0,107.0,90,96,0.0,95,0.0,90,0.0,90,0.0,104,0.0,90,5.0,90,0.0,90,0.0,94,0.0,,,,,,,90,0.0,95,0.0,90,0.0,95,0.0,116,0.0,90.0,0.0
j90,j907_7,j907_7.sm,93.0,97.0,90.0,90.0,94.0,103.0,90.0,90.0,90.0,90.0,94.0,103.0,103.0,90.0,90.0,90.0,90.0,90.0,95.0,90.0,94.0,104.0,93.0,94.0,90.0,90.0,90.0,90.0,90.0,90.0,90.0,90.0,90.0,94.0,92.0,90.0,90.0,90.0,90.0,90.0,91.0,90.0,93.0,94.0,90,93,0.0,97,0.0,90,0.0,90,0.0,94,0.0,90,13.0,90,0.0,90,0.0,90,0.0,,,,,,,90,0.0,95,0.0,90,0.0,94,0.0,104,0.0,90.0,0.0
j90,j907_8,j907_8.sm,66.0,63.0,60.0,60.0,65.0,70.0,60.0,63.0,63.0,72.0,69.0,72.0,70.0,64.0,60.0,60.0,60.0,62.0,64.0,60.0,68.0,66.0,66.0,65.0,61.0,60.0,67.0,64.0,60.0,65.0,67.0,65.0,67.0,66.0,64.0,63.0,60.0,60.0,60.0,61.0,63.0,60.0,69.0,64.0,60,66,0.0,63,0.0,60,0.0,60,0.0,65,0.0,65,5.0,60,0.0,67,-4.0,72,0.0,,,,,,,62,0.0,64,0.0,60,0.0,68,0.0,66,0.0,60.0,0.0
j90,j907_9,j907_9.sm,86.0,90.0,83.0,83.0,90.0,106.0,83.0,87.0,87.0,89.0,87.0,88.0,89.0,83.0,83.0,83.0,83.0,83.0,87.0,83.0,83.0,90.0,85.0,86.0,85.0,85.0,88.0,90.0,85.0,89.0,89.0,91.0,88.0,85.0,84.0,87.0,85.0,85.0,85.0,83.0,86.0,85.0,91.0,94.0,83,86,0.0,90,0.0,83,0.0,83,0.0,90,0.0,86,20.0,83,0.0,86,1.0,89,0.0,,,,,,,83,0.0,87,0.0,83,0.0,83,0.0,90,0.0,83.0,0.0
j90,j908_1,j908_1.sm,96.0,96.0,96.0,96.0,96.0,96.0,96.0,96.0,96.0,96.0,96.0,96.0,96.0,96.0,96.0,96.0,96.0,96.0,96.0,96.0,96.0,96.0,96.0,96.0,96.0,96.0,96.0,96.0,96.0,96.0,96.0,96.0,96.0,96.0,96.0,96.0,96.0,96.0,96.0,96.0,96.0,96.0,96.0,96.0,96,96,0.0,96,0.0,96,0.0,96,0.0,96,0.0,96,0.0,96,0.0,96,0.0,96,0.0,,,,,,,96,0.0,96,0.0,96,0.0,96,0.0,96,0.0,96.0,0.0
j90,j908_10,j908_10.sm,88.0,88.0,88.0,88.0,88.0,88.0,88.0,88.0,88.0,88.0,88.0,88.0,88.0,88.0,88.0,88.0,88.0,88.0,88.0,88.0,88.0,88.0,88.0,88.0,88.0,88.0,88.0,88.0,88.0,88.0,88.0,88.0,88.0,88.0,88.0,88.0,88.0,88.0,88.0,88.0,88.0,88.0,88.0,88.0,88,88,0.0,88,0.0,88,0.0,88,0.0,88,0.0,88,0.0,88,0.0,88,0.0,88,0.0,,,,,,,88,0.0,88,0.0,88,0.0,88,0.0,88,0.0,88.0,0.0
j90,j908_2,j908_2.sm,78.0,78.0,78.0,78.0,78.0,78.0,78.0,78.0,78.0,78.0,78.0,78.0,78.0,78.0,78.0,78.0,78.0,78.0,78.0,78.0,78.0,78.0,78.0,78.0,78.0,78.0,78.0,78.0,78.0,78.0,78.0,78.0,78.0,78.0,78.0,78.0,78.0,78.0,78.0,78.0,78.0,78.0,78.0,78.0,78,78,0.0,78,0.0,78,0.0,78,0.0,78,0.0,78,0.0,78,0.0,78,0.0,78,0.0,,,,,,,78,0.0,78,0.0,78,0.0,78,0.0,78,0.0,78.0,0.0
j90,j908_3,j908_3.sm,70.0,70.0,70.0,70.0,70.0,70.0,70.0,70.0,70.0,70.0,70.0,70.0,70.0,70.0,70.0,70.0,70.0,70.0,70.0,70.0,70.0,70.0,70.0,70.0,70.0,70.0,70.0,70.0,70.0,70.0,70.0,70.0,70.0,70.0,70.0,70.0,70.0,70.0,70.0,70.0,70.0,70.0,70.0,70.0,70,70,0.0,70,0.0,70,0.0,70,0.0,70,0.0,70,0.0,70,0.0,70,0.0,70,0.0,,,,,,,70,0.0,70,0.0,70,0.0,70,0.0,70,0.0,70.0,0.0
j90,j908_4,j908_4.sm,77.0,77.0,77.0,77.0,77.0,77.0,77.0,77.0,77.0,77.0,77.0,77.0,77.0,77.0,77.0,77.0,77.0,77.0,77.0,77.0,77.0,77.0,77.0,77.0,77.0,77.0,77.0,77.0,77.0,77.0,77.0,77.0,77.0,77.0,77.0,77.0,77.0,77.0,77.0,77.0,77.0,77.0,77.0,77.0,77,77,0.0,77,0.0,77,0.0,77,0.0,77,0.0,77,0.0,77,0.0,77,0.0,77,0.0,,,,,,,77,0.0,77,0.0,77,0.0,77,0.0,77,0.0,77.0,0.0
j90,j908_5,j908_5.sm,63.0,63.0,63.0,63.0,63.0,63.0,63.0,63.0,63.0,63.0,63.0,63.0,63.0,63.0,63.0,63.0,63.0,63.0,63.0,63.0,63.0,63.0,63.0,63.0,63.0,63.0,63.0,63.0,63.0,63.0,63.0,63.0,63.0,63.0,63.0,63.0,63.0,63.0,63.0,63.0,63.0,63.0,63.0,63.0,63,63,0.0,63,0.0,63,0.0,63,0.0,63,0.0,63,0.0,63,0.0,63,0.0,63,0.0,,,,,,,63,0.0,63,0.0,63,0.0,63,0.0,63,0.0,63.0,0.0
j90,j908_6,j908_6.sm,70.0,70.0,70.0,70.0,70.0,70.0,70.0,70.0,70.0,70.0,70.0,70.0,70.0,70.0,70.0,70.0,70.0,70.0,70.0,70.0,70.0,70.0,70.0,70.0,70.0,70.0,70.0,70.0,70.0,70.0,70.0,70.0,70.0,70.0,70.0,70.0,70.0,70.0,70.0,70.0,70.0,70.0,70.0,70.0,70,70,0.0,70,0.0,70,0.0,70,0.0,70,0.0,70,0.0,70,0.0,70,0.0,70,0.0,,,,,,,70,0.0,70,0.0,70,0.0,70,0.0,70,0.0,70.0,0.0
j90,j908_7,j908_7.sm,77.0,77.0,77.0,77.0,77.0,77.0,77.0,77.0,77.0,77.0,77.0,77.0,77.0,77.0,77.0,77.0,77.0,77.0,77.0,77.0,77.0,77.0,77.0,77.0,77.0,77.0,77.0,77.0,77.0,77.0,77.0,77.0,77.0,77.0,77.0,77.0,77.0,77.0,77.0,77.0,77.0,77.0,77.0,77.0,77,77,0.0,77,0.0,77,0.0,77,0.0,77,0.0,77,0.0,77,0.0,77,0.0,77,0.0,,,,,,,77,0.0,77,0.0,77,0.0,77,0.0,77,0.0,77.0,0.0
j90,j908_8,j908_8.sm,68.0,68.0,68.0,68.0,68.0,68.0,68.0,68.0,68.0,68.0,68.0,68.0,68.0,68.0,68.0,68.0,68.0,68.0,68.0,68.0,68.0,68.0,68.0,68.0,68.0,68.0,68.0,68.0,68.0,68.0,68.0,68.0,68.0,68.0,68.0,68.0,68.0,68.0,68.0,68.0,68.0,68.0,68.0,68.0,68,68,0.0,68,0.0,68,0.0,68,0.0,68,0.0,68,0.0,68,0.0,68,0.0,68,0.0,,,,,,,68,0.0,68,0.0,68,0.0,68,0.0,68,0.0,68.0,0.0
j90,j908_9,j908_9.sm,97.0,97.0,97.0,97.0,97.0,97.0,97.0,97.0,97.0,97.0,97.0,97.0,97.0,97.0,97.0,97.0,97.0,97.0,97.0,97.0,97.0,97.0,97.0,97.0,97.0,97.0,97.0,97.0,97.0,97.0,97.0,97.0,97.0,97.0,97.0,97.0,97.0,97.0,97.0,97.0,97.0,97.0,97.0,97.0,97,97,0.0,97,0.0,97,0.0,97,0.0,97,0.0,97,0.0,97,0.0,97,0.0,97,0.0,,,,,,,97,0.0,97,0.0,97,0.0,97,0.0,97,0.0,97.0,0.0
j90,j909_1,j909_1.sm,144.0,149.0,121.0,129.0,154.0,144.0,128.0,165.0,172.0,150.0,160.0,155.0,159.0,134.0,129.0,122.0,122.0,126.0,153.0,121.0,170.0,164.0,138.0,141.0,118.0,117.0,143.0,140.0,127.0,140.0,148.0,136.0,131.0,127.0,132.0,132.0,117.0,118.0,118.0,121.0,140.0,119.0,143.0,144.0,104,144,0.0,149,0.0,121,0.0,129,0.0,154,0.0,155,-11.0,128,0.0,148,24.0,150,0.0,,,,,,,127,-1.0,153,0.0,121,0.0,170,0.0,164,0.0,117.0,13.0
j90,j909_10,j909_10.sm,142.0,154.0,132.0,131.0,162.0,172.0,137.0,167.0,147.0,161.0,146.0,149.0,151.0,135.0,131.0,130.0,130.0,128.0,151.0,132.0,164.0,178.0,135.0,139.0,126.0,122.0,150.0,147.0,127.0,148.0,153.0,147.0,132.0,135.0,138.0,147.0,127.0,124.0,126.0,123.0,131.0,119.0,147.0,164.0,111,142,0.0,154,0.0,132,0.0,131,0.0,162,0.0,144,28.0,137,0.0,150,-3.0,161,0.0,,,,,,,130,-2.0,150,1.0,132,0.0,164,0.0,178,0.0,119.0,8.0
j90,j909_2,j909_2.sm,162.0,173.0,152.0,153.0,181.0,176.0,151.0,177.0,175.0,175.0,172.0,168.0,172.0,162.0,153.0,149.0,153.0,149.0,166.0,154.0,188.0,205.0,155.0,162.0,145.0,151.0,166.0,163.0,152.0,167.0,173.0,154.0,149.0,150.0,157.0,148.0,150.0,142.0,145.0,148.0,158.0,147.0,172.0,171.0,128,162,0.0,173,0.0,152,0.0,153,0.0,181,0.0,166,10.0,151,0.0,173,2.0,175,0.0,,,,,,,147,2.0,166,0.0,154,0.0,188,0.0,205,0.0,142.0,14.0
j90,j909_3,j909_3.sm,129.0,133.0,118.0,118.0,149.0,157.0,119.0,142.0,146.0,139.0,136.0,139.0,146.0,119.0,118.0,118.0,118.0,122.0,133.0,117.0,145.0,136.0,123.0,126.0,114.0,119.0,137.0,128.0,113.0,131.0,139.0,139.0,133.0,129.0,128.0,122.0,120.0,119.0,114.0,115.0,125.0,113.0,140.0,145.0,102,129,0.0,133,0.0,118,0.0,118,0.0,149,0.0,141,16.0,119,0.0,131,15.0,139,0.0,,,,,,,123,-1.0,132,1.0,119,-2.0,145,0.0,136,0.0,113.0,11.0
j90,j909_4,j909_4.sm,157.0,152.0,144.0,151.0,191.0,184.0,168.0,191.0,176.0,171.0,166.0,170.0,173.0,171.0,151.0,145.0,145.0,153.0,161.0,155.0,177.0,192.0,151.0,152.0,144.0,147.0,159.0,157.0,147.0,162.0,159.0,162.0,158.0,158.0,170.0,160.0,146.0,142.0,141.0,142.0,151.0,147.0,176.0,192.0,127,157,0.0,152,0.0,144,0.0,151,0.0,191,0.0,166,18.0,168,0.0,168,8.0,171,0.0,,,,,,,150,3.0,162,-1.0,155,0.0,177,0.0,192,0.0,141.0,14.0
j90,j909_5,j909_5.sm,184.0,198.0,165.0,165.0,199.0,208.0,166.0,216.0,191.0,194.0,175.0,209.0,186.0,183.0,189.0,164.0,163.0,170.0,193.0,169.0,218.0,227.0,169.0,185.0,161.0,160.0,187.0,176.0,158.0,208.0,195.0,174.0,172.0,174.0,169.0,170.0,162.0,156.0,168.0,180.0,186.0,163.0,225.0,205.0,139,184,0.0,198,0.0,165,0.0,165,0.0,199,0.0,202,6.0,166,0.0,177,14.0,194,0.0,,,,,,,170,0.0,189,4.0,169,0.0,218,0.0,227,0.0,156.0,17.0
j90,j909_6,j909_6.sm,164.0,163.0,145.0,143.0,147.0,176.0,144.0,153.0,160.0,165.0,159.0,160.0,173.0,147.0,143.0,146.0,149.0,146.0,172.0,141.0,159.0,185.0,155.0,144.0,135.0,136.0,148.0,150.0,135.0,151.0,153.0,150.0,137.0,159.0,142.0,145.0,136.0,134.0,133.0,137.0,153.0,132.0,150.0,172.0,118,164,0.0,163,0.0,145,0.0,143,0.0,147,0.0,168,8.0,144,0.0,150,10.0,165,0.0,,,,,,,146,0.0,172,0.0,140,1.0,159,0.0,185,0.0,132.0,14.0
j90,j909_7,j909_7.sm,133.0,143.0,130.0,129.0,162.0,163.0,129.0,162.0,147.0,152.0,148.0,168.0,152.0,133.0,129.0,130.0,130.0,133.0,138.0,130.0,154.0,180.0,133.0,133.0,127.0,128.0,141.0,137.0,125.0,146.0,147.0,141.0,131.0,134.0,133.0,128.0,127.0,124.0,125.0,125.0,130.0,121.0,147.0,152.0,108,133,0.0,143,0.0,130,0.0,129,0.0,162,0.0,149,14.0,129,0.0,142,5.0,152,0.0,,,,,,,135,-2.0,138,0.0,133,-3.0,154,0.0,180,0.0,121.0,13.0
j90,j909_8,j909_8.sm,149.0,148.0,138.0,145.0,169.0,157.0,146.0,181.0,158.0,150.0,154.0,152.0,141.0,146.0,145.0,136.0,143.0,135.0,152.0,140.0,154.0,174.0,143.0,147.0,138.0,140.0,151.0,152.0,137.0,146.0,161.0,141.0,149.0,141.0,136.0,147.0,131.0,133.0,132.0,136.0,145.0,133.0,158.0,156.0,116,149,0.0,148,0.0,138,0.0,145,0.0,169,0.0,165,-8.0,146,0.0,152,6.0,150,0.0,,,,,,,136,-1.0,151,1.0,140,0.0,154,0.0,174,0.0,131.0,15.0
j90,j909_9,j909_9.sm,146.0,163.0,138.0,146.0,154.0,166.0,140.0,162.0,160.0,155.0,152.0,164.0,153.0,144.0,146.0,140.0,140.0,146.0,156.0,141.0,169.0,169.0,137.0,145.0,130.0,135.0,144.0,143.0,132.0,152.0,144.0,137.0,129.0,134.0,146.0,134.0,131.0,129.0,130.0,131.0,147.0,125.0,148.0,149.0,115,146,0.0,163,0.0,138,0.0,146,0.0,154,0.0,151,15.0,140,0.0,153,7.0,155,0.0,,,,,,,140,6.0,156,0.0,141,0.0,169,0.0,169,0.0,125.0,10.0
